Date,QQQ 1倍 买入持有,QQQ 1倍 | 站上100日线持有,QQQ 1倍 | 站上150日线持有,QQQ 1倍 | 站上200日线持有,QQQ 1倍 | 50日线>200日线持有,QQQ 1倍 | RSI2<10 超卖反弹,QQQ 1倍 | RSI2<5 超卖反弹,QQQ 2倍 买入持有,QQQ 2倍 | 站上100日线持有,QQQ 2倍 | 站上150日线持有,QQQ 2倍 | 站上200日线持有,QQQ 2倍 | 50日线>200日线持有,QQQ 2倍 | RSI2<10 超卖反弹,QQQ 2倍 | RSI2<5 超卖反弹,QQQ 3倍 买入持有,QQQ 3倍 | 站上100日线持有,QQQ 3倍 | 站上150日线持有,QQQ 3倍 | 站上200日线持有,QQQ 3倍 | 50日线>200日线持有,QQQ 3倍 | RSI2<10 超卖反弹,QQQ 3倍 | RSI2<5 超卖反弹,SPY 买入持有
1999-03-12,0.980416,1.00053,1.00053,1.00053,1.00053,1.00053,1.00053,0.959907,1.00053,1.00053,1.00053,1.00053,1.00053,1.00053,0.939286,1.00053,1.00053,1.00053,1.00053,1.00053,1.00053,1.00145
1999-03-19,1.00306,1.00141,1.00141,1.00141,1.00141,1.00141,1.00141,1.00164,1.00141,1.00141,1.00141,1.00141,1.00141,1.00141,0.99791,1.00141,1.00141,1.00141,1.00141,1.00141,1.00141,1.00631
1999-03-26,1.01346,1.00228,1.00228,1.00228,1.00228,1.00228,1.00228,1.01735,1.00228,1.00228,1.00228,1.00228,1.00228,1.00228,1.01512,1.00228,1.00228,1.00228,1.00228,1.00228,1.00228,0.997575
1999-04-02,1.04896,1.00297,1.00297,1.00297,1.00297,1.00297,1.00297,1.08679,1.00297,1.00297,1.00297,1.00297,1.00297,1.00297,1.11738,1.00297,1.00297,1.00297,1.00297,1.00297,1.00297,1.00364
1999-04-09,1.09302,1.00382,1.00382,1.00382,1.00382,1.00382,1.00382,1.17701,1.00382,1.00382,1.00382,1.00382,1.00382,1.00382,1.2563,1.00382,1.00382,1.00382,1.00382,1.00382,1.00382,1.04656
1999-04-16,1.01775,1.00466,1.00466,1.00466,1.00466,1.00466,1.00466,1.01667,1.00466,1.00466,1.00466,1.00466,1.00466,1.00466,1.00407,1.00466,1.00466,1.00466,1.00466,1.00466,1.00466,1.02061
1999-04-23,1.08323,1.00551,1.00551,1.00551,1.00551,1.00551,1.00551,1.14355,1.00551,1.00551,1.00551,1.00551,1.00551,1.00551,1.18665,1.00551,1.00551,1.00551,1.00551,1.00551,1.00551,1.05383
1999-04-30,1.05202,1.00638,1.00638,1.00638,1.00638,1.00638,1.00638,1.07507,1.00638,1.00638,1.00638,1.00638,1.00638,1.00638,1.0777,1.00638,1.00638,1.00638,1.00638,1.00638,1.00638,1.03395
1999-05-07,1.03733,1.00728,1.00728,1.00728,1.00728,1.00728,1.00728,1.04113,1.00728,1.00728,1.00728,1.00728,1.00728,1.00728,1.02232,1.00728,1.00728,1.00728,1.00728,1.00728,1.00728,1.04753
1999-05-14,1.0459,1.00817,1.00817,1.00817,1.00817,1.00817,1.00817,1.05559,1.00817,1.00817,1.00817,1.00817,1.00817,1.00817,1.04096,1.00817,1.00817,1.00817,1.00817,1.00817,1.00817,1.03807
1999-05-21,1.0355,1.00907,1.00907,1.00907,1.00907,1.00907,1.00907,1.03202,1.00907,1.00907,1.00907,1.00907,1.00907,1.00907,1.00372,1.00907,1.00907,1.00907,1.00907,1.00907,1.00907,1.03468
1999-05-28,1.01897,1.00998,1.00998,1.00998,1.00998,1.00998,1.00998,0.995331,1.00998,1.00998,1.00998,1.00998,1.00998,1.00998,0.946188,1.00998,1.00998,1.00998,1.00998,1.00998,1.00998,1.01031
1999-06-04,1.02938,1.0107,1.0107,1.0107,1.0107,1.0107,1.0107,1.01289,1.0107,1.0107,1.0107,1.0107,1.0107,1.0107,0.968313,1.0107,1.0107,1.0107,1.0107,1.0107,1.0107,1.03371
1999-06-11,1.01408,1.0116,1.0116,1.0116,1.0116,1.0116,1.0116,0.980153,1.0116,1.0116,1.0116,1.0116,1.0116,1.0116,0.918977,1.0116,1.0116,1.0116,1.0116,1.0116,1.0116,1.00728
1999-06-18,1.07834,1.01252,1.01252,1.01252,1.01252,1.01252,1.01252,1.10358,1.01252,1.01252,1.01252,1.01252,1.01252,1.01252,1.09261,1.01252,1.01252,1.01252,1.01252,1.01252,1.01252,1.04534
1999-06-25,1.07099,1.01344,1.01344,1.01344,1.01344,1.01344,1.01344,1.0846,1.01344,1.01344,1.01344,1.01344,1.01344,1.01344,1.06015,1.01344,1.01344,1.01344,1.01344,1.01344,1.01344,1.02503
1999-07-02,1.15055,1.01437,1.01437,1.01437,1.01437,1.01437,1.01437,1.24883,1.01437,1.01437,1.01437,1.01437,1.01437,1.01437,1.30713,1.01437,1.01437,1.01437,1.01437,1.01437,1.01437,1.08498
1999-07-09,1.17197,1.0151,1.0151,1.0151,1.0151,1.0151,1.0151,1.29413,1.0151,1.0151,1.0151,1.0151,1.0151,1.0151,1.37782,1.0151,1.0151,1.0151,1.0151,1.0151,1.0151,1.0935
1999-07-16,1.20196,1.01602,1.01602,1.01602,1.01602,1.01602,1.01602,1.35892,1.01602,1.01602,1.01602,1.01602,1.01602,1.01602,1.4809,1.01602,1.01602,1.01602,1.01602,1.01602,1.01602,1.10371
1999-07-23,1.12179,1.01693,1.01693,1.01693,1.01693,1.01693,1.01693,1.17939,1.01693,1.01693,1.01693,1.01693,1.01693,1.01693,1.19226,1.01693,1.01693,1.01693,1.01693,1.01693,1.01693,1.05653
1999-07-30,1.10832,1.01785,1.01785,1.01785,1.01785,1.01785,1.01785,1.14768,1.01785,1.01785,1.01785,1.01785,1.01785,1.01785,1.14075,1.01785,1.01785,1.01785,1.01785,1.01785,1.01785,1.03318
1999-08-06,1.08354,0.997529,1.01879,1.01879,1.01879,1.01879,1.01879,1.09476,0.975738,1.01879,1.01879,1.01879,1.01879,1.01879,1.06109,0.954318,1.01879,1.01879,1.01879,1.01879,1.01879,1.01469
1999-08-13,1.12913,1.01772,1.01975,1.01975,1.01975,1.01975,1.01975,1.18366,1.01254,1.01975,1.01975,1.01975,1.01975,1.01975,1.18705,1.0065,1.01975,1.01975,1.01975,1.01975,1.01975,1.03634
1999-08-20,1.13525,1.02324,1.02069,1.02069,1.02069,1.02069,1.02069,1.19436,1.02169,1.02069,1.02069,1.02069,1.02069,1.02069,1.20159,1.01882,1.02069,1.02069,1.02069,1.02069,1.02069,1.04218
1999-08-27,1.17258,1.05688,1.02166,1.02166,1.02166,1.02166,1.02166,1.27033,1.08667,1.02166,1.02166,1.02166,1.02166,1.02166,1.31398,1.11412,1.02166,1.02166,1.02166,1.02166,1.02166,1.05118
1999-09-03,1.22705,1.10598,1.02264,1.02264,1.02264,1.02264,1.02264,1.38617,1.18577,1.02264,1.02264,1.02264,1.02264,1.02264,1.49217,1.26521,1.02264,1.02264,1.02264,1.02264,1.02264,1.05823
1999-09-10,1.23623,1.11425,1.0234,1.0234,1.0234,1.0234,1.0234,1.40487,1.20177,1.0234,1.0234,1.0234,1.0234,1.0234,1.52076,1.28945,1.0234,1.0234,1.0234,1.0234,1.0234,1.0575
1999-09-17,1.2399,1.11756,1.02433,1.02433,1.02433,1.02433,1.02433,1.40954,1.20576,1.02433,1.02433,1.02433,1.02433,1.02433,1.52451,1.29263,1.02433,1.02433,1.02433,1.02433,1.02433,1.04389
1999-09-24,1.17656,1.06047,1.02528,1.02528,1.02528,1.02528,1.02528,1.26435,1.08156,1.02528,1.02528,1.02528,1.02528,1.02528,1.28927,1.09317,1.02528,1.02528,1.02528,1.02528,1.02528,0.997064
1999-10-01,1.17916,1.06282,1.02623,1.02623,1.02623,1.02623,1.02623,1.26765,1.08438,1.02623,1.02623,1.02623,1.02623,1.02623,1.29259,1.09599,1.02623,1.02623,1.02623,1.02623,1.02623,1.00267
1999-10-08,1.24862,1.12542,1.02719,1.02719,1.02719,1.02719,1.02719,1.41824,1.2132,1.02719,1.02719,1.02719,1.02719,1.02719,1.52673,1.29451,1.02719,1.02719,1.02719,1.02719,1.02719,1.04487
1999-10-15,1.17258,1.05688,0.9732,1.02817,1.02817,1.02817,1.02817,1.24588,1.06576,0.919209,1.02817,1.02817,1.02817,1.02817,1.25133,1.061,0.866986,1.02817,1.02817,1.02817,1.02817,0.974625
1999-10-22,1.21359,1.09384,1.00723,1.02918,1.02918,1.02918,1.02918,1.33107,1.13863,0.98206,1.02918,1.02918,1.02918,1.02918,1.37853,1.16885,0.955117,1.02918,1.02918,1.02918,1.02918,1.01536
1999-10-29,1.28764,1.16059,1.06869,1.03019,1.03019,1.03019,1.03019,1.49312,1.27726,1.10162,1.03019,1.03019,1.03019,1.03019,1.63164,1.38346,1.13049,1.03019,1.03019,1.03019,1.03019,1.06926
1999-11-05,1.33537,1.20361,1.10831,1.03121,1.03121,1.03121,1.03121,1.60285,1.37112,1.18258,1.03121,1.03121,1.03121,1.03121,1.81229,1.53664,1.25565,1.03121,1.03121,1.03121,1.03121,1.07609
1999-11-12,1.41371,1.27422,1.17333,1.03224,1.03224,1.03224,1.03224,1.79221,1.53311,1.32229,1.03224,1.03224,1.03224,1.03224,2.13846,1.8132,1.48164,1.03224,1.03224,1.03224,1.03224,1.09072
1999-11-19,1.48409,1.33765,1.23174,1.03329,1.03329,1.03329,1.03329,1.96909,1.68442,1.45279,1.03329,1.03329,1.03329,1.03329,2.45533,2.08187,1.70118,1.03329,1.03329,1.03329,1.03329,1.11219
1999-11-26,1.52142,1.3713,1.26272,1.03413,1.03413,1.03413,1.03413,2.06461,1.76613,1.52327,1.03413,1.03413,1.03413,1.03413,2.63025,2.23019,1.82238,1.03413,1.03413,1.03413,1.03413,1.10389
1999-12-03,1.54957,1.39668,1.28609,1.03518,1.03518,1.03518,1.03518,2.1311,1.823,1.57232,1.03518,1.03518,1.03518,1.03518,2.74175,2.32472,1.89963,1.03518,1.03518,1.03518,1.03518,1.12267
1999-12-10,1.56487,1.41047,1.29878,1.03622,1.03622,1.03622,1.03622,2.16988,1.85618,1.60094,1.03622,1.03622,1.03622,1.03622,2.81429,2.38623,1.94989,1.03622,1.03622,1.03622,1.03622,1.10731
1999-12-17,1.64076,1.47887,1.36177,1.0373,1.0373,1.0373,1.0373,2.3787,2.03481,1.75501,1.0373,1.0373,1.0373,1.0373,3.22146,2.73147,2.232,1.0373,1.0373,1.0373,1.0373,1.11638
1999-12-24,1.76683,1.5925,1.4664,1.04981,1.04981,1.03818,1.03818,2.74738,2.35019,2.02701,1.06139,1.06139,1.03818,1.03818,3.98086,3.37536,2.75815,1.07352,1.07352,1.03818,1.03818,1.14609
1999-12-31,1.78947,1.61291,1.4852,1.06327,1.06327,1.03924,1.03924,2.81027,2.40399,2.07342,1.08568,1.08568,1.03924,1.03924,4.10737,3.48263,2.8458,1.10763,1.10763,1.03924,1.03924,1.14914
2000-01-07,1.76255,1.58864,1.46285,1.04727,1.04727,1.04033,1.04033,2.65531,2.27143,1.95909,1.02582,1.02582,1.04033,1.04033,3.63332,3.08069,2.51736,0.979797,0.979797,1.04033,1.04033,1.14034
2000-01-14,1.82864,1.64821,1.5177,1.08654,1.08654,1.06906,1.04141,2.83279,2.42325,2.09003,1.09438,1.09438,1.09662,1.04141,3.95665,3.35484,2.74138,1.06699,1.06699,1.12528,1.04141,1.14988
2000-01-21,1.88494,1.69896,1.56443,1.11999,1.11999,1.06996,1.04229,3.00443,2.57008,2.21667,1.16069,1.16069,1.09755,1.04229,4.3152,3.65885,2.9898,1.16368,1.16368,1.12623,1.04229,1.13007
2000-01-28,1.68421,1.51803,1.39783,1.00072,1.00072,1.07111,1.04341,2.37713,2.03346,1.75384,0.918348,0.918348,1.09872,1.04341,2.99864,2.54254,2.07762,0.808641,0.808641,1.12743,1.04341,1.06308
2000-02-04,1.90269,1.71496,1.57916,1.13054,1.13054,1.07228,1.04454,3.01808,2.58175,2.22674,1.16597,1.16597,1.09992,1.04454,4.26414,3.61555,2.95442,1.14991,1.14991,1.12867,1.04454,1.11565
2000-02-11,1.95594,1.76295,1.62335,1.16218,1.16218,1.07345,1.04568,3.17,2.71171,2.33882,1.22466,1.22466,1.10112,1.04568,4.55575,3.86281,3.15646,1.22855,1.22855,1.1299,1.04568,1.08509
2000-02-18,1.92778,1.73757,1.59999,1.14545,1.14545,1.07463,1.04683,3.06923,2.62551,2.26447,1.18573,1.18573,1.10233,1.04683,4.32515,3.66728,2.99669,1.16636,1.16636,1.13114,1.04683,1.05868
2000-02-25,2.03794,1.83686,1.69142,1.2109,1.2109,1.07559,1.04777,3.41329,2.91983,2.51833,1.31865,1.31865,1.10332,1.04777,5.0431,4.27603,3.49413,1.35997,1.35997,1.13215,1.04777,1.04315
2000-03-03,2.17503,1.96042,1.80519,1.29236,1.29236,1.07679,1.04894,3.86655,3.30756,2.85274,1.49375,1.49375,1.10455,1.04894,6.04142,5.12251,4.18582,1.62919,1.62919,1.13341,1.04894,1.10416
2000-03-10,2.24235,2.0211,1.86107,1.33236,1.33236,1.078,1.05012,4.09789,3.50546,3.02342,1.58313,1.58313,1.10579,1.05012,6.57436,5.57439,4.55507,1.77291,1.77291,1.13469,1.05012,1.09633
2000-03-17,2.17013,1.95601,1.80113,1.28945,1.28945,1.16141,1.07048,3.80445,3.25444,2.80692,1.46976,1.46976,1.27787,1.08959,5.81272,4.92859,4.02736,1.56751,1.56751,1.40312,1.10926,1.15256
2000-03-24,2.30232,2.07516,1.91084,1.36799,1.36799,1.12912,1.04072,4.26316,3.64683,3.14536,1.64697,1.64697,1.20532,1.02773,6.86093,5.81737,4.75362,1.85018,1.85018,1.28355,1.01473,1.20452
2000-03-31,2.14443,1.93284,1.7798,1.27417,1.27417,1.15329,1.04189,3.67967,3.1477,2.71486,1.42156,1.42156,1.25549,1.02889,5.46739,4.63578,3.78809,1.47439,1.47439,1.36361,1.01588,1.17952
2000-04-07,2.08813,1.88209,1.73307,1.24072,1.24072,1.12301,1.014,3.46129,2.96089,2.55374,1.33719,1.33719,1.18097,0.966731,4.93432,4.1838,3.41876,1.33064,1.33064,1.23065,0.915718,1.18785
2000-04-14,1.57405,1.55291,1.3064,0.935268,0.935268,0.962816,0.952563,1.92511,1.99114,1.42035,0.743724,0.743724,0.855397,0.848503,1.97843,2.26658,1.37076,0.533523,0.533523,0.741935,0.747685,1.06676
2000-04-21,1.70869,1.55429,1.38045,1.01527,1.01527,1.10201,1.08979,2.2371,1.99292,1.56499,0.864252,0.864252,1.10689,1.09708,2.4346,2.2686,1.56042,0.656538,0.656538,1.0759,1.08343,1.12804
2000-04-28,1.85557,1.55603,1.55101,1.10254,1.10254,1.10324,1.091,2.61026,1.99514,1.95736,1.00841,1.00841,1.10812,1.0983,3.02622,2.27113,2.15902,0.81608,0.81608,1.0771,1.08464,1.13809
2000-05-05,1.7907,1.5578,1.49679,1.06399,1.06399,1.1045,1.09224,2.41655,1.99741,1.8121,0.933578,0.933578,1.10938,1.09955,2.67482,2.27371,1.90831,0.721318,0.721318,1.07832,1.08587,1.12584
2000-05-12,1.65728,1.55963,1.40807,0.984462,0.984722,1.1058,1.09353,2.04289,1.99976,1.59813,0.788851,0.789222,1.11069,1.10084,2.04003,2.27639,1.57502,0.550016,0.550133,1.07959,1.08715,1.1202
2000-05-19,1.59975,1.56144,1.35749,0.949834,0.95054,1.10708,1.0948,1.88782,2.00208,1.48143,0.728303,0.729317,1.11198,1.10212,1.79238,2.27904,1.40318,0.48282,0.483351,1.08085,1.08841,1.10696
2000-05-26,1.52264,1.56321,1.35903,0.949494,0.904722,1.10834,1.09604,1.68682,2.00435,1.4831,0.726915,0.651663,1.11324,1.10337,1.48319,2.28162,1.40476,0.481412,0.399972,1.08207,1.08965,1.08245
2000-06-02,1.83354,1.5646,1.36024,0.99773,1.08945,1.10932,1.09701,2.40452,2.00613,1.48442,0.80005,0.928929,1.11423,1.10435,2.46846,2.28364,1.40601,0.554337,0.665669,1.08303,1.09061,1.15966
2000-06-09,1.83598,1.56639,1.35826,0.998563,1.0909,1.11059,1.09827,2.40376,2.00842,1.47575,0.799002,0.928636,1.1155,1.10561,2.46022,2.28625,1.3904,0.551936,0.663445,1.08427,1.09186,1.14986
2000-06-16,1.84578,1.56815,1.38814,1.00389,1.09672,1.11184,1.0995,2.41796,2.01068,1.53517,0.803724,0.934125,1.11676,1.10686,2.4684,2.28882,1.47057,0.553772,0.665652,1.08549,1.09309,1.15257
2000-06-23,1.79192,1.46969,1.34699,0.974598,1.06472,1.11308,1.10074,2.26483,1.758,1.43662,0.752824,0.874967,1.11801,1.1081,2.22015,1.86136,1.32149,0.498078,0.598706,1.08671,1.09431,1.13512
2000-06-30,1.82987,1.47061,1.42583,0.995236,1.08727,1.08454,1.10197,2.35368,1.75822,1.60575,0.782354,0.909288,1.05899,1.10934,2.34374,1.86159,1.56117,0.525806,0.632035,1.00078,1.09554,1.14225
2000-07-07,1.87882,1.47197,1.46262,1.02186,1.11636,1.08555,1.103,2.47088,1.75985,1.68698,0.821313,0.954568,1.05998,1.11037,2.50816,1.86332,1.68125,0.562693,0.676375,1.00171,1.09656,1.16436
2000-07-14,1.97062,1.50441,1.55727,1.07179,1.1709,1.08683,1.1043,2.7105,1.83524,1.90751,0.900962,1.04714,1.06123,1.11168,2.87428,1.98289,2.01802,0.64483,0.775106,1.00289,1.09785,1.18918
2000-07-21,1.89963,1.45022,1.50117,1.03318,1.12872,1.08812,1.10561,2.50655,1.69714,1.76398,0.833169,0.968347,1.06249,1.113,2.54155,1.75335,1.78441,0.570182,0.685378,1.00408,1.09916,1.16117
2000-07-28,1.70135,1.43183,1.42223,0.925336,1.0109,1.08941,1.10692,1.99648,1.65139,1.57762,0.663624,0.771294,1.06375,1.11433,1.78965,1.68147,1.5054,0.401498,0.482613,1.00528,1.10046,1.11719
2000-08-04,1.76499,1.43355,1.42393,0.953068,1.04872,1.12962,1.10825,2.13895,1.65337,1.57951,0.702548,0.826332,1.13858,1.11566,1.97476,1.68349,1.5072,0.436785,0.532532,1.10824,1.10178,1.15085
2000-08-11,1.78335,1.40513,1.42565,0.922028,1.05963,1.13041,1.10958,2.17549,1.58575,1.58141,0.655714,0.840451,1.13881,1.117,2.01755,1.5809,1.50902,0.392991,0.544073,1.10846,1.10311,1.15895
2000-08-18,1.86536,1.39844,1.42737,0.943851,1.10836,1.13178,1.11092,2.3745,1.56864,1.58332,0.685858,0.917332,1.14019,1.11835,2.29632,1.55517,1.51084,0.420285,0.619249,1.1098,1.10444,1.17689
2000-08-25,1.91983,1.43927,1.42033,0.971411,1.14072,1.13314,1.11227,2.51015,1.65826,1.56571,0.72504,0.969737,1.14156,1.1197,2.49261,1.6881,1.48548,0.45621,0.67218,1.11114,1.10578,1.18918
2000-09-01,2.00979,1.50671,1.48689,1.01693,1.19417,1.13452,1.11361,2.74445,1.81304,1.71185,0.792716,1.06025,1.14295,1.12106,2.84449,1.92641,1.69519,0.520613,0.767071,1.11249,1.10712,1.199
2000-09-08,1.86291,1.3966,1.42131,0.942613,1.1069,1.1356,1.11468,2.34618,1.54993,1.55804,0.677678,0.906392,1.14404,1.12213,2.23401,1.51296,1.46558,0.40888,0.602444,1.11355,1.10817,1.17787
2000-09-15,1.78825,1.34679,1.38666,0.905641,1.06254,1.13694,1.11599,2.15488,1.43678,1.48019,0.624195,0.832487,1.14539,1.12345,1.96005,1.34737,1.35635,0.360921,0.528566,1.11486,1.10948,1.15078
2000-09-22,1.82007,1.30121,1.3883,0.906713,1.08145,1.13829,1.11731,2.20453,1.32649,1.48194,0.624934,0.851669,1.14674,1.12478,1.9924,1.17778,1.35795,0.361348,0.537291,1.11618,1.11079,1.14512
2000-09-29,1.73807,1.28567,1.38996,0.907795,1.0532,1.13964,1.11864,2.00258,1.29318,1.48371,0.625679,0.806134,1.14811,1.12613,1.71771,1.13449,1.35957,0.361779,0.494153,1.11752,1.11212,1.13206
2000-10-06,1.62546,1.28721,1.39163,0.908884,1.05446,1.14101,1.11999,1.74327,1.29473,1.48549,0.62643,0.8071,1.14949,1.12748,1.38741,1.13585,1.3612,0.362213,0.494746,1.11886,1.11345,1.11186
2000-10-13,1.59119,1.28875,1.39329,0.909971,1.05572,1.14237,1.12133,1.65195,1.29628,1.48726,0.627179,0.808066,1.15086,1.12882,1.26107,1.1372,1.36283,0.362646,0.495338,1.12019,1.11478,1.08428
2000-10-20,1.69033,1.29031,1.39498,0.911072,1.057,1.14376,1.12268,1.84385,1.29785,1.48906,0.627938,0.809044,1.15226,1.13019,1.46636,1.13858,1.36448,0.363085,0.495937,1.12155,1.11613,1.10275
2000-10-27,1.5612,1.29189,1.39668,0.912186,1.0583,1.14516,1.12406,1.56078,1.29944,1.49088,0.628706,0.810033,1.15367,1.13157,1.13004,1.13997,1.36615,0.363529,0.496544,1.12292,1.1175,1.09782
2000-11-03,1.62668,1.29348,1.3984,0.913304,1.05959,1.14656,1.12543,1.6826,1.30103,1.49271,0.629476,0.811026,1.15508,1.13296,1.25413,1.14137,1.36782,0.363975,0.497152,1.1243,1.11887,1.12541
2000-11-10,1.40514,1.29507,1.40012,0.914428,1.0609,1.14797,1.12682,1.24061,1.30263,1.49455,0.630251,0.812024,1.1565,1.13435,0.779873,1.14277,1.36951,0.364423,0.497764,1.12568,1.12024,1.07689
2000-11-17,1.42625,1.29665,1.40183,0.915546,1.06219,1.14937,1.1282,1.26737,1.30422,1.49638,0.631021,0.813016,1.15791,1.13574,0.796214,1.14417,1.37118,0.364868,0.498373,1.12706,1.12161,1.07701
2000-11-24,1.37944,1.29792,1.4032,0.916442,1.06323,1.1505,1.1293,1.17587,1.3055,1.49784,0.631639,0.813813,1.15905,1.13685,0.70377,1.14529,1.37253,0.365226,0.498861,1.12816,1.12271,1.06285
2000-12-01,1.25337,1.29948,1.40489,0.917546,1.06451,1.15188,1.13066,0.963495,1.30707,1.49964,0.6324,0.814793,1.16044,1.13822,0.516659,1.14667,1.37418,0.365665,0.499461,1.12952,1.12406,1.04216
2000-12-08,1.3317,1.30101,1.40654,0.918624,1.06576,1.15324,1.13199,1.07609,1.30861,1.50141,0.633143,0.81575,1.16181,1.13956,0.601556,1.14802,1.37579,0.366095,0.500048,1.13085,1.12538,1.05595
2000-12-15,1.25092,1.3025,1.40816,0.919679,1.06699,1.15456,1.13329,0.935079,1.31011,1.50313,0.63387,0.816686,1.16314,1.14087,0.477235,1.14934,1.37737,0.366515,0.500622,1.13214,1.12668,1.03547
2000-12-22,1.18482,1.30393,1.4097,0.920684,1.06815,1.15582,1.13453,0.824413,1.31154,1.50477,0.634563,0.817579,1.16441,1.14211,0.385085,1.15059,1.37888,0.366916,0.50117,1.13338,1.12791,1.03522
2000-12-29,1.14321,1.3051,1.41096,0.921511,1.06911,1.15686,1.13555,0.764396,1.31272,1.50612,0.635133,0.818313,1.16546,1.14314,0.342045,1.15163,1.38012,0.367245,0.50162,1.1344,1.12892,1.0372
2001-01-05,1.10893,1.30621,1.41216,0.922294,1.07002,1.15785,1.13651,0.692497,1.31384,1.50741,0.635673,0.819009,1.16645,1.14411,0.27948,1.15261,1.38129,0.367558,0.502046,1.13536,1.12988,1.02139
2001-01-12,1.22858,1.30753,1.41359,0.923231,1.07111,1.15902,1.13766,0.845988,1.31517,1.50894,0.636318,0.81984,1.16763,1.14527,0.375367,1.15378,1.38269,0.367931,0.502556,1.13652,1.13103,1.04362
2001-01-19,1.29865,1.30861,1.41475,0.923988,1.07199,1.15997,1.1386,0.94176,1.31625,1.51017,0.63684,0.820513,1.16859,1.14621,0.439043,1.15472,1.38383,0.368233,0.502968,1.13745,1.13195,1.05956
2001-01-26,1.28366,1.30993,1.41618,0.924922,1.07307,1.16114,1.13975,0.916712,1.31758,1.5117,0.637484,0.821342,1.16977,1.14737,0.419861,1.15589,1.38522,0.368605,0.503476,1.1386,1.1331,1.07426
2001-02-02,1.20539,1.3112,1.41756,0.92582,1.07411,1.16227,1.14086,0.802822,1.31886,1.51317,0.638103,0.82214,1.17091,1.14849,0.340905,1.15701,1.38657,0.368963,0.503966,1.13971,1.1342,1.06576
2001-02-09,1.10453,1.31249,1.41895,0.926727,1.07516,1.16341,1.14197,0.67118,1.32015,1.51465,0.638728,0.822945,1.17206,1.14961,0.259222,1.15814,1.38793,0.369324,0.504459,1.14082,1.13531,1.04236
2001-02-16,1.07966,1.31377,1.42033,0.927631,1.07621,1.16455,1.14309,0.636326,1.32144,1.51613,0.639351,0.823748,1.1732,1.15073,0.236763,1.15927,1.38928,0.369685,0.504951,1.14193,1.13642,1.03097
2001-02-23,1.0023,1.31478,1.42143,0.928346,1.07704,1.16544,1.14397,0.546428,1.32246,1.5173,0.639844,0.824383,1.1741,1.15162,0.187566,1.16017,1.39035,0.369969,0.50534,1.14281,1.13729,0.987964
2001-03-02,0.914565,1.31601,1.42275,0.929212,1.07805,1.16653,1.14504,0.450599,1.32369,1.51871,0.640441,0.825152,1.1752,1.15269,0.138528,1.16125,1.39165,0.370315,0.505812,1.14388,1.13836,0.97729
2001-03-09,0.883231,1.31721,1.42406,0.930064,1.07904,1.1676,1.14608,0.416483,1.3249,1.5201,0.641027,0.825908,1.17628,1.15375,0.121507,1.16231,1.39293,0.370654,0.506275,1.14493,1.1394,0.975314
2001-03-16,0.806854,1.31837,1.42532,0.930885,1.07999,1.16863,1.1471,0.344046,1.32608,1.52145,0.641594,0.826638,1.17731,1.15477,0.0899151,1.16334,1.39416,0.370981,0.506723,1.14594,1.14041,0.911745
2001-03-23,0.838188,1.31949,1.42652,0.931674,1.0809,1.16962,1.14807,0.366897,1.3272,1.52273,0.642137,0.827338,1.17831,1.15575,0.0973679,1.16433,1.39534,0.371296,0.507152,1.14691,1.14137,0.907544
2001-03-30,0.766707,1.32059,1.42771,0.932451,1.08181,1.1706,1.14903,0.303549,1.32831,1.52401,0.642673,0.828028,1.17929,1.15671,0.0720215,1.1653,1.3965,0.371605,0.507575,1.14787,1.14232,0.925063
2001-04-06,0.704039,1.32164,1.42885,0.933192,1.08267,1.17153,1.14994,0.251135,1.32936,1.52522,0.643184,0.828686,1.18023,1.15763,0.0527254,1.16622,1.39761,0.371901,0.507978,1.14878,1.14323,0.898189
2001-04-13,0.838188,1.32246,1.42973,0.933768,1.08333,1.17225,1.15065,0.352741,1.33018,1.52616,0.64358,0.829197,1.18096,1.15834,0.0867398,1.16694,1.39847,0.37213,0.508291,1.14949,1.14394,0.942187
2001-04-20,0.947858,1.32347,1.43082,0.934481,1.08416,1.17315,1.15153,0.443117,1.3312,1.52732,0.644072,0.829831,1.18186,1.15923,0.119203,1.16784,1.39954,0.372415,0.50868,1.15037,1.14481,0.986978
2001-04-27,0.88421,1.32444,1.43187,0.935169,1.08496,1.17401,1.15238,0.382409,1.33218,1.52845,0.644546,0.830442,1.18273,1.16008,0.0944139,1.16869,1.40057,0.372688,0.509054,1.15121,1.14565,0.997125
2001-05-04,0.943941,1.32543,1.43294,0.935867,1.08577,1.17489,1.15324,0.433029,1.33317,1.52959,0.645028,0.831062,1.18362,1.16095,0.112811,1.16957,1.40162,0.372967,0.509435,1.15207,1.14651,1.00949
2001-05-11,0.892044,1.32639,1.43398,0.936541,1.08655,1.17573,1.15407,0.385378,1.33413,1.53069,0.645492,0.831661,1.18447,1.16179,0.0943223,1.17041,1.40263,0.373235,0.509801,1.1529,1.14733,0.992131
2001-05-18,0.940808,1.32731,1.43498,0.937196,1.08731,1.17655,1.15487,0.427234,1.33507,1.53176,0.645944,0.832242,1.1853,1.1626,0.109692,1.17123,1.40361,0.373496,0.510158,1.15371,1.14814,1.02852
2001-05-25,0.959412,1.30046,1.43599,0.93786,1.08808,1.17739,1.15569,0.440936,1.27691,1.53285,0.646401,0.832831,1.18614,1.16342,0.113862,1.0915,1.4046,0.373761,0.510519,1.15453,1.14895,1.01552
2001-06-01,0.901836,1.30119,1.43681,0.938391,1.0887,1.17805,1.15635,0.386875,1.27763,1.53371,0.646767,0.833303,1.18681,1.16408,0.0926294,1.09212,1.4054,0.373973,0.510808,1.15518,1.1496,1.00466
2001-06-08,0.927294,1.30211,1.43782,0.93905,1.08946,1.17888,1.15716,0.407276,1.27853,1.53479,0.647221,0.833888,1.18764,1.1649,0.099539,1.09289,1.40638,0.374235,0.511167,1.15599,1.15041,1.0068
2001-06-15,0.834271,1.303,1.4388,0.939695,1.09021,1.17969,1.15795,0.327798,1.27941,1.53585,0.647666,0.834461,1.18846,1.1657,0.0713168,1.09364,1.40735,0.374492,0.511518,1.15679,1.1512,0.968717
2001-06-22,0.847001,1.30388,1.43978,0.940329,1.09095,1.18049,1.15874,0.337255,1.28027,1.53688,0.648103,0.835024,1.18926,1.16648,0.0743064,1.09437,1.4083,0.374745,0.511863,1.15757,1.15197,0.976667
2001-06-29,0.894981,1.30477,1.44076,0.940975,1.09169,1.1813,1.15953,0.375777,1.28115,1.53794,0.648548,0.835598,1.19007,1.16728,0.0872325,1.09513,1.40927,0.375002,0.512215,1.15836,1.15277,0.97468
2001-07-06,0.815667,1.2506,1.44158,0.941505,1.09231,1.18196,1.16018,0.310477,1.17397,1.5388,0.648914,0.836069,1.19075,1.16794,0.0650271,0.957944,1.41006,0.375214,0.512504,1.15901,1.15342,0.946457
2001-07-13,0.845043,1.25085,1.44258,0.942163,1.09307,1.18279,1.16099,0.331163,1.17361,1.53988,0.649367,0.836653,1.19158,1.16876,0.0710666,0.957655,1.41105,0.375476,0.512862,1.15982,1.15422,0.971818
2001-07-20,0.815667,1.25171,1.44358,0.942813,1.09383,1.1836,1.1618,0.307152,1.17442,1.54094,0.649815,0.83723,1.1924,1.16957,0.063117,0.958315,1.41202,0.375735,0.513215,1.16062,1.15502,0.964663
2001-07-27,0.821542,1.25257,1.44457,0.943462,1.09458,1.18442,1.1626,0.310827,1.17523,1.542,0.650262,0.837806,1.19322,1.17037,0.0640902,0.958974,1.41299,0.375993,0.513568,1.16142,1.15581,0.960449
2001-08-03,0.84563,1.25343,1.44556,0.944106,1.09533,1.18523,1.16339,0.328469,1.17603,1.54305,0.650706,0.838378,1.19403,1.17117,0.0694375,0.959629,1.41396,0.37625,0.513919,1.16222,1.1566,0.969433
2001-08-10,0.788837,1.23311,1.44653,0.944742,1.09607,1.18603,1.16417,0.284884,1.13706,1.54409,0.651144,0.838943,1.19484,1.17196,0.0558613,0.912574,1.41491,0.376504,0.514265,1.163,1.15738,0.948365
2001-08-17,0.739486,1.23392,1.44749,0.945366,1.09679,1.18681,1.16494,0.249003,1.13781,1.54511,0.651574,0.839497,1.19563,1.17273,0.0453148,0.913176,1.41584,0.376752,0.514605,1.16377,1.15814,0.928171
2001-08-24,0.769645,1.23473,1.44844,0.945988,1.09751,1.18759,1.16571,0.268023,1.13856,1.54613,0.652003,0.840049,1.19642,1.1735,0.0501872,0.913777,1.41677,0.377,0.514944,1.16453,1.15891,0.946218
2001-08-31,0.717356,1.23555,1.44939,0.94661,1.09823,1.18837,1.16647,0.231941,1.13931,1.54715,0.652432,0.840602,1.1972,1.17428,0.0402057,0.914378,1.41771,0.377248,0.515282,1.1653,1.15967,0.907501
2001-09-07,0.659975,1.23619,1.45015,0.947103,1.09881,1.18899,1.16708,0.195597,1.1399,1.54795,0.652772,0.84104,1.19783,1.17489,0.0309853,0.914855,1.41845,0.377445,0.515551,1.16591,1.16027,0.864332
2001-09-14,0.667809,1.23635,1.45033,0.947223,1.09894,1.18914,1.16723,0.200204,1.14005,1.54815,0.652854,0.841146,1.19798,1.17504,0.0320784,0.91497,1.41862,0.377492,0.515616,1.16605,1.16042,0.874906
2001-09-21,0.552068,1.23693,1.45101,0.94767,1.09946,1.1897,1.16778,0.135149,1.14059,1.54888,0.653162,0.841543,1.19854,1.17559,0.0174477,0.915402,1.41929,0.37767,0.515859,1.1666,1.16097,0.776286
2001-09-28,0.56754,1.2375,1.45168,0.948107,1.09997,1.19025,1.16832,0.142162,1.14111,1.54959,0.653464,0.841931,1.1991,1.17613,0.018711,0.915824,1.41995,0.377845,0.516097,1.16714,1.1615,0.833422
2001-10-05,0.621982,1.23804,1.45232,0.948524,1.10045,1.19077,1.16883,0.169715,1.14161,1.55027,0.653751,0.842301,1.19962,1.17665,0.0242232,0.916227,1.42057,0.378011,0.516324,1.16765,1.16201,0.855685
2001-10-12,0.676622,1.23858,1.45295,0.948934,1.10093,1.19129,1.16934,0.199392,1.14211,1.55095,0.654034,0.842666,1.20014,1.17716,0.0305584,0.916623,1.42119,0.378174,0.516547,1.16816,1.16252,0.8738
2001-10-19,0.657038,1.23911,1.45358,0.949343,1.1014,1.1918,1.16984,0.186565,1.1426,1.55161,0.654315,0.843028,1.20066,1.17767,0.0273354,0.917018,1.4218,0.378337,0.51677,1.16866,1.16302,0.856643
2001-10-26,0.705214,1.23964,1.45419,0.949744,1.10187,1.19231,1.17034,0.214108,1.14308,1.55227,0.654592,0.843385,1.20117,1.17816,0.0334491,0.917405,1.4224,0.378497,0.516988,1.16916,1.16351,0.880343
2001-11-02,0.697185,1.24013,1.45477,0.950122,1.10231,1.19278,1.1708,0.207928,1.14354,1.55289,0.654852,0.84372,1.20164,1.17863,0.0317241,0.91777,1.42297,0.378648,0.517194,1.16962,1.16397,0.871805
2001-11-09,0.738898,1.22645,1.4553,0.950467,1.10271,1.19321,1.17123,0.23282,1.11777,1.55345,0.65509,0.844027,1.20208,1.17906,0.0374482,0.887081,1.42348,0.378785,0.517382,1.17005,1.16439,0.899495
2001-11-16,0.771016,1.27976,1.45583,0.950814,1.10311,1.19365,1.17165,0.253003,1.21467,1.55402,0.655329,0.844335,1.20252,1.17949,0.042336,1.00286,1.424,0.378923,0.517571,1.17047,1.16482,0.912582
2001-11-23,0.769253,1.27683,1.44717,0.951102,1.10344,1.19401,1.17201,0.250803,1.20411,1.53497,0.655528,0.844591,1.20288,1.17985,0.0415461,0.984154,1.39904,0.379038,0.517728,1.17083,1.16517,0.923116
2001-11-30,0.776499,1.28886,1.43702,0.951447,1.10384,1.19444,1.17243,0.254634,1.22251,1.50925,0.655765,0.844897,1.20332,1.18028,0.0423072,1.00218,1.36037,0.379176,0.517915,1.17125,1.16559,0.910109
2001-12-07,0.817233,1.35647,1.39905,0.925059,1.10422,1.19485,1.17283,0.280357,1.346,1.42874,0.619131,0.845183,1.20373,1.18068,0.0484918,1.14868,1.25184,0.34753,0.51809,1.17165,1.16599,0.930138
2001-12-14,0.785508,1.30381,1.34473,0.889147,1.10458,1.19524,1.17322,0.258193,1.23959,1.31579,0.570186,0.84546,1.20412,1.18106,0.0426792,1.011,1.10179,0.305873,0.518261,1.17203,1.16637,0.902767
2001-12-21,0.773169,1.28333,1.32361,0.850044,1.10495,1.19564,1.17361,0.249234,1.19658,1.27013,0.519497,0.845741,1.20452,1.18145,0.0402816,0.954199,1.03989,0.265138,0.518432,1.17242,1.16676,0.920446
2001-12-28,0.789816,1.31096,1.34425,0.849848,1.10524,1.19596,1.17392,0.259894,1.24776,1.30939,0.519117,0.845969,1.20485,1.18177,0.0428745,1.01562,1.09028,0.264944,0.518572,1.17274,1.16707,0.928854
2002-01-04,0.816058,1.35452,1.34115,0.875369,1.10554,1.19628,1.17424,0.276382,1.32692,1.29985,0.550111,0.846195,1.20517,1.18209,0.0467785,1.1081,1.07567,0.288904,0.518711,1.17305,1.16738,0.941826
2002-01-11,0.8,1.32787,1.31476,0.85771,1.1059,1.19667,1.17462,0.265324,1.27383,1.24784,0.527561,0.84647,1.20556,1.18247,0.0439627,1.0414,1.01092,0.271233,0.51888,1.17343,1.16776,0.920365
2002-01-18,0.75574,1.2544,1.24202,0.864823,1.10624,1.19704,1.17498,0.23582,1.13218,1.10908,0.535529,0.846734,1.20594,1.18284,0.0366365,0.867855,0.842453,0.277337,0.519041,1.1738,1.16813,0.906032
2002-01-25,0.76044,1.2622,1.23641,0.865052,1.10654,1.19736,1.17529,0.238189,1.14355,1.09678,0.53567,0.846958,1.20625,1.18315,0.0370789,0.878334,0.826615,0.277411,0.519178,1.17411,1.16844,0.909236
2002-02-01,0.746928,1.23978,1.21753,0.865344,1.10691,1.19776,1.17569,0.229421,1.10146,1.06206,0.535851,0.847244,1.20666,1.18355,0.034991,0.828875,0.787268,0.277504,0.519354,1.17451,1.16883,0.902029
2002-02-08,0.708347,1.17173,1.17771,0.865636,1.10728,1.19817,1.17609,0.205631,0.981957,0.992188,0.536032,0.84753,1.20707,1.18395,0.0295624,0.696403,0.710242,0.277598,0.519529,1.1749,1.16923,0.88153
2002-02-15,0.70071,1.17213,1.1781,0.865929,1.10766,1.19857,1.17649,0.200801,0.98229,0.992524,0.536213,0.847816,1.20748,1.18435,0.0284597,0.696639,0.710483,0.277692,0.519705,1.1753,1.16962,0.887936
2002-02-22,0.658996,1.17245,1.17843,0.866165,1.10796,1.1989,1.17681,0.176857,0.982557,0.992794,0.536359,0.848047,1.20781,1.18468,0.0233833,0.696829,0.710676,0.277768,0.519846,1.17562,1.16994,0.877927
2002-03-01,0.699927,1.17285,1.17883,0.866462,1.10834,1.19931,1.17721,0.198378,0.982895,0.993136,0.536544,0.848339,1.20822,1.18508,0.0275761,0.697068,0.71092,0.277863,0.520025,1.17602,1.17034,0.910757
2002-03-08,0.757307,1.17326,1.21202,0.866764,1.10873,1.19973,1.17762,0.231589,0.983237,1.04868,0.53673,0.848634,1.20864,1.1855,0.0346709,0.697311,0.770924,0.27796,0.520206,1.17643,1.17075,0.93678
2002-03-15,0.729106,1.12821,1.1548,0.867074,1.10912,1.20016,1.17804,0.214317,0.907996,0.950607,0.536922,0.848937,1.20907,1.18592,0.0308154,0.618558,0.66469,0.278059,0.520392,1.17685,1.17117,0.936734
2002-03-22,0.718335,1.12862,1.14087,0.867385,1.10952,1.20059,1.17846,0.207453,0.908321,0.925441,0.537115,0.849242,1.20951,1.18634,0.029247,0.618779,0.637034,0.278159,0.520578,1.17728,1.17159,0.923805
2002-03-29,0.706193,1.12893,1.10514,0.867629,1.10983,1.20092,1.1788,0.200136,0.908577,0.867195,0.537266,0.849481,1.20985,1.18668,0.0276548,0.618954,0.577446,0.278237,0.520725,1.17761,1.17192,0.919629
2002-04-05,0.673096,1.12933,1.10552,0.867929,1.11022,1.20134,1.1792,0.181193,0.908892,0.867496,0.537452,0.849775,1.21027,1.18709,0.0237151,0.619168,0.577646,0.278333,0.520905,1.17801,1.17232,0.904934
2002-04-12,0.65645,1.1297,1.10589,0.868219,1.11059,1.20174,1.1796,0.171822,0.909195,0.867785,0.537631,0.850059,1.21067,1.18749,0.0218152,0.619375,0.577839,0.278426,0.521079,1.17841,1.17272,0.894735
2002-04-19,0.674859,1.13008,1.10626,0.86851,1.11096,1.20214,1.17999,0.181103,0.909499,0.868075,0.537811,0.850343,1.21108,1.18788,0.0235325,0.619582,0.578032,0.27852,0.521254,1.1788,1.17311,0.906459
2002-04-26,0.607882,1.13046,1.10663,0.868801,1.11133,1.20255,1.18039,0.146374,0.909805,0.868367,0.537992,0.850629,1.21148,1.18828,0.0170101,0.61979,0.578226,0.278613,0.521429,1.1792,1.1735,0.862373
2002-05-03,0.582423,1.13085,1.10701,0.869098,1.11171,1.20296,1.18079,0.13398,0.910116,0.868664,0.538176,0.85092,1.2119,1.18869,0.014842,0.620002,0.578424,0.278708,0.521607,1.1796,1.1739,0.863899
2002-05-10,0.578898,1.13123,1.10739,0.869396,1.11209,1.20337,1.1812,0.130559,0.910428,0.868961,0.53836,0.851211,1.21231,1.1891,0.0140154,0.620214,0.578622,0.278804,0.521786,1.18001,1.17431,0.848963
2002-05-17,0.644896,1.13162,1.10777,0.869695,1.11248,1.20378,1.1816,0.16117,0.910741,0.86926,0.538545,0.851504,1.21273,1.1895,0.0190952,0.620427,0.578821,0.2789,0.521965,1.18041,1.17471,0.890559
2002-05-24,0.611799,1.13201,1.10815,0.869989,1.11285,1.20419,1.182,0.144623,0.911049,0.869554,0.538727,0.851792,1.21314,1.18991,0.0161712,0.620637,0.579017,0.278994,0.522141,1.18081,1.17511,0.872813
2002-05-31,0.588299,1.13231,1.10845,0.870226,1.11315,1.20452,1.18232,0.13351,0.911296,0.869791,0.538874,0.852023,1.21347,1.19023,0.0143175,0.620806,0.579174,0.27907,0.522284,1.18113,1.17543,0.861008
2002-06-07,0.554223,1.1327,1.10882,0.870521,1.11353,1.20493,1.18273,0.118089,0.911606,0.870086,0.539057,0.852313,1.21388,1.19063,0.0118572,0.621017,0.579371,0.279165,0.522461,1.18153,1.17583,0.82985
2002-06-14,0.540906,1.13308,1.1092,0.870815,1.11391,1.20533,1.18312,0.11229,0.911913,0.870379,0.539239,0.8526,1.21429,1.19104,0.0109747,0.621226,0.579566,0.279259,0.522637,1.18193,1.17622,0.814272
2002-06-21,0.505655,1.13346,1.10957,0.871106,1.11428,1.20574,1.18352,0.0973994,0.912218,0.87067,0.539419,0.852885,1.2147,1.19143,0.00876924,0.621434,0.57976,0.279352,0.522812,1.18233,1.17661,0.800038
2002-06-28,0.511138,1.13383,1.10994,0.871395,1.11465,1.20614,1.18391,0.0992558,0.912521,0.870959,0.539598,0.853168,1.2151,1.19183,0.0089916,0.62164,0.579952,0.279445,0.522985,1.18272,1.177,0.797459
2002-07-05,0.515838,1.13414,1.11023,0.871627,1.11495,1.20646,1.18423,0.10017,0.912764,0.871192,0.539742,0.853396,1.21542,1.19215,0.00899847,0.621806,0.580107,0.279519,0.523125,1.18303,1.17732,0.80028
2002-07-12,0.485679,1.13452,1.1106,0.871918,1.11532,1.20686,1.18462,0.088334,0.913069,0.871482,0.539922,0.853681,1.21583,1.19255,0.00739816,0.622014,0.580301,0.279613,0.523299,1.18343,1.17771,0.740164
2002-07-19,0.469817,1.13489,1.11097,0.872209,1.11569,1.20726,1.18502,0.0822932,0.913374,0.871773,0.540102,0.853965,1.21623,1.19294,0.00661301,0.622221,0.580494,0.279706,0.523474,1.18382,1.1781,0.682627
2002-07-26,0.443966,1.13527,1.11134,0.872496,1.11606,1.20766,1.18541,0.0727493,0.913674,0.87206,0.54028,0.854246,1.21663,1.19334,0.00541597,0.622426,0.580685,0.279798,0.523646,1.18421,1.17849,0.689799
2002-08-02,0.43574,1.13564,1.1117,0.872782,1.11642,1.20806,1.1858,0.069614,0.913973,0.872345,0.540457,0.854526,1.21703,1.19373,0.00502303,0.62263,0.580875,0.27989,0.523818,1.1846,1.17888,0.699388
2002-08-09,0.456891,1.136,1.11205,0.873056,1.11678,1.20844,1.18617,0.0761095,0.914261,0.87262,0.540627,0.854795,1.21742,1.1941,0.00569958,0.622825,0.581058,0.279978,0.523982,1.18497,1.17925,0.735651
2002-08-16,0.483721,1.13636,1.11241,0.873333,1.11713,1.20882,1.18655,0.0848091,0.914551,0.872897,0.540798,0.855066,1.2178,1.19448,0.0066525,0.623023,0.581242,0.280066,0.524149,1.18535,1.17962,0.751204
2002-08-23,0.492534,1.13672,1.11276,0.873611,1.11749,1.2092,1.18692,0.0876187,0.914842,0.873175,0.540971,0.855338,1.21819,1.19486,0.00695396,0.623222,0.581427,0.280156,0.524316,1.18573,1.18,0.762325
2002-08-30,0.460024,1.13709,1.11312,0.873895,1.11785,1.2096,1.18731,0.0761501,0.915139,0.873459,0.541146,0.855616,1.21859,1.19525,0.00560629,0.623424,0.581616,0.280247,0.524486,1.18611,1.18038,0.7396
2002-09-06,0.447491,1.13738,1.1134,0.874117,1.11813,1.2099,1.18761,0.0718095,0.915372,0.87368,0.541284,0.855833,1.2189,1.19555,0.00511017,0.623582,0.581764,0.280318,0.524619,1.18641,1.18068,0.725256
2002-09-13,0.450233,1.13775,1.11377,0.874403,1.1185,1.2103,1.188,0.0725313,0.915671,0.873965,0.54146,0.856113,1.21929,1.19594,0.00517425,0.623786,0.581954,0.280409,0.52479,1.1868,1.18107,0.722597
2002-09-20,0.424382,1.13812,1.11413,0.874687,1.11886,1.21069,1.18838,0.0643308,0.915968,0.874249,0.541636,0.856391,1.21969,1.19633,0.00431422,0.623988,0.582143,0.2805,0.524961,1.18719,1.18145,0.682773
2002-09-27,0.417332,1.13848,1.11449,0.874967,1.11922,1.21108,1.18877,0.0620008,0.916261,0.874529,0.54181,0.856665,1.22008,1.19671,0.00406467,0.624188,0.582329,0.28059,0.525129,1.18757,1.18183,0.669822
2002-10-04,0.398531,1.13883,1.11483,0.875235,1.11956,1.21145,1.18913,0.0561537,0.916542,0.874797,0.541976,0.856927,1.22045,1.19708,0.00347088,0.624379,0.582508,0.280676,0.52529,1.18793,1.18219,0.654037
2002-10-11,0.435153,1.13918,1.11517,0.875504,1.11991,1.21182,1.1895,0.0665676,0.916824,0.875067,0.542143,0.857192,1.22083,1.19745,0.00444724,0.624572,0.582687,0.280763,0.525452,1.1883,1.18256,0.681235
2002-10-18,0.466291,1.13955,1.11553,0.875784,1.12026,1.21221,1.18988,0.0760395,0.917117,0.875346,0.542316,0.857465,1.22122,1.19783,0.00539246,0.624771,0.582873,0.280852,0.525619,1.18868,1.18293,0.717498
2002-10-25,0.483721,1.16556,1.11589,0.876069,1.12063,1.21261,1.19026,0.0815932,0.957227,0.875631,0.542492,0.857744,1.22162,1.19822,0.00597284,0.664599,0.583063,0.280944,0.52579,1.18906,1.18332,0.730126
2002-11-01,0.494492,1.20059,1.11621,0.876323,1.12095,1.21296,1.19061,0.0850405,1.01303,0.875884,0.542649,0.857993,1.22197,1.19857,0.00633512,0.722053,0.583232,0.281025,0.525943,1.18941,1.18366,0.730693
2002-11-08,0.490967,1.19203,1.09534,0.876545,1.12124,1.21327,1.19091,0.0835724,0.995547,0.842854,0.542787,0.858211,1.22228,1.19887,0.0061471,0.700622,0.550463,0.281096,0.526076,1.18971,1.18396,0.725674
2002-11-15,0.517797,1.25717,1.09505,0.876753,1.1215,1.21355,1.19119,0.0926285,1.10343,0.842211,0.542916,0.858414,1.22257,1.19916,0.00714034,0.813828,0.550043,0.281163,0.526201,1.18999,1.18424,0.73984
2002-11-22,0.542864,1.31804,1.10546,0.876961,1.12177,1.21384,1.19147,0.101416,1.2081,0.856058,0.543045,0.858617,1.22286,1.19944,0.0081395,0.927708,0.562727,0.28123,0.526326,1.19027,1.18452,0.756191
2002-11-29,0.542864,1.31804,1.10546,0.877128,1.12198,1.21407,1.1917,0.10114,1.20482,0.853733,0.543148,0.858781,1.22309,1.19967,0.0080777,0.920665,0.558455,0.281283,0.526426,1.1905,1.18475,0.760724
2002-12-06,0.518384,1.2586,1.05561,0.857054,1.12225,1.21436,1.19198,0.0920047,1.096,0.776621,0.518139,0.858985,1.22338,1.19996,0.00698781,0.796443,0.483105,0.262106,0.526551,1.19078,1.18503,0.744939
2002-12-13,0.490379,1.19061,0.99298,0.857256,1.12251,1.21465,1.19227,0.0819758,0.976528,0.684279,0.518261,0.859188,1.22367,1.20024,0.0058411,0.665746,0.397522,0.262168,0.526675,1.19106,1.18531,0.723165
2002-12-20,0.495863,1.20392,1.00002,0.857458,1.12278,1.21493,1.19255,0.083631,0.996244,0.692487,0.518383,0.85939,1.22396,1.20052,0.00600308,0.684207,0.404038,0.26223,0.526799,1.19134,1.18559,0.732005
2002-12-27,0.486071,1.18015,0.980274,0.857615,1.12298,1.21515,1.19276,0.0802711,0.95622,0.664666,0.518478,0.859547,1.22418,1.20074,0.00563867,0.642673,0.379512,0.262278,0.526896,1.19156,1.18581,0.710775
2003-01-03,0.502913,1.22104,0.962111,0.857776,1.1232,1.21538,1.19299,0.0857284,1.02123,0.639957,0.518576,0.859709,1.22441,1.20097,0.00620575,0.707307,0.358603,0.262327,0.526995,1.19179,1.18603,0.743068
2003-01-10,0.530722,1.28856,1.01482,0.883565,1.12346,1.21567,1.19327,0.0951656,1.13365,0.709728,0.549591,0.859909,1.2247,1.20125,0.00722865,0.823894,0.417323,0.286095,0.527117,1.19206,1.1863,0.756978
2003-01-17,0.495667,1.20345,0.947787,0.824789,1.12372,1.21595,1.19354,0.0827703,0.985991,0.617285,0.477523,0.860108,1.22498,1.20152,0.00584112,0.665748,0.337218,0.230944,0.527239,1.19234,1.18658,0.737456
2003-01-24,0.486071,1.18015,0.929438,0.815367,1.12392,1.21617,1.19376,0.0794495,0.946433,0.592519,0.466504,0.860264,1.2252,1.20174,0.00548089,0.624691,0.316422,0.223047,0.527335,1.19255,1.18679,0.702641
2003-01-31,0.478629,1.16208,0.915208,0.815552,1.11929,1.21644,1.19403,0.0769055,0.916127,0.573547,0.46661,0.851934,1.22548,1.20202,0.00521006,0.593823,0.300786,0.223098,0.519096,1.19283,1.18706,0.700038
2003-02-07,0.466291,1.16176,0.901357,0.815738,1.09044,1.21672,1.1943,0.072918,0.915419,0.555994,0.466716,0.807763,1.22576,1.20229,0.0048062,0.593364,0.287125,0.223149,0.478858,1.1931,1.18733,0.678563
2003-02-14,0.479608,1.16203,0.901563,0.815924,1.0959,1.217,1.19457,0.0770394,0.915628,0.556121,0.466823,0.815229,1.22604,1.20256,0.00521267,0.593499,0.28719,0.2232,0.485481,1.19337,1.1876,0.684501
2003-02-21,0.492925,1.16572,0.898295,0.816074,1.0961,1.21722,1.19479,0.0812604,0.921109,0.551831,0.466909,0.815379,1.22627,1.20278,0.00563821,0.599027,0.283946,0.223241,0.485571,1.19359,1.18782,0.69288
2003-02-28,0.492729,1.14678,0.883619,0.816265,1.09635,1.21751,1.19507,0.0810275,0.89084,0.532997,0.467018,0.81557,1.22655,1.20307,0.00560048,0.569704,0.269112,0.223293,0.485684,1.19387,1.1881,0.690602
2003-03-07,0.480587,1.13887,0.861405,0.810631,1.0977,1.21778,1.19535,0.0770062,0.878295,0.506017,0.460441,0.817234,1.22683,1.20334,0.00518457,0.55818,0.248861,0.218776,0.487362,1.19414,1.18837,0.67775
2003-03-14,0.503696,1.13911,0.835121,0.810804,1.15048,1.21804,1.1956,0.0842239,0.878483,0.475179,0.46054,0.893832,1.2271,1.2036,0.00589756,0.558299,0.226356,0.218823,0.554385,1.1944,1.18863,0.684339
2003-03-21,0.532093,1.20275,0.881775,0.8561,1.21534,1.21832,1.19587,0.0937983,0.977432,0.528701,0.512413,0.995441,1.22737,1.20387,0.0069156,0.65408,0.265189,0.256364,0.650083,1.19466,1.18889,0.732344
2003-03-28,0.510747,1.1545,0.8464,0.821756,1.16658,1.21859,1.19614,0.0861807,0.898052,0.485764,0.470799,0.914599,1.22765,1.20414,0.0060681,0.573923,0.232691,0.224946,0.570416,1.19493,1.18916,0.708169
2003-04-04,0.510159,1.10729,0.845426,0.82081,1.16524,1.26683,1.24348,0.0857427,0.824604,0.483295,0.468406,0.90995,1.3252,1.29982,0.00600062,0.50432,0.230103,0.222445,0.564073,1.33968,1.33321,0.720502
2003-04-11,0.499584,1.09489,0.827901,0.803795,1.14109,1.25363,1.24376,0.082116,0.805305,0.462853,0.448593,0.871461,1.29723,1.30011,0.0056166,0.486399,0.215377,0.208209,0.527974,1.2978,1.33351,0.711763
2003-04-18,0.525238,1.13852,0.870416,0.845072,1.19968,1.29095,1.24399,0.0906394,0.869685,0.510895,0.495156,0.961916,1.37452,1.30035,0.00650361,0.545944,0.249391,0.241091,0.611355,1.41509,1.33375,0.731445
2003-04-25,0.527784,1.14404,0.874635,0.849168,1.2055,1.29124,1.24427,0.0913975,0.87696,0.515169,0.499298,0.969962,1.37483,1.30064,0.00657674,0.552083,0.252195,0.243802,0.61823,1.41541,1.33405,0.736917
2003-05-02,0.553831,1.2005,0.917799,0.891075,1.26499,1.29152,1.24454,0.100484,0.964142,0.566384,0.548935,1.06639,1.37513,1.30093,0.00756915,0.63539,0.290251,0.280591,0.711518,1.41572,1.33434,0.761255
2003-05-09,0.556377,1.20602,0.922018,0.895171,1.27081,1.2918,1.24481,0.101243,0.971426,0.570663,0.553082,1.07445,1.37543,1.30121,0.00764153,0.641466,0.293026,0.283274,0.718322,1.41603,1.33463,0.765502
2003-05-16,0.562056,1.21833,0.931429,0.904309,1.28378,1.29206,1.24507,0.103223,0.990427,0.581825,0.5639,1.09546,1.37571,1.30148,0.00786116,0.659903,0.301448,0.291416,0.738968,1.41632,1.33491,0.774813
2003-05-23,0.550306,1.19286,0.911957,0.885404,1.25694,1.30687,1.24532,0.09875,0.947506,0.556611,0.539463,1.04799,1.40658,1.30174,0.00733747,0.615941,0.281366,0.272002,0.689739,1.46443,1.33518,0.765747
2003-05-30,0.583403,1.2646,0.966805,0.938654,1.33254,1.30644,1.24554,0.110779,1.06293,0.624416,0.605179,1.17565,1.40542,1.30197,0.00869947,0.730274,0.333594,0.322492,0.817771,1.46322,1.33541,0.7918
2003-06-06,0.590061,1.27903,0.977839,0.949367,1.34774,1.30671,1.24579,0.113174,1.08591,0.637915,0.618261,1.20107,1.40571,1.30224,0.00897162,0.75312,0.344031,0.332581,0.843354,1.46352,1.33569,0.810666
2003-06-13,0.586732,1.27181,0.972321,0.94401,1.34014,1.30695,1.24602,0.111728,1.07203,0.629761,0.610359,1.18572,1.40597,1.30247,0.00878536,0.737484,0.336888,0.325676,0.825845,1.46379,1.33593,0.813116
2003-06-20,0.594957,1.28964,0.985952,0.957244,1.35893,1.30716,1.24623,0.114692,1.10047,0.646472,0.626556,1.21718,1.4062,1.30269,0.00912095,0.765656,0.349757,0.338117,0.857392,1.46403,1.33615,0.81507
2003-06-27,0.584186,1.2663,0.968103,0.939914,1.33432,1.31319,1.25882,0.110411,1.0594,0.622341,0.603167,1.17175,1.41767,1.32787,0.00860128,0.722032,0.329829,0.318852,0.808541,1.48102,1.37425,0.80048
2003-07-04,0.598874,1.29813,0.992443,0.963546,1.36787,1.31271,1.25836,0.115904,1.1121,0.6533,0.633173,1.23004,1.41644,1.32673,0.00924047,0.775689,0.35434,0.342547,0.868627,1.47974,1.37306,0.809332
2003-07-11,0.623549,1.35162,1.03333,1.00325,1.42423,1.31294,1.25858,0.125311,1.20236,0.706327,0.684567,1.32988,1.41669,1.32695,0.0103538,0.869146,0.397032,0.383819,0.973282,1.48,1.3733,0.821627
2003-07-18,0.612582,1.32785,1.01516,0.985602,1.39918,1.31317,1.2588,0.120747,1.15857,0.680601,0.659633,1.28144,1.41693,1.32718,0.00977539,0.820592,0.374852,0.362377,0.91891,1.48026,1.37353,0.815644
2003-07-25,0.622766,1.34992,1.03204,1.00199,1.42244,1.3077,1.25902,0.124611,1.19565,0.70238,0.680741,1.32244,1.40367,1.32742,0.0102325,0.858963,0.39238,0.379321,0.961878,1.45952,1.37378,0.821546
2003-08-01,0.616107,1.33549,1.021,0.991274,1.40724,1.30794,1.25926,0.121857,1.16921,0.686854,0.665693,1.29321,1.40393,1.32767,0.00988894,0.830124,0.379207,0.366586,0.929585,1.45979,1.37403,0.807447
2003-08-08,0.588886,1.27648,0.975892,0.947476,1.34506,1.30224,1.25377,0.111077,1.06578,0.626092,0.606803,1.17881,1.39119,1.31562,0.00858166,0.720385,0.329077,0.318125,0.806697,1.44041,1.35579,0.805562
2003-08-15,0.610428,1.32318,1.01159,0.982136,1.39426,1.33593,1.28621,0.119247,1.14417,0.672143,0.651436,1.26551,1.46318,1.3837,0.00953943,0.800784,0.365804,0.353629,0.896729,1.55353,1.46227,0.816545
2003-08-22,0.6353,1.37709,1.05281,1.02215,1.45107,1.33618,1.28645,0.128981,1.23757,0.727009,0.704611,1.36882,1.46346,1.38396,0.0107158,0.899535,0.410914,0.397238,1.00731,1.55382,1.46254,0.817775
2003-08-29,0.653904,1.41742,1.08364,1.05209,1.49357,1.33644,1.28669,0.13655,1.3102,0.769674,0.745962,1.44915,1.46374,1.38422,0.0116684,0.979496,0.447441,0.432549,1.09685,1.55412,1.46283,0.831463
2003-09-05,0.664675,1.44077,1.10149,1.06942,1.51817,1.33664,1.28689,0.140986,1.35277,0.79468,0.770198,1.49623,1.46396,1.38443,0.0122353,1.02708,0.469179,0.453565,1.15014,1.55436,1.46304,0.842856
2003-09-12,0.662326,1.43567,1.09759,1.06564,1.5128,1.33689,1.28712,0.139762,1.34102,0.78778,0.763509,1.48323,1.46423,1.38469,0.0120543,1.01189,0.462239,0.446855,1.13313,1.55464,1.46331,0.839741
2003-09-19,0.677209,1.46793,1.12226,1.08958,1.5468,1.33713,1.28736,0.145889,1.39981,0.822316,0.796982,1.54826,1.4645,1.38494,0.0128349,1.07742,0.492173,0.475793,1.20651,1.55493,1.46358,0.853003
2003-09-26,0.638042,1.38303,1.05735,1.02656,1.45734,1.33738,1.2876,0.129126,1.23896,0.727827,0.705404,1.37036,1.46477,1.38519,0.0106466,0.893724,0.408259,0.394672,1.0008,1.55521,1.46385,0.822395
2003-10-03,0.669572,1.45138,1.1096,1.07729,1.52935,1.34096,1.28783,0.141851,1.36106,0.799555,0.774922,1.50541,1.47062,1.38545,0.0122217,1.02595,0.468659,0.453061,1.14887,1.56368,1.46412,0.8507
2003-10-10,0.68563,1.48619,1.13621,1.10313,1.56603,1.3412,1.28806,0.148629,1.42609,0.837756,0.811946,1.57733,1.47088,1.38569,0.0131021,1.09986,0.502422,0.4857,1.23163,1.56395,1.46438,0.860409
2003-10-17,0.677797,1.46921,1.12323,1.09053,1.54814,1.34144,1.28829,0.145077,1.39202,0.817739,0.792546,1.53964,1.47114,1.38594,0.0126205,1.05943,0.483954,0.467847,1.18636,1.56423,1.46464,0.857858
2003-10-24,0.669767,1.4518,1.10993,1.07761,1.5298,1.34168,1.28852,0.141493,1.35762,0.797534,0.772963,1.5016,1.47141,1.38619,0.0121419,1.01925,0.465601,0.450105,1.14137,1.56452,1.46491,0.852263
2003-10-31,0.688959,1.49341,1.14173,1.10849,1.57364,1.34193,1.28876,0.149483,1.43429,0.842573,0.816615,1.5864,1.47168,1.38645,0.0131634,1.105,0.504772,0.487972,1.23739,1.56481,1.46518,0.866415
2003-11-07,0.697772,1.51251,1.15634,1.12267,1.59376,1.34218,1.289,0.153188,1.46984,0.863453,0.836852,1.62571,1.47195,1.38671,0.0136456,1.14547,0.52326,0.505845,1.28272,1.5651,1.46545,0.868966
2003-11-14,0.686218,1.48746,1.13719,1.10408,1.56737,1.33954,1.28924,0.147931,1.4194,0.833826,0.808138,1.56993,1.4658,1.38696,0.0129283,1.08526,0.495757,0.479257,1.21529,1.55672,1.46572,0.867732
2003-11-21,0.670355,1.45308,1.1109,1.07855,1.53114,1.33979,1.28948,0.140969,1.3526,0.794581,0.770101,1.49604,1.46561,1.38678,0.0120082,1.00802,0.460473,0.445147,1.1288,1.55662,1.46562,0.857447
2003-11-28,0.692876,1.5019,1.14822,1.11479,1.58258,1.37644,1.32475,0.150431,1.44339,0.847917,0.821794,1.59646,1.54545,1.46232,0.0132225,1.10996,0.507038,0.490163,1.24295,1.68449,1.58602,0.875877
2003-12-05,0.686218,1.48746,1.13719,1.10408,1.56737,1.37668,1.32499,0.147367,1.41398,0.830643,0.805052,1.56394,1.54573,1.46259,0.0128044,1.07486,0.491005,0.474664,1.20365,1.68479,1.5863,0.879169
2003-12-12,0.690134,1.49595,1.14368,1.11038,1.57632,1.37692,1.32522,0.148829,1.42802,0.838888,0.813043,1.57946,1.546,1.46284,0.0129746,1.08915,0.49753,0.480971,1.21964,1.68509,1.58658,0.889783
2003-12-19,0.694443,1.50529,1.15082,1.11731,1.58616,1.37716,1.32545,0.150546,1.44448,0.848561,0.822418,1.59767,1.54626,1.4631,0.0131888,1.10713,0.505745,0.488913,1.23978,1.68538,1.58685,0.90027
2003-12-26,0.702355,1.52244,1.16393,1.13004,1.60423,1.37735,1.32563,0.153928,1.47694,0.867626,0.840896,1.63357,1.54648,1.4633,0.0136339,1.14449,0.522812,0.505412,1.28162,1.68561,1.58707,0.906884
2004-01-02,0.712346,1.5441,1.18049,1.14612,1.62705,1.37755,1.32582,0.158234,1.51826,0.8919,0.864422,1.67927,1.5467,1.46351,0.0142035,1.19231,0.544656,0.52653,1.33517,1.68585,1.5873,0.919532
2004-01-09,0.739186,1.60228,1.22497,1.1893,1.68836,1.37779,1.32605,0.1702,1.63307,0.959346,0.92979,1.80626,1.54697,1.46376,0.0158297,1.32882,0.607014,0.586812,1.48803,1.68614,1.58757,0.929122
2004-01-16,0.755644,1.63795,1.25224,1.21578,1.72595,1.37802,1.32628,0.1777,1.70503,1.00162,0.970759,1.88585,1.54723,1.46401,0.0168751,1.41657,0.647101,0.625565,1.5863,1.68643,1.58784,0.944333
2004-01-23,0.744673,1.61417,1.23406,1.19813,1.70089,1.37821,1.32646,0.172502,1.65515,0.972318,0.942363,1.83068,1.54744,1.46421,0.0161379,1.35469,0.618832,0.598236,1.517,1.68666,1.58806,0.945986
2004-01-30,0.726256,1.57425,1.20354,1.1685,1.65882,1.34668,1.3267,0.163823,1.57188,0.9234,0.894952,1.73858,1.47631,1.46447,0.0149104,1.25165,0.571764,0.552735,1.40162,1.57192,1.58834,0.938133
2004-02-06,0.727432,1.5768,1.20549,1.17039,1.66151,1.37058,1.35024,0.164176,1.57527,0.925392,0.896882,1.74233,1.52835,1.51609,0.0149443,1.2545,0.573063,0.55399,1.4048,1.6557,1.67299,0.946152
2004-02-13,0.72371,1.56873,1.19932,1.1644,1.65301,1.36972,1.34939,0.162381,1.55805,0.915273,0.887075,1.72328,1.52608,1.51384,0.0146934,1.23343,0.563439,0.544687,1.38121,1.6527,1.66996,0.951773
2004-02-20,0.722142,1.56533,1.19672,1.16188,1.64943,1.36992,1.34959,0.161548,1.55005,0.910575,0.882522,1.71443,1.5263,1.51406,0.0145703,1.2231,0.55872,0.540125,1.36964,1.65293,1.6702,0.949707
2004-02-27,0.716461,1.55302,1.18731,1.15274,1.63645,1.37725,1.34984,0.158911,1.52475,0.895716,0.86812,1.68646,1.54206,1.51434,0.0142105,1.19289,0.544922,0.526786,1.33582,1.67921,1.67051,0.950864
2004-03-05,0.717636,1.55557,1.18925,1.15463,1.63914,1.37682,1.35009,0.159289,1.52837,0.897842,0.870181,1.69046,1.5408,1.51462,0.0142511,1.19631,0.546482,0.528294,1.33964,1.67784,1.67082,0.962107
2004-03-12,0.695694,1.51378,1.15289,1.11932,1.58902,1.37043,1.3744,0.149449,1.44608,0.842381,0.816429,1.58604,1.52508,1.56879,0.0129275,1.10046,0.495723,0.479225,1.21521,1.65149,1.76115,0.930692
2004-03-19,0.680804,1.51406,1.13344,1.09537,1.55501,1.34603,1.34992,0.142928,1.44635,0.813699,0.780807,1.51684,1.47043,1.51257,0.0120742,1.10066,0.471317,0.447593,1.135,1.5634,1.66722,0.921345
2004-03-26,0.690013,1.51434,1.13308,1.08024,1.57604,1.39251,1.35017,0.146598,1.44661,0.813034,0.758785,1.55578,1.57192,1.51285,0.0125223,1.10086,0.470932,0.428956,1.17712,1.72674,1.66752,0.921097
2004-04-02,0.726844,1.51462,1.17013,1.1379,1.66017,1.39207,1.35042,0.16243,1.44688,0.866137,0.840731,1.7238,1.57064,1.51312,0.014583,1.10107,0.517498,0.499547,1.37084,1.72533,1.66783,0.951045
2004-04-09,0.72371,1.50734,1.16508,1.13299,1.65301,1.39227,1.35061,0.160932,1.43212,0.858145,0.832973,1.7079,1.57087,1.51334,0.0143756,1.08435,0.51014,0.492443,1.35134,1.72558,1.66807,0.948805
2004-04-16,0.707057,1.47265,1.13827,1.10692,1.61497,1.39253,1.35086,0.153443,1.36548,0.818214,0.794214,1.62843,1.57115,1.51362,0.0133707,1.00855,0.474479,0.45802,1.25688,1.72589,1.66838,0.944325
2004-04-23,0.728999,1.48345,1.14294,1.14127,1.66509,1.39279,1.35111,0.162797,1.38514,0.823899,0.842627,1.72769,1.57145,1.5139,0.0145787,1.03177,0.479265,0.499401,1.37044,1.72622,1.66869,0.948722
2004-04-30,0.681196,1.41949,1.06799,1.06643,1.5559,1.39305,1.35137,0.141896,1.2669,0.718122,0.734445,1.50588,1.57174,1.51419,0.0118393,0.902457,0.389208,0.405561,1.11292,1.72654,1.669,0.920516
2004-05-07,0.685115,1.41976,1.06767,1.06698,1.56485,1.41134,1.35163,0.143421,1.26715,0.717544,0.734688,1.52207,1.61224,1.51448,0.0120248,0.902634,0.388895,0.405974,1.13036,1.79478,1.66933,0.91222
2004-05-14,0.680804,1.42005,1.06788,1.04157,1.55501,1.41162,1.3519,0.141496,1.2674,0.717687,0.699708,1.50164,1.61256,1.51479,0.0117757,0.902813,0.388972,0.377572,1.10695,1.79514,1.66966,0.912884
2004-05-21,0.686094,1.42033,1.06809,1.04125,1.56709,1.4119,1.35217,0.143602,1.26765,0.71783,0.699147,1.52399,1.61288,1.51509,0.0120351,0.902993,0.38905,0.37727,1.13132,1.7955,1.66999,0.910976
2004-05-28,0.716069,1.42062,1.07155,1.05122,1.63556,1.41219,1.35245,0.156267,1.26791,0.722285,0.712333,1.6584,1.61322,1.5154,0.0136507,0.90318,0.392829,0.388124,1.2832,1.79587,1.67034,0.936278
2004-06-04,0.709016,1.40593,1.06099,1.04086,1.61945,1.41245,1.35269,0.153112,1.24106,0.7077,0.697949,1.62491,1.61351,1.51568,0.0132348,0.874781,0.380859,0.376297,1.2441,1.79619,1.67064,0.937274
2004-06-11,0.721751,1.3948,1.05397,1.05956,1.64853,1.44668,1.35296,0.158469,1.2208,0.697934,0.722367,1.68176,1.69126,1.51597,0.0139182,0.853895,0.373205,0.395729,1.30835,1.92784,1.67097,0.948639
2004-06-18,0.713914,1.37966,1.04253,1.04805,1.63063,1.44704,1.3533,0.15489,1.19323,0.682174,0.706055,1.64378,1.69169,1.51636,0.013439,0.824494,0.360355,0.382104,1.2633,1.92833,1.67139,0.946108
2004-06-25,0.73135,1.41335,1.06799,1.07365,1.67046,1.44741,1.35364,0.162385,1.25097,0.715182,0.740219,1.72332,1.69212,1.51674,0.0144149,0.884367,0.386524,0.409852,1.35504,1.92882,1.67181,0.947856
2004-07-02,0.721359,1.39404,1.0534,1.05898,1.64764,1.44777,1.35399,0.15779,1.21557,0.694946,0.719275,1.67456,1.69255,1.51712,0.0137927,0.846195,0.36984,0.392161,1.29655,1.92931,1.67224,0.939862
2004-07-09,0.700396,1.36624,1.03239,1.02821,1.59976,1.43316,1.35426,0.148597,1.16662,0.666961,0.677367,1.57699,1.65779,1.51743,0.0125923,0.795334,0.34761,0.358029,1.1837,1.87059,1.67257,0.930287
2004-07-16,0.679237,1.36659,1.03266,1.02796,1.55143,1.38986,1.35461,0.139639,1.16692,0.667134,0.676865,1.48193,1.55785,1.51782,0.0114653,0.795539,0.3477,0.357764,1.07776,1.70317,1.673,0.921795
2004-07-23,0.670225,1.36695,1.03293,1.02823,1.55968,1.37849,1.35496,0.135611,1.16723,0.66731,0.677043,1.49456,1.52959,1.51822,0.0109383,0.795749,0.347792,0.357858,1.08931,1.65402,1.67344,0.907224
2004-07-30,0.683547,1.36733,1.03322,1.02852,1.56012,1.37888,1.35534,0.140925,1.16756,0.667497,0.677233,1.49498,1.53001,1.51864,0.0115802,0.795972,0.347889,0.357958,1.08962,1.65449,1.67391,0.922877
2004-08-06,0.641034,1.36772,1.03351,1.02881,1.56056,1.37927,1.35573,0.123676,1.16789,0.667687,0.677426,1.49541,1.53045,1.51908,0.00949669,0.796199,0.347989,0.35806,1.08993,1.65496,1.67439,0.889655
2004-08-13,0.637115,1.36811,1.03381,1.0291,1.56101,1.37967,1.35612,0.122046,1.16822,0.667877,0.677618,1.49583,1.53088,1.51951,0.00930264,0.796425,0.348087,0.358162,1.09024,1.65543,1.67487,0.892486
2004-08-20,0.666307,1.3685,1.0341,1.0294,1.56145,1.38006,1.3565,0.13332,1.16856,0.668068,0.677813,1.49626,1.53132,1.51994,0.0106093,0.796653,0.348187,0.358265,1.09055,1.6559,1.67535,0.91988
2004-08-27,0.677082,1.36891,1.03441,1.02971,1.56192,1.38047,1.35691,0.137555,1.16891,0.668268,0.678016,1.49671,1.53178,1.5204,0.0111138,0.796892,0.348291,0.358372,1.09088,1.6564,1.67585,0.927956
2004-09-03,0.668853,1.36934,1.03473,1.03003,1.56241,1.3809,1.35733,0.134028,1.16927,0.668476,0.678226,1.49717,1.53226,1.52087,0.0106732,0.797139,0.3484,0.358483,1.09121,1.65691,1.67637,0.933535
2004-09-10,0.688053,1.36969,1.035,1.03029,1.56281,1.38126,1.35768,0.141711,1.16957,0.668647,0.6784,1.49756,1.53265,1.52126,0.0115964,0.797343,0.348489,0.358575,1.09149,1.65734,1.6768,0.941361
2004-09-17,0.694127,1.36149,1.02516,1.03063,1.56331,1.3817,1.35812,0.144093,1.15487,0.655622,0.67862,1.49804,1.53315,1.52175,0.0118833,0.782485,0.338583,0.358691,1.09185,1.65787,1.67734,0.946032
2004-09-24,0.681784,1.34131,1.02353,1.03097,1.56383,1.38216,1.35857,0.13888,1.11988,0.653279,0.678846,1.49854,1.53366,1.52226,0.0112369,0.747091,0.337053,0.358811,1.09221,1.65843,1.6779,0.931902
2004-10-01,0.707253,1.34175,1.02387,1.03131,1.56435,1.38262,1.35902,0.149209,1.12025,0.653496,0.679072,1.49904,1.53417,1.52277,0.0124939,0.74734,0.337165,0.35893,1.09257,1.65898,1.67846,0.950213
2004-10-08,0.697065,1.31421,1.00285,1.01014,1.56487,1.38308,1.35947,0.144769,1.07354,0.626249,0.650759,1.49953,1.53467,1.52327,0.0119285,0.700772,0.316156,0.336565,1.09294,1.65952,1.67901,0.940681
2004-10-15,0.698045,1.31606,1.00426,1.01473,1.56539,1.38354,1.35993,0.145074,1.07581,0.627573,0.656416,1.50003,1.53519,1.52378,0.0119635,0.702829,0.317084,0.341069,1.0933,1.66008,1.67957,0.93023
2004-10-22,0.701375,1.32233,1.00905,1.0121,1.56595,1.38403,1.36041,0.146222,1.08432,0.632538,0.652195,1.50056,1.53573,1.52432,0.0120859,0.710018,0.320328,0.337518,1.09369,1.66067,1.68017,0.919612
2004-10-29,0.722926,1.36297,1.04006,1.0111,1.56653,1.38454,1.36091,0.155136,1.15042,0.671096,0.650514,1.50112,1.5363,1.52488,0.0131923,0.775018,0.349653,0.336465,1.09409,1.66128,1.68079,0.94645
2004-11-05,0.743693,1.40212,1.06993,1.04015,1.56713,1.38507,1.36143,0.164038,1.21644,0.709606,0.687843,1.5017,1.53689,1.52546,0.0143381,0.842334,0.380022,0.365689,1.09451,1.66192,1.68143,0.980562
2004-11-12,0.757407,1.42797,1.08966,1.05933,1.6028,1.38563,1.36198,0.16998,1.2605,0.735309,0.712758,1.56965,1.5375,1.52608,0.0151156,0.888011,0.400629,0.385519,1.16956,1.66259,1.68211,0.993188
2004-11-19,0.757799,1.42871,1.09023,1.05988,1.60363,1.3862,1.36254,0.16995,1.26028,0.735183,0.712635,1.56938,1.53814,1.52671,0.0150978,0.886963,0.400157,0.385064,1.16818,1.66327,1.6828,0.984642
2004-11-26,0.768182,1.44829,1.10516,1.0744,1.6256,1.38667,1.363,0.17451,1.2941,0.754908,0.731755,1.61149,1.53866,1.52723,0.0157033,0.922536,0.416206,0.400507,1.21503,1.66384,1.68337,0.992441
2004-12-03,0.786207,1.48227,1.1311,1.09961,1.66374,1.38727,1.36359,0.182588,1.354,0.789853,0.765629,1.68608,1.53932,1.52788,0.0167931,0.986558,0.445089,0.428302,1.29935,1.66455,1.6841,0.999988
2004-12-10,0.782289,1.47488,1.12546,1.09413,1.65545,1.38787,1.36418,0.180571,1.33904,0.781126,0.757169,1.66745,1.53999,1.52855,0.0165027,0.969498,0.437393,0.420895,1.27689,1.66528,1.68483,1.00066
2004-12-17,0.780682,1.47186,1.12315,1.09188,1.65205,1.38847,1.36477,0.179663,1.33231,0.777199,0.753362,1.65907,1.54066,1.52921,0.0163704,0.961727,0.433887,0.417522,1.26665,1.66599,1.68556,1.00631
2004-12-24,0.786418,1.48267,1.1314,1.0999,1.66419,1.38919,1.36524,0.182173,1.35092,0.788057,0.763888,1.68225,1.54163,1.52973,0.0167076,0.981536,0.442824,0.426122,1.29274,1.66897,1.68613,1.01752
2004-12-31,0.789583,1.48864,1.13595,1.10433,1.67089,1.38979,1.36583,0.183489,1.36068,0.79375,0.769406,1.6944,1.5423,1.53039,0.0168832,0.991852,0.447478,0.4306,1.30633,1.6697,1.68686,1.01836
2005-01-07,0.762485,1.43755,1.09697,1.06643,1.61355,1.3811,1.36587,0.17089,1.26725,0.739246,0.716573,1.57805,1.52198,1.52952,0.0151588,0.890547,0.401774,0.38662,1.1729,1.63707,1.68579,0.997887
2005-01-14,0.760112,1.43307,1.09355,1.06311,1.60852,1.36335,1.34831,0.169635,1.25795,0.73382,0.711314,1.56647,1.48163,1.48898,0.0149808,0.880087,0.397055,0.382079,1.15913,1.57218,1.61897,0.996202
2005-01-21,0.732817,1.38161,1.05429,1.02494,1.55076,1.36385,1.3488,0.157451,1.1676,0.681114,0.660225,1.45396,1.48218,1.48953,0.0133778,0.785919,0.35457,0.341197,1.0351,1.57275,1.61956,0.983901
2005-01-28,0.730245,1.36206,1.05059,1.02134,1.54532,1.38401,1.36216,0.156168,1.13394,0.675564,0.654845,1.44211,1.52509,1.51809,0.0132043,0.752155,0.349971,0.336771,1.02167,1.64246,1.66733,0.989378
2005-02-04,0.746663,1.36999,1.0742,1.0443,1.58006,1.38468,1.36282,0.163052,1.14599,0.705343,0.683711,1.50568,1.52583,1.51883,0.0140725,0.763952,0.372981,0.358913,1.08885,1.64326,1.66814,1.01297
2005-02-11,0.745673,1.34932,1.07278,1.04292,1.57797,1.38535,1.36349,0.162411,1.1106,0.70257,0.681023,1.49976,1.52658,1.51957,0.013976,0.729445,0.370424,0.356453,1.08138,1.64406,1.66896,1.01752
2005-02-18,0.73875,1.33026,1.06282,1.03324,1.56332,1.38605,1.36417,0.15924,1.07839,0.688852,0.667725,1.47048,1.52734,1.52033,0.0135602,0.697871,0.359404,0.345848,1.04921,1.64489,1.66979,1.01432
2005-02-25,0.744091,1.33015,1.0705,1.0407,1.57462,1.41116,1.38888,0.161391,1.07776,0.698155,0.676743,1.49034,1.58207,1.5748,0.0138263,0.697464,0.366456,0.352634,1.0698,1.73414,1.7604,1.02308
2005-03-04,0.742113,1.33086,1.06766,1.03794,1.57044,1.4112,1.38893,0.160348,1.07834,0.693643,0.672369,1.4807,1.58133,1.57407,0.0136825,0.697836,0.362644,0.348966,1.05867,1.73333,1.75958,1.03403
2005-03-11,0.73519,1.32621,1.0577,1.02826,1.55579,1.41196,1.38967,0.157177,1.07017,0.679928,0.659075,1.45143,1.58217,1.57491,0.0132677,0.690427,0.351651,0.338388,1.02658,1.73425,1.76051,1.01432
2005-03-18,0.722136,1.32693,1.0442,1.01,1.52816,1.38002,1.39042,0.15148,1.07075,0.662022,0.635185,1.39882,1.50988,1.57576,0.0125451,0.690801,0.337824,0.319959,0.97067,1.61659,1.76147,1.00265
2005-03-25,0.717389,1.32751,1.04466,1.01428,1.51812,1.37095,1.39103,0.149369,1.07122,0.662313,0.640218,1.37932,1.48883,1.57645,0.0122783,0.691105,0.337973,0.324183,0.950023,1.58221,1.76224,0.990811
2005-04-01,0.716005,1.32824,1.04523,1.00395,1.51519,1.3624,1.39179,0.148589,1.07181,0.662675,0.626791,1.37212,1.46924,1.57732,0.0121698,0.691482,0.338158,0.314061,0.941631,1.55129,1.76321,0.993264
2005-04-08,0.724707,1.32895,1.04579,1.02215,1.5336,1.36313,1.39254,0.152057,1.07238,0.66303,0.649187,1.40415,1.47003,1.57816,0.0125905,0.691854,0.338339,0.331365,0.974182,1.55212,1.76415,0.998085
2005-04-15,0.687127,1.32966,1.04636,1.00644,1.45407,1.36386,1.39329,0.136435,1.07296,0.663387,0.628762,1.25988,1.47082,1.57901,0.0106806,0.692226,0.338521,0.316284,0.826407,1.55296,1.7651,0.965521
2005-04-22,0.69405,1.33041,1.04694,1.007,1.46873,1.36463,1.39407,0.138939,1.07356,0.66376,0.629115,1.28301,1.47164,1.5799,0.0109572,0.692614,0.338711,0.316461,0.847804,1.55383,1.76609,0.977531
2005-04-29,0.691874,1.33116,1.04753,1.00757,1.46412,1.3654,1.39485,0.13791,1.07417,0.664132,0.629469,1.27351,1.47247,1.58079,0.0108282,0.693003,0.338902,0.316639,0.837821,1.5547,1.76708,0.979054
2005-05-06,0.70928,1.3319,1.04811,1.00813,1.4699,1.36616,1.39563,0.144787,1.07476,0.664502,0.629819,1.28277,1.47329,1.58166,0.0116421,0.693389,0.33909,0.316815,0.847157,1.55557,1.76807,0.990388
2005-05-13,0.716795,1.33264,1.0487,1.00869,1.47072,1.36691,1.39641,0.147715,1.07536,0.664871,0.630169,1.28349,1.47411,1.58254,0.0119902,0.693774,0.339278,0.316991,0.847628,1.55643,1.76905,0.978801
2005-05-20,0.744882,1.33789,1.04928,1.021,1.47153,1.36767,1.39718,0.159331,1.08318,0.66524,0.645159,1.2842,1.47493,1.58342,0.0134222,0.701505,0.339467,0.328409,0.848098,1.55729,1.77003,1.00756
2005-05-27,0.755761,1.35743,1.06407,1.03591,1.47237,1.36845,1.39798,0.163853,1.11393,0.683446,0.663473,1.28493,1.47577,1.58432,0.0139913,0.73125,0.353511,0.342333,0.848581,1.55818,1.77104,1.01712
2005-06-03,0.753585,1.35352,1.06101,1.03292,1.47305,1.36908,1.39862,0.162743,1.10638,0.678814,0.658976,1.28552,1.47645,1.58505,0.0138395,0.723311,0.349674,0.338617,0.848973,1.5589,1.77186,1.01627
2005-06-10,0.742706,1.33399,1.04569,1.01801,1.47391,1.3546,1.39944,0.157904,1.07348,0.658629,0.639381,1.28627,1.44426,1.58598,0.0132188,0.690874,0.333993,0.323432,0.849468,1.50827,1.77289,1.01669
2005-06-17,0.749728,1.3466,1.05886,1.02764,1.47477,1.35471,1.40025,0.160752,1.09285,0.674733,0.650914,1.28702,1.44366,1.5869,0.0135732,0.709397,0.346545,0.332103,0.849962,1.50764,1.77392,1.03065
2005-06-24,0.731911,1.3146,1.03369,1.00322,1.47563,1.35551,1.40108,0.153027,1.04033,0.642311,0.619636,1.28778,1.44451,1.58784,0.0125985,0.658455,0.32166,0.308254,0.850463,1.50853,1.77497,1.01044
2005-07-01,0.727159,1.30773,1.0338,0.989663,1.47653,1.34603,1.39128,0.150884,1.02843,0.642059,0.602513,1.28856,1.42284,1.56402,0.0123283,0.647496,0.321534,0.295886,0.85098,1.47467,1.73513,1.01511
2005-07-08,0.747748,1.33647,1.03431,0.990151,1.47726,1.35302,1.3985,0.159357,1.07311,0.642375,0.602811,1.2892,1.43659,1.57913,0.0133687,0.690306,0.321692,0.296032,0.8514,1.49621,1.76048,1.03031
2005-07-15,0.769921,1.3761,1.05481,1.00977,1.48183,1.35386,1.39937,0.168759,1.13642,0.667436,0.626328,1.2963,1.43748,1.58011,0.0145608,0.751857,0.340712,0.313535,0.858601,1.49715,1.76158,1.04322
2005-07-22,0.780414,1.39485,1.06919,1.02353,1.50202,1.35473,1.40027,0.173195,1.16629,0.68498,0.642791,1.33037,1.43841,1.58113,0.01513,0.78125,0.354032,0.325792,0.892167,1.49811,1.76271,1.04916
2005-07-29,0.783581,1.40051,1.07353,1.02769,1.50812,1.35562,1.4012,0.174407,1.17445,0.689775,0.647291,1.33968,1.43936,1.58217,0.0152807,0.789032,0.357558,0.329038,0.901054,1.4991,1.76387,1.05086
2005-08-05,0.781602,1.39697,1.07081,1.02509,1.50431,1.35654,1.40214,0.173319,1.16713,0.685471,0.643252,1.33133,1.44033,1.58324,0.0151281,0.78115,0.353987,0.325751,0.892053,1.50011,1.76506,1.04356
2005-08-12,0.776257,1.38742,1.06349,1.01808,1.49402,1.34797,1.40309,0.170744,1.14979,0.675288,0.633696,1.31155,1.42072,1.58432,0.0147818,0.763269,0.345883,0.318294,0.871633,1.46947,1.76626,1.04509
2005-08-19,0.768536,1.37362,1.05291,1.00796,1.47916,1.34821,1.40405,0.16714,1.12552,0.661033,0.620319,1.28386,1.42027,1.58539,0.0143038,0.738589,0.334699,0.308002,0.843449,1.469,1.76746,1.04008
2005-08-26,0.761408,1.36088,1.04315,0.998608,1.46545,1.34373,1.39938,0.163885,1.1036,0.648159,0.608238,1.25886,1.40977,1.57368,0.0138825,0.716835,0.324841,0.29893,0.818607,1.45296,1.74816,1.02555
2005-09-02,0.767546,1.37185,1.05156,1.00666,1.47726,1.34919,1.40506,0.166347,1.12018,0.657898,0.617378,1.27777,1.42002,1.58512,0.0141888,0.732648,0.332007,0.305525,0.836665,1.46893,1.76739,1.03838
2005-09-09,0.784373,1.40193,1.07461,1.02873,1.50965,1.34992,1.40582,0.173547,1.16866,0.686372,0.644097,1.33307,1.42078,1.58597,0.0151109,0.780265,0.353586,0.325382,0.891043,1.46973,1.76834,1.05816
2005-09-16,0.780018,1.39414,1.06864,1.02302,1.50126,1.35083,1.40677,0.171429,1.1544,0.677994,0.636236,1.3168,1.42174,1.58704,0.0148266,0.765586,0.346933,0.31926,0.874279,1.47071,1.76953,1.05329
2005-09-23,0.76715,1.37114,1.05101,1.00614,1.4765,1.35473,1.40772,0.16562,1.11528,0.655023,0.614679,1.27219,1.42891,1.58811,0.0140705,0.72654,0.329239,0.302977,0.82969,1.4821,1.77073,1.03572
2005-09-30,0.781206,1.39627,1.07027,1.02457,1.50355,1.35181,1.40868,0.171541,1.15516,0.678441,0.636655,1.31767,1.42162,1.58919,0.0148225,0.765373,0.346837,0.319172,0.874036,1.47101,1.77193,1.04936
2005-10-07,0.759033,1.35664,1.03989,0.995492,1.46087,1.35275,1.40966,0.161712,1.08896,0.639564,0.600172,1.24216,1.42261,1.5903,0.0135537,0.699857,0.317148,0.29185,0.799219,1.47204,1.77317,1.02011
2005-10-14,0.75349,1.35693,1.02434,0.980606,1.45021,1.3422,1.41067,0.159148,1.08865,0.619827,0.581651,1.22247,1.39864,1.59144,0.0132223,0.699659,0.302514,0.278384,0.779675,1.43458,1.77444,1.01209
2005-10-21,0.76319,1.36556,1.03701,0.992735,1.46888,1.34656,1.41172,0.163011,1.10163,0.634241,0.595177,1.25215,1.40661,1.59263,0.0136906,0.712269,0.312918,0.287958,0.807289,1.44703,1.77576,1.00749
2005-10-28,0.758637,1.34047,1.03083,0.986812,1.46011,1.34758,1.41279,0.160781,1.05998,0.625563,0.587034,1.23501,1.40767,1.59383,0.0133906,0.672169,0.306061,0.281648,0.789599,1.44812,1.7771,1.02173
2005-11-04,0.79348,1.38231,1.07817,1.03213,1.52717,1.34861,1.41387,0.175602,1.12571,0.68323,0.641149,1.34886,1.40874,1.59504,0.0152659,0.735705,0.348925,0.321093,0.900183,1.44923,1.77846,1.04143
2005-11-11,0.805953,1.40404,1.09512,1.04836,1.55118,1.34964,1.41495,0.180954,1.16002,0.704051,0.660688,1.38997,1.40982,1.59627,0.0159608,0.769192,0.364807,0.335708,0.941156,1.45034,1.77982,1.0555
2005-11-18,0.820603,1.42956,1.11502,1.06742,1.57937,1.35069,1.41605,0.187349,1.20102,0.728933,0.684037,1.43909,1.41092,1.59751,0.0168027,0.809765,0.38405,0.353416,0.9908,1.45146,1.7812,1.06719
2005-11-25,0.829314,1.44474,1.12686,1.07875,1.59614,1.35151,1.41691,0.191181,1.22559,0.743845,0.698031,1.46853,1.41178,1.59848,0.0173156,0.834483,0.395773,0.364204,1.02104,1.45235,1.78229,1.08425
2005-12-02,0.833669,1.45232,1.13278,1.08441,1.60452,1.35489,1.418,0.192906,1.23664,0.750556,0.704328,1.48178,1.41766,1.59971,0.0175331,0.844965,0.400744,0.368778,1.03387,1.46161,1.78366,1.08186
2005-12-09,0.825948,1.43887,1.12229,1.07437,1.58966,1.35526,1.4191,0.189122,1.21239,0.735834,0.690513,1.45272,1.41734,1.60095,0.0170103,0.819773,0.388796,0.357784,1.00304,1.46128,1.78504,1.07742
2005-12-16,0.825162,1.4375,1.12122,1.07335,1.58815,1.35628,1.42017,0.188548,1.2087,0.733598,0.688415,1.4483,1.41841,1.60216,0.0169249,0.815653,0.386842,0.355985,0.998003,1.46238,1.78639,1.08339
2005-12-23,0.82159,1.43128,1.11637,1.0687,1.58127,1.37093,1.43551,0.18666,1.1966,0.726255,0.681524,1.4338,1.44776,1.63531,0.0166575,0.802766,0.38073,0.350361,0.982236,1.50809,1.84223,1.08682
2005-12-30,0.801944,1.39706,1.08967,1.04314,1.54346,1.37109,1.43568,0.177655,1.13887,0.691216,0.648643,1.36463,1.44721,1.63469,0.0154579,0.744957,0.353313,0.325131,0.911503,1.50752,1.84153,1.06753
2006-01-06,0.846992,1.47553,1.15088,1.10174,1.63016,1.41528,1.44988,0.197824,1.26817,0.76969,0.722284,1.51955,1.53998,1.66587,0.0181346,0.873955,0.414493,0.381431,1.06934,1.65453,1.89547,1.10123
2006-01-13,0.852945,1.4859,1.15897,1.10949,1.64162,1.41645,1.45109,0.200371,1.2845,0.779602,0.731585,1.53912,1.54125,1.66725,0.0184766,0.890433,0.422308,0.388623,1.0895,1.6559,1.89705,1.10328
2006-01-20,0.818613,1.4261,1.11232,1.06483,1.57554,1.37413,1.40773,0.184178,1.18069,0.716596,0.67246,1.41474,1.44803,1.5664,0.0162475,0.783008,0.371359,0.341738,0.95806,1.50594,1.72525,1.08005
2006-01-27,0.83568,1.45583,1.13551,1.08703,1.60839,1.40278,1.43708,0.19167,1.22872,0.745746,0.699815,1.47228,1.50693,1.63012,0.0172357,0.830635,0.393948,0.362524,1.01634,1.59754,1.83019,1.10208
2006-02-03,0.812064,1.41469,1.10342,1.05631,1.56294,1.40329,1.43761,0.18069,1.15833,0.703025,0.659724,1.38794,1.50672,1.6299,0.0157578,0.759407,0.360166,0.331437,0.929183,1.59733,1.82994,1.08262
2006-02-10,0.812858,1.41607,1.1045,1.05734,1.56447,1.39894,1.42353,0.180782,1.15892,0.703382,0.66006,1.38865,1.49546,1.59648,0.0157569,0.759364,0.360146,0.331419,0.929131,1.5798,1.7747,1.08579
2006-02-17,0.81782,1.41455,1.11124,1.0638,1.57402,1.40017,1.42478,0.182705,1.15472,0.710866,0.667083,1.40342,1.49677,1.59788,0.0159926,0.75526,0.365533,0.336377,0.94303,1.58119,1.77626,1.1044
2006-02-24,0.818811,1.41627,1.11259,1.06509,1.57593,1.40116,1.42579,0.182923,1.1561,0.711713,0.667878,1.4051,1.49783,1.59901,0.016009,0.756035,0.365909,0.336722,0.943999,1.58231,1.77752,1.10954
2006-03-03,0.822582,1.42279,1.11771,1.06999,1.58318,1.40241,1.42706,0.18429,1.16474,0.717033,0.67287,1.4156,1.49917,1.60044,0.0161687,0.763576,0.369558,0.340081,0.953414,1.58372,1.77911,1.10397
2006-03-10,0.80492,1.40268,1.09371,1.04702,1.54919,1.39181,1.42833,0.176219,1.13071,0.685629,0.643401,1.3536,1.47498,1.60186,0.0151076,0.73029,0.345307,0.317764,0.890849,1.54548,1.78069,1.10251
2006-03-17,0.82316,1.39462,1.1185,1.07074,1.5843,1.43141,1.46824,0.184,1.11653,0.715905,0.671812,1.41337,1.55792,1.69025,0.0161026,0.71656,0.368049,0.338691,0.94952,1.67692,1.93022,1.12437
2006-03-24,0.82018,1.39249,1.11445,1.06687,1.57856,1.43271,1.46956,0.182424,1.1117,0.709771,0.666055,1.40126,1.55932,1.69178,0.0158858,0.712167,0.363092,0.33413,0.936731,1.67844,1.93196,1.12084
2006-03-31,0.832692,1.40671,1.13145,1.08314,1.60264,1.43399,1.47088,0.187739,1.13288,0.730452,0.685463,1.44209,1.56072,1.69329,0.0165693,0.733372,0.378715,0.348507,0.977037,1.67994,1.93369,1.11757
2006-04-07,0.840437,1.41979,1.14197,1.09321,1.61755,1.43528,1.4722,0.190979,1.15242,0.743058,0.697292,1.46698,1.56213,1.69482,0.0169876,0.751885,0.388275,0.357305,1.0017,1.68145,1.93544,1.11507
2006-04-14,0.836068,1.41241,1.13604,1.08753,1.60914,1.44117,1.47327,0.188801,1.13928,0.734585,0.689341,1.45025,1.57371,1.69605,0.0166902,0.738724,0.381479,0.35105,0.984168,1.70041,1.93684,1.10793
2006-04-21,0.834082,1.40905,1.13334,1.08495,1.60532,1.4598,1.47462,0.187559,1.13179,0.729753,0.684807,1.44071,1.61214,1.6976,0.0165032,0.730447,0.377205,0.347117,0.97314,1.76194,1.93861,1.12893
2006-04-28,0.831103,1.40402,1.12929,1.08107,1.59958,1.46115,1.47598,0.185961,1.12215,0.723535,0.678972,1.42843,1.61363,1.69916,0.0162812,0.720621,0.372131,0.342448,0.96005,1.76356,1.9404,1.13169
2006-05-05,0.83726,1.39404,1.13766,1.08908,1.61143,1.4625,1.47735,0.188454,1.10497,0.733232,0.688071,1.44758,1.61513,1.70074,0.0165969,0.704062,0.379346,0.349087,0.978664,1.7652,1.9422,1.14072
2006-05-12,0.798137,1.32823,1.0845,1.03819,1.53613,1.46387,1.47874,0.170902,1.00106,0.664944,0.623989,1.31276,1.61664,1.70234,0.0143089,0.606398,0.327051,0.300964,0.843751,1.76685,1.94402,1.11249
2006-05-19,0.781455,1.32881,1.08497,1.03767,1.50403,1.43256,1.4471,0.163574,1.00099,0.664899,0.622747,1.25647,1.54577,1.62771,0.0133855,0.606357,0.327029,0.300078,0.7893,1.65117,1.81674,1.09407
2006-05-26,0.784235,1.33005,1.08598,1.03864,1.50938,1.43766,1.45225,0.164471,1.00193,0.665519,0.623328,1.26336,1.55424,1.63663,0.0134817,0.606923,0.327334,0.300358,0.794971,1.66304,1.8298,1.10509
2006-06-02,0.787214,1.33104,1.08679,1.03942,1.51511,1.43801,1.45261,0.165387,1.00267,0.666016,0.623793,1.2704,1.55385,1.63621,0.0135687,0.607376,0.327579,0.300582,0.8001,1.66261,1.82933,1.11042
2006-06-09,0.757624,1.33229,1.08781,1.04039,1.45816,1.43936,1.45397,0.152906,1.00362,0.666641,0.624379,1.17453,1.55531,1.63775,0.0120456,0.607946,0.327886,0.300865,0.710289,1.66417,1.83105,1.07901
2006-06-16,0.76191,1.33355,1.08884,1.04137,1.46641,1.44072,1.45535,0.154255,1.00456,0.667271,0.624969,1.18489,1.55677,1.6393,0.0121771,0.60852,0.328196,0.301149,0.718042,1.66575,1.83278,1.07772
2006-06-23,0.758134,1.33482,1.08987,1.04236,1.46707,1.44209,1.45673,0.152468,1.00552,0.667905,0.625563,1.18483,1.55825,1.64086,0.0119524,0.609099,0.328508,0.301435,0.718006,1.66733,1.83452,1.07591
2006-06-30,0.770456,1.33611,1.09093,1.04337,1.46849,1.44348,1.45814,0.157059,1.00649,0.668551,0.626168,1.18597,1.55976,1.64244,0.0124666,0.609688,0.328825,0.301726,0.7187,1.66894,1.83629,1.10046
2006-07-07,0.748993,1.33714,1.09177,1.04418,1.46963,1.4446,1.45927,0.148182,1.00727,0.669068,0.626652,1.18689,1.56097,1.64371,0.011409,0.61016,0.32908,0.30196,0.719256,1.67023,1.83771,1.09467
2006-07-14,0.714216,1.33845,1.09284,1.0452,1.47106,1.44601,1.46069,0.134447,1.00825,0.66972,0.627263,1.18805,1.56249,1.64531,0.00984175,0.610754,0.3294,0.302254,0.719957,1.67186,1.8395,1.06795
2006-07-21,0.709447,1.33976,1.09391,1.04623,1.47251,1.44743,1.46213,0.132419,1.00924,0.67038,0.62788,1.18922,1.56403,1.64693,0.00960805,0.611356,0.329725,0.302552,0.720666,1.67351,1.84132,1.07167
2006-07-28,0.737467,1.34108,1.09499,1.04726,1.47396,1.44886,1.46357,0.142782,1.01024,0.671039,0.628498,1.19039,1.56557,1.64856,0.0107393,0.611957,0.330049,0.302849,0.721375,1.67515,1.84313,1.10651
2006-08-04,0.734288,1.3424,1.09607,1.04829,1.47541,1.45028,1.46501,0.141306,1.01123,0.6717,0.629117,1.19156,1.56711,1.65018,0.0105609,0.61256,0.330374,0.303148,0.722085,1.6768,1.84494,1.10842
2006-08-11,0.725941,1.34372,1.09714,1.04932,1.47686,1.45171,1.46645,0.13791,1.01222,0.672359,0.629735,1.19273,1.56865,1.6518,0.010175,0.613161,0.330699,0.303445,0.722794,1.67845,1.84675,1.09813
2006-08-18,0.770853,1.34504,1.09822,1.05035,1.47831,1.45313,1.46789,0.155123,1.01322,0.67302,0.630354,1.1939,1.57019,1.65342,0.0121121,0.613764,0.331024,0.303744,0.723505,1.6801,1.84857,1.12994
2006-08-25,0.761513,1.34636,1.0993,1.05138,1.47976,1.45457,1.46933,0.151169,1.01422,0.673683,0.630974,1.19508,1.57173,1.65505,0.0116438,0.614368,0.33135,0.304043,0.724217,1.68175,1.85039,1.12234
2006-09-01,0.776616,1.35403,1.10038,1.05241,1.48121,1.45599,1.47077,0.157009,1.02471,0.674341,0.631591,1.19624,1.57327,1.65667,0.0123176,0.623914,0.331673,0.30434,0.724924,1.6834,1.8522,1.13626
2006-09-08,0.769462,1.33317,1.10122,1.05322,1.48234,1.4571,1.47189,0.153888,0.991917,0.674858,0.632075,1.19716,1.57448,1.65794,0.0119376,0.593801,0.331927,0.304573,0.72548,1.68469,1.85362,1.1264
2006-09-15,0.797543,1.3729,1.10634,1.05422,1.48376,1.45849,1.4733,0.165053,1.0503,0.680419,0.632677,1.1983,1.57598,1.65952,0.0132462,0.646669,0.336047,0.304863,0.726171,1.68629,1.85538,1.14594
2006-09-22,0.792771,1.36468,1.09972,1.05298,1.48517,1.45988,1.4747,0.162824,1.03611,0.67123,0.630275,1.19944,1.57748,1.6611,0.0129663,0.633006,0.328947,0.303306,0.726863,1.6879,1.85715,1.14169
2006-09-29,0.80828,1.39138,1.12124,1.06745,1.48657,1.46126,1.47609,0.168991,1.07536,0.696654,0.646743,1.20058,1.57897,1.66267,0.0136972,0.668685,0.347488,0.3153,0.727549,1.68949,1.8589,1.16001
2006-10-06,0.823392,1.4174,1.1422,1.0874,1.48798,1.50377,1.4775,0.175017,1.1137,0.721494,0.669804,1.20172,1.66945,1.66425,0.0144136,0.703661,0.365663,0.331792,0.728241,1.8362,1.86067,1.17243
2006-10-13,0.843674,1.45231,1.17033,1.11419,1.48943,1.50522,1.47893,0.183463,1.16745,0.756313,0.702128,1.20288,1.67106,1.66586,0.0154563,0.754562,0.392115,0.355793,0.728946,1.83798,1.86247,1.1865
2006-10-20,0.835124,1.43759,1.15847,1.1029,1.49089,1.5067,1.48038,0.179506,1.14227,0.739999,0.686983,1.20406,1.67271,1.66749,0.0149485,0.729771,0.379232,0.344104,0.729662,1.83979,1.8643,1.18832
2006-10-27,0.839299,1.44478,1.16427,1.10841,1.49321,1.50819,1.48184,0.180986,1.15169,0.746101,0.692648,1.20602,1.67436,1.66914,0.0151159,0.737944,0.383479,0.347957,0.731091,1.8416,1.86614,1.19761
2006-11-03,0.833732,1.43519,1.15654,1.10106,1.48331,1.50967,1.48329,0.178322,1.13473,0.73512,0.682454,1.18827,1.676,1.67078,0.0147712,0.721119,0.374735,0.340024,0.714423,1.84341,1.86797,1.18572
2006-11-10,0.855604,1.47284,1.18688,1.12994,1.52222,1.51115,1.48475,0.187506,1.19317,0.772979,0.7176,1.24946,1.67765,1.67242,0.0159125,0.776838,0.40369,0.366296,0.769624,1.84522,1.86981,1.20048
2006-11-17,0.880857,1.51632,1.22191,1.16329,1.56715,1.51264,1.48621,0.198439,1.26275,0.81805,0.759443,1.32232,1.6793,1.67406,0.0173106,0.845092,0.439159,0.39848,0.837244,1.84703,1.87165,1.21941
2006-11-24,0.887816,1.52829,1.23157,1.17248,1.57953,1.51382,1.48737,0.201374,1.28142,0.83015,0.770676,1.34188,1.68061,1.67537,0.0176887,0.863547,0.448749,0.407182,0.855528,1.84848,1.87311,1.2188
2006-12-01,0.868131,1.49441,1.20426,1.14649,1.54451,1.50985,1.48882,0.19217,1.22286,0.792209,0.735452,1.28055,1.6697,1.677,0.0164655,0.803831,0.417718,0.379025,0.796367,1.83025,1.87493,1.21767
2006-12-08,0.872903,1.50262,1.21088,1.15279,1.553,1.51055,1.49025,0.19397,1.23431,0.799628,0.74234,1.29254,1.66964,1.67861,0.0166802,0.814315,0.423166,0.383968,0.806753,1.83018,1.87673,1.22809
2006-12-15,0.884518,1.52262,1.22699,1.16813,1.57366,1.51199,1.49167,0.198885,1.26558,0.819888,0.761148,1.32529,1.67123,1.68021,0.0173062,0.844873,0.439045,0.398377,0.837027,1.83192,1.87852,1.24297
2006-12-22,0.854656,1.47121,1.18557,1.12869,1.52053,1.51344,1.4931,0.185395,1.17974,0.764278,0.709522,1.2354,1.67283,1.68183,0.0155618,0.759714,0.394791,0.358222,0.752659,1.83368,1.88032,1.22909
2006-12-29,0.859235,1.47909,1.19192,1.13474,1.52868,1.51892,1.49851,0.187187,1.19115,0.771665,0.716381,1.24734,1.68327,1.69232,0.0157809,0.77041,0.40035,0.363266,0.763256,1.85187,1.89898,1.23668
2007-01-05,0.872971,1.50274,1.21098,1.15288,1.55312,1.5198,1.49938,0.193003,1.22816,0.795642,0.73864,1.2861,1.68425,1.69331,0.0165088,0.805947,0.418817,0.380022,0.798463,1.85295,1.90009,1.22725
2007-01-12,0.902037,1.55277,1.2513,1.19126,1.60483,1.5213,1.50085,0.205752,1.30928,0.848196,0.787429,1.37105,1.6859,1.69497,0.0181556,0.886344,0.460596,0.417931,0.878113,1.85477,1.90195,1.25083
2007-01-19,0.879342,1.51371,1.21981,1.16129,1.56445,1.5225,1.50204,0.195243,1.24241,0.804875,0.747211,1.30102,1.68724,1.69631,0.0167653,0.818469,0.425324,0.385926,0.810868,1.85624,1.90346,1.24716
2007-01-26,0.867397,1.49315,1.20324,1.14552,1.5432,1.50612,1.50353,0.189622,1.20664,0.781701,0.725697,1.26356,1.64815,1.69799,0.0160253,0.78234,0.40655,0.368891,0.775076,1.79156,1.90534,1.24114
2007-02-02,0.879143,1.51336,1.21954,1.16103,1.5641,1.50761,1.50502,0.194522,1.23782,0.801902,0.744451,1.29622,1.64979,1.69967,0.0166402,0.812361,0.42215,0.383047,0.804818,1.79333,1.90723,1.26454
2007-02-09,0.873569,1.50377,1.21181,1.15367,1.55418,1.50911,1.50652,0.191768,1.22029,0.790548,0.733911,1.27786,1.65143,1.70136,0.0162744,0.794504,0.412871,0.374627,0.787126,1.79512,1.90913,1.25694
2007-02-16,0.890092,1.53221,1.23473,1.17549,1.58358,1.51061,1.50802,0.198768,1.26484,0.819408,0.760703,1.32451,1.65307,1.70306,0.0171573,0.837605,0.435268,0.39495,0.829827,1.79691,1.91103,1.27257
2007-02-23,0.901042,1.55106,1.24992,1.18995,1.60306,1.51182,1.50922,0.203459,1.29469,0.838744,0.778654,1.35577,1.65439,1.70442,0.0177591,0.866984,0.450535,0.408802,0.858933,1.79834,1.91256,1.26882
2007-03-02,0.845697,1.48476,1.17314,1.11686,1.5046,1.4823,1.47976,0.178617,1.18275,0.736335,0.683582,1.19023,1.58823,1.63626,0.0145516,0.754764,0.369164,0.334969,0.703802,1.6909,1.7983,1.21092
2007-03-09,0.854656,1.48623,1.18557,1.12869,1.52053,1.48912,1.48656,0.182119,1.18392,0.750773,0.696985,1.21357,1.60048,1.64887,0.0149664,0.755506,0.379688,0.344518,0.723864,1.70969,1.81828,1.22935
2007-03-16,0.853202,1.48768,1.18355,1.12677,1.51795,1.49057,1.48801,0.181153,1.18507,0.746791,0.693289,1.20713,1.60204,1.65048,0.0148263,0.756243,0.376133,0.341292,0.717088,1.71136,1.82005,1.2145
2007-03-23,0.8789,1.48338,1.2192,1.16071,1.56367,1.49203,1.48946,0.191888,1.17701,0.791042,0.734369,1.27866,1.6036,1.65209,0.0161439,0.748539,0.409559,0.371621,0.780812,1.71303,1.82182,1.25711
2007-03-30,0.867146,1.46444,1.2029,1.14519,1.54276,1.49348,1.49092,0.186518,1.14554,0.768908,0.713821,1.24288,1.60516,1.6537,0.0154597,0.718553,0.392202,0.355873,0.747722,1.7147,1.8236,1.24492
2007-04-06,0.887665,1.47183,1.23136,1.17228,1.57926,1.49464,1.49208,0.195214,1.15615,0.804755,0.7471,1.30083,1.60641,1.65499,0.0165426,0.728621,0.419675,0.3808,0.800098,1.71603,1.82502,1.26456
2007-04-13,0.889458,1.47481,1.23385,1.17465,1.58245,1.49609,1.49352,0.195716,1.15912,0.806825,0.749021,1.30417,1.60797,1.65659,0.0165939,0.730879,0.420975,0.381981,0.802578,1.71769,1.82679,1.27403
2007-04-20,0.904398,1.49958,1.25457,1.19438,1.60903,1.49753,1.49496,0.202067,1.19674,0.833006,0.773327,1.34649,1.60952,1.65819,0.0173971,0.766257,0.441352,0.40047,0.841426,1.71935,1.82855,1.30296
2007-04-27,0.927706,1.53823,1.2869,1.22516,1.6505,1.49896,1.49639,0.212306,1.25738,0.875217,0.812513,1.41472,1.61106,1.65977,0.0187219,0.824608,0.474962,0.430966,0.905501,1.72099,1.8303,1.31094
2007-05-04,0.928901,1.54021,1.28856,1.22674,1.65262,1.50038,1.4978,0.212527,1.25868,0.876125,0.813357,1.41619,1.61258,1.66134,0.0187344,0.825159,0.475279,0.431254,0.906106,1.72261,1.83202,1.32312
2007-05-11,0.931889,1.54516,1.29271,1.23069,1.65794,1.50179,1.49921,0.213558,1.26479,0.880375,0.817302,1.42306,1.61409,1.6629,0.0188527,0.830367,0.478279,0.433976,0.911826,1.72423,1.83374,1.3226
2007-05-18,0.930494,1.54285,1.29077,1.22885,1.65546,1.50318,1.5006,0.212598,1.25911,0.876421,0.813631,1.41667,1.61559,1.66444,0.0187098,0.824074,0.474654,0.430687,0.904915,1.72583,1.83544,1.33803
2007-05-25,0.925315,1.53426,1.28359,1.22201,1.64624,1.50459,1.50201,0.209913,1.24321,0.865352,0.803355,1.39878,1.61711,1.66601,0.0183398,0.807779,0.465268,0.422171,0.887021,1.72746,1.83717,1.32987
2007-06-01,0.945036,1.56696,1.31094,1.24805,1.68133,1.5276,1.50312,0.218714,1.29533,0.901634,0.837038,1.45743,1.66534,1.66724,0.0194948,0.858648,0.494568,0.448757,0.942881,1.80617,1.83853,1.35082
2007-06-08,0.934478,1.54946,1.2963,1.23411,1.66255,1.52901,1.50451,0.213483,1.26435,0.88007,0.817019,1.42257,1.66688,1.66878,0.0187767,0.827023,0.476352,0.432228,0.908153,1.80783,1.84023,1.32417
2007-06-15,0.952155,1.57876,1.32082,1.25745,1.694,1.54241,1.51769,0.221312,1.31072,0.912344,0.846981,1.47474,1.69396,1.69589,0.0198029,0.872219,0.502385,0.455849,0.957783,1.85261,1.88581,1.34775
2007-06-22,0.942785,1.56323,1.30782,1.24508,1.67733,1.5438,1.51906,0.216663,1.28318,0.893177,0.829187,1.44375,1.69548,1.69742,0.0191666,0.844195,0.486244,0.441203,0.92701,1.85428,1.88751,1.32557
2007-06-29,0.948965,1.57347,1.31639,1.25324,1.68832,1.54522,1.52046,0.219185,1.29812,0.903575,0.83884,1.46056,1.69705,1.69899,0.019486,0.858265,0.494347,0.448556,0.94246,1.85599,1.88925,1.32451
2007-07-06,0.974085,1.61513,1.35124,1.28641,1.73301,1.54639,1.52161,0.230675,1.36617,0.950942,0.882814,1.53713,1.69834,1.70028,0.0210256,0.926075,0.533405,0.483996,1.01692,1.8574,1.89069,1.34696
2007-07-13,0.994818,1.6495,1.38,1.3138,1.7699,1.54787,1.52306,0.240209,1.42263,0.990245,0.919301,1.60066,1.69996,1.7019,0.0223201,0.98309,0.566245,0.513794,1.07953,1.85918,1.89249,1.36343
2007-07-20,0.997809,1.65446,1.38415,1.31775,1.77522,1.54935,1.52452,0.241332,1.42929,0.994875,0.923599,1.60814,1.70158,1.70352,0.0224638,0.989421,0.569892,0.517103,1.08648,1.86095,1.8943,1.35154
2007-07-27,0.95674,1.58637,1.32718,1.26351,1.70215,1.50524,1.52598,0.221434,1.31144,0.912846,0.847447,1.47555,1.60352,1.70515,0.0197125,0.86824,0.500093,0.45377,0.953414,1.70115,1.89611,1.27767
2007-08-03,0.945377,1.56753,1.31142,1.2485,1.68194,1.48736,1.48998,0.215698,1.27747,0.8892,0.825495,1.43733,1.56198,1.6221,0.0189111,0.832943,0.479763,0.435322,0.914654,1.63199,1.75671,1.26613
2007-08-10,0.942585,1.5629,1.30754,1.24481,1.67697,1.488,1.49062,0.213963,1.26719,0.882047,0.818855,1.42576,1.56187,1.62198,0.0186487,0.821383,0.473104,0.429281,0.90196,1.63187,1.75659,1.27415
2007-08-17,0.923247,1.51696,1.25649,1.21928,1.64257,1.51643,1.49183,0.204807,1.19175,0.812978,0.783815,1.36476,1.62018,1.6233,0.0174273,0.748379,0.418156,0.401166,0.842887,1.72343,1.75802,1.27415
2007-08-24,0.960927,1.53842,1.30109,1.26904,1.7096,1.5396,1.51387,0.221536,1.22455,0.870504,0.847836,1.47623,1.6685,1.67006,0.019585,0.779399,0.463073,0.450835,0.947247,1.80106,1.83539,1.30602
2007-08-31,0.974284,1.55042,1.31918,1.28668,1.73337,1.54083,1.51509,0.227135,1.24056,0.892504,0.869263,1.51353,1.66984,1.6714,0.0202776,0.79341,0.479447,0.466776,0.980742,1.80251,1.83687,1.2995
2007-09-07,0.961525,1.53012,1.3019,1.26983,1.71067,1.54185,1.51608,0.220866,1.20632,0.867872,0.845273,1.47176,1.67094,1.6725,0.0194168,0.759729,0.459094,0.446962,0.939109,1.8037,1.83808,1.28612
2007-09-14,0.981262,1.56153,1.32863,1.29589,1.74578,1.54305,1.51726,0.229727,1.25471,0.902689,0.879183,1.53081,1.67224,1.6738,0.0205824,0.805339,0.486656,0.473795,0.995488,1.8051,1.83951,1.31104
2007-09-21,1.00451,1.59852,1.36011,1.3266,1.78714,1.54421,1.5184,0.240316,1.31255,0.944298,0.919708,1.60137,1.6735,1.67506,0.021991,0.860452,0.519959,0.506218,1.06361,1.80646,1.84089,1.34442
2007-09-28,1.02545,1.63185,1.38846,1.35426,1.82441,1.54533,1.51951,0.250147,1.36625,0.98293,0.957334,1.66688,1.67471,1.67627,0.0233411,0.913279,0.551882,0.537298,1.12891,1.80777,1.84223,1.34981
2007-10-05,1.05358,1.67661,1.42654,1.3914,1.87444,1.54651,1.52066,0.263631,1.43989,1.03591,1.00894,1.75673,1.67599,1.67755,0.0252239,0.986948,0.5964,0.580638,1.21998,1.80914,1.84363,1.37874
2007-10-12,1.06774,1.69914,1.44572,1.4101,1.89964,1.54772,1.52186,0.270318,1.47641,1.06219,1.03453,1.80129,1.6773,1.67887,0.0261576,1.02348,0.618477,0.602132,1.26514,1.81057,1.84508,1.38299
2007-10-19,1.046,1.66455,1.41628,1.38139,1.86096,1.54892,1.52304,0.258906,1.41408,1.01735,0.990854,1.72525,1.67861,1.68017,0.0244757,0.957674,0.578709,0.563416,1.18379,1.81197,1.84651,1.32407
2007-10-26,1.07572,1.71184,1.45652,1.42064,1.91383,1.5501,1.52419,0.273252,1.49244,1.07372,1.04576,1.82085,1.67988,1.68144,0.0264876,1.03639,0.626278,0.609727,1.28109,1.81334,1.84791,1.35901
2007-11-02,1.08549,1.7274,1.46976,1.43355,1.93122,1.55125,1.52533,0.277777,1.51715,1.0915,1.06307,1.85099,1.68113,1.68269,0.0271131,1.06087,0.641068,0.624126,1.31135,1.81469,1.84929,1.3376
2007-11-09,0.997331,1.5871,1.35038,1.31711,1.77437,1.5523,1.52636,0.23356,1.27565,0.91775,0.893852,1.55635,1.68226,1.68383,0.0208005,0.813871,0.491812,0.478814,1.00603,1.81592,1.85053,1.28399
2007-11-16,1.00292,1.61529,1.37437,1.32449,1.78431,1.56019,1.57435,0.235365,1.31709,0.947564,0.900763,1.56838,1.69348,1.78658,0.0209582,0.85151,0.514556,0.482444,1.01366,1.82771,2.01754,1.28975
2007-11-23,0.994139,1.61997,1.36234,1.3129,1.76869,1.54199,1.55599,0.231,1.32398,0.929989,0.884056,1.53929,1.65306,1.74393,0.0203608,0.859261,0.499889,0.468693,0.984768,1.76273,1.94582,1.27506
2007-11-30,1.02346,1.6077,1.35991,1.35162,1.82086,1.54291,1.55692,0.244212,1.30306,0.925202,0.934619,1.62733,1.65404,1.74497,0.0220736,0.839077,0.495828,0.508121,1.06761,1.76378,1.94698,1.31513
2007-12-07,1.04381,1.63966,1.38695,1.37849,1.85706,1.54383,1.55784,0.253644,1.35339,0.960937,0.970718,1.69018,1.65502,1.74601,0.0233384,0.887155,0.524238,0.537235,1.12878,1.76482,1.94813,1.33504
2007-12-14,1.01668,1.59705,1.3509,1.34267,1.80879,1.5447,1.55872,0.240233,1.28183,0.910127,0.91939,1.60081,1.65596,1.74699,0.0214803,0.816524,0.482501,0.494463,1.03891,1.76582,1.94923,1.30195
2007-12-21,1.03531,1.56295,1.37566,1.36727,1.84194,1.60663,1.62121,0.248554,1.22606,0.941654,0.951238,1.65627,1.7887,1.88703,0.022553,0.763239,0.506595,0.519155,1.09079,1.9806,2.18632,1.3174
2007-12-28,1.03471,1.56128,1.37486,1.36648,1.84087,1.60663,1.62121,0.248029,1.22226,0.939665,0.949229,1.65277,1.7878,1.88609,0.022469,0.759652,0.504708,0.517221,1.08673,1.97961,2.18523,1.31002
2008-01-04,0.966422,1.52455,1.28412,1.27629,1.71938,1.53594,1.54988,0.215664,1.16416,0.817046,0.825362,1.4371,1.62949,1.71907,0.0181405,0.705875,0.407481,0.417583,0.877382,1.71718,1.89554,1.25675
2008-01-11,0.939466,1.52549,1.27801,1.27022,1.67142,1.4931,1.50665,0.203294,1.16487,0.808721,0.816952,1.35467,1.53603,1.62047,0.0165582,0.706311,0.401334,0.411284,0.80085,1.56739,1.73019,1.24643
2008-01-18,0.905522,1.5264,1.27877,1.27097,1.61103,1.49324,1.50679,0.188433,1.16557,0.809202,0.817438,1.25564,1.53541,1.61982,0.0147401,0.706731,0.401573,0.411529,0.712917,1.56676,1.72949,1.17448
2008-01-25,0.878366,1.52693,1.27922,1.27142,1.56272,1.49376,1.50732,0.17692,1.16598,0.809486,0.817725,1.17893,1.53595,1.62039,0.0133762,0.706979,0.401714,0.411673,0.646952,1.56731,1.7301,1.1832
2008-02-01,0.910314,1.52757,1.27975,1.27195,1.61956,1.49438,1.50795,0.189807,1.16646,0.809823,0.818065,1.2648,1.53659,1.62106,0.0148519,0.707274,0.401881,0.411845,0.718326,1.56796,1.73082,1.24136
2008-02-08,0.870578,1.52821,1.28029,1.27249,1.55096,1.49501,1.50858,0.173189,1.16695,0.810164,0.81841,1.15806,1.53723,1.62174,0.0129097,0.707572,0.40205,0.412018,0.628486,1.56862,1.73155,1.18346
2008-02-15,0.874971,1.52888,1.28085,1.27304,1.55164,1.49567,1.50924,0.174647,1.16746,0.810518,0.818767,1.15857,1.53791,1.62245,0.0130522,0.70788,0.402226,0.412198,0.628761,1.5693,1.7323,1.20187
2008-02-22,0.872176,1.5294,1.28129,1.27348,1.55217,1.49618,1.50976,0.173411,1.16786,0.810795,0.819047,1.15896,1.53843,1.62301,0.0129095,0.708123,0.402364,0.412339,0.628976,1.56984,1.7329,1.20614
2008-02-29,0.8576,1.52999,1.28179,1.27397,1.55277,1.49676,1.51034,0.167412,1.16832,0.811109,0.819365,1.15941,1.53903,1.62364,0.0122279,0.708397,0.402519,0.412499,0.62922,1.57045,1.73357,1.19013
2008-03-07,0.840028,1.53045,1.28217,1.27435,1.55323,1.4972,1.51079,0.160429,1.16866,0.81135,0.819608,1.15976,1.53948,1.62412,0.0114589,0.708607,0.402639,0.412621,0.629406,1.57091,1.73408,1.15358
2008-03-14,0.843622,1.53085,1.2825,1.27468,1.55364,1.49759,1.51119,0.161369,1.16897,0.811562,0.819822,1.16006,1.53989,1.62454,0.0115224,0.708793,0.402744,0.412729,0.629571,1.57133,1.73453,1.15269
2008-03-21,0.861068,1.53103,1.28266,1.27484,1.55383,1.49778,1.51137,0.167515,1.16911,0.81166,0.819921,1.1602,1.54007,1.62474,0.0121294,0.708878,0.402793,0.412779,0.629647,1.57152,1.73474,1.18047
2008-03-28,0.869061,1.53141,1.28297,1.27515,1.5542,1.49814,1.51174,0.17026,1.16939,0.811858,0.820121,1.16048,1.54045,1.62513,0.0123968,0.709051,0.402891,0.41288,0.6298,1.5719,1.73517,1.17538
2008-04-04,0.91642,1.53181,1.28331,1.27548,1.55462,1.49854,1.51214,0.188888,1.1697,0.812073,0.820338,1.16079,1.54086,1.62556,0.0144486,0.709239,0.402998,0.412989,0.629967,1.57232,1.73563,1.22346
2008-04-11,0.884847,1.5322,1.28363,1.27581,1.55501,1.49892,1.51252,0.175789,1.17,0.812279,0.820546,1.16108,1.54125,1.62598,0.0129468,0.709418,0.4031,0.413094,0.630127,1.57271,1.73607,1.19209
2008-04-18,0.933406,1.53255,1.28393,1.2761,1.55537,1.49926,1.51287,0.195178,1.17027,0.812466,0.820735,1.16135,1.5416,1.62635,0.0151085,0.709582,0.403193,0.413189,0.630272,1.57308,1.73647,1.23768
2008-04-25,0.942199,1.53543,1.28425,1.27642,1.55575,1.49963,1.51325,0.198671,1.17359,0.812667,0.820938,1.16164,1.54198,1.62675,0.0155034,0.712431,0.403292,0.413291,0.630428,1.57347,1.7369,1.24769
2008-05-02,0.974571,1.58819,1.2846,1.27677,1.55618,1.50005,1.51366,0.212213,1.25358,0.812891,0.821165,1.16196,1.54241,1.6272,0.0170873,0.785215,0.403404,0.413405,0.630602,1.5739,1.73737,1.26476
2008-05-09,0.963381,1.56995,1.26922,1.2659,1.55668,1.50053,1.51415,0.207146,1.22365,0.792684,0.806433,1.16233,1.5429,1.62772,0.0164655,0.75664,0.388331,0.402409,0.630803,1.5744,1.73793,1.24143
2008-05-16,0.99935,1.62857,1.3166,1.31252,1.55723,1.50106,1.51468,0.222621,1.31507,0.851904,0.865845,1.16274,1.54345,1.6283,0.0183255,0.842114,0.432199,0.447443,0.631026,1.57496,1.73854,1.27503
2008-05-23,0.963181,1.56963,1.26895,1.26501,1.55779,1.49608,1.50966,0.206529,1.22001,0.790324,0.803256,1.16316,1.53257,1.61682,0.0163562,0.751617,0.385753,0.399359,0.631253,1.55883,1.72074,1.23017
2008-05-30,0.99935,1.62857,1.3166,1.31252,1.55825,1.52813,1.542,0.22212,1.3121,0.849986,0.863895,1.1635,1.59779,1.68563,0.0182293,0.83769,0.429928,0.445092,0.631439,1.65924,1.83157,1.25439
2008-06-06,0.979767,1.59666,1.2908,1.2868,1.55881,1.52868,1.54255,0.21303,1.25841,0.815204,0.828543,1.16392,1.59836,1.68623,0.0170788,0.784821,0.402794,0.417001,0.631665,1.65983,1.83223,1.2181
2008-06-13,0.966578,1.57516,1.27343,1.24401,1.5594,1.52926,1.54314,0.206977,1.22266,0.79204,0.773374,1.16436,1.59897,1.68687,0.0163276,0.750302,0.385078,0.375793,0.631906,1.66046,1.83293,1.21685
2008-06-20,0.948255,1.5453,1.24929,1.24219,1.55998,1.52983,1.54372,0.198827,1.17451,0.760851,0.770383,1.1648,1.59957,1.6875,0.0153415,0.704987,0.361821,0.373716,0.632143,1.66108,1.83362,1.18189
2008-06-27,0.91286,1.48762,1.25207,1.23159,1.49656,1.53036,1.54425,0.183754,1.08547,0.763541,0.756938,1.06956,1.60012,1.68809,0.0135833,0.624192,0.363871,0.364245,0.554839,1.66166,1.83425,1.14551
2008-07-04,0.892463,1.4873,1.2518,1.23194,1.46312,1.5308,1.54469,0.175382,1.08469,0.762993,0.757152,1.02083,1.60057,1.68856,0.0126464,0.623744,0.36361,0.364348,0.516572,1.66213,1.83477,1.13455
2008-07-11,0.891064,1.48781,1.25222,1.23236,1.46083,1.53132,1.54522,0.174422,1.08506,0.763253,0.75741,1.01525,1.60112,1.68914,0.0125086,0.623957,0.363734,0.364472,0.510941,1.66269,1.83539,1.11237
2008-07-18,0.891664,1.48822,1.25257,1.2327,1.4496,1.53174,1.54564,0.174342,1.08536,0.763464,0.757619,0.999311,1.60156,1.68961,0.0124755,0.624129,0.363835,0.364573,0.499101,1.66315,1.8359,1.13159
2008-07-25,0.905262,1.48867,1.25295,1.23308,1.45005,1.53221,1.54612,0.179489,1.08569,0.763698,0.757851,0.999617,1.60205,1.69012,0.0130193,0.62432,0.363946,0.364684,0.499254,1.66366,1.83646,1.1271
2008-08-01,0.897463,1.48916,1.25337,1.23349,1.45052,1.53271,1.54663,0.176128,1.08605,0.763949,0.7581,0.999946,1.60258,1.69068,0.0126353,0.624526,0.364066,0.364804,0.499418,1.66421,1.83707,1.1332
2008-08-08,0.946255,1.52261,1.27152,1.23389,1.451,1.53322,1.54713,0.195301,1.13442,0.785456,0.758349,1.00027,1.6031,1.69123,0.0147103,0.666462,0.379376,0.364924,0.499582,1.66476,1.83767,1.16204
2008-08-15,0.963053,1.53426,1.29409,1.24395,1.45152,1.53377,1.54769,0.202122,1.151,0.812888,0.770207,1.00063,1.60368,1.69184,0.0154806,0.681577,0.399241,0.373574,0.499761,1.66535,1.83833,1.16922
2008-08-22,0.949655,1.51292,1.27609,1.22665,1.45201,1.54634,1.54821,0.196317,1.11795,0.789543,0.748087,1.00097,1.62901,1.69241,0.0148056,0.651861,0.381834,0.357286,0.49993,1.70508,1.83895,1.16455
2008-08-29,0.922259,1.5091,1.23928,1.22355,1.45249,1.51342,1.54873,0.184847,1.11187,0.743411,0.744023,1.0013,1.55906,1.69297,0.013504,0.647423,0.348265,0.354854,0.500096,1.59584,1.83956,1.15683
2008-09-05,0.868867,1.48924,1.21196,1.20745,1.45287,1.51382,1.54913,0.163753,1.08227,0.710549,0.724214,1.00157,1.55947,1.69342,0.011234,0.622137,0.325431,0.340994,0.500227,1.59626,1.84004,1.11758
2008-09-12,0.868467,1.48971,1.21234,1.20783,1.45333,1.51429,1.54962,0.163358,1.08261,0.710774,0.724443,1.00188,1.55996,1.69395,0.011177,0.622333,0.325534,0.341102,0.500385,1.59676,1.84062,1.13258
2008-09-19,0.858447,1.48987,1.21247,1.20796,1.45349,1.51446,1.54979,0.158567,1.08273,0.710849,0.724521,1.00199,1.56013,1.69413,0.0105873,0.622399,0.325569,0.341138,0.500439,1.59693,1.84082,1.12133
2008-09-26,0.822028,1.49008,1.21265,1.20813,1.4537,1.51468,1.55001,0.144913,1.08289,0.710953,0.724626,1.00213,1.56035,1.69438,0.00920688,0.62249,0.325616,0.341188,0.500511,1.59717,1.84109,1.09179
2008-10-03,0.723977,1.49027,1.2128,1.20829,1.45388,1.51487,1.55021,0.11114,1.08302,0.711043,0.724718,1.00226,1.56055,1.6946,0.00607332,0.622569,0.325657,0.341231,0.500575,1.59737,1.84132,0.996841
2008-10-10,0.626726,1.49043,1.21293,1.20841,1.45403,1.51503,1.55037,0.0826802,1.08314,0.711117,0.724793,1.00237,1.56072,1.69477,0.00385343,0.622634,0.325691,0.341267,0.500627,1.59754,1.84151,0.799533
2008-10-17,0.646337,1.49054,1.21302,1.2085,1.45414,1.51514,1.55048,0.0856256,1.08322,0.71117,0.724847,1.00244,1.56083,1.6949,0.0039044,0.62268,0.325715,0.341292,0.500664,1.59765,1.84165,0.842084
2008-10-24,0.590507,1.49083,1.21325,1.20874,1.45442,1.51543,1.55078,0.0710338,1.08343,0.711307,0.724987,1.00263,1.56113,1.69522,0.00292375,0.6228,0.325778,0.341358,0.50076,1.59796,1.842,0.786343
2008-10-31,0.658143,1.491,1.21339,1.20887,1.45459,1.5156,1.55096,0.0871675,1.08355,0.711387,0.725069,1.00275,1.56131,1.69542,0.0039114,0.62287,0.325815,0.341397,0.500817,1.59814,1.84221,0.874788
2008-11-07,0.624125,1.49111,1.21348,1.20896,1.45469,1.51571,1.55107,0.0778608,1.08363,0.71144,0.725123,1.00282,1.56142,1.69554,0.00326875,0.622917,0.325839,0.341422,0.500854,1.59826,1.84235,0.847957
2008-11-14,0.579902,1.49116,1.21352,1.209,1.45474,1.51577,1.55113,0.0665971,1.08367,0.711464,0.725147,1.00286,1.56148,1.6956,0.00255079,0.622938,0.32585,0.341433,0.500871,1.59832,1.84241,0.782549
2008-11-21,0.533678,1.49117,1.21353,1.20902,1.45476,1.51578,1.55114,0.0559461,1.08368,0.711472,0.725155,1.00287,1.56149,1.69562,0.00194011,0.622945,0.325854,0.341437,0.500877,1.59833,1.84243,0.718405
2008-11-28,0.582704,1.49118,1.21354,1.20903,1.45477,1.51579,1.55115,0.0663478,1.08368,0.711477,0.72516,1.00287,1.5615,1.69563,0.00248806,0.622949,0.325856,0.341439,0.50088,1.59834,1.84244,0.813897
2008-12-05,0.579102,1.49119,1.21355,1.20903,1.45477,1.5158,1.55116,0.0648059,1.08369,0.711479,0.725162,1.00288,1.56151,1.69563,0.00236075,0.622951,0.325857,0.341441,0.500882,1.59835,1.84245,0.794384
2008-12-12,0.593909,1.49119,1.21355,1.20903,1.45478,1.5158,1.55116,0.067963,1.08369,0.71148,0.725164,1.00288,1.56151,1.69564,0.0025256,0.622952,0.325858,0.341441,0.500883,1.59835,1.84245,0.803959
2008-12-19,0.598379,1.49119,1.21355,1.20903,1.45478,1.5158,1.55116,0.0687663,1.08369,0.711482,0.725165,1.00288,1.56152,1.69564,0.00255965,0.622953,0.325858,0.341442,0.500884,1.59835,1.84246,0.8032
2008-12-26,0.58375,1.49119,1.21355,1.20903,1.45478,1.5158,1.55117,0.0653951,1.08369,0.711482,0.725165,1.00288,1.56152,1.69564,0.00237188,0.622953,0.325858,0.341442,0.500884,1.59836,1.84246,0.793819
2009-01-02,0.621825,1.49121,1.21356,1.20905,1.4548,1.51582,1.55118,0.0740175,1.08371,0.711491,0.725174,1.00289,1.56154,1.69566,0.00284689,0.622961,0.325862,0.341446,0.50089,1.59837,1.84248,0.846643
2009-01-09,0.602587,1.49124,1.21359,1.20907,1.45482,1.51585,1.55121,0.0693766,1.08373,0.711504,0.725187,1.00291,1.56156,1.69569,0.00257713,0.622972,0.325868,0.341452,0.500899,1.5984,1.84251,0.811397
2009-01-16,0.589561,1.49127,1.21361,1.20909,1.45485,1.51588,1.55124,0.0662753,1.08375,0.711518,0.725201,1.00293,1.56159,1.69573,0.0024,0.622984,0.325875,0.341459,0.500909,1.59844,1.84255,0.774693
2009-01-23,0.579141,1.49129,1.21363,1.20911,1.45488,1.5159,1.55127,0.0636435,1.08376,0.711529,0.725213,1.00295,1.56162,1.69575,0.00224256,0.622994,0.32588,0.341464,0.500917,1.59846,1.84258,0.756933
2009-01-30,0.582347,1.49134,1.21367,1.20915,1.45492,1.51595,1.55132,0.0641847,1.0838,0.711553,0.725237,1.00298,1.56167,1.69581,0.00226369,0.623015,0.325891,0.341476,0.500934,1.59851,1.84264,0.754383
2009-02-06,0.628638,1.49142,1.21374,1.20922,1.455,1.51604,1.55141,0.0746576,1.08386,0.711592,0.725277,1.00304,1.56176,1.6959,0.00283362,0.62305,0.325909,0.341495,0.500961,1.5986,1.84274,0.792179
2009-02-13,0.609801,1.48312,1.21381,1.20929,1.45509,1.51613,1.55149,0.0701088,1.07167,0.711633,0.725319,1.00309,1.56185,1.696,0.00257192,0.613153,0.325928,0.341514,0.50099,1.59869,1.84285,0.753746
2009-02-20,0.57854,1.48319,1.21386,1.20935,1.45516,1.51619,1.55157,0.0629628,1.07172,0.711666,0.725352,1.00314,1.56192,1.69608,0.00218211,0.613181,0.325942,0.34153,0.501013,1.59877,1.84293,0.705111
2009-02-27,0.551687,1.48327,1.21393,1.20941,1.45523,1.51628,1.55165,0.057045,1.07178,0.711704,0.725392,1.00319,1.562,1.69617,0.00187237,0.613214,0.32596,0.341549,0.50104,1.59886,1.84303,0.673326
2009-03-06,0.527038,1.48334,1.21398,1.20947,1.4553,1.51634,1.55172,0.0518976,1.07183,0.711736,0.725424,1.00324,1.56207,1.69625,0.00161776,0.613242,0.325975,0.341564,0.501063,1.59893,1.84312,0.627697
2009-03-13,0.575934,1.4834,1.21403,1.20952,1.45536,1.51641,1.55178,0.0616373,1.07187,0.711766,0.725454,1.00328,1.56214,1.69632,0.00207878,0.613267,0.325988,0.341578,0.501084,1.59899,1.84319,0.692998
2009-03-20,0.585719,1.46013,1.21408,1.20957,1.45542,1.51647,1.55185,0.0636002,1.03814,0.711795,0.725484,1.00332,1.5622,1.69639,0.00217252,0.584613,0.326002,0.341592,0.501104,1.59906,1.84327,0.703645
2009-03-27,0.618638,1.56962,1.21412,1.20961,1.45547,1.51652,1.5519,0.0705925,1.19412,0.711819,0.725509,1.00336,1.56226,1.69644,0.00252341,0.717464,0.326013,0.341604,0.501121,1.59911,1.84333,0.748592
2009-04-03,0.649349,1.64754,1.21417,1.20965,1.45552,1.51658,1.55196,0.0775772,1.31227,0.711845,0.725535,1.00339,1.56231,1.69651,0.00289754,0.823837,0.326025,0.341616,0.501139,1.59917,1.8434,0.7729
2009-04-10,0.661192,1.67759,1.20093,1.20969,1.45556,1.51662,1.552,0.080258,1.35762,0.695581,0.725556,1.00342,1.56236,1.69656,0.00304039,0.864454,0.314745,0.341626,0.501154,1.59922,1.84345,0.787117
2009-04-17,0.668619,1.69643,1.21381,1.20972,1.45561,1.51666,1.55205,0.0819793,1.38674,0.709787,0.725577,1.00345,1.5624,1.69661,0.00313512,0.891387,0.324225,0.341636,0.501169,1.59926,1.8435,0.798767
2009-04-24,0.676246,1.71579,1.22766,1.20975,1.45564,1.5167,1.55208,0.0836928,1.41572,0.724622,0.725594,1.00347,1.56244,1.69664,0.00322565,0.917126,0.333587,0.341644,0.50118,1.5993,1.84355,0.794915
2009-05-01,0.689896,1.75042,1.25244,1.20978,1.45567,1.51673,1.55212,0.0870484,1.47248,0.753676,0.725611,1.0035,1.56248,1.69668,0.00341994,0.972368,0.35368,0.341652,0.501192,1.59934,1.84359,0.806197
2009-05-08,0.687086,1.74329,1.24733,1.20426,1.45572,1.51679,1.55217,0.0862306,1.45865,0.746595,0.718102,1.00353,1.56253,1.69674,0.00336709,0.957341,0.348214,0.336054,0.501209,1.59939,1.84365,0.852886
2009-05-15,0.669823,1.69949,1.216,1.17413,1.45577,1.51684,1.55222,0.0818397,1.38438,0.708579,0.681719,1.00356,1.56258,1.6968,0.00310826,0.88375,0.321447,0.310499,0.501225,1.59944,1.84371,0.813718
2009-05-22,0.673236,1.70815,1.22219,1.14421,1.45582,1.51689,1.55227,0.0825632,1.39661,0.714843,0.647046,1.0036,1.56263,1.69685,0.0031448,0.894139,0.325226,0.287096,0.501242,1.5995,1.84378,0.816562
2009-05-29,0.710169,1.80185,1.28924,1.20698,1.45585,1.51692,1.55231,0.0916992,1.55116,0.793943,0.718645,1.00362,1.56267,1.69689,0.00367248,1.04417,0.379797,0.335269,0.501254,1.59954,1.84382,0.848759
2009-06-05,0.738271,1.87316,1.34026,1.25475,1.46871,1.51696,1.55235,0.0989795,1.67431,0.856977,0.7757,1.02109,1.56271,1.69694,0.00411312,1.16945,0.425367,0.375496,0.514557,1.59958,1.84387,0.867288
2009-06-12,0.735661,1.86653,1.33552,1.25031,1.46352,1.51701,1.5524,0.0982393,1.66179,0.850568,0.769899,1.01345,1.56276,1.697,0.00406657,1.15622,0.420552,0.371246,0.508733,1.59963,1.84393,0.872149
2009-06-19,0.726718,1.84384,1.31928,1.23511,1.44573,1.5442,1.58022,0.0957638,1.61991,0.829135,0.750499,0.987912,1.61862,1.75765,0.00390953,1.11157,0.404312,0.35691,0.489088,1.68651,1.94407,0.849033
2009-06-26,0.730939,1.85455,1.32695,1.24228,1.45413,1.49737,1.5323,0.0966928,1.63562,0.837178,0.757779,0.997496,1.52035,1.65094,0.00395697,1.12506,0.409218,0.361241,0.495022,1.53375,1.76798,0.847188
2009-07-03,0.715464,1.81529,1.29885,1.21598,1.42334,1.49741,1.53234,0.0925702,1.56589,0.801484,0.725471,0.954967,1.52039,1.65099,0.00370376,1.05306,0.383032,0.338125,0.463345,1.53379,1.76803,0.828462
2009-07-10,0.701798,1.78061,1.27404,1.19276,1.39615,1.47594,1.5489,0.088974,1.50506,0.770348,0.697288,0.917869,1.47564,1.68644,0.00348621,0.99121,0.360534,0.318264,0.43613,1.46575,1.82608,0.811397
2009-07-17,0.754855,1.91523,1.37036,1.28293,1.50171,1.50355,1.57787,0.10274,1.73792,0.889535,0.80517,1.05988,1.53068,1.74934,0.00431599,1.22714,0.446347,0.394017,0.539936,1.54847,1.92915,0.868313
2009-07-24,0.784799,1.99121,1.42472,1.33382,1.56128,1.5036,1.57793,0.110936,1.87657,0.960501,0.869407,1.14444,1.53074,1.7494,0.00483759,1.37544,0.500289,0.441635,0.605189,1.54853,1.92921,0.904565
2009-07-31,0.792839,2.01161,1.43932,1.34749,1.57727,1.50365,1.57798,0.113163,1.91422,0.979776,0.886853,1.1674,1.53079,1.74946,0.00498264,1.41668,0.51529,0.454877,0.623335,1.54858,1.92928,0.911484
2009-08-07,0.80148,2.03353,1.45501,1.36217,1.59446,1.5037,1.57804,0.115546,1.95455,1.00042,0.905535,1.19199,1.53084,1.74952,0.00513713,1.4606,0.531267,0.46898,0.642662,1.54863,1.92935,0.933531
2009-08-14,0.796456,2.02078,1.44589,1.35364,1.58447,1.50375,1.57809,0.114006,1.92849,0.987076,0.893461,1.1761,1.5309,1.74958,0.00503092,1.43041,0.520283,0.459284,0.629375,1.54869,1.92941,0.929748
2009-08-21,0.80972,2.05444,1.46997,1.37618,1.61086,1.55155,1.57814,0.117627,1.98974,1.01843,0.92184,1.21346,1.62886,1.74964,0.00526101,1.49583,0.544078,0.48029,0.65816,1.69968,1.92948,0.949858
2009-08-28,0.812735,2.06209,1.47544,1.3813,1.61685,1.55082,1.57819,0.118465,2.00391,1.02568,0.928405,1.2221,1.62728,1.74969,0.00531732,1.51184,0.549901,0.48543,0.665204,1.69803,1.92953,0.95364
2009-09-04,0.811127,2.05801,1.47252,1.37857,1.61365,1.59391,1.62204,0.117847,1.99346,1.02033,0.923561,1.21572,1.71791,1.84713,0.00526837,1.49792,0.544839,0.480961,0.65908,1.84146,2.09252,0.941464
2009-09-11,0.83444,2.11716,1.51484,1.41819,1.66003,1.60814,1.63652,0.124656,2.10864,1.07929,0.976928,1.28597,1.74843,1.87995,0.00572958,1.62905,0.592536,0.523066,0.716778,1.89145,2.14932,0.966462
2009-09-18,0.853755,2.16616,1.54991,1.45102,1.69846,1.60817,1.63655,0.130423,2.2062,1.12922,1.02213,1.34547,1.74846,1.87998,0.00612987,1.74286,0.633932,0.559609,0.766854,1.89149,2.14936,0.98914
2009-09-25,0.838868,2.12839,1.52288,1.42572,1.66884,1.6082,1.63658,0.125851,2.12886,1.08964,0.986295,1.2983,1.7485,1.88002,0.00580886,1.65159,0.600735,0.530304,0.726696,1.89153,2.1494,0.9681
2009-10-02,0.822373,2.08654,1.49293,1.39768,1.63603,1.62666,1.62764,0.120763,2.04279,1.04558,0.946418,1.24581,1.78812,1.85934,0.00544992,1.54954,0.563614,0.497536,0.681792,1.95729,2.11609,0.949933
2009-10-09,0.854559,2.1682,1.55137,1.45239,1.70006,1.67196,1.62766,0.130307,2.20423,1.12821,1.02121,1.34427,1.88805,1.85937,0.00610501,1.73579,0.631362,0.55734,0.763745,2.12464,2.11612,0.994145
2009-10-16,0.860595,2.18352,1.56232,1.46264,1.71206,1.67198,1.62768,0.132084,2.23429,1.1436,1.03514,1.36259,1.88807,1.85939,0.00622838,1.77087,0.644121,0.568603,0.779179,2.12466,2.11615,1.00925
2009-10-23,0.867635,2.20138,1.5751,1.47461,1.72607,1.672,1.6277,0.134196,2.27001,1.16188,1.05169,1.38438,1.88809,1.85941,0.00637731,1.81322,0.659523,0.582199,0.797811,2.12469,2.11617,1.00174
2009-10-30,0.823982,2.09062,1.49586,1.40042,1.63923,1.65382,1.61001,0.120776,2.04301,1.04569,0.946517,1.24594,1.84515,1.81712,0.00543008,1.5439,0.561563,0.495725,0.679311,2.0504,2.04218,0.959851
2009-11-06,0.856973,2.17433,1.55575,1.45649,1.70486,1.72004,1.67447,0.130519,2.20781,1.13005,1.02287,1.34645,1.99399,1.96371,0.00609476,1.73288,0.630302,0.556404,0.762462,2.30138,2.29216,0.99294
2009-11-13,0.885338,2.2463,1.60724,1.5047,1.76129,1.7192,1.67366,0.139179,2.35431,1.20503,1.09075,1.43579,1.99202,1.96177,0.00670586,1.90663,0.6935,0.612193,0.838912,2.2991,2.28989,1.01602
2009-11-20,0.873872,2.2172,1.58643,1.48521,1.73848,1.71921,1.67367,0.135501,2.29209,1.17318,1.06192,1.39784,1.99203,1.96178,0.00643793,1.83045,0.665791,0.587733,0.805393,2.29911,2.2899,1.01426
2009-11-27,0.87528,2.22078,1.58898,1.4876,1.74128,1.71166,1.67367,0.135835,2.29775,1.17608,1.06454,1.40129,1.97442,1.96179,0.00645698,1.83587,0.667761,0.589472,0.807777,2.27092,2.28992,1.01555
2009-12-04,0.887551,2.25191,1.61126,1.50846,1.76569,1.71167,1.67369,0.139608,2.36157,1.20875,1.09411,1.44022,1.97443,1.96181,0.00672663,1.91254,0.695648,0.61409,0.841511,2.27094,2.28994,1.0289
2009-12-11,0.887752,2.25242,1.61162,1.5088,1.76609,1.71168,1.6737,0.139603,2.36148,1.2087,1.09406,1.44016,1.97444,1.96182,0.00672451,1.91193,0.695429,0.613896,0.841245,2.27095,2.28995,1.02983
2009-12-18,0.895883,2.27305,1.62638,1.52262,1.78227,1.71169,1.67371,0.142054,2.40295,1.22992,1.11328,1.46545,1.97446,1.96183,0.00689725,1.96105,0.713292,0.629665,0.862855,2.27097,2.28996,1.02699
2009-12-25,0.926512,2.35076,1.68199,1.57467,1.8432,1.71171,1.67372,0.151853,2.5687,1.31476,1.19007,1.56654,1.97447,1.96185,0.00761999,2.16654,0.788036,0.695646,0.953271,2.27099,2.28998,1.04814
2010-01-01,0.921877,2.339,1.67357,1.5668,1.83398,1.71172,1.67374,0.150281,2.54211,1.30115,1.17775,1.55032,1.97449,1.96186,0.00750062,2.1326,0.775692,0.684749,0.938338,2.27101,2.29,1.03845
2010-01-08,0.937997,2.3799,1.70284,1.59419,1.86605,1.71174,1.67375,0.155488,2.63019,1.34623,1.21856,1.60404,1.97451,1.96188,0.00789049,2.24345,0.816011,0.72034,0.98711,2.27103,2.29002,1.06761
2010-01-15,0.923892,2.34412,1.67723,1.57022,1.83799,1.71175,1.67377,0.150731,2.54972,1.30505,1.18128,1.55497,1.97453,1.9619,0.00752618,2.13987,0.778335,0.687082,0.941535,2.27105,2.29004,1.05895
2010-01-22,0.889838,2.25771,1.61541,1.51234,1.77024,1.71177,1.67378,0.139586,2.3612,1.20856,1.09394,1.43999,1.97454,1.96191,0.0066922,1.90275,0.692087,0.610946,0.837203,2.27107,2.29006,1.01767
2010-01-29,0.862232,2.18767,1.5653,1.46543,1.71532,1.68073,1.6738,0.130878,2.21388,1.13315,1.02569,1.35015,1.90179,1.96194,0.00606581,1.72465,0.627307,0.553761,0.75884,2.14638,2.29009,1.00071
2010-02-05,0.86606,2.16366,1.57225,1.47193,1.72294,1.70353,1.67383,0.131846,2.16274,1.14154,1.03327,1.36014,1.95328,1.96197,0.00612224,1.66415,0.633144,0.558913,0.765901,2.23603,2.29013,0.993906
2010-02-12,0.881778,2.16262,1.60078,1.49865,1.75421,1.70356,1.67386,0.13658,2.16062,1.18253,1.07038,1.40898,1.95332,1.96201,0.00645148,1.66251,0.667193,0.588971,0.807089,2.23607,2.29017,1.00677
2010-02-19,0.903339,2.18643,1.63992,1.53529,1.7971,1.70359,1.67389,0.143273,2.2079,1.24048,1.12283,1.47803,1.95334,1.96204,0.00692934,1.71809,0.716612,0.632596,0.86687,2.2361,2.2902,1.03565
2010-02-26,0.901928,2.18301,1.63736,1.53289,1.79429,1.70362,1.67392,0.142741,2.19968,1.23587,1.11865,1.47253,1.95339,1.96208,0.00688793,1.70782,0.712329,0.628815,0.861689,2.23615,2.29025,1.03192
2010-03-05,0.935781,2.26495,1.69882,1.59043,1.86164,1.70367,1.67397,0.153541,2.36612,1.32937,1.20329,1.58395,1.95344,1.96213,0.00767947,1.90408,0.794188,0.701077,0.960713,2.23621,2.29031,1.06463
2010-03-12,0.954319,2.30982,1.73247,1.62194,1.89852,1.70372,1.67401,0.159616,2.45974,1.38197,1.25091,1.64662,1.95349,1.96219,0.00813862,2.01792,0.841672,0.742994,1.01815,2.23627,2.29038,1.07591
2010-03-19,0.95796,2.31863,1.73908,1.62812,1.90576,1.70377,1.67406,0.160769,2.47751,1.39196,1.25994,1.65852,1.95355,1.96225,0.00822597,2.03958,0.850705,0.750967,1.02908,2.23634,2.29045,1.08511
2010-03-26,0.968247,2.34353,1.75776,1.64561,1.92623,1.70381,1.67411,0.164164,2.52983,1.42135,1.28655,1.69354,1.9536,1.9623,0.00848623,2.10411,0.877621,0.774727,1.06164,2.2364,2.29051,1.09082
2010-04-02,0.971475,2.35134,1.76362,1.65109,1.93265,1.70385,1.67415,0.165209,2.54593,1.4304,1.29474,1.70432,1.95365,1.96234,0.0085669,2.12411,0.885963,0.782092,1.07173,2.23645,2.29056,1.10223
2010-04-09,0.989024,2.39382,1.79547,1.68092,1.96756,1.7039,1.6742,0.171154,2.63754,1.48187,1.34133,1.76565,1.95371,1.9624,0.0090318,2.23938,0.934042,0.824534,1.12989,2.23652,2.29063,1.11861
2010-04-16,0.99911,2.41823,1.81378,1.69806,1.98763,1.70395,1.67425,0.174549,2.68987,1.51127,1.36794,1.80067,1.95377,1.96246,0.00929755,2.30527,0.961525,0.848795,1.16314,2.23658,2.2907,1.11683
2010-04-23,1.01908,2.46657,1.85004,1.732,2.02736,1.704,1.6743,0.18152,2.7973,1.57163,1.42257,1.87259,1.95382,1.96252,0.00985884,2.44444,1.01957,0.900036,1.23335,2.23665,2.29077,1.13975
2010-04-30,0.99326,2.40407,1.80316,1.68812,1.97599,1.69871,1.67435,0.172181,2.65337,1.49077,1.34938,1.77624,1.9401,1.96258,0.00909183,2.25427,0.940249,0.830013,1.1374,2.21191,2.29084,1.11168
2010-05-07,0.916002,2.21708,1.66291,1.55681,1.82229,1.69791,1.67439,0.145947,2.2491,1.26363,1.14379,1.50561,1.93821,1.96263,0.00706202,1.75099,0.730333,0.644707,0.883468,2.20976,2.2909,1.04104
2010-05-14,0.946664,2.29143,1.71857,1.60892,1.88329,1.78257,1.75789,0.155299,2.3937,1.3446,1.21708,1.60209,2.13091,2.15776,0.00771362,1.91502,0.79772,0.704194,0.964985,2.54115,2.63446,1.06565
2010-05-21,0.904505,2.24786,1.64204,1.53727,1.79942,1.80142,1.75794,0.141463,2.30242,1.2248,1.10864,1.45935,2.17579,2.15783,0.00668654,1.80672,0.691502,0.61043,0.836495,2.62267,2.63454,1.02092
2010-05-28,0.919835,2.24793,1.64127,1.57658,1.82992,1.83195,1.75799,0.146032,2.30249,1.22362,1.16413,1.50649,2.24607,2.15789,0.00699811,1.80677,0.690832,0.656442,0.875473,2.74488,2.63462,1.02336
2010-06-04,0.909547,2.24797,1.56805,1.55816,1.80945,1.83108,1.75803,0.142467,2.30254,1.11517,1.13455,1.46971,2.24387,2.15794,0.00672317,1.80681,0.600686,0.630003,0.841077,2.74219,2.63468,0.999496
2010-06-11,0.917818,2.2049,1.53879,1.52631,1.82591,1.83111,1.75807,0.14484,2.21417,1.07348,1.08811,1.49419,2.24391,2.15798,0.00687913,1.70459,0.567303,0.591712,0.860589,2.74224,2.63472,1.02626
2010-06-18,0.949872,2.2127,1.54424,1.57882,1.88967,1.83114,1.75809,0.154977,2.22956,1.08094,1.1631,1.59877,2.24395,2.15801,0.00760626,1.72325,0.573512,0.653601,0.951553,2.74229,2.63477,1.05041
2010-06-25,0.916708,2.16691,1.49032,1.5237,1.8237,1.83062,1.75814,0.144243,2.13749,1.00607,1.08254,1.48803,2.2425,2.15806,0.00682596,1.61808,0.514678,0.586551,0.853937,2.741,2.63483,1.01412
2010-07-02,0.860009,2.16698,1.48962,1.43683,1.7109,1.7174,1.64857,0.126672,2.13756,1.0051,0.960633,1.30676,1.96933,1.89327,0.005601,1.61813,0.51418,0.489125,0.700693,2.24911,2.15981,0.960817
2010-07-09,0.903546,2.16703,1.48966,1.43687,1.79751,1.78647,1.71487,0.139635,2.13761,1.00512,0.960656,1.44049,2.12839,2.04619,0.00647246,1.61817,0.514192,0.489137,0.809714,2.52471,2.42447,1.01497
2010-07-16,0.897876,2.1671,1.4897,1.39772,1.78623,1.78652,1.71492,0.137706,2.13767,1.00515,0.90815,1.42059,2.12845,2.04625,0.00632913,1.61822,0.514207,0.449247,0.791783,2.52479,2.42454,1.00275
2010-07-23,0.932706,2.16716,1.48974,1.44326,1.85552,1.78658,1.71497,0.148393,2.13773,1.00518,0.967519,1.53085,2.12852,2.04631,0.00706929,1.61826,0.514222,0.494265,0.884377,2.52486,2.42461,1.038
2010-07-30,0.927643,2.16722,1.46881,1.43471,1.85465,1.78663,1.71502,0.146712,2.1378,0.976745,0.955616,1.52936,2.12858,2.04637,0.00694769,1.61831,0.492722,0.485289,0.883518,2.52493,2.42468,1.03669
2010-08-06,0.946881,2.18264,1.47652,1.46446,1.8547,1.78668,1.71507,0.152741,2.1678,0.986736,0.994886,1.5294,2.12864,2.04643,0.0073755,1.65474,0.500729,0.515172,0.883543,2.525,2.42475,1.05662
2010-08-13,0.905571,2.10131,1.4215,1.4099,1.85475,1.78673,1.71512,0.139517,2.00679,0.913447,0.920991,1.52945,2.1287,2.04649,0.0064287,1.4724,0.445552,0.458403,0.883569,2.52508,2.42482,1.01826
2010-08-20,0.90962,2.10138,1.42155,1.40994,1.85481,1.78678,1.71517,0.140664,2.00685,0.913474,0.921019,1.52949,2.12876,2.04655,0.0065043,1.47244,0.445565,0.458417,0.883595,2.52515,2.42489,1.01093
2010-08-27,0.892409,2.10144,1.42159,1.40998,1.85486,1.78683,1.71522,0.135234,2.00691,0.9135,0.921046,1.52954,2.12882,2.04661,0.00612365,1.47249,0.445578,0.45843,0.883621,2.52523,2.42496,1.00463
2010-09-03,0.931693,2.10149,1.42163,1.41002,1.85491,1.78688,1.71526,0.147158,2.00696,0.913524,0.921069,1.52958,2.12888,2.04666,0.00693763,1.47252,0.445589,0.458442,0.883643,2.52529,2.42502,1.04251
2010-09-10,0.94364,2.13141,1.42614,1.43708,1.85495,1.78692,1.7153,0.150886,2.06394,0.919256,0.956433,1.52961,2.12892,2.0467,0.0072008,1.53765,0.450005,0.485226,0.883662,2.52534,2.42507,1.04806
2010-09-17,0.974063,2.20012,1.47212,1.48341,1.855,1.78697,1.71535,0.160677,2.19788,0.978911,1.0185,1.52965,2.12898,2.04676,0.00791006,1.6891,0.49433,0.533019,0.883687,2.52541,2.42514,1.06322
2010-09-24,1.00796,2.27669,1.52335,1.53503,1.85506,1.78702,1.7154,0.17188,2.35113,1.04716,1.08951,1.5297,2.12905,2.04682,0.00874289,1.86694,0.546377,0.58914,0.883713,2.52549,2.42522,1.08524
2010-10-01,0.994766,2.24689,1.50341,1.51494,1.82986,1.78707,1.71545,0.167348,2.28913,1.01955,1.06078,1.48785,2.12911,2.04688,0.00839891,1.79349,0.52488,0.56596,0.848081,2.52556,2.42529,1.08326
2010-10-08,1.00979,2.28081,1.52611,1.53782,1.85749,1.76986,1.69892,0.172245,2.35611,1.04938,1.09182,1.53139,2.08793,2.00729,0.00875995,1.87058,0.547442,0.590289,0.884537,2.45481,2.35734,1.1015
2010-10-15,1.0451,2.36058,1.57948,1.5916,1.92245,1.7699,1.69896,0.184346,2.52164,1.12311,1.16853,1.63898,2.08798,2.00734,0.00969169,2.06955,0.605671,0.653074,0.97862,2.45487,2.3574,1.11246
2010-10-22,1.04815,2.36746,1.58409,1.59624,1.92805,1.76995,1.69901,0.185326,2.53504,1.12908,1.17474,1.64769,2.08803,2.00739,0.00976636,2.08549,0.610337,0.658106,0.986159,2.45493,2.35746,1.11861
2010-10-29,1.05911,2.39222,1.60065,1.61293,1.94821,1.76999,1.69905,0.189153,2.5874,1.1524,1.19901,1.68172,2.08808,2.00744,0.0100701,2.15035,0.629318,0.678572,1.01683,2.45499,2.35752,1.11993
2010-11-05,1.08935,2.46053,1.64636,1.65899,2.00384,1.77003,1.69909,0.199993,2.73567,1.21844,1.26771,1.77809,2.08813,2.00749,0.0109438,2.33692,0.68392,0.737448,1.10505,2.45505,2.35757,1.15991
2010-11-12,1.06581,2.40735,1.61077,1.62313,1.96053,1.77007,1.69913,0.19131,2.6169,1.16554,1.21267,1.70089,2.08818,2.00754,0.0102334,2.18522,0.639524,0.689577,1.03332,2.45511,2.35763,1.13609
2010-11-19,1.06499,2.40551,1.60955,1.62189,1.95904,1.77459,1.72695,0.190853,2.61065,1.16275,1.20978,1.69683,2.09716,2.07305,0.0101886,2.17565,0.636723,0.686557,1.02879,2.47023,2.47431,1.13694
2010-11-26,1.07108,2.41927,1.61875,1.63117,1.97024,1.77375,1.72613,0.192845,2.6379,1.17489,1.22241,1.71454,2.09511,2.07102,0.010337,2.20735,0.645999,0.696559,1.04378,2.46782,2.47189,1.12286
2010-12-03,1.09341,2.4697,1.65249,1.66517,2.01131,1.7738,1.72618,0.200767,2.74627,1.22316,1.27263,1.78498,2.09517,2.07108,0.0109697,2.34245,0.685538,0.739193,1.10767,2.46789,2.47196,1.16152
2010-12-10,1.106,2.49812,1.67151,1.68433,2.03446,1.77384,1.72622,0.205339,2.80881,1.25101,1.30161,1.82563,2.09522,2.07114,0.0113459,2.42278,0.709048,0.764543,1.14565,2.46796,2.47202,1.17654
2010-12-17,1.1088,2.50445,1.67575,1.6886,2.03962,1.77389,1.72627,0.206297,2.82191,1.25685,1.30768,1.83415,2.09527,2.07119,0.0114241,2.43949,0.713938,0.769816,1.15355,2.46802,2.47208,1.18102
2010-12-24,1.11327,2.51456,1.68251,1.69542,2.04785,1.77392,1.7263,0.207905,2.8439,1.26664,1.31787,1.84844,2.09532,2.07123,0.0115575,2.46797,0.722272,0.778801,1.16702,2.46807,2.47213,1.19337
2010-12-31,1.10758,2.50169,1.6739,1.68674,2.03737,1.77396,1.72634,0.205713,2.81392,1.25329,1.30398,1.82895,2.09537,2.07128,0.0113751,2.42903,0.710875,0.766512,1.1486,2.46812,2.47219,1.1948
2011-01-07,1.13625,2.56646,1.71724,1.73041,2.09012,1.77401,1.72639,0.216367,2.95965,1.31819,1.37151,1.92367,2.09542,2.07133,0.0122648,2.619,0.766471,0.82646,1.23844,2.46819,2.47226,1.208
2011-01-14,1.15924,2.61837,1.75197,1.76541,2.13239,1.77406,1.72644,0.22511,3.07925,1.37146,1.42693,2.00141,2.09548,2.07139,0.0130137,2.77893,0.813277,0.876929,1.31406,2.46826,2.47233,1.22853
2011-01-21,1.13239,2.55774,1.7114,1.72453,2.08301,1.7741,1.72648,0.214696,2.93679,1.30801,1.36091,1.90881,2.09553,2.07144,0.0121168,2.5874,0.757225,0.81649,1.2235,2.46832,2.47239,1.21969
2011-01-28,1.13341,2.56003,1.71294,1.72608,2.08488,1.77488,1.72653,0.214813,2.9384,1.30873,1.36166,1.90986,2.09719,2.0715,0.0121098,2.58591,0.75679,0.816021,1.22279,2.4737,2.47246,1.21352
2011-02-04,1.16696,2.63583,1.76365,1.77718,2.14661,1.77494,1.72658,0.22756,3.11276,1.38639,1.44246,2.02318,2.09725,2.07156,0.0131962,2.8179,0.824681,0.889226,1.33249,2.47378,2.47253,1.24611
2011-02-11,1.18852,2.68452,1.79623,1.81001,2.18626,1.77498,1.72662,0.235943,3.22743,1.43746,1.49559,2.09771,2.0973,2.07161,0.01393,2.97459,0.870539,0.938673,1.40658,2.47384,2.47259,1.26473
2011-02-18,1.19442,2.69784,1.80515,1.819,2.19711,1.77502,1.72666,0.238204,3.25836,1.45123,1.50993,2.11782,2.09735,2.07166,0.0141301,3.01732,0.883043,0.952156,1.42679,2.47389,2.47264,1.27822
2011-02-25,1.17245,2.64823,1.77195,1.78555,2.15671,1.80834,1.75907,0.229197,3.13515,1.39636,1.45283,2.03774,2.17609,2.14944,0.0133125,2.84272,0.831947,0.897061,1.34423,2.61502,2.6137,1.25732
2011-03-04,1.17896,2.66293,1.78179,1.79546,2.16868,1.81123,1.76189,0.231513,3.16684,1.41047,1.46752,2.05834,2.18287,2.15613,0.0135011,2.883,0.843734,0.90977,1.36327,2.62853,2.62721,1.25865
2011-03-11,1.14886,2.59495,1.7363,1.74962,2.11331,1.81126,1.76192,0.219657,3.00466,1.33824,1.39236,1.95292,2.18291,2.15617,0.0124675,2.66229,0.779142,0.840123,1.25891,2.62858,2.62726,1.24316
2011-03-18,1.10894,2.50918,1.67596,1.68881,2.03987,1.74744,1.75709,0.204403,2.80604,1.24531,1.29567,1.81731,2.02928,2.14419,0.0111762,2.40059,0.698442,0.753107,1.12852,2.35394,2.60668,1.21917
2011-03-25,1.15761,2.57313,1.74952,1.76294,2.12941,1.77706,1.78687,0.222518,2.94936,1.35567,1.4105,1.97836,2.09762,2.2164,0.0126817,2.5869,0.79253,0.854558,1.28054,2.4738,2.73941,1.25295
2011-04-01,1.17024,2.6012,1.7686,1.78217,2.15264,1.77709,1.7869,0.227297,3.0127,1.38478,1.44079,2.02085,2.09765,2.21644,0.01309,2.67019,0.818046,0.882072,1.32177,2.47384,2.73945,1.2706
2011-04-08,1.15985,2.57811,1.75291,1.76635,2.13353,1.7771,1.78691,0.223203,2.95844,1.35984,1.41484,1.98445,2.09767,2.21646,0.0127376,2.5983,0.796021,0.858323,1.28618,2.47387,2.73948,1.26784
2011-04-15,1.15374,2.56453,1.74367,1.75705,2.12229,1.78731,1.782,0.220761,2.92608,1.34497,1.39936,1.96274,2.12143,2.20412,0.0125271,2.55536,0.782866,0.844138,1.26493,2.51829,2.71936,1.26001
2011-04-22,1.18816,2.64104,1.79569,1.80947,2.1856,1.78733,1.78201,0.233925,3.10055,1.42516,1.4828,2.07977,2.12145,2.20414,0.0136517,2.78476,0.853148,0.919921,1.37848,2.51831,2.71938,1.27662
2011-04-29,1.20323,2.67454,1.81847,1.83242,2.21333,1.78734,1.78203,0.239805,3.17849,1.46099,1.52008,2.13206,2.12147,2.20416,0.0141684,2.89017,0.88544,0.95474,1.43066,2.51834,2.7194,1.3019
2011-05-06,1.19081,2.64692,1.79969,1.8135,2.19047,1.79228,1.78203,0.234794,3.11207,1.43046,1.48831,2.0875,2.13306,2.20417,0.0137258,2.79987,0.857776,0.924911,1.38596,2.54026,2.71941,1.28062
2011-05-13,1.18959,2.64421,1.79785,1.81164,2.18823,1.81345,1.80218,0.23417,3.1038,1.42666,1.48435,2.08195,2.1833,2.25384,0.0136651,2.7875,0.853986,0.920824,1.37984,2.63156,2.81437,1.2791
2011-05-20,1.17655,2.61523,1.77815,1.79179,2.16425,1.81917,1.8022,0.228895,3.03388,1.39452,1.45092,2.03505,2.19642,2.25386,0.0131974,2.69209,0.824758,0.889309,1.33261,2.65616,2.81439,1.27499
2011-05-27,1.16963,2.55964,1.76768,1.78124,2.15151,1.84499,1.80221,0.226064,2.90514,1.37728,1.43298,2.00989,2.25864,2.25388,0.0129473,2.52286,0.809123,0.87245,1.30735,2.77234,2.81441,1.27404
2011-06-03,1.14763,2.50667,1.73444,1.74774,2.11105,1.84408,1.80222,0.217375,2.78435,1.32434,1.3779,1.93264,2.25639,2.25389,0.0121901,2.36773,0.761804,0.821428,1.23089,2.76958,2.81443,1.24455
2011-06-10,1.11281,2.50669,1.71635,1.69471,2.04699,1.80516,1.77373,0.204246,2.78437,1.29661,1.29468,1.81591,2.16111,2.18247,0.0110967,2.36774,0.738303,0.747753,1.12049,2.59619,2.68207,1.21764
2011-06-17,1.09795,2.50671,1.71636,1.6765,2.01966,1.7927,1.76149,0.19866,2.78439,1.29662,1.26601,1.76624,2.12986,2.15091,0.010636,2.36776,0.738309,0.722836,1.07397,2.53935,2.62335,1.2184
2011-06-24,1.11,2.50672,1.71637,1.66192,2.04182,1.79271,1.76149,0.202797,2.7844,1.29662,1.24346,1.80302,2.12987,2.15092,0.0109554,2.36777,0.73831,0.703544,1.10622,2.53936,2.62336,1.2161
2011-07-01,1.18205,2.50672,1.74139,1.74218,2.17436,1.79271,1.7615,0.229714,2.78441,1.33435,1.36525,2.04234,2.12988,2.15092,0.0131911,2.36778,0.770906,0.809459,1.33197,2.53937,2.62337,1.28429
2011-07-08,1.20491,2.55393,1.77507,1.77588,2.21641,1.79272,1.7615,0.238577,2.88897,1.38583,1.41792,2.12113,2.12988,2.15093,0.0139577,2.5029,0.815705,0.856498,1.40938,2.53937,2.62337,1.28889
2011-07-15,1.18082,2.50288,1.73958,1.74038,2.17211,1.79272,1.7615,0.2289,2.77179,1.32962,1.36041,2.0351,2.12989,2.15093,0.0131032,2.34969,0.765772,0.804068,1.3231,2.53938,2.62338,1.2629
2011-07-22,1.21654,2.57859,1.79221,1.79302,2.23781,1.79273,1.76151,0.242721,2.93915,1.4099,1.44255,2.15798,2.1299,2.15094,0.0142938,2.56318,0.835351,0.877126,1.44332,2.53939,2.62339,1.29062
2011-07-29,1.18389,2.50937,1.7441,1.74489,2.17774,1.79275,1.76153,0.229627,2.78059,1.33384,1.36473,2.04156,2.12992,2.15097,0.0131385,2.35602,0.767834,0.806233,1.32667,2.53942,2.62342,1.24027
2011-08-05,1.09877,2.45666,1.70746,1.61944,2.02117,1.71417,1.66827,0.197102,2.66242,1.27715,1.17143,1.75239,1.94208,1.92421,0.0103958,2.20591,0.718914,0.637925,1.04971,2.2033,2.21223,1.15156
2011-08-12,1.09346,2.45666,1.70746,1.61863,2.0114,1.70589,1.66021,0.193222,2.66243,1.27716,1.17026,1.71789,1.90384,1.88633,0.00993755,2.20592,0.718916,0.637289,1.00345,2.10619,2.11473,1.13277
2011-08-19,1.0212,2.45667,1.70747,1.61864,1.87849,1.70504,1.65938,0.167919,2.66243,1.27716,1.17027,1.49293,1.90194,1.88445,0.00800868,2.20592,0.718917,0.63729,0.808678,2.10409,2.11262,1.08021
2011-08-26,1.08448,2.45667,1.70747,1.61864,1.88431,1.70505,1.65938,0.188844,2.66244,1.27716,1.17027,1.50208,1.90195,1.88445,0.00951713,2.20592,0.718918,0.637291,0.816527,2.10409,2.11262,1.13133
2011-09-02,1.08754,2.45668,1.70747,1.61864,1.88431,1.70505,1.65939,0.189583,2.66244,1.27716,1.17027,1.50209,1.90195,1.88445,0.00955289,2.20593,0.71892,0.637293,0.816529,2.10409,2.11263,1.13018
2011-09-09,1.0855,2.45668,1.70748,1.61864,1.88431,1.70505,1.65939,0.188611,2.66245,1.27717,1.17027,1.50209,1.90195,1.88446,0.00946357,2.20593,0.718921,0.637294,0.81653,2.1041,2.11263,1.11167
2011-09-16,1.15725,2.45669,1.70748,1.61865,1.88432,1.70506,1.65939,0.21413,2.66245,1.27717,1.17027,1.50209,1.90196,1.88446,0.0114344,2.20594,0.718922,0.637295,0.816531,2.1041,2.11263,1.1714
2011-09-23,1.10735,2.32369,1.61447,1.53102,1.88432,1.70506,1.6594,0.195697,2.37794,1.13994,1.04522,1.50209,1.90196,1.88446,0.0099661,1.85963,0.605458,0.537247,0.816532,2.1041,2.11264,1.09448
2011-09-30,1.0734,2.32369,1.61447,1.53102,1.88432,1.70506,1.6594,0.183588,2.37794,1.13994,1.04522,1.5021,1.90196,1.88446,0.00903773,1.85964,0.605459,0.537248,0.816534,2.10411,2.11264,1.09072
2011-10-07,1.10571,2.3237,1.61447,1.53102,1.88432,1.70506,1.6594,0.194353,2.37795,1.13994,1.04522,1.5021,1.90196,1.88447,0.00981459,1.85964,0.60546,0.537249,0.816535,2.10411,2.11264,1.1154
2011-10-14,1.18976,2.39925,1.66696,1.57298,1.88433,1.70507,1.6594,0.224598,2.53355,1.21453,1.10272,1.5021,1.90197,1.88447,0.0121649,2.04488,0.665771,0.582137,0.816537,2.10411,2.11265,1.18152
2011-10-21,1.17177,2.36296,1.64175,1.54919,1.88433,1.70507,1.65941,0.217582,2.4544,1.17659,1.06827,1.50211,1.90198,1.88448,0.0115829,1.94705,0.633918,0.554285,0.81654,2.10412,2.11265,1.19502
2011-10-28,1.2053,2.43059,1.68874,1.59353,1.88434,1.70508,1.65941,0.229794,2.59216,1.24263,1.12824,1.50211,1.90198,1.88448,0.0125437,2.10855,0.686499,0.600261,0.816541,2.10413,2.11266,1.23965
2011-11-04,1.18199,2.38358,1.65608,1.56271,1.88434,1.70508,1.65942,0.220592,2.48835,1.19287,1.08305,1.50211,1.90198,1.88449,0.011771,1.97866,0.644212,0.563286,0.816542,2.10413,2.11266,1.20957
2011-11-11,1.18301,2.38564,1.65751,1.56406,1.88434,1.70508,1.65942,0.220501,2.48733,1.19238,1.08261,1.50211,1.90198,1.88449,0.0117307,1.97188,0.642004,0.561356,0.816543,2.10413,2.11266,1.22095
2011-11-18,1.13291,2.2846,1.58731,1.49782,1.88434,1.70508,1.65942,0.201942,2.27798,1.09202,0.99149,1.50212,1.90199,1.88449,0.0102647,1.72546,0.561774,0.491204,0.816544,2.10413,2.11267,1.17584
2011-11-25,1.08138,2.23977,1.58652,1.49708,1.88435,1.70509,1.65942,0.183764,2.18849,1.09093,0.9905,1.50212,1.90199,1.88449,0.00889713,1.62466,0.561213,0.490714,0.816545,2.10414,2.11267,1.12147
2011-12-02,1.15786,2.23235,1.58126,1.49211,1.88435,1.70509,1.65943,0.210092,2.17385,1.08363,0.983872,1.50212,1.90199,1.8845,0.0108377,1.60918,0.555865,0.486037,0.816548,2.10414,2.11268,1.2036
2011-12-09,1.16604,2.24812,1.59243,1.50265,1.88143,1.70509,1.65943,0.212868,2.20257,1.09795,0.99687,1.4964,1.902,1.8845,0.0110426,1.6396,0.566374,0.495227,0.811649,2.10414,2.11268,1.21507
2011-12-16,1.12518,2.15715,1.53218,1.46074,1.8155,1.70509,1.65943,0.198045,2.0264,1.01574,0.941558,1.3922,1.902,1.8845,0.00990183,1.44652,0.503848,0.455016,0.727801,2.10415,2.11268,1.17951
2011-12-23,1.1502,2.19323,1.5437,1.47173,1.85587,1.7051,1.65943,0.206627,2.09424,1.03095,0.95566,1.45253,1.902,1.8845,0.010533,1.52023,0.515675,0.465697,0.774191,2.10415,2.11268,1.22607
2011-12-30,1.14608,2.18537,1.5374,1.46371,1.84922,1.7051,1.65943,0.205057,2.07833,1.0221,0.944981,1.44149,1.902,1.88451,0.0104102,1.50251,0.50916,0.458248,0.765167,2.10415,2.11268,1.21744
2012-01-06,1.18672,2.26287,1.59192,1.50702,1.9148,1.7051,1.65944,0.21971,2.22684,1.09514,1.00114,1.5445,1.90201,1.88451,0.0115386,1.66537,0.564349,0.500147,0.848106,2.10415,2.11269,1.23888
2012-01-13,1.19432,2.27735,1.60211,1.51666,1.92705,1.70511,1.65944,0.222446,2.25457,1.10878,1.01361,1.56373,1.90201,1.88451,0.0117536,1.6964,0.574865,0.509466,0.863908,2.10416,2.11269,1.24984
2012-01-20,1.22695,2.33959,1.6459,1.55811,1.97972,1.70511,1.65945,0.234647,2.37823,1.1696,1.0692,1.6495,1.90202,1.88452,0.0127286,1.83713,0.622555,0.551731,0.935577,2.10417,2.1127,1.28001
2012-01-27,1.23989,2.36425,1.66324,1.57453,2.00059,1.70513,1.65946,0.239506,2.42748,1.19382,1.09134,1.68366,1.90204,1.88454,0.0131232,1.89407,0.641851,0.568831,0.964575,2.10419,2.11272,1.27875
2012-02-03,1.27376,2.42884,1.70868,1.61755,2.05524,1.70515,1.65948,0.25263,2.5605,1.25923,1.15114,1.77592,1.90206,1.88456,0.0142115,2.05116,0.695083,0.616007,1.04457,2.10421,2.11275,1.30513
2012-02-10,1.28238,2.44528,1.72025,1.6285,2.06915,1.70517,1.65951,0.25595,2.59415,1.27578,1.16627,1.79926,1.90209,1.88459,0.0144903,2.09138,0.708715,0.628088,1.06506,2.10424,2.11278,1.30339
2012-02-17,1.30209,2.48285,1.74668,1.65352,2.10095,1.70521,1.65954,0.263709,2.67279,1.31445,1.20163,1.8538,1.90212,1.88462,0.0151472,2.1862,0.740845,0.656563,1.11334,2.10428,2.11282,1.32327
2012-02-24,1.31297,2.5036,1.76128,1.66734,2.1185,1.70523,1.65956,0.268047,2.71675,1.33608,1.22139,1.88429,1.90215,1.88465,0.015521,2.24015,0.759126,0.672765,1.14082,2.10431,2.11285,1.32832
2012-03-02,1.33165,2.53922,1.78634,1.69106,2.14864,1.70525,1.65959,0.275594,2.79325,1.3737,1.25578,1.93735,1.90218,1.88468,0.0161772,2.33487,0.791224,0.701211,1.18905,2.10434,2.11288,1.332
2012-03-09,1.33473,2.54509,1.79047,1.69497,2.15361,1.72997,1.65961,0.276677,2.80422,1.37909,1.26072,1.94496,1.95722,1.88471,0.0162636,2.34733,0.795448,0.704954,1.1954,2.19705,2.11291,1.33453
2012-03-16,1.36784,2.60823,1.83488,1.73702,2.20704,1.72913,1.65964,0.290384,2.94314,1.44741,1.32317,2.04131,1.9553,1.88474,0.0174786,2.52269,0.854874,0.75762,1.28471,2.19488,2.11294,1.36697
2012-03-23,1.37647,2.62469,1.84647,1.74798,2.22097,1.72916,1.65966,0.293956,2.97935,1.46522,1.33945,2.06643,1.95533,1.88476,0.0178013,2.56926,0.870656,0.771607,1.30842,2.19492,2.11298,1.36064
2012-03-30,1.38902,2.64861,1.86329,1.76391,2.24121,1.72918,1.65968,0.299149,3.03198,1.49111,1.36311,2.10293,1.95535,1.88479,0.0182668,2.63646,0.893427,0.791787,1.34264,2.19495,2.113,1.37194
2012-04-06,1.39251,2.65528,1.86798,1.76835,2.24685,1.7292,1.6597,0.300484,3.04551,1.49776,1.3692,2.11231,1.95538,1.88481,0.0183805,2.65287,0.898986,0.796714,1.351,2.19497,2.11303,1.36201
2012-04-13,1.36105,2.59529,1.82578,1.7284,2.19609,1.7216,1.65973,0.286767,2.90649,1.42939,1.30669,2.01589,1.93728,1.88484,0.0171184,2.47071,0.837258,0.742008,1.25823,2.16448,2.11306,1.33619
2012-04-20,1.35056,2.57529,1.81171,1.71508,2.17916,1.72076,1.65975,0.282091,2.85909,1.40608,1.28539,1.98302,1.93537,1.88487,0.0166855,2.40822,0.816083,0.723242,1.22641,2.16235,2.11309,1.34408
2012-04-27,1.38264,2.63646,1.85474,1.75582,2.23092,1.77512,1.65978,0.295309,2.99306,1.47196,1.34562,2.07594,2.05791,1.8849,0.0178503,2.57633,0.873052,0.77373,1.31202,2.37089,2.11312,1.36785
2012-05-04,1.33041,2.53686,1.78468,1.68949,2.14665,1.77514,1.65981,0.273109,2.76806,1.36131,1.24446,1.91988,2.05794,1.88493,0.015856,2.2885,0.775512,0.687286,1.16544,2.37093,2.11316,1.33482
2012-05-11,1.31972,2.51648,1.77034,1.67591,2.1294,1.75837,1.64412,0.268647,2.72283,1.33907,1.22413,1.88851,2.01866,1.84895,0.0154689,2.23263,0.756578,0.670507,1.13699,2.30449,2.05394,1.32128
2012-05-18,1.25042,2.41451,1.67738,1.58791,2.01759,1.66604,1.55779,0.240911,2.50447,1.20082,1.09774,1.69353,1.81024,1.65806,0.0131208,1.96869,0.641733,0.568727,0.964398,1.95468,1.74217,1.26409
2012-05-25,1.27633,2.41454,1.71235,1.62081,2.05939,1.70986,1.59876,0.250724,2.50451,1.25012,1.14246,1.76252,1.90507,1.74491,0.0139151,1.96872,0.681577,0.603158,1.02278,2.10907,1.87977,1.28708
2012-06-01,1.2422,2.41457,1.66655,1.57747,2.00431,1.70988,1.59878,0.237198,2.50454,1.18268,1.08083,1.66743,1.90509,1.74493,0.0127852,1.96874,0.626232,0.554181,0.939732,2.1091,1.87979,1.24869
2012-06-08,1.29278,2.41461,1.69375,1.6417,2.08593,1.74747,1.5988,0.256658,2.50458,1.22127,1.1695,1.80423,1.98835,1.74495,0.0143765,1.96877,0.657654,0.62316,1.0567,2.2494,1.87982,1.29682
2012-06-15,1.29823,2.41465,1.70088,1.64862,2.09472,1.7475,1.59883,0.258577,2.50462,1.2304,1.17824,1.81772,1.98838,1.74498,0.0145244,1.9688,0.664419,0.62957,1.06757,2.24944,1.87985,1.31373
2012-06-22,1.30565,2.37815,1.71061,1.65804,2.10669,1.74753,1.59886,0.261213,2.42723,1.24295,1.19025,1.83625,1.98841,1.74501,0.0147262,1.87702,0.673647,0.638314,1.0824,2.24948,1.87988,1.30707
2012-06-29,1.32234,2.377,1.73248,1.67924,2.13363,1.74755,1.59888,0.267448,2.42484,1.27261,1.21866,1.88008,1.98844,1.74504,0.0152228,1.87517,0.696367,0.659843,1.1189,2.24952,1.87991,1.33292
2012-07-06,1.32152,2.34617,1.7314,1.67819,2.1323,1.74757,1.5989,0.266986,2.3618,1.27042,1.21656,1.87684,1.98847,1.74506,0.0151784,1.80298,0.694337,0.657919,1.11564,2.24954,1.87993,1.32695
2012-07-13,1.30626,2.34065,1.71142,1.65883,2.10769,1.75669,1.62245,0.260663,2.35049,1.24033,1.18775,1.83238,2.00835,1.79634,0.0146331,1.79094,0.669391,0.634282,1.07556,2.28346,1.96374,1.3295
2012-07-20,1.32399,2.34069,1.73785,1.68134,2.13629,1.75085,1.61706,0.267566,2.35053,1.27799,1.2192,1.88091,1.99485,1.78426,0.0152072,1.79097,0.700302,0.659166,1.11776,2.26157,1.94492,1.33655
2012-07-27,1.33697,2.30998,1.71346,1.69782,2.15724,1.79144,1.61709,0.272493,2.2887,1.24152,1.24165,1.91555,2.0872,1.7843,0.0156075,1.72209,0.670465,0.676516,1.14718,2.41975,1.94496,1.35819
2012-08-03,1.35202,2.33661,1.73188,1.71693,2.18151,1.79058,1.61712,0.278474,2.34035,1.2675,1.2689,1.95759,2.08515,1.78433,0.016116,1.78069,0.691616,0.698557,1.18455,2.41738,1.94499,1.36475
2012-08-10,1.37799,2.36113,1.76514,1.74991,2.22341,1.79061,1.61715,0.289147,2.38897,1.31608,1.31754,2.03262,2.08519,1.78436,0.0170485,1.83814,0.731635,0.738978,1.2531,2.41742,1.94503,1.37935
2012-08-17,1.40808,2.41269,1.80369,1.78812,2.27197,1.79064,1.61718,0.30177,2.49326,1.37354,1.37506,2.12136,2.08522,1.78439,0.0181732,1.9594,0.779899,0.787727,1.33576,2.41746,1.94507,1.39247
2012-08-24,1.40746,2.41163,1.8029,1.78733,2.27097,1.79068,1.61721,0.30137,2.48996,1.37172,1.37324,2.11855,2.08526,1.78443,0.0181339,1.95516,0.778212,0.786023,1.33287,2.41751,1.9451,1.38591
2012-08-31,1.40478,2.40704,1.79946,1.78393,2.26665,1.79071,1.61724,0.300087,2.47936,1.36588,1.36739,2.10953,2.0853,1.78446,0.0180147,1.94231,0.7731,0.780859,1.32411,2.41755,1.94514,1.38248
2012-09-07,1.43096,2.45189,1.83299,1.81717,2.30888,1.82316,1.61726,0.31115,2.57076,1.41623,1.4178,2.18729,2.16001,1.78449,0.0190074,2.04934,0.8157,0.823887,1.39708,2.54821,1.94517,1.41353
2012-09-14,1.44641,2.47838,1.85279,1.8368,2.33382,1.82228,1.61729,0.317673,2.62465,1.44592,1.44752,2.23315,2.15789,1.78452,0.0195961,2.11281,0.840964,0.849405,1.44035,2.54571,1.9452,1.44203
2012-09-21,1.44992,2.48438,1.85728,1.84125,2.33947,1.82232,1.61732,0.319114,2.63656,1.45248,1.45409,2.24328,2.15793,1.78456,0.0197302,2.12727,0.846718,0.855217,1.4502,2.54576,1.94524,1.43623
2012-09-28,1.41726,2.42843,1.81545,1.79978,2.28678,1.83133,1.62532,0.304637,2.51695,1.38658,1.38812,2.14151,2.1785,1.80156,0.018388,1.98255,0.789117,0.797037,1.35155,2.58258,1.97338,1.41753
2012-10-05,1.42574,2.44295,1.82631,1.81054,2.30046,1.84484,1.63731,0.308168,2.54612,1.40266,1.40421,2.16633,2.21023,1.82781,0.0187067,2.01692,0.802797,0.810854,1.37498,2.64038,2.01754,1.43889
2012-10-12,1.3782,2.36149,1.76541,1.75017,2.22375,1.83732,1.63064,0.28776,2.37751,1.30977,1.31122,2.02287,2.19193,1.81267,0.0168703,1.81892,0.723985,0.731252,1.23999,2.60894,1.99352,1.40689
2012-10-19,1.35753,2.32607,1.73894,1.72393,2.1904,1.87608,1.66504,0.278832,2.30375,1.26913,1.27054,1.96011,2.28452,1.88924,0.0160676,1.73237,0.689538,0.696459,1.18099,2.77639,2.12147,1.41182
2012-10-26,1.35071,2.32642,1.72432,1.71526,2.1794,1.85611,1.66507,0.275914,2.30403,1.24748,1.25724,1.93959,2.23531,1.88928,0.0158131,1.73521,0.672182,0.68543,1.16229,2.6881,2.12151,1.39173
2012-11-02,1.34699,2.32645,1.72434,1.71054,2.17339,1.851,1.66509,0.27425,2.30406,1.2475,1.24966,1.9279,2.22183,1.8893,0.0156625,1.73523,0.672189,0.6789,1.15122,2.66249,2.12153,1.3938
2012-11-09,1.31102,2.32649,1.66477,1.65696,2.11537,1.85011,1.66512,0.259486,2.3041,1.16152,1.17126,1.82411,2.21965,1.88934,0.0143953,1.73526,0.604302,0.615509,1.05808,2.65988,2.12157,1.36032
2012-11-16,1.28767,2.32653,1.6648,1.65699,2.07768,1.85014,1.66515,0.250191,2.30414,1.16154,1.17128,1.75877,2.21968,1.88937,0.0136247,1.73529,0.604312,0.615519,1.00144,2.65992,2.12161,1.3427
2012-11-23,1.34141,2.32656,1.66482,1.65701,2.16439,1.85016,1.66517,0.271236,2.30417,1.16155,1.1713,1.90671,2.21971,1.88939,0.0153628,1.73531,0.60432,0.615527,1.12919,2.65996,2.12164,1.39173
2012-11-30,1.36001,2.3266,1.66123,1.65344,2.1944,1.85019,1.6652,0.278687,2.30421,1.15646,1.16616,1.95909,2.21975,1.88943,0.0159974,1.73534,0.600648,0.611787,1.17584,2.66,2.12167,1.39961
2012-12-07,1.34203,2.32664,1.64829,1.64056,2.16539,1.85023,1.66523,0.271227,2.30425,1.13804,1.14758,1.90665,2.21979,1.88946,0.0153551,1.73537,0.58651,0.597386,1.12862,2.66005,2.12171,1.40217
2012-12-14,1.33707,2.32667,1.62206,1.61135,2.15739,1.85025,1.66525,0.269055,2.30427,1.10171,1.10676,1.89138,2.21981,1.88948,0.015164,1.73539,0.55936,0.565951,1.11458,2.66008,2.12173,1.39912
2012-12-21,1.35511,2.32669,1.61763,1.58587,2.20865,1.85026,1.66526,0.276139,2.30429,1.0951,1.07169,1.98115,2.21983,1.8895,0.0157551,1.7354,0.554655,0.539709,1.19476,2.6601,2.12175,1.41588
2012-12-28,1.3256,2.32671,1.59698,1.56807,2.20866,1.85028,1.66527,0.264131,2.30431,1.06704,1.04755,1.98117,2.21985,1.88951,0.0147351,1.73542,0.533684,0.521775,1.19477,2.66012,2.12177,1.38851
2013-01-04,1.38483,2.3179,1.58265,1.55399,2.20868,1.85029,1.66529,0.287788,2.28671,1.04779,1.02865,1.98118,2.21987,1.88953,0.0167246,1.71641,0.519545,0.507951,1.19478,2.66014,2.12179,1.45138
2013-01-11,1.39793,2.33982,1.59761,1.56868,2.20871,1.85031,1.66531,0.293153,2.32934,1.06732,1.04782,1.98121,2.21989,1.88955,0.0171937,1.76455,0.534116,0.522197,1.19479,2.66017,2.12181,1.45832
2013-01-18,1.39398,2.33321,1.5931,1.56425,2.20874,1.85034,1.66533,0.291385,2.31529,1.06088,1.0415,1.98123,2.21992,1.88958,0.0170368,1.74845,0.529242,0.517432,1.19481,2.66021,2.12184,1.47081
2013-01-25,1.39252,2.33077,1.59144,1.56262,2.18836,1.85036,1.66535,0.290632,2.30931,1.05814,1.03881,1.94414,2.21995,1.8896,0.0169645,1.74104,0.526999,0.515238,1.16161,2.66024,2.12186,1.48985
2013-02-01,1.40624,2.35373,1.60711,1.57801,2.20992,1.85038,1.66537,0.296252,2.35397,1.07861,1.0589,1.98174,2.21998,1.88962,0.0174558,1.79146,0.54226,0.530159,1.19525,2.66027,2.12189,1.49967
2013-02-08,1.4131,2.36521,1.61495,1.58571,2.2207,1.85041,1.66539,0.298868,2.37475,1.08813,1.06825,1.99923,2.22,1.88964,0.0176711,1.81356,0.548949,0.536699,1.21,2.66031,2.12192,1.50522
2013-02-15,1.40811,2.35686,1.60925,1.58011,2.21286,1.85044,1.66542,0.29666,2.3572,1.08009,1.06036,1.98446,2.22004,1.88968,0.0174753,1.79346,0.542865,0.53075,1.19659,2.66035,2.12195,1.5083
2013-02-22,1.39543,2.33564,1.59476,1.56588,2.19293,1.85047,1.66545,0.29112,2.31319,1.05992,1.04056,1.9474,2.22008,1.88971,0.0169753,1.74214,0.527333,0.515565,1.16235,2.6604,2.12199,1.50611
2013-03-01,1.40042,2.34399,1.60046,1.57148,2.20077,1.84751,1.66548,0.293028,2.32835,1.06687,1.04738,1.96017,2.2118,1.88975,0.0171355,1.75858,0.532309,0.52043,1.17332,2.64713,2.12203,1.5083
2013-03-08,1.42931,2.39235,1.63348,1.6039,2.24617,1.84755,1.66551,0.305075,2.42407,1.11073,1.09044,2.04076,2.21183,1.88978,0.0181971,1.86753,0.565287,0.552672,1.24601,2.64717,2.12207,1.54132
2013-03-15,1.4272,2.38882,1.63107,1.60153,2.24286,1.84758,1.66554,0.30407,2.41609,1.10707,1.08685,2.03404,2.21187,1.88981,0.0181067,1.85826,0.56248,0.549928,1.23982,2.64722,2.12211,1.55205
2013-03-22,1.42887,2.39161,1.63297,1.6034,2.24548,1.8476,1.66556,0.304603,2.42032,1.10901,1.08875,2.0376,2.2119,1.88984,0.0181474,1.86243,0.563743,0.551162,1.2426,2.64725,2.12214,1.54976
2013-03-29,1.43679,2.40486,1.64202,1.61229,2.25792,1.84762,1.66558,0.307899,2.44651,1.12101,1.10053,2.05964,2.21193,1.88986,0.0184418,1.89265,0.57289,0.560105,1.26277,2.64728,2.12216,1.56042
2013-04-05,1.41366,2.36615,1.61559,1.58634,2.22158,1.84765,1.6656,0.297899,2.36705,1.0846,1.06479,1.99275,2.21195,1.88988,0.0175444,1.80055,0.545012,0.532849,1.20132,2.64732,2.12218,1.54538
2013-04-12,1.45699,2.43868,1.66511,1.63496,2.28967,1.84767,1.66562,0.316208,2.51253,1.15126,1.13023,2.11523,2.21198,1.88991,0.0191748,1.96788,0.595661,0.582368,1.31296,2.64735,2.12221,1.58164
2013-04-19,1.41845,2.37417,1.62107,1.59172,2.22911,1.84769,1.66564,0.299205,2.37743,1.08936,1.06946,2.00149,2.212,1.88993,0.0176136,1.80765,0.547162,0.534951,1.20606,2.64737,2.12223,1.54857
2013-04-26,1.44929,2.42578,1.65631,1.62631,2.27756,1.8477,1.66565,0.312189,2.4806,1.13663,1.11587,2.08835,2.21202,1.88994,0.0187668,1.926,0.582985,0.569975,1.28502,2.6474,2.12225,1.57606
2013-05-03,1.50241,2.51469,1.71702,1.68592,2.36104,1.84772,1.66567,0.335246,2.6638,1.22057,1.19828,2.24258,2.21204,1.88996,0.0208707,2.14192,0.648343,0.633875,1.42908,2.64742,2.12227,1.60723
2013-05-10,1.52178,2.54712,1.73916,1.70766,2.39149,1.84773,1.66568,0.343821,2.73194,1.25179,1.22893,2.29994,2.21206,1.88997,0.021675,2.22447,0.673328,0.658302,1.48415,2.64744,2.12229,1.62755
2013-05-17,1.54782,2.5907,1.76892,1.73688,2.43241,1.84775,1.66569,0.35554,2.82505,1.29446,1.27081,2.37833,2.21207,1.88999,0.0227893,2.33882,0.707944,0.692145,1.56045,2.64746,2.1223,1.66271
2013-05-24,1.52928,2.55967,1.74773,1.71608,2.40327,1.84776,1.6657,0.34694,2.75672,1.26315,1.24007,2.3208,2.21209,1.89,0.0219655,2.25428,0.682351,0.667124,1.50404,2.64748,2.12232,1.64647
2013-05-31,1.52595,2.55409,1.74392,1.71234,2.39804,1.84777,1.66571,0.345286,2.74358,1.25713,1.23416,2.30974,2.2121,1.89001,0.0218035,2.23765,0.677318,0.662203,1.49295,2.64749,2.12233,1.62795
2013-06-07,1.52886,2.55897,1.74725,1.71561,2.40262,1.87212,1.68767,0.346363,2.75214,1.26105,1.23801,2.31694,2.27027,1.93971,0.021893,2.24683,0.680099,0.664922,1.49908,2.75325,2.20711,1.64139
2013-06-14,1.50574,2.52027,1.72083,1.68966,2.36628,1.87196,1.68752,0.335718,2.66755,1.22229,1.19996,2.24574,2.26973,1.93925,0.0208785,2.14273,0.648586,0.634112,1.42962,2.75366,2.20744,1.62526
2013-06-21,1.47184,2.46353,1.68208,1.65163,2.31301,1.87198,1.68754,0.320385,2.54572,1.16647,1.14516,2.14317,2.26975,1.93926,0.0194384,1.99493,0.603848,0.590373,1.33101,2.75369,2.20746,1.59271
2013-06-28,1.4894,2.46829,1.70215,1.67132,2.3406,1.90874,1.70819,0.327894,2.55453,1.19381,1.172,2.1934,2.35901,1.9866,0.0201189,2.00683,0.624988,0.611041,1.3776,2.92005,2.29076,1.60623
2013-07-05,1.51677,2.51366,1.73343,1.70204,2.38362,1.90875,1.70819,0.339942,2.64839,1.23767,1.21506,2.27399,2.35902,1.9866,0.0212351,2.11817,0.659662,0.644941,1.45403,2.92006,2.29077,1.63226
2013-07-12,1.57362,2.60786,1.7984,1.76583,2.47295,1.90876,1.70821,0.365621,2.84845,1.33116,1.30685,2.44577,2.35903,1.98662,0.0236709,2.36113,0.735329,0.71892,1.62082,2.92008,2.29078,1.67721
2013-07-19,1.55878,2.58327,1.78144,1.74918,2.44963,1.90877,1.70821,0.358607,2.79381,1.30563,1.28178,2.39885,2.35904,1.98663,0.0229895,2.29317,0.714162,0.698225,1.57416,2.92009,2.29079,1.69384
2013-07-26,1.57508,2.61029,1.80007,1.76747,2.47525,1.92209,1.70822,0.365988,2.85131,1.3325,1.30816,2.44823,2.39119,1.98663,0.023699,2.36393,0.736201,0.719772,1.62274,2.98098,2.2908,1.69324
2013-08-02,1.60851,2.6657,1.83828,1.80499,2.52779,1.92114,1.70823,0.381517,2.9723,1.38904,1.36367,2.55211,2.38881,1.98664,0.025218,2.51546,0.78339,0.765907,1.72675,2.97802,2.29081,1.71166
2013-08-09,1.59848,2.64908,1.82682,1.79374,2.51203,1.92115,1.70824,0.376632,2.93423,1.37125,1.3462,2.51942,2.38883,1.98666,0.0247331,2.46709,0.768327,0.751181,1.69355,2.97805,2.29083,1.69524
2013-08-16,1.57738,2.6141,1.80269,1.77005,2.47886,1.92117,1.70826,0.366514,2.85541,1.33442,1.31004,2.45174,2.38886,1.98668,0.0237315,2.36719,0.737214,0.720762,1.62497,2.97807,2.29085,1.66039
2013-08-23,1.60225,2.65531,1.83112,1.79796,2.51794,1.95048,1.70827,0.377986,2.94479,1.37618,1.35104,2.52848,2.46116,1.98669,0.0248491,2.47866,0.771931,0.754704,1.70149,3.11518,2.29087,1.6683
2013-08-30,1.57717,2.61375,1.80246,1.76982,2.47853,1.94952,1.70828,0.36594,2.85094,1.33233,1.30799,2.44791,2.45871,1.9867,0.023652,2.35925,0.734744,0.718347,1.61953,3.11208,2.29088,1.63857
2013-09-06,1.60768,2.66432,1.83733,1.80405,2.52648,1.94952,1.70828,0.380092,2.96119,1.38385,1.35857,2.54257,2.45871,1.98671,0.0250327,2.49697,0.777632,0.760279,1.71406,3.11209,2.29089,1.6625
2013-09-13,1.63129,2.70345,1.86431,1.83055,2.56359,1.94953,1.70829,0.391164,3.04745,1.42416,1.39815,2.61663,2.45872,1.98671,0.0261293,2.60635,0.811698,0.793584,1.78915,3.1121,2.29089,1.69544
2013-09-20,1.65569,2.74387,1.89219,1.85793,2.60192,1.94953,1.70829,0.402749,3.13771,1.46634,1.43956,2.69413,2.45872,1.98671,0.0272914,2.72227,0.847799,0.82888,1.86872,3.1121,2.29089,1.71769
2013-09-27,1.65736,2.74665,1.8941,1.85981,2.60456,1.94953,1.70829,0.403417,3.14291,1.46878,1.44194,2.6986,2.45872,1.98672,0.0273574,2.72886,0.84985,0.830885,1.87324,3.1121,2.2909,1.69948
2013-10-04,1.66428,2.75812,1.90201,1.86757,2.61543,1.94954,1.70829,0.406544,3.16727,1.48016,1.45312,2.71952,2.45873,1.98672,0.027664,2.75944,0.859374,0.840196,1.89424,3.11211,2.2909,1.69928
2013-10-11,1.66072,2.75221,1.89794,1.86357,2.60983,2.00554,1.70831,0.404297,3.14977,1.47198,1.44509,2.70449,2.60049,1.98674,0.0273967,2.73278,0.851071,0.832078,1.87593,3.38442,2.29092,1.71306
2013-10-18,1.72192,2.85364,1.96789,1.93225,2.70601,2.00457,1.70833,0.434312,3.3836,1.58126,1.55237,2.90527,2.59792,1.98676,0.0304833,3.04066,0.946954,0.925822,2.08728,3.38107,2.29095,1.75461
2013-10-25,1.73764,2.87969,1.98585,1.94989,2.73072,2.00458,1.70834,0.442098,3.44426,1.60961,1.5802,2.95735,2.59794,1.98677,0.0313027,3.12239,0.972409,0.950708,2.14339,3.38109,2.29096,1.77031
2013-11-01,1.73576,2.87657,1.9837,1.94778,2.72775,2.00459,1.70835,0.441005,3.43575,1.60563,1.57629,2.95004,2.59795,1.98679,0.0311875,3.11091,0.968832,0.947211,2.1355,3.38111,2.29098,1.77292
2013-11-08,1.7301,2.86719,1.97723,1.94142,2.71886,2.00461,1.70837,0.437764,3.4105,1.59383,1.56471,2.92836,2.59798,1.9868,0.0308199,3.07424,0.957413,0.936047,2.11033,3.38114,2.291,1.78379
2013-11-15,1.75986,2.91652,2.01124,1.97482,2.76563,2.02688,1.72734,0.452748,3.52723,1.64838,1.61827,3.02859,2.65513,2.03051,0.0324093,3.23277,1.00678,0.984317,2.21916,3.49613,2.36891,1.81156
2013-11-22,1.76049,2.91756,2.01196,1.97553,2.76662,2.0269,1.72737,0.452825,3.52784,1.64866,1.61854,3.02911,2.65517,2.03054,0.0324071,3.23256,1.00672,0.984251,2.21901,3.49618,2.36894,1.81921
2013-11-29,1.79696,2.978,2.05364,2.01646,2.82394,2.02692,1.72738,0.471615,3.67422,1.71707,1.6857,3.1548,2.65519,2.03056,0.0344401,3.43535,1.06987,1.046,2.35822,3.49621,2.36896,1.82112
2013-12-06,1.80262,2.98738,2.06011,2.02281,2.83283,2.02694,1.7274,0.474419,3.69606,1.72728,1.69573,3.17356,2.65522,2.03058,0.0347458,3.46584,1.07937,1.05528,2.37915,3.49624,2.36899,1.82052
2013-12-13,1.77852,2.94743,2.03256,1.99576,2.79495,2.02697,1.72742,0.461587,3.59609,1.68056,1.64986,3.08772,2.65525,2.0306,0.033337,3.32532,1.0356,1.01249,2.28269,3.49629,2.36902,1.79204
2013-12-20,1.81886,3.01429,2.07867,2.04103,2.85835,2.03212,1.72744,0.482489,3.75894,1.75666,1.72457,3.22754,2.66835,2.03063,0.0356138,3.55242,1.10633,1.08164,2.43858,3.52558,2.36904,1.83667
2013-12-27,1.84031,3.04984,2.10318,2.0651,2.89206,2.03214,1.72746,0.493756,3.84671,1.79768,1.76484,3.30291,2.66838,2.03064,0.0368627,3.677,1.14513,1.11958,2.5241,3.52562,2.36907,1.85984
2014-01-03,1.8218,3.01917,2.08204,2.04433,2.86298,2.03216,1.72747,0.483682,3.76824,1.76101,1.72884,3.23552,2.6684,2.03066,0.0357329,3.5643,1.11003,1.08526,2.44674,3.52565,2.36909,1.85013
2014-01-10,1.83568,3.04217,2.0979,2.05991,2.88479,2.03457,1.72749,0.490874,3.82426,1.78719,1.75454,3.28363,2.67455,2.03068,0.0365276,3.64357,1.13472,1.1094,2.50115,3.54139,2.36911,1.86277
2014-01-17,1.84788,3.06238,2.11183,2.07359,2.90395,2.03458,1.7275,0.496937,3.8715,1.80927,1.77621,3.32419,2.67457,2.03069,0.0371707,3.70772,1.1547,1.12893,2.54519,3.54141,2.36912,1.85771
2014-01-24,1.82391,3.02266,2.08444,2.04669,2.86628,2.03459,1.72751,0.483782,3.76901,1.76137,1.72919,3.23619,2.67458,2.0307,0.0356795,3.55897,1.10837,1.08364,2.44308,3.54143,2.36913,1.80966
2014-01-31,1.81402,3.00628,2.07314,2.0356,2.85075,2.04234,1.73509,0.47815,3.72513,1.74086,1.70906,3.19852,2.69312,2.04724,0.035031,3.49429,1.08823,1.06394,2.39868,3.57781,2.39779,1.80248
2014-02-07,1.83568,3.04217,2.0979,2.05991,2.88479,2.04134,1.73424,0.488963,3.80937,1.78023,1.74771,3.27085,2.69046,2.04522,0.0361685,3.60775,1.12356,1.09849,2.47657,3.57427,2.39541,1.81765
2014-02-14,1.88846,3.12964,2.15821,2.11913,2.96773,2.04135,1.73425,0.517219,4.02951,1.88311,1.84871,3.45986,2.69048,2.04523,0.0393372,3.92383,1.222,1.19473,2.69354,3.57429,2.39543,1.86156
2014-02-21,1.89098,3.13382,2.1611,2.12196,2.97169,2.04136,1.73426,0.51843,4.03895,1.88752,1.85304,3.46797,2.69049,2.04524,0.0394712,3.93719,1.22616,1.1988,2.70271,3.57431,2.39544,1.86024
2014-02-28,1.90749,3.16117,2.17996,2.14049,2.99763,2.04138,1.73427,0.527327,4.10826,1.91991,1.88484,3.52748,2.69051,2.04526,0.0404889,4.0387,1.25777,1.22971,2.77239,3.57434,2.39546,1.88452
2014-03-07,1.9115,3.16782,2.18455,2.14499,3.00394,2.0414,1.73429,0.52926,4.12332,1.92695,1.89175,3.54041,2.69054,2.04528,0.0406984,4.0596,1.26428,1.23607,2.78674,3.57437,2.39548,1.90445
2014-03-14,1.87223,3.10274,2.13966,2.10092,2.94222,2.04141,1.7343,0.507438,3.95331,1.8475,1.81375,3.39444,2.69056,2.04529,0.0381923,3.80963,1.18643,1.15996,2.61514,3.5744,2.3955,1.86803
2014-03-21,1.88349,3.12141,2.15254,2.11356,2.95992,2.05285,1.73432,0.513204,3.99823,1.86849,1.83436,3.433,2.72001,2.04531,0.0388231,3.87254,1.20603,1.17911,2.65834,3.63601,2.39553,1.89192
2014-03-28,1.84223,3.05302,2.10538,2.06725,2.89507,2.01797,1.73433,0.49067,3.82268,1.78645,1.75381,3.28227,2.62731,2.04533,0.0362796,3.61884,1.12702,1.10187,2.48418,3.45245,2.39554,1.88471
2014-04-04,1.82784,3.02917,2.08893,2.0511,2.87246,2.06701,1.73434,0.48233,3.7577,1.75608,1.724,3.22648,2.75529,2.04534,0.0352971,3.52084,1.0965,1.07203,2.4169,3.70777,2.39555,1.89395
2014-04-11,1.78001,2.96253,2.03427,1.99743,2.79729,2.0541,1.73435,0.456543,3.59288,1.6622,1.63183,3.05398,2.71672,2.04535,0.032425,3.29393,1.00727,0.984794,2.22024,3.62614,2.39557,1.84427
2014-04-18,1.82424,2.96106,2.07589,2.04707,2.8668,2.05411,1.73436,0.479286,3.58931,1.73023,1.71312,3.20611,2.71673,2.04536,0.0348665,3.29065,1.07047,1.05895,2.38741,3.62615,2.39558,1.89385
2014-04-25,1.82403,2.98643,2.07565,2.04683,2.86647,2.05411,1.73436,0.478772,3.65054,1.72837,1.71129,3.20268,2.71674,2.04536,0.034783,3.37818,1.06791,1.05641,2.3817,3.62617,2.39558,1.89284
2014-05-02,1.85154,2.98618,2.10696,2.0777,2.9097,2.05412,1.73437,0.493136,3.64947,1.78023,1.76263,3.29876,2.71675,2.04537,0.0363566,3.38175,1.11622,1.1042,2.48945,3.62618,2.39559,1.91082
2014-05-09,1.83694,2.95297,2.09034,2.06131,2.88676,2.05413,1.73437,0.485138,3.56736,1.75136,1.73404,3.24526,2.71676,2.04538,0.0354653,3.26894,1.08885,1.07713,2.42841,3.62619,2.3956,1.90981
2014-05-16,1.85619,2.9321,2.11226,2.08292,2.91702,2.05414,1.73438,0.495024,3.51601,1.78704,1.76938,3.31139,2.71677,2.04539,0.036535,3.19965,1.1217,1.10962,2.50166,3.6262,2.39561,1.91072
2014-05-23,1.90212,2.9809,2.16451,2.13446,2.98919,2.05415,1.73439,0.519556,3.63253,1.8756,1.85706,3.47549,2.71678,2.0454,0.0392729,3.36263,1.20576,1.19278,2.68914,3.62622,2.39562,1.93409
2014-05-30,1.93238,3.02833,2.19895,2.16842,3.03675,2.05416,1.7344,0.535987,3.74741,1.93492,1.91579,3.58541,2.7168,2.04541,0.0411398,3.52247,1.26307,1.24948,2.81697,3.62624,2.39563,1.95776
2014-06-06,1.96434,3.07841,2.23532,2.20428,3.08697,2.05417,1.73441,0.553634,3.8708,1.99863,1.97887,3.70346,2.71681,2.04542,0.0431825,3.69738,1.32579,1.31152,2.95684,3.62626,2.39565,1.9852
2014-06-13,1.95375,3.06183,2.22327,2.1924,3.07034,2.05418,1.73442,0.547472,3.82771,1.97638,1.95684,3.66224,2.71683,2.04543,0.0424592,3.63544,1.30358,1.28955,2.90731,3.62628,2.39566,1.9725
2014-06-20,1.96855,3.08502,2.24012,2.20901,3.0936,2.05419,1.73442,0.555617,3.88466,2.00579,1.98595,3.71672,2.71684,2.04544,0.0434099,3.71685,1.33277,1.31842,2.97241,3.6263,2.39567,2.00043
2014-06-27,1.98935,3.11761,2.26378,2.23234,3.12627,2.0542,1.73443,0.567219,3.96577,2.04767,2.02742,3.79433,2.71685,2.04545,0.0447745,3.83369,1.37467,1.35987,3.06585,3.62631,2.39568,1.9992
2014-07-04,2.03073,3.18246,2.31087,2.27878,3.1913,2.0542,1.73443,0.590829,4.13084,2.1329,2.11181,3.95226,2.71686,2.04545,0.0475892,4.07469,1.46108,1.44535,3.25858,3.62632,2.39568,2.0235
2014-07-11,2.0216,3.16816,2.30048,2.26854,3.17696,2.05421,1.73444,0.585206,4.09153,2.1126,2.09172,3.91465,2.71686,2.04546,0.0468949,4.01524,1.43977,1.42427,3.21103,3.62633,2.39569,2.00727
2014-07-18,2.03964,3.19642,2.32101,2.28878,3.20531,2.05421,1.73444,0.595233,4.16164,2.1488,2.12756,3.98173,2.71687,2.04546,0.0480724,4.11606,1.47592,1.46003,3.29166,3.62634,2.3957,2.0185
2014-07-25,2.0528,3.21704,2.33598,2.30354,3.22598,2.05422,1.73445,0.602702,4.21386,2.17576,2.15425,4.03169,2.71688,2.04547,0.0489749,4.19333,1.50363,1.48744,3.35346,3.62635,2.39571,2.0186
2014-08-01,2.00887,3.1482,2.28599,2.25425,3.15695,2.05423,1.73446,0.576751,4.03242,2.08208,2.06149,3.85809,2.71689,2.04548,0.0458156,3.92283,1.40663,1.39149,3.13714,3.62637,2.39572,1.96531
2014-08-08,2.01375,3.15585,2.29155,2.25973,3.16462,2.0582,1.73446,0.57929,4.05017,2.09125,2.07057,3.87508,2.72617,2.04549,0.0461089,3.94794,1.41564,1.4004,3.15722,3.64601,2.39573,1.97286
2014-08-15,2.0668,3.23899,2.35192,2.31926,3.24799,2.06932,1.73447,0.609918,4.26431,2.20181,2.18004,4.07996,2.75543,2.0455,0.0498014,4.2641,1.529,1.51254,3.41005,3.70657,2.39574,1.99818
2014-08-22,2.10181,3.29386,2.39176,2.35855,3.30301,2.06932,1.73448,0.630515,4.40831,2.27617,2.25366,4.21774,2.75544,2.04551,0.0523401,4.48146,1.60694,1.58964,3.58388,3.70658,2.39575,2.03361
2014-08-29,2.1173,3.31813,2.40939,2.37593,3.32736,2.06933,1.73449,0.639638,4.4721,2.3091,2.28627,4.27877,2.75546,2.04551,0.0534803,4.57909,1.64195,1.62427,3.66196,3.7066,2.39576,2.04913
2014-09-05,2.11964,3.32179,2.41204,2.37855,3.33102,2.06934,1.73449,0.640855,4.48061,2.3135,2.29062,4.28691,2.75547,2.04552,0.0536292,4.59184,1.64652,1.6288,3.67215,3.70661,2.39577,2.05321
2014-09-12,2.11094,3.30816,2.40214,2.36878,3.31735,2.06935,1.7345,0.635314,4.44187,2.29349,2.27082,4.24984,2.75547,2.04553,0.0529241,4.53147,1.62487,1.60738,3.62387,3.70662,2.39577,2.03299
2014-09-19,2.12659,3.33269,2.41996,2.38635,3.34196,2.086,1.7345,0.64444,4.50567,2.32644,2.30344,4.31089,2.79953,2.04553,0.0540523,4.62807,1.65952,1.64165,3.70113,3.7994,2.39578,2.0586
2014-09-26,2.10107,3.29269,2.39091,2.35771,3.30185,2.086,1.7345,0.628389,4.39345,2.26849,2.24607,4.20352,2.79953,2.04553,0.051986,4.45115,1.59607,1.57889,3.55964,3.7994,2.39578,2.02988
2014-10-03,2.0881,3.27236,2.37615,2.34315,3.28146,2.08601,1.73451,0.620247,4.33652,2.2391,2.21696,4.14905,2.79953,2.04554,0.0509529,4.36269,1.56436,1.54751,3.4889,3.79941,2.39579,2.01573
2014-10-10,2.00876,3.14803,2.28587,2.25412,3.15678,2.08601,1.73451,0.572979,4.00605,2.06846,2.04801,3.83286,2.79954,2.04554,0.0451391,3.86491,1.38586,1.37094,3.09081,3.79942,2.39579,1.95439
2014-10-17,1.97813,3.09715,2.22062,2.21975,3.10864,2.08564,1.75651,0.555196,3.87638,1.95094,1.98445,3.7139,2.79732,2.09731,0.0430231,3.67922,1.26947,1.30668,2.94592,3.79547,2.48795,1.93316
2014-10-24,2.09767,3.16791,2.319,2.35389,3.2965,2.11575,1.78188,0.623408,4.05395,2.12515,2.22826,4.1702,2.8779,2.15772,0.0511045,3.93528,1.44199,1.55212,3.49928,3.9614,2.59672,2.0148
2014-10-31,2.1568,3.25721,2.38437,2.42025,3.38942,2.11576,1.78188,0.658581,4.28268,2.24506,2.35398,4.40548,2.8779,2.15773,0.0554577,4.2705,1.56482,1.68433,3.79736,3.96141,2.59673,2.06845
2014-11-07,2.16105,3.26363,2.38907,2.42502,3.39611,2.11576,1.78188,0.660969,4.29821,2.2532,2.36252,4.42146,2.87791,2.15774,0.0557595,4.29374,1.57334,1.6935,3.81802,3.96142,2.59673,2.08568
2014-11-14,2.19551,3.31567,2.42717,2.46369,3.45026,2.11577,1.78189,0.681983,4.43486,2.32483,2.43763,4.56203,2.87792,2.15774,0.0584375,4.49996,1.6489,1.77483,4.0014,3.96143,2.59674,2.09491
2014-11-21,2.20934,3.33655,2.44245,2.4792,3.47199,2.11577,1.78189,0.690325,4.4891,2.35327,2.46744,4.61783,2.87792,2.15774,0.059506,4.58224,1.67905,1.80728,4.07456,3.96144,2.59675,2.11994
2014-11-28,2.25485,3.40529,2.49277,2.53028,3.54352,2.11578,1.7819,0.718808,4.67432,2.45036,2.56925,4.80836,2.87793,2.15775,0.0632171,4.86801,1.78376,1.92,4.32867,3.96144,2.59675,2.12527
2014-12-05,2.24145,3.38505,2.47796,2.51524,3.52246,2.11578,1.7819,0.709976,4.61689,2.42026,2.53768,4.74928,2.87793,2.15775,0.0620441,4.77769,1.75067,1.88437,4.24835,3.96145,2.59675,2.13348
2014-12-12,2.18381,3.298,2.41423,2.45056,3.43187,2.06857,1.78191,0.673422,4.37918,2.29565,2.40703,4.50476,2.7493,2.15776,0.0572768,4.41058,1.61615,1.73958,3.92192,3.69853,2.59676,2.06055
2014-12-19,2.22718,3.36349,2.46217,2.49922,3.50002,2.10965,1.83193,0.699342,4.54774,2.38401,2.49967,4.67815,2.85512,2.27909,0.0605045,4.65913,1.70722,1.83761,4.14292,3.90695,2.81795,2.12999
2014-12-26,2.24255,3.3867,2.47917,2.51647,3.52418,2.1086,1.83102,0.708815,4.60935,2.4163,2.53353,4.74152,2.85227,2.27682,0.0617338,4.75379,1.74191,1.87495,4.2271,3.90305,2.81514,2.14979
2015-01-02,2.19771,3.319,2.4296,2.46616,3.45372,2.1086,1.83102,0.680487,4.42513,2.31973,2.43228,4.55202,2.85228,2.27682,0.0580578,4.47072,1.63819,1.7633,3.97539,3.90306,2.81514,2.11875
2015-01-09,2.19088,3.24329,2.42205,2.45849,3.44298,2.10098,1.87676,0.675413,4.22193,2.30243,2.41414,4.51808,2.8281,2.39026,0.0573294,4.16679,1.61763,1.74118,3.92552,3.85006,3.02723,2.10658
2015-01-16,2.15245,3.1864,2.37957,2.41537,3.38259,2.09994,1.87582,0.651443,4.0721,2.22072,2.32847,4.35773,2.82528,2.38788,0.0542701,3.94444,1.53131,1.64826,3.71604,3.84622,3.02422,2.07956
2015-01-23,2.22589,3.26592,2.46076,2.49778,3.49801,2.12532,1.89849,0.696202,4.27562,2.3733,2.48845,4.65714,2.89341,2.44546,0.0599232,4.24594,1.69082,1.81996,4.10313,3.98972,3.13705,2.114
2015-01-30,2.15843,3.16693,2.38618,2.42208,3.39199,2.10778,1.8985,0.653866,4.01562,2.22898,2.33713,4.37395,2.84549,2.44547,0.0544689,3.85946,1.53692,1.6543,3.72965,3.89263,3.13705,2.05707
2015-02-06,2.20177,3.23052,2.43409,2.47071,3.4601,2.14549,1.8985,0.680004,4.17615,2.31809,2.43055,4.54879,2.94738,2.44547,0.0577462,4.09168,1.62939,1.75384,3.95405,4.10469,3.13706,2.11999
2015-02-13,2.28247,3.34893,2.5233,2.56127,3.58692,2.14549,1.8985,0.73022,4.48454,2.48927,2.61004,4.8847,2.94739,2.44547,0.0642184,4.55028,1.81202,1.95041,4.39723,4.1047,3.13706,2.16361
2015-02-20,2.31449,3.39592,2.55871,2.59721,3.63724,2.14549,1.89851,0.750628,4.60987,2.55884,2.68299,5.02122,2.94739,2.44548,0.0669245,4.74202,1.88837,2.0326,4.58252,4.10471,3.13707,2.17867
2015-02-27,2.31428,3.3956,2.55847,2.59697,3.63691,2.1455,1.89851,0.750232,4.60744,2.55749,2.68157,5.01857,2.9474,2.44548,0.0668691,4.7381,1.88681,2.03091,4.57873,4.10472,3.13708,2.17269
2015-03-06,2.29315,3.36459,2.5351,2.57325,3.60369,2.1455,1.89851,0.736192,4.52121,2.50963,2.63139,4.92465,2.9474,2.44549,0.064979,4.60418,1.83348,1.97351,4.44931,4.10472,3.13708,2.1401
2015-03-13,2.24895,3.29975,2.48625,2.52366,3.53424,2.14913,1.89852,0.707555,4.34535,2.41201,2.52903,4.73309,2.95687,2.44549,0.0611842,4.33528,1.7264,1.85825,4.18946,4.12627,3.13709,2.12287
2015-03-20,2.32238,3.40749,2.56743,2.60606,3.64964,2.17926,1.89853,0.75407,4.63101,2.57057,2.69529,5.04424,3.0395,2.44551,0.0672884,4.76781,1.89864,2.04365,4.60744,4.3016,3.1371,2.1798
2015-03-27,2.25798,3.31299,2.49622,2.53378,3.54842,2.18688,1.89854,0.71219,4.37381,2.42781,2.5456,4.76409,3.06058,2.44552,0.0617073,4.37235,1.74116,1.87414,4.22528,4.34853,3.13712,2.13142
2015-04-03,2.24942,3.30043,2.48676,2.52418,3.53497,2.18745,1.89809,0.706444,4.33852,2.40822,2.52506,4.72565,3.06105,2.44351,0.0609392,4.31793,1.71949,1.85081,4.17269,4.35021,3.13529,2.13867
2015-04-10,2.30569,3.383,2.54898,2.58733,3.62341,2.18746,1.89809,0.741883,4.55617,2.52903,2.65173,4.96272,3.06106,2.44351,0.0655667,4.64581,1.85006,1.99136,4.48955,4.35022,3.1353,2.17596
2015-04-17,2.26846,3.32837,2.50782,2.54555,3.5649,2.18746,1.8981,0.717687,4.40757,2.44654,2.56524,4.80086,3.06107,2.44352,0.0623588,4.41851,1.75954,1.89393,4.2699,4.35023,3.13531,2.15431
2015-04-24,2.3654,3.4706,2.61498,2.65433,3.71724,2.19463,1.89811,0.779752,4.78873,2.65812,2.78708,5.21604,3.08093,2.44353,0.0705757,5.00073,1.9914,2.14349,4.83253,4.39694,3.13532,2.19264
2015-05-01,2.33351,3.42382,2.57973,2.61855,3.66713,2.19463,1.89811,0.758292,4.65694,2.58496,2.71038,5.07248,3.08093,2.44353,0.0676366,4.79248,1.90847,2.05422,4.63129,4.39695,3.13533,2.18301
2015-05-08,2.32581,3.41252,2.57121,2.6099,3.65502,2.16027,1.89811,0.752689,4.62253,2.56586,2.69035,5.035,2.98404,2.44353,0.0668395,4.736,1.88597,2.03001,4.5767,4.19365,3.13533,2.19233
2015-05-15,2.34485,3.44046,2.59227,2.63127,3.68495,2.16027,1.89811,0.764656,4.69602,2.60666,2.73313,5.11505,2.98405,2.44354,0.0684178,4.84783,1.93051,2.07795,4.68477,4.19366,3.13534,2.20083
2015-05-22,2.3639,3.4684,2.61332,2.65264,3.71488,2.16028,1.89812,0.776865,4.771,2.64828,2.77677,5.19673,2.98405,2.44354,0.070061,4.96426,1.97687,2.12786,4.79729,4.19367,3.13534,2.20653
2015-05-29,2.35491,3.45522,2.60339,2.64256,3.70076,2.16028,1.89812,0.770461,4.73167,2.62645,2.75388,5.15389,2.98405,2.44355,0.0691548,4.90005,1.9513,2.10033,4.73524,4.19367,3.13535,2.18736
2015-06-05,2.33886,3.43167,2.58565,2.62455,3.67554,2.16029,1.89812,0.759703,4.6656,2.58977,2.71542,5.08192,2.98406,2.44355,0.0677047,4.7973,1.91039,2.05629,4.63594,4.19368,3.13535,2.17317
2015-06-12,2.32709,3.4144,2.57263,2.61134,3.65704,2.19091,1.92503,0.751586,4.61576,2.5621,2.68641,5.02763,3.06838,2.5126,0.0665894,4.71828,1.87892,2.02242,4.55958,4.37595,3.27162,2.17565
2015-06-19,2.3569,3.45813,2.60558,2.64479,3.70388,2.19091,1.92503,0.770513,4.73199,2.62662,2.75406,5.15424,3.06839,2.5126,0.0690937,4.89572,1.94958,2.09848,4.73105,4.37595,3.27163,2.19456
2015-06-26,2.3436,3.43862,2.59088,2.62986,3.68298,2.19091,1.92504,0.761524,4.67679,2.59598,2.72193,5.0941,3.06839,2.51261,0.0678778,4.80957,1.91527,2.06155,4.6478,4.37596,3.27163,2.18426
2015-07-03,2.31529,3.3677,2.55958,2.5981,3.63849,2.21569,1.9399,0.742574,4.48266,2.53138,2.6542,4.96734,3.1374,2.55111,0.0652957,4.5114,1.84241,1.98313,4.471,4.5263,3.34855,2.15813
2015-07-10,2.30885,3.35969,2.5128,2.59087,3.62838,2.2421,1.93444,0.73783,4.46051,2.43833,2.63724,4.93561,3.21159,2.53661,0.06462,4.48701,1.74182,1.96261,4.42473,4.69097,3.32171,2.1599
2015-07-17,2.43625,3.45943,2.60441,2.73384,3.82859,2.28033,1.93444,0.820656,4.72656,2.61761,2.93329,5.48966,3.32086,2.53662,0.0757212,4.89403,1.93717,2.29976,5.18486,4.93275,3.32171,2.21195
2015-07-24,2.38285,3.3836,2.54732,2.67391,3.74466,2.28034,1.93445,0.784639,4.51912,2.50272,2.80455,5.24873,3.32088,2.53663,0.0707667,4.57381,1.81042,2.14929,4.84561,4.93278,3.32173,2.16531
2015-07-31,2.40108,3.40949,2.56681,2.69437,3.77331,2.31737,1.94905,0.796311,4.58634,2.53995,2.84627,5.32681,3.42862,2.57466,0.072335,4.67517,1.85054,2.19692,4.953,5.17923,3.39997,2.19134
2015-08-07,2.3659,3.35954,2.52921,2.6549,3.71803,2.31739,1.94908,0.772656,4.4501,2.4645,2.76172,5.16857,3.42866,2.57469,0.0691028,4.46627,1.76785,2.09875,4.73168,5.17929,3.40001,2.16479
2015-08-14,2.37019,3.36563,2.53379,2.65971,3.72478,2.31743,1.94911,0.774982,4.4635,2.47192,2.77003,5.18413,3.42872,2.57474,0.0693849,4.4845,1.77507,2.10732,4.75099,5.17938,3.40007,2.18009
2015-08-21,2.19625,3.11864,2.34785,2.46452,3.45143,2.31745,1.94912,0.663185,3.8196,2.11533,2.37044,4.43628,3.42875,2.57476,0.0546643,3.53307,1.39847,1.66023,3.74303,5.17942,3.4001,2.05944
2015-08-28,2.26531,3.1171,2.34669,2.36853,3.55996,2.38835,2.00875,0.702154,3.81582,2.11323,2.18572,4.69696,3.62426,2.72158,0.0591576,3.52957,1.39709,1.46701,4.0507,5.59687,3.67414,2.07454
2015-09-04,2.1911,3.11712,2.3467,2.36854,3.44334,2.38836,2.00876,0.655318,3.81584,2.11324,2.18573,4.38366,3.62428,2.72159,0.053169,3.52959,1.39709,1.46701,3.64064,5.5969,3.67416,2.00489
2015-09-11,2.26424,3.11713,2.34671,2.36855,3.55827,2.38836,2.00877,0.698916,3.81585,2.11325,2.18573,4.6753,3.62429,2.7216,0.0584765,3.5296,1.3971,1.46702,4.00406,5.59692,3.67417,2.04809
2015-09-18,2.26502,3.11715,2.34673,2.33369,3.5595,2.38838,2.00878,0.698924,3.81587,2.11326,2.12126,4.67535,3.62431,2.72162,0.058446,3.52962,1.39711,1.40285,4.00197,5.59695,3.6742,2.04524
2015-09-25,2.21277,3.11715,2.34673,2.33983,3.47739,2.38838,2.00878,0.666639,3.81588,2.11326,2.13229,4.45939,3.62432,2.72162,0.0544187,3.52963,1.39711,1.41451,3.72621,5.59696,3.6742,2.01804
2015-10-02,2.23621,3.11716,2.34674,2.33984,3.51422,2.38839,2.00879,0.679475,3.81589,2.11327,2.1323,4.54525,3.62433,2.72163,0.0558558,3.52963,1.39711,1.41451,3.82462,5.59697,3.67421,2.04053
2015-10-09,2.29039,3.11716,2.34674,2.33984,3.56278,2.38839,2.00879,0.712386,3.81589,2.11327,2.1323,4.67055,3.62433,2.72163,0.0599394,3.52964,1.39711,1.41451,3.9847,5.59698,3.67421,2.10677
2015-10-16,2.32457,3.11717,2.34674,2.31867,3.56279,2.38839,2.00879,0.733358,3.8159,2.11327,2.09354,4.67055,3.62433,2.72163,0.062578,3.52964,1.39711,1.37742,3.98471,5.59699,3.67422,2.12707
2015-10-23,2.42476,3.2499,2.44667,2.4174,3.56279,2.3884,2.00879,0.796723,4.1415,2.2936,2.27218,4.67056,3.62434,2.72163,0.0707369,3.98592,1.57772,1.55548,3.98471,5.59699,3.67422,2.17144
2015-10-30,2.43659,3.26575,2.4586,2.42919,3.56282,2.38841,2.00881,0.804201,4.18037,2.31512,2.2935,4.67059,3.62436,2.72165,0.0717279,4.04176,1.59982,1.57727,3.98474,5.59703,3.67425,2.17584
2015-11-06,2.46798,3.30782,2.49027,2.46049,3.56286,2.38844,2.00883,0.82469,4.28688,2.37411,2.35194,4.67064,3.6244,2.72168,0.0744735,4.19647,1.66106,1.63765,3.98479,5.59709,3.67429,2.19792
2015-11-13,2.36156,3.16518,2.38289,2.35438,3.56293,2.31477,1.96841,0.754392,3.92146,2.17174,2.15145,4.67075,3.40188,2.61196,0.0650969,3.66811,1.45192,1.43146,3.98487,5.08835,3.45392,2.11943
2015-11-20,2.46131,3.29889,2.48355,2.45384,3.71161,2.39513,2.03676,0.818732,4.25591,2.35696,2.33494,5.06417,3.63928,2.79422,0.0735376,4.14373,1.64019,1.61707,4.49725,5.62852,3.82058,2.19028
2015-11-27,2.45766,3.29399,2.47986,2.4502,3.7061,2.39519,2.0368,0.816085,4.24215,2.34934,2.3274,5.0478,3.63936,2.79429,0.0731818,4.12368,1.63225,1.60924,4.47549,5.62866,3.82067,2.19289
2015-12-04,2.4755,3.31791,2.49787,2.46799,3.73301,2.39528,2.03688,0.826913,4.29844,2.38051,2.35828,5.11478,3.6395,2.7944,0.0745384,4.20012,1.66251,1.63907,4.55845,5.62888,3.82082,2.19352
2015-12-11,2.38198,3.19256,2.4035,2.37475,3.59198,2.3954,2.03698,0.764714,3.97512,2.20145,2.18089,4.73005,3.63967,2.79453,0.0662046,3.73053,1.47663,1.45582,4.0488,5.62914,3.821,2.11253
2015-12-18,2.36855,3.17456,2.38995,2.36136,3.57173,2.44344,2.03707,0.755179,3.92555,2.174,2.1537,4.67108,3.78563,2.79465,0.0648823,3.65602,1.44714,1.42674,3.96793,5.97487,3.82116,2.10552
2015-12-25,2.42807,3.25433,2.45001,2.4207,3.66149,2.44351,2.03712,0.793235,4.12337,2.28356,2.26223,4.90647,3.78574,2.79473,0.0698271,3.93465,1.55743,1.53548,4.27033,5.97504,3.82127,2.1651
2016-01-01,2.41233,3.23323,2.43412,2.40501,3.63775,2.44359,2.03718,0.782402,4.06706,2.25237,2.23133,4.83946,3.78585,2.79481,0.0683536,3.85162,1.52456,1.50307,4.18022,5.97522,3.82139,2.14605
2016-01-08,2.24304,3.0297,2.28089,2.25361,3.38246,2.32397,2.03726,0.675083,3.56441,1.974,1.95556,4.17565,3.41936,2.79492,0.0546422,3.15383,1.24836,1.23076,3.34169,5.12183,3.82153,2.02026
2016-01-15,2.17468,3.02983,2.28099,2.2537,3.27937,2.27572,2.03735,0.632524,3.56456,1.97408,1.95564,3.91241,3.27351,2.79503,0.0493376,3.15396,1.24841,1.23082,3.01728,4.78943,3.82169,1.97699
2016-01-22,2.23786,3.02995,2.28108,2.2538,3.37466,2.27582,2.03743,0.669096,3.56471,1.97416,1.95573,4.13861,3.27365,2.79515,0.0536161,3.15409,1.24846,1.23087,3.27893,4.78962,3.82185,2.00552
2016-01-29,2.24563,3.03013,2.28122,2.25393,3.38636,2.27595,2.03755,0.672454,3.56492,1.97428,1.95584,4.15939,3.27384,2.79532,0.0538928,3.15428,1.24854,1.23094,3.29586,4.78991,3.82208,2.0392
2016-02-05,2.11602,3.03032,2.28136,2.25407,3.19091,2.27609,2.03767,0.595776,3.56513,1.9744,1.95596,3.6851,3.27404,2.79548,0.0448157,3.15447,1.24861,1.23101,2.74074,4.7902,3.82231,1.97847
2016-02-12,2.11386,3.03048,2.28148,2.25419,3.13091,2.27622,2.03779,0.594065,3.56533,1.97451,1.95607,3.54632,3.27422,2.79564,0.0445905,3.15465,1.24868,1.23108,2.58765,4.79046,3.82252,1.96457
2016-02-19,2.19171,3.03062,2.28159,2.25429,3.13106,2.27632,2.03788,0.637742,3.56549,1.9746,1.95616,3.54648,3.27437,2.79577,0.0495169,3.15479,1.24874,1.23114,2.58776,4.79068,3.82269,2.0211
2016-02-26,2.23053,3.03081,2.28173,2.25443,3.13125,2.27646,2.038,0.659828,3.56571,1.97472,1.95628,3.5467,3.27457,2.79594,0.0520559,3.15498,1.24881,1.23121,2.58792,4.79097,3.82293,2.05362
2016-03-04,2.27884,3.03098,2.28186,2.25456,3.13143,2.27659,2.03812,0.687756,3.56592,1.97483,1.95639,3.5469,3.27476,2.7961,0.0553121,3.15516,1.24889,1.23129,2.58807,4.79125,3.82315,2.10984
2016-03-11,2.29652,3.03116,2.28199,2.25469,3.13161,2.27672,2.03824,0.697919,3.56612,1.97495,1.9565,3.54711,3.27495,2.79626,0.0565062,3.15535,1.24896,1.23136,2.58822,4.79153,3.82337,2.13436
2016-03-18,2.32237,3.03134,2.28454,2.25721,3.1318,2.27686,2.03836,0.71341,3.56633,1.97912,1.96064,3.54732,3.27514,2.79643,0.0583917,3.15553,1.25352,1.23585,2.58838,4.79181,3.8236,2.16251
2016-03-25,2.31999,3.00578,2.2822,2.2549,3.13194,2.27696,2.03845,0.711687,3.50561,1.97434,1.9559,3.54748,3.27529,2.79655,0.0581727,3.07648,1.24882,1.23122,2.58849,4.79203,3.82377,2.14918
2016-04-01,2.38704,3.03031,2.34815,2.30653,3.13207,2.27706,2.03854,0.752881,3.5621,2.08862,2.0452,3.54763,3.27543,2.79667,0.0632613,3.15376,1.35806,1.31712,2.5886,4.79223,3.82393,2.18939
2016-04-08,2.35763,2.99297,2.31922,2.27811,3.1322,2.27715,2.03863,0.733767,3.47167,2.0356,1.99328,3.54778,3.27557,2.79679,0.0608157,3.03184,1.30556,1.2662,2.58871,4.79244,3.82409,2.16378
2016-04-15,2.3931,3.038,2.35411,2.31238,3.13234,2.27725,2.03872,0.755577,3.57485,2.0961,2.05252,3.54793,3.27571,2.79691,0.0635254,3.16692,1.36373,1.32262,2.58882,4.79264,3.82426,2.19849
2016-04-22,2.35719,2.99242,2.31879,2.27769,3.13247,2.27735,2.0388,0.73261,3.46619,2.03239,1.99013,3.54809,3.27585,2.79703,0.0606245,3.0223,1.30145,1.26222,2.58894,4.79285,3.82442,2.21108
2016-04-29,2.28668,2.9029,2.24943,2.20955,3.13261,2.20814,1.97684,0.689019,3.25995,1.91146,1.87172,3.54825,3.07806,2.62815,0.0552736,2.75555,1.18658,1.15082,2.58905,4.36585,3.4837,2.18315
2016-05-06,2.28365,2.87998,2.24839,2.20853,3.14692,2.20521,1.97422,0.686803,3.20821,1.90962,1.86992,3.58007,3.06816,2.6197,0.0549883,2.69405,1.18544,1.14971,2.62517,4.34331,3.46572,2.17669
2016-05-13,2.28192,2.85534,2.2485,2.19665,3.14453,2.24071,2.006,0.685321,3.1529,1.90971,1.84961,3.57235,3.16662,2.70377,0.0547865,2.62585,1.1855,1.13211,2.61554,4.55503,3.63466,2.16653
2016-05-20,2.3029,2.92767,2.24862,2.19677,3.17345,2.24083,2.00611,0.697413,3.31301,1.90981,1.84972,3.63538,3.16679,2.70392,0.0562041,2.83287,1.18556,1.13218,2.68321,4.55528,3.63486,2.17426
2016-05-27,2.38207,3.02933,2.2659,2.21365,3.28254,2.24097,2.00623,0.745576,3.54447,1.93887,1.87786,3.88644,3.16699,2.70408,0.0620834,3.13585,1.21325,1.15862,2.9639,4.55556,3.63508,2.22452
2016-06-03,2.38055,3.02741,2.26446,2.21225,3.28045,2.24107,2.00632,0.744401,3.53889,1.93582,1.8749,3.88032,3.16713,2.7042,0.0619348,3.12835,1.21035,1.15584,2.9568,4.55576,3.63524,2.22494
2016-06-10,2.35633,2.9966,2.24141,2.18973,3.24707,2.24118,2.00642,0.728967,3.46552,1.89568,1.83603,3.79986,3.16728,2.70433,0.0600055,3.03089,1.17264,1.11984,2.86469,4.55598,3.63542,2.22272
2016-06-17,2.30947,2.93701,2.19684,2.14619,3.1825,2.21403,1.98213,0.699865,3.32716,1.82,1.76273,3.64816,3.08965,2.63824,0.0564296,2.85028,1.10276,1.0531,2.69398,4.39069,3.50388,2.19652
2016-06-24,2.26176,2.87633,2.14253,2.09313,3.11675,2.22855,1.99514,0.669609,3.18333,1.72701,1.67266,3.49045,3.12945,2.67222,0.0526363,2.65868,1.017,0.971204,2.51288,4.47768,3.57329,2.16163
2016-07-01,2.34395,2.83066,2.09904,2.05064,3.23001,2.22866,1.99523,0.717968,3.08119,1.65674,1.60461,3.74253,3.1296,2.67235,0.0583261,2.53258,0.955427,0.912404,2.78452,4.4779,3.57347,2.23268
2016-07-08,2.3921,2.8888,2.14107,2.09171,3.29636,2.22876,1.99532,0.747307,3.2071,1.7227,1.66849,3.89546,3.12973,2.67246,0.061907,2.68806,1.01305,0.967434,2.95547,4.47808,3.57362,2.26172
2016-07-15,2.42463,2.92809,2.17019,2.12015,3.34119,2.22889,1.99543,0.767421,3.29342,1.76906,1.7134,4.00031,3.12991,2.67262,0.0644134,2.79689,1.05407,1.0066,3.07513,4.47834,3.57382,2.29554
2016-07-22,2.46475,2.97654,2.2061,2.15523,3.39647,2.22902,1.99555,0.792586,3.40142,1.82708,1.76958,4.13149,3.1301,2.67278,0.0675873,2.93471,1.10601,1.0562,3.22665,4.47861,3.57404,2.31054
2016-07-29,2.49902,3.01792,2.23677,2.1852,3.44369,2.22914,1.99566,0.814447,3.49524,1.87747,1.81839,4.24544,3.13027,2.67292,0.0703973,3.05672,1.15199,1.10011,3.3608,4.47885,3.57423,2.30926
2016-08-05,2.53263,3.05852,2.26686,2.21459,3.49002,2.22925,1.99576,0.83606,3.58799,1.92729,1.86664,4.3581,3.13043,2.67306,0.073198,3.17833,1.19782,1.14388,3.49451,4.47908,3.57441,2.32053
2016-08-12,2.54174,3.06952,2.27501,2.22256,3.50257,2.22937,1.99587,0.841771,3.6125,1.94046,1.87939,4.38787,3.1306,2.6732,0.0739471,3.21086,1.21008,1.15559,3.53027,4.47932,3.5746,2.32351
2016-08-19,2.54304,3.07109,2.27618,2.22369,3.50436,2.2295,1.99598,0.842299,3.61476,1.94167,1.88057,4.39062,3.13077,2.67336,0.0740121,3.21368,1.21114,1.1566,3.53338,4.47958,3.57481,2.32436
2016-08-26,2.53263,3.05852,2.26686,2.21459,3.49002,2.22963,1.9961,0.835084,3.5838,1.92504,1.86446,4.35301,3.13096,2.67351,0.0730586,3.17228,1.19554,1.1417,3.48786,4.47984,3.57502,2.31107
2016-09-02,2.54,3.06742,2.27346,2.22104,3.50018,2.22977,1.99622,0.839634,3.60333,1.93553,1.87462,4.37673,3.13116,2.67368,0.0736542,3.19814,1.20529,1.15101,3.51629,4.48012,3.57524,2.32255
2016-09-09,2.47841,2.99304,2.21833,2.16718,3.4153,2.22989,1.99633,0.798589,3.42718,1.84091,1.78298,4.16278,3.13132,2.67382,0.0682422,2.96314,1.11672,1.06644,3.25792,4.48035,3.57543,2.26842
2016-09-16,2.55006,3.07957,2.28246,2.22984,3.51404,2.25279,2.01683,0.84459,3.6246,1.94696,1.88569,4.40257,3.19411,2.72744,0.074153,3.2198,1.21345,1.15881,3.5401,4.61808,3.68534,2.28084
2016-09-23,2.57268,3.10688,2.3027,2.24961,3.5452,2.25288,2.01692,0.859162,3.68713,1.98055,1.91822,4.47852,3.19425,2.72755,0.076057,3.30247,1.2446,1.18856,3.631,4.61828,3.6855,2.30885
2016-09-30,2.58115,3.11711,2.31029,2.25702,3.55688,2.25299,2.01701,0.864305,3.7092,1.9924,1.92971,4.50533,3.1944,2.72768,0.0767106,3.33085,1.2553,1.19877,3.66221,4.6185,3.68567,2.31216
2016-10-07,2.57572,3.11055,2.30543,2.25227,3.54939,2.25313,2.01713,0.86035,3.69223,1.98328,1.92087,4.48472,3.19459,2.72785,0.0761832,3.30795,1.24667,1.19053,3.63703,4.61878,3.68589,2.29869
2016-10-14,2.5468,3.07563,2.27954,2.22698,3.50955,2.25326,2.01726,0.840624,3.60758,1.93781,1.87683,4.38189,3.19479,2.72802,0.0735497,3.1936,1.20358,1.14938,3.5113,4.61906,3.68612,2.27817
2016-10-21,2.56876,3.10215,2.2992,2.24618,3.53981,2.25341,2.01738,0.854798,3.6684,1.97049,1.90848,4.45578,3.19499,2.72819,0.0754075,3.27427,1.23398,1.17841,3.59999,4.61935,3.68635,2.28736
2016-10-28,2.54593,3.07458,2.27876,2.22622,3.50835,2.25354,2.0175,0.839162,3.6013,1.93444,1.87357,4.37427,3.19518,2.72835,0.0733207,3.18366,1.19983,1.1458,3.50037,4.61963,3.68657,2.27197
2016-11-04,2.47093,2.984,2.21163,2.16063,3.40499,2.18813,1.98978,0.789975,3.39021,1.82106,1.76375,4.11788,3.01074,2.65306,0.0669463,2.90688,1.09552,1.04619,3.19605,4.22607,3.53614,2.22931
2016-11-11,2.51767,2.94777,2.25347,2.20151,3.4694,2.25373,2.04944,0.819129,3.30659,1.88826,1.82884,4.26985,3.19151,2.81236,0.0705953,2.80149,1.15523,1.10321,3.37026,4.61065,3.85794,2.31344
2016-11-18,2.55072,2.96593,2.28305,2.23041,3.51494,2.25394,2.04962,0.840128,3.34522,1.93667,1.87573,4.37931,3.1918,2.81261,0.0732845,2.85204,1.19923,1.14523,3.49864,4.61107,3.85829,2.33568
2016-11-25,2.58289,3.00335,2.31185,2.25854,3.55928,2.2541,2.04977,0.861076,3.42862,1.98496,1.9225,4.4885,3.19204,2.81282,0.0760264,2.95874,1.2441,1.18808,3.62954,4.61141,3.85857,2.36796
2016-12-02,2.5155,2.92498,2.25152,2.19961,3.4664,2.25431,2.04996,0.816019,3.24922,1.88109,1.8219,4.25363,3.19233,2.81308,0.070086,2.72756,1.14689,1.09525,3.34594,4.61183,3.85892,2.34829
2016-12-09,2.59811,2.95037,2.32547,2.27185,3.58025,2.30393,2.09509,0.869923,3.30497,2.00535,1.94225,4.53462,3.33282,2.93687,0.0771114,2.80052,1.26186,1.20504,3.68134,4.92281,4.11913,2.4213
2016-12-16,2.60798,2.96157,2.3343,2.28048,3.59385,2.30416,2.0953,0.876029,3.32817,2.01943,1.95588,4.56645,3.33315,2.93717,0.0779017,2.82922,1.27479,1.21739,3.71907,4.9233,4.11955,2.41977
2016-12-23,2.62106,2.97642,2.34601,2.29192,3.61187,2.30439,2.0955,0.884464,3.36021,2.03887,1.97471,4.61042,3.33348,2.93746,0.0790244,2.86999,1.29316,1.23493,3.77267,4.92379,4.11995,2.42697
2016-12-30,2.58356,2.93383,2.31244,2.25912,3.56019,2.30457,2.09566,0.858899,3.26309,1.97994,1.91764,4.47715,3.33373,2.93768,0.0756001,2.74563,1.23713,1.18142,3.60919,4.92416,4.12026,2.40353
2017-01-06,2.65878,3.01926,2.37977,2.3249,3.66386,2.32797,2.09583,0.909173,3.45409,2.09583,2.02988,4.73922,3.40095,2.93791,0.0823077,2.98923,1.34689,1.28624,3.92941,5.07835,4.12059,2.4431
2017-01-13,2.68561,3.04972,2.40378,2.34836,3.70082,2.3282,2.09604,0.927217,3.52264,2.13743,2.07017,4.83328,3.40129,2.93821,0.0847651,3.07848,1.38711,1.32464,4.04673,5.07886,4.121,2.44138
2017-01-20,2.68757,3.05195,2.40554,2.35007,3.70352,2.32839,2.0962,0.928268,3.52663,2.13985,2.07251,4.83875,3.40156,2.93844,0.0849066,3.08362,1.38942,1.32686,4.05349,5.07926,4.12133,2.43804
2017-01-27,2.74317,3.11509,2.45531,2.39869,3.78015,2.32861,2.09641,0.966564,3.67212,2.22813,2.15802,5.03838,3.40189,2.93872,0.0901946,3.27567,1.47595,1.40949,4.30594,5.07975,4.12173,2.46202
2017-02-03,2.74056,3.11212,2.45296,2.39641,3.77654,2.32884,2.09661,0.964231,3.66326,2.22275,2.15281,5.02622,3.40222,2.93901,0.0898514,3.2632,1.47034,1.40413,4.28955,5.08025,4.12213,2.466
2017-02-10,2.77763,3.15422,2.48614,2.42882,3.82763,2.32908,2.09683,0.990067,3.76141,2.28231,2.21049,5.16089,3.40257,2.93932,0.0934804,3.395,1.52972,1.46084,4.46281,5.08078,4.12256,2.48933
2017-02-17,2.83061,3.21439,2.53357,2.47515,3.90064,2.32932,2.09704,1.0277,3.9044,2.36907,2.29452,5.35708,3.40292,2.93962,0.0988466,3.58989,1.61754,1.5447,4.71899,5.0813,4.12298,2.52783
2017-02-24,2.84043,3.22553,2.54235,2.48374,3.91417,2.32951,2.09721,1.03448,3.93014,2.38469,2.30965,5.39239,3.40319,2.93985,0.0998189,3.6252,1.63345,1.55989,4.76541,5.0817,4.12331,2.54557
2017-03-03,2.857,3.24435,2.55719,2.49823,3.937,2.32978,2.09746,1.046,3.97391,2.41124,2.33537,5.45244,3.40359,2.9402,0.101466,3.68502,1.6604,1.58563,4.84404,5.0823,4.1238,2.56363
2017-03-10,2.86507,3.25351,2.56441,2.50528,3.94812,2.33011,2.09776,1.05143,3.99455,2.42377,2.3475,5.48077,3.40408,2.94062,0.102251,3.71351,1.67324,1.59789,4.88149,5.08302,4.12438,2.55579
2017-03-17,2.87758,3.26773,2.57561,2.51622,3.96537,2.33045,2.09806,1.06013,4.0276,2.44382,2.36692,5.52611,3.40457,2.94104,0.103512,3.75933,1.69388,1.61761,4.94173,5.08375,4.12497,2.55978
2017-03-24,2.85442,3.24142,2.55488,2.49597,3.93345,2.32841,2.09837,1.04237,3.96013,2.40288,2.32727,5.43354,3.39769,2.94147,0.100874,3.66351,1.65071,1.57638,4.81576,5.07053,4.12558,2.52554
2017-03-31,2.89266,3.28485,2.58911,2.52941,3.98614,2.34545,2.09868,1.06995,4.06491,2.46646,2.38885,5.57731,3.44655,2.94191,0.104891,3.8094,1.71644,1.63915,5.00754,5.1823,4.1262,2.54585
2017-04-07,2.8837,3.27467,2.58109,2.52157,3.9738,2.34582,2.099,1.06284,4.0379,2.45008,2.37298,5.54025,3.44709,2.94237,0.10384,3.77125,1.69926,1.62274,4.9574,5.1831,4.12684,2.54001
2017-04-14,2.84939,3.23572,2.55038,2.49158,3.92652,2.33555,2.09927,1.03728,3.94079,2.39115,2.3159,5.407,3.41627,2.94274,0.100106,3.63563,1.63815,1.56438,4.77912,5.11592,4.12736,2.51096
2017-04-21,2.89659,3.28931,2.59263,2.53285,3.99156,2.35035,2.11153,1.07131,4.07005,2.46958,2.39187,5.58436,3.45854,2.97621,0.105047,3.81506,1.71899,1.64159,5.01498,5.21291,4.2015,2.53343
2017-04-28,2.97154,3.37443,2.65971,2.59839,4.09485,2.35072,2.11186,1.1267,4.28052,2.59729,2.51555,5.87313,3.45908,2.97668,0.113256,4.11322,1.85334,1.76989,5.40693,5.21373,4.20216,2.57112
2017-05-05,3.00541,3.41289,2.69003,2.628,4.14152,2.35111,2.11221,1.15189,4.37621,2.65535,2.57179,6.00443,3.45966,2.97717,0.117053,4.25111,1.91547,1.82922,5.58818,5.2146,4.20286,2.58861
2017-05-12,3.02857,3.43919,2.71076,2.64826,4.17344,2.35151,2.11257,1.16915,4.44179,2.69514,2.61033,6.09441,3.46025,2.97769,0.119685,4.34669,1.95854,1.87035,5.71383,5.2155,4.20359,2.58084
2017-05-19,3.01197,3.42033,2.69589,2.63373,4.15055,2.35193,2.11294,1.1549,4.38765,2.66229,2.57852,6.02013,3.46086,2.97821,0.117353,4.26201,1.92038,1.83391,5.6025,5.21641,4.20432,2.5736
2017-05-26,3.08582,3.5042,2.762,2.69832,4.25233,2.35235,2.11332,1.21148,4.60258,2.7927,2.70482,6.31502,3.46148,2.97874,0.126044,4.57765,2.0626,1.96972,6.01743,5.21734,4.20507,2.61032
2017-06-02,3.13477,3.55978,2.80581,2.74112,4.31978,2.3527,2.11364,1.24956,4.74728,2.88051,2.78986,6.51356,3.462,2.97919,0.132002,4.79403,2.1601,2.06283,6.30186,5.21812,4.2057,2.63688
2017-06-09,3.05873,3.47343,2.73775,2.67462,4.21499,2.35315,2.11404,1.18828,4.51445,2.73923,2.65303,6.19411,3.46266,2.97976,0.122273,4.4407,2.0009,1.9108,5.8374,5.21912,4.20651,2.62868
2017-06-16,3.02696,3.43736,2.70932,2.64685,4.17122,2.34019,2.11445,1.16299,4.41836,2.68093,2.59656,6.06226,3.42276,2.98034,0.118357,4.29846,1.93681,1.84959,5.65043,5.13048,4.20733,2.63314
2017-06-23,3.09467,3.51425,2.76992,2.70605,4.26452,2.35977,2.11486,1.21448,4.61399,2.79963,2.71153,6.33067,3.47807,2.98091,0.126215,4.58385,2.0654,1.97239,6.02557,5.25497,4.20813,2.63846
2017-06-30,3.01579,3.42467,2.69932,2.63708,4.15582,2.31875,2.11527,1.15178,4.3758,2.6551,2.57155,6.00386,3.35603,2.98149,0.116407,4.22763,1.90489,1.81911,5.55731,4.98052,4.20895,2.62402
2017-07-07,3.01842,3.42766,2.70167,2.63938,4.15944,2.32077,2.11561,1.15288,4.37995,2.65762,2.57399,6.00956,3.35921,2.98197,0.116496,4.23089,1.90636,1.82051,5.5616,4.98436,4.20963,2.62739
2017-07-14,3.11395,3.53614,2.78717,2.72291,4.29109,2.33514,2.11604,1.2261,4.65814,2.82642,2.73748,6.39126,3.39992,2.98257,0.127715,4.63833,2.08994,1.99583,6.09719,5.077,4.21048,2.66483
2017-07-21,3.15755,3.58565,2.8262,2.76104,4.35117,2.33564,2.11649,1.25995,4.78674,2.90444,2.81305,6.56769,3.40065,2.98321,0.133016,4.83085,2.17669,2.07867,6.35026,5.07809,4.21138,2.67915
2017-07-28,3.15164,3.57894,2.82091,2.75587,4.34302,2.33615,2.11695,1.2545,4.76603,2.89188,2.80088,6.53928,3.40139,2.98386,0.13213,4.79866,2.16218,2.06482,6.30794,5.0792,4.2123,2.67948
2017-08-04,3.14747,3.57421,2.81718,2.75222,4.33728,2.33135,2.1174,1.2505,4.75085,2.88267,2.79195,6.51845,3.38625,2.98449,0.131481,4.7751,2.15157,2.05469,6.27698,5.04976,4.21318,2.6849
2017-08-11,3.11351,3.53564,2.78678,2.72253,4.29048,2.33182,2.11783,1.22235,4.64388,2.81776,2.72909,6.37169,3.38694,2.98509,0.126945,4.61036,2.07734,1.9838,6.06042,5.05079,4.21404,2.6492
2017-08-18,3.09445,3.514,2.76972,2.70586,4.26421,2.36142,2.14471,1.20611,4.58221,2.78034,2.69285,6.28706,3.47188,3.05995,0.124304,4.51443,2.03412,1.94252,5.93432,5.24554,4.37652,2.6339
2017-08-25,3.11066,3.53241,2.78423,2.72004,4.28656,2.36188,2.14513,1.21789,4.62695,2.80749,2.71914,6.34845,3.47255,3.06055,0.126075,4.57876,2.0631,1.9702,6.01889,5.24657,4.37738,2.65398
2017-09-01,3.19896,3.63268,2.86327,2.79725,4.40824,2.36235,2.14555,1.28704,4.88967,2.9669,2.87354,6.70893,3.47324,3.06115,0.136902,4.97196,2.24027,2.13939,6.53576,5.2476,4.37824,2.68957
2017-09-08,3.15974,3.58814,2.82816,2.76295,4.35419,2.36273,2.1459,1.25496,4.7678,2.89296,2.80192,6.54172,3.4738,3.06165,0.131775,4.78577,2.15638,2.05928,6.291,5.24845,4.37895,2.6759
2017-09-15,3.20028,3.63417,2.86444,2.7984,4.41005,2.36321,2.14633,1.28651,4.88763,2.96566,2.87234,6.70613,3.4745,3.06226,0.136729,4.96569,2.23745,2.13669,6.52751,5.24951,4.37984,2.71764
2017-09-22,3.16907,3.59874,2.83651,2.77111,4.36705,2.36368,2.14676,1.26086,4.79018,2.90654,2.81507,6.57242,3.4752,3.06288,0.132642,4.81726,2.17057,2.07283,6.3324,5.25056,4.38071,2.72037
2017-09-29,3.19389,3.62692,2.85872,2.79281,4.40124,2.36287,2.16346,1.27973,4.86189,2.95004,2.85721,6.6708,3.47059,3.10951,0.135573,4.9237,2.21853,2.11863,6.47231,5.24343,4.48472,2.73989
2017-10-06,3.24242,3.68202,2.90216,2.83524,4.46812,2.36336,2.16391,1.31813,5.00779,3.03857,2.94295,6.87099,3.4713,3.11015,0.141692,5.14592,2.31866,2.21425,6.76443,5.24451,4.48564,2.77413
2017-10-13,3.25735,3.69898,2.91553,2.8483,4.48869,2.36385,2.16436,1.3296,5.05137,3.06502,2.96856,6.93079,3.47203,3.1108,0.143531,5.21271,2.34875,2.24299,6.85223,5.2456,4.48658,2.78046
2017-10-20,3.26547,3.70821,2.9228,2.85541,4.49989,2.36435,2.16482,1.33553,5.07388,3.07868,2.9818,6.96168,3.47276,3.11146,0.144475,5.247,2.3642,2.25774,6.8973,5.24671,4.48753,2.80402
2017-10-27,3.32103,3.7713,2.97252,2.90398,4.57645,2.36486,2.16528,1.37947,5.24081,3.17996,3.07989,7.1907,3.47351,3.11212,0.151462,5.50075,2.47854,2.36693,7.23086,5.24784,4.48849,2.81056
2017-11-03,3.3656,3.82191,3.01242,2.94296,4.63787,2.36824,2.16576,1.41587,5.37909,3.26387,3.16116,7.38044,3.48244,3.11282,0.157459,5.71856,2.57668,2.46065,7.51718,5.2728,4.48949,2.81863
2017-11-10,3.37461,3.83214,3.02048,2.95083,4.65028,2.3688,2.16628,1.42263,5.40478,3.27945,3.17625,7.41568,3.48327,3.11355,0.158564,5.75868,2.59475,2.47791,7.56991,5.27405,4.49055,2.8147
2017-11-17,3.38054,3.83887,3.02579,2.95602,4.65845,2.35903,2.1668,1.42657,5.41977,3.28855,3.18506,7.43625,3.45348,3.11431,0.159162,5.78039,2.60454,2.48725,7.59846,5.20845,4.49164,2.8122
2017-11-24,3.43126,3.89647,3.07119,3.00037,4.72835,2.35832,2.16723,1.46889,5.58052,3.38609,3.27953,7.65682,3.45072,3.11493,0.166253,6.03793,2.72058,2.59807,7.937,5.20428,4.49254,2.83946
2017-12-01,3.3924,3.85234,3.0364,2.96639,4.67479,2.3589,2.16777,1.43444,5.44966,3.30669,3.20263,7.47726,3.45157,3.1157,0.160326,5.82269,2.62359,2.50545,7.65406,5.20556,4.49365,2.88417
2017-12-08,3.39701,3.85757,3.04053,2.97042,4.68114,2.35949,2.16831,1.4373,5.46052,3.31328,3.20901,7.49217,3.45243,3.11648,0.160747,5.83798,2.63049,2.51203,7.67416,5.20687,4.49477,2.89563
2017-12-15,3.46178,3.93113,3.09851,3.02706,4.77041,2.36009,2.16886,1.49155,5.66663,3.43833,3.33014,7.77496,3.45331,3.11727,0.169872,6.16938,2.7798,2.65463,8.10978,5.20819,4.49592,2.92139
2017-12-22,3.46286,3.93236,3.09947,3.02801,4.77189,2.36071,2.16943,1.4915,5.66643,3.43821,3.33002,7.77469,3.45422,3.11809,0.169821,6.16753,2.77897,2.65383,8.10735,5.20956,4.4971,2.93235
2017-12-29,3.42744,3.89213,3.06776,2.99703,4.72308,2.34803,2.1699,1.46038,5.54821,3.36648,3.26054,7.61247,3.41594,3.11877,0.164505,5.97444,2.69197,2.57075,7.85354,5.12498,4.49807,2.92522
2018-01-05,3.56298,4.04605,3.18909,3.11555,4.90986,2.41145,2.17038,1.57671,5.99015,3.63464,3.52026,8.21884,3.60039,3.11945,0.184401,6.69703,3.01756,2.88168,8.8034,5.54477,4.49905,2.99713
2018-01-12,3.61954,4.11027,3.2397,3.16501,4.98779,2.41212,2.17098,1.62605,6.1776,3.74837,3.63042,8.47604,3.60139,3.12031,0.193072,7.01195,3.15945,3.01718,9.21736,5.54631,4.5003,3.04646
2018-01-19,3.66024,4.1565,3.27614,3.2006,5.04389,2.41266,2.17146,1.66186,6.31365,3.83093,3.71038,8.66272,3.60219,3.12101,0.199432,7.24292,3.26352,3.11657,9.52098,5.54754,4.5013,3.07376
2018-01-26,3.76124,4.2712,3.36654,3.28892,5.18307,2.41333,2.17207,1.75307,6.66017,4.04119,3.91402,9.13816,3.60319,3.12187,0.215911,7.8414,3.53319,3.37409,10.3077,5.54908,4.50255,3.14139
2018-02-02,3.62218,4.11327,3.24207,3.16732,4.99143,2.41401,2.17268,1.62392,6.16951,3.74347,3.62567,8.46494,3.60421,3.12276,0.192299,6.98388,3.14681,3.00511,9.18047,5.55066,4.50383,3.01939
2018-02-09,3.43492,3.90062,3.07446,3.00357,4.73338,2.38215,2.08874,1.45255,5.51846,3.34843,3.24306,7.57166,3.49717,2.87778,0.161455,5.86368,2.64206,2.52309,7.70794,5.28208,3.97078,2.86647
2018-02-16,3.62988,4.04636,3.24896,3.17405,5.00205,2.43617,2.1361,1.61952,5.93114,3.73333,3.61585,8.44201,3.65483,3.00752,0.189776,6.53252,3.10551,2.96567,9.06,5.64263,4.24182,2.99373
2018-02-23,3.70051,4.12509,3.31218,3.23581,5.09938,2.43679,2.13665,1.68166,6.15871,3.87657,3.75458,8.76592,3.65576,3.00828,0.200663,6.90729,3.28367,3.13581,9.57977,5.64406,4.24289,3.01127
2018-03-02,3.65254,4.07162,3.26925,3.19387,5.03328,2.43757,2.13733,1.63615,5.99204,3.77166,3.65298,8.5287,3.65693,3.00924,0.192338,6.62073,3.14744,3.00572,9.18233,5.64586,4.24425,2.94956
2018-03-09,3.81032,4.24749,3.41046,3.33183,5.25069,2.43836,2.13802,1.77852,6.51346,4.09987,3.97085,9.27085,3.65812,3.01022,0.217787,7.49673,3.56389,3.40341,10.3973,5.6477,4.24563,3.05687
2018-03-16,3.76323,4.195,3.36832,3.29065,5.1858,2.43918,2.13875,1.73335,6.34802,3.99573,3.86999,9.03537,3.65935,3.01124,0.209443,7.2095,3.42734,3.27301,9.99891,5.64961,4.24707,3.01772
2018-03-23,3.49361,3.89445,3.12699,3.05489,4.81426,2.30537,2.02141,1.4901,5.45719,3.435,3.32691,7.76742,3.26256,2.68472,0.16643,5.7289,2.72348,2.60084,7.94546,4.74743,3.56886,2.83998
2018-03-30,3.52931,3.98723,3.15895,3.08611,4.86346,2.31281,2.02793,1.51561,5.70994,3.49381,3.38386,7.9004,3.27451,2.69456,0.169977,6.12745,2.78151,2.65626,8.11477,4.75821,3.57696,2.89611
2018-04-06,3.45217,3.98856,3.0391,3.01866,4.75716,2.31358,2.02861,1.44637,5.71185,3.22641,3.22926,7.53943,3.27561,2.69546,0.157968,6.1295,2.464,2.4686,7.54148,4.7598,3.57816,2.85836
2018-04-13,3.55664,3.9899,3.13107,3.11001,4.90112,2.31436,2.0293,1.53319,5.71377,3.42007,3.42309,7.99199,3.27671,2.69636,0.172201,6.13156,2.686,2.69102,8.22097,4.7614,3.57936,2.91812
2018-04-20,3.57714,3.92274,3.14911,3.12793,4.92937,2.31517,2.03,1.54861,5.51762,3.45447,3.45752,8.07237,3.27785,2.6973,0.174562,5.82284,2.72282,2.72791,8.33367,4.76306,3.58061,2.93419
2018-04-27,3.57251,3.82883,3.14504,3.12389,4.92299,2.36471,2.07345,1.54221,5.25159,3.44021,3.44325,8.03905,3.41668,2.81154,0.173223,5.40468,2.70195,2.707,8.26977,5.06744,3.80942,2.93364
2018-05-04,3.63378,3.82561,3.19898,3.17746,5.00742,2.36437,2.07315,1.59365,5.24061,3.55496,3.5581,8.30719,3.41447,2.80973,0.181788,5.39221,2.83554,2.84085,8.67867,5.06416,3.80696,2.9277
2018-05-11,3.73495,3.89804,3.28804,3.26592,5.14683,2.36523,2.0739,1.68205,5.43648,3.75215,3.75546,8.76797,3.41572,2.81075,0.19701,5.6975,3.07298,3.07873,9.40538,5.06601,3.80835,3.00286
2018-05-18,3.69087,3.85203,3.24923,3.22738,5.08609,2.36611,2.07467,1.64115,5.30427,3.6609,3.66413,8.55475,3.41698,2.81179,0.189779,5.48837,2.96019,2.96572,9.06016,5.06788,3.80976,2.98614
2018-05-25,3.74068,3.90402,3.29308,3.27094,5.15473,2.36698,2.07544,1.68446,5.44428,3.75753,3.76085,8.78055,3.41825,2.81283,0.197285,5.70544,3.07726,3.08302,9.41848,5.06976,3.81117,2.99516
2018-06-01,3.80724,3.97349,3.35168,3.32914,5.24645,2.36768,2.07605,1.74349,5.63507,3.88921,3.89264,9.08825,3.41926,2.81367,0.207628,6.00457,3.2386,3.24466,9.91229,5.07126,3.8123,3.01112
2018-06-08,3.84471,4.01259,3.38467,3.3619,5.29809,2.36857,2.07683,1.77647,5.74165,3.96276,3.96626,9.26014,3.42054,2.81472,0.213456,6.17309,3.32949,3.33572,10.1905,5.07316,3.81372,3.06163
2018-06-15,3.90069,4.07102,3.43395,3.41085,5.37523,2.36946,2.07761,1.82711,5.90531,4.07572,4.07932,9.5241,3.42182,2.81577,0.222568,6.43662,3.47163,3.47812,10.6255,5.07506,3.81515,3.06366
2018-06-22,3.87237,4.04147,3.40902,3.38609,5.33621,2.37034,2.07838,1.79923,5.81521,4.01354,4.01708,9.37879,3.4231,2.81683,0.217416,6.28763,3.39127,3.39761,10.3796,5.07696,3.81658,3.03724
2018-06-29,3.79131,3.95687,3.33766,3.31521,5.22451,2.36371,2.07257,1.72213,5.56603,3.84156,3.84495,8.97691,3.40114,2.79876,0.203307,5.87959,3.17119,3.17712,9.70598,5.02783,3.77965,2.99899
2018-07-06,3.87878,4.04815,3.41466,3.39169,5.34504,2.3789,2.08589,1.80054,5.81944,4.01646,4.02,9.38561,3.4436,2.8337,0.217141,6.27968,3.38698,3.39332,10.3664,5.12378,3.85178,3.04476
2018-07-13,3.96713,4.14036,3.49244,3.46895,5.46678,2.37981,2.08668,1.88151,6.08113,4.19707,4.20078,9.80767,3.44492,2.83478,0.231784,6.70316,3.61539,3.62215,11.0655,5.12574,3.85325,3.09086
2018-07-20,3.95344,4.12607,3.48038,3.45698,5.44791,2.38073,2.08749,1.86714,6.03472,4.16503,4.16871,9.7328,3.44625,2.83588,0.229077,6.62485,3.57315,3.57984,10.9363,5.12772,3.85474,3.09185
2018-07-27,3.92318,4.09449,3.45375,3.43052,5.40622,2.38165,2.0883,1.83625,5.93487,4.09612,4.09974,9.57177,3.44758,2.83697,0.223165,6.45389,3.48094,3.48745,10.654,5.1297,3.85623,3.11109
2018-08-03,3.97751,4.15119,3.50158,3.47803,5.48109,2.42981,2.08911,1.88531,6.09344,4.20556,4.20928,9.82752,3.58571,2.83808,0.231972,6.70858,3.61831,3.62508,11.0745,5.44127,3.85774,3.13519
2018-08-10,3.98723,4.16134,3.51013,3.48653,5.49448,2.42956,2.08994,1.89304,6.11841,4.2228,4.22653,9.86778,3.58355,2.8392,0.233325,6.74772,3.63942,3.64623,11.1391,5.43798,3.85926,3.13032
2018-08-17,3.97265,4.14612,3.4973,3.47378,5.4744,2.43053,2.09077,1.87755,6.06833,4.18824,4.19194,9.78702,3.58498,2.84034,0.230359,6.66195,3.59316,3.59988,10.9975,5.44015,3.86081,3.15133
2018-08-24,4.03052,4.20652,3.54825,3.52438,5.55414,2.43151,2.09162,1.93109,6.24141,4.30769,4.31149,10.0662,3.58642,2.84148,0.240206,6.94671,3.74675,3.75376,11.4676,5.44234,3.86236,3.17841
2018-08-31,4.12263,4.30264,3.62933,3.60492,5.68106,2.43251,2.09247,2.01848,6.52385,4.50262,4.5066,10.5217,3.58789,2.84265,0.256564,7.41978,4.0019,4.00939,12.2485,5.44457,3.86394,3.20937
2018-09-07,4.00026,4.17494,3.52161,3.49792,5.51244,2.42252,2.09316,1.89881,6.13707,4.23568,4.23942,9.89789,3.55706,2.84359,0.233955,6.76594,3.64925,3.65607,11.1692,5.37625,3.86522,3.17941
2018-09-14,4.06387,4.24133,3.57761,3.55354,5.6001,2.44137,2.1084,1.95792,6.32812,4.36753,4.37139,10.206,3.61022,2.88322,0.244853,7.0811,3.81923,3.82638,11.6894,5.49835,3.94909,3.21567
2018-09-21,4.05769,4.23487,3.57216,3.54814,5.59158,2.4424,2.10929,1.94974,6.30168,4.34929,4.35313,10.1634,3.61174,2.88443,0.243122,7.03103,3.79223,3.79932,11.6068,5.50066,3.95075,3.24255
2018-09-28,4.11101,4.29053,3.61911,3.59477,5.66506,2.44344,2.11018,1.99975,6.46329,4.46083,4.46477,10.424,3.61328,2.88566,0.252462,7.30115,3.93792,3.94528,12.0527,5.50301,3.95243,3.22845
2018-10-05,3.98622,4.16028,3.50924,3.48564,5.49309,2.44449,2.11109,1.87778,6.0691,4.18877,4.19247,9.78827,3.61483,2.8869,0.229488,6.63674,3.57956,3.58626,10.9559,5.50537,3.95413,3.19624
2018-10-12,3.85722,3.91503,3.30237,3.37284,5.31532,2.36419,2.05448,1.75156,5.35849,3.69832,3.91064,9.13029,3.36842,2.72405,0.20572,5.48722,2.95957,3.21484,9.8212,4.93017,3.6084,3.06443
2018-10-19,3.82845,3.91678,3.31222,3.38566,5.27568,2.4037,2.08881,1.72165,5.36089,3.71304,3.93251,8.97438,3.4765,2.81145,0.199985,5.48968,2.97508,3.23789,9.54738,5.16378,3.77938,3.06776
2018-10-26,3.68772,3.91855,3.15696,3.34594,5.08175,2.40479,2.08975,1.58958,5.36331,3.36339,3.82487,8.28594,3.47807,2.81272,0.176245,5.49216,2.55866,3.09019,8.41404,5.16611,3.78109,2.94649
2018-11-02,3.74791,3.92032,3.15838,3.34745,5.16469,2.40587,2.09069,1.63797,5.36573,3.36491,3.82659,8.53822,3.47964,2.81399,0.183868,5.49463,2.55981,3.09158,8.77796,5.16844,3.7828,3.01934
2018-11-09,3.79526,3.92211,3.10471,3.27882,5.22995,2.40697,2.09165,1.67616,5.36818,3.24882,3.66801,8.73728,3.48123,2.81528,0.189932,5.49714,2.42806,2.90379,9.06746,5.1708,3.78452,3.08453
2018-11-16,3.70631,3.9239,3.10458,3.17918,5.10737,2.40807,2.09261,1.59517,5.37063,3.24705,3.44329,8.31507,3.48282,2.81656,0.175934,5.49966,2.42674,2.63776,8.3992,5.17317,3.78625,3.03977
2018-11-23,3.52287,3.92536,3.10573,3.18036,4.85459,2.40896,2.09338,1.43803,5.37262,3.24826,3.44457,7.49597,3.48411,2.81761,0.150196,5.50169,2.42764,2.63873,7.17043,5.17508,3.78766,2.92339
2018-11-30,3.74769,3.92717,3.10716,3.18183,5.16439,2.41008,2.09435,1.6237,5.37511,3.24976,3.44616,8.46381,3.48572,2.81891,0.179768,5.50424,2.42876,2.63995,8.58224,5.17747,3.78941,3.0611
2018-12-07,3.57089,3.92863,3.10832,3.20199,5.0867,2.41097,2.09513,1.46864,5.3771,3.25096,3.48833,8.19069,3.48701,2.81996,0.153866,5.50628,2.42967,2.69059,8.14819,5.17939,3.79081,2.92695
2018-12-14,3.56425,3.93047,3.10977,3.20349,5.08908,2.4121,2.09611,1.46089,5.37962,3.25249,3.48997,8.19453,3.48865,2.82128,0.152428,5.50886,2.4308,2.69185,8.15201,5.18182,3.79259,2.89252
2018-12-21,3.26531,3.93229,3.11121,3.20497,5.09144,2.41322,2.09708,1.22216,5.38211,3.25399,3.49158,8.19832,3.49026,2.82258,0.116167,5.51141,2.43193,2.6931,8.15579,5.18422,3.79435,2.68859
2018-12-28,3.39448,3.93375,3.11237,3.20617,5.09333,2.41412,2.09786,1.31455,5.38412,3.25521,3.49289,8.20138,3.49156,2.82364,0.128812,5.51346,2.43284,2.6941,8.15883,5.18615,3.79576,2.76733
2019-01-04,3.46682,3.93522,3.11353,3.20736,5.09523,2.41502,2.09864,1.36637,5.38612,3.25642,3.49419,8.20443,3.49286,2.82469,0.135896,5.51552,2.43374,2.6951,8.16186,5.18808,3.79717,2.81916
2019-01-11,3.56579,3.93708,3.115,3.20887,5.09763,2.41615,2.09963,1.44397,5.38866,3.25795,3.49583,8.2083,3.49451,2.82602,0.147542,5.51812,2.43489,2.69637,8.16571,5.19053,3.79896,2.89277
2019-01-18,3.66698,3.93892,3.11646,3.21038,5.10002,2.41729,2.10061,1.52503,5.39119,3.25948,3.49747,8.21215,3.49615,2.82734,0.159966,5.52071,2.43603,2.69764,8.16954,5.19296,3.80074,2.97632
2019-01-25,3.66476,3.94038,3.11761,3.21157,5.10191,2.41818,2.10139,1.52135,5.39319,3.26069,3.49877,8.21519,3.49744,2.82839,0.159218,5.52275,2.43693,2.69864,8.17257,5.19489,3.80215,2.96872
2019-02-01,3.7158,3.94222,3.11907,3.21306,5.10429,2.41931,2.10237,1.56114,5.3957,3.26221,3.5004,8.21902,3.49907,2.82971,0.165206,5.52532,2.43807,2.69989,8.17638,5.19731,3.80392,3.01653
2019-02-08,3.74043,3.88406,3.12053,3.16791,5.10668,2.42044,2.10336,1.58004,5.23324,3.26373,3.40022,8.22286,3.50071,2.83103,0.168076,5.27759,2.43921,2.58609,8.1802,5.19974,3.8057,3.02111
2019-02-15,3.81544,3.96194,3.122,3.1694,5.10908,2.42158,2.10435,1.64242,5.43986,3.26527,3.40182,8.22674,3.50236,2.83237,0.178034,5.59026,2.44036,2.5873,8.18405,5.20219,3.8075,3.09818
2019-02-22,3.83652,3.98383,3.13178,3.18532,5.11102,2.4225,2.10514,1.65949,5.4964,3.28373,3.43376,8.22985,3.50369,2.83344,0.180771,5.67619,2.46167,2.62446,8.18715,5.20416,3.80894,3.11795
2019-03-01,3.8698,4.0184,3.15895,3.21296,5.11344,2.42365,2.10614,1.68702,5.58757,3.3382,3.49071,8.23376,3.50535,2.83478,0.185233,5.81631,2.52244,2.68925,8.19104,5.20663,3.81074,3.13225
2019-03-08,3.79835,3.9442,3.10062,3.15363,5.11587,2.4248,2.10714,1.62374,5.37798,3.21298,3.35978,8.23767,3.50701,2.83613,0.174824,5.48946,2.38069,2.53812,8.19493,5.2091,3.81255,3.06568
2019-03-15,3.95768,4.10965,3.23068,3.1988,5.1183,2.42595,2.10814,1.76046,5.83082,3.48352,3.45402,8.24157,3.50867,2.83747,0.197157,6.19073,2.68482,2.6472,8.19881,5.21157,3.81436,3.15603
2019-03-22,3.96955,4.12197,3.24037,3.20839,5.12073,2.4271,2.10914,1.76831,5.85684,3.49907,3.46943,8.2455,3.51035,2.83883,0.198207,6.22368,2.69911,2.66129,8.20272,5.21405,3.81618,3.13292
2019-03-29,3.994,4.14736,3.26033,3.22816,5.12315,2.42825,2.11014,1.78858,5.92397,3.53918,3.5092,8.24938,3.512,2.84016,0.201547,6.32858,2.7446,2.70614,8.20658,5.21651,3.81798,3.16916
2019-04-05,4.10516,4.26279,3.35107,3.318,5.17565,2.42938,2.11113,1.88765,6.25208,3.7352,3.70356,8.4135,3.51365,2.84149,0.218403,6.85786,2.97414,2.93246,8.45446,5.21895,3.81977,3.23748
2019-04-12,4.13117,4.2898,3.3723,3.33902,5.20844,2.43053,2.11212,1.91006,6.32632,3.77956,3.74754,8.51341,3.5153,2.84283,0.22224,6.97831,3.02638,2.98397,8.60296,5.2214,3.82156,3.25532
2019-04-19,4.16585,4.32581,3.40061,3.36705,5.25217,2.43144,2.11291,1.94105,6.42894,3.84086,3.80833,8.65151,3.51662,2.8439,0.227626,7.14745,3.09974,3.05629,8.81147,5.22337,3.823,3.25375
2019-04-26,4.23832,4.40106,3.45977,3.42563,5.34354,2.43259,2.11391,2.00727,6.64828,3.9719,3.93826,8.94667,3.51828,2.84524,0.239261,7.51279,3.25818,3.21252,9.26186,5.22583,3.8248,3.29178
2019-05-03,4.24855,4.41168,3.46812,3.43389,5.35643,2.43373,2.1149,2.01475,6.67307,3.98671,3.95294,8.98003,3.51993,2.84657,0.240434,7.54961,3.27415,3.22826,9.30726,5.22828,3.82659,3.29874
2019-05-10,4.11272,4.27064,3.35724,3.32411,5.18518,2.41731,2.1159,1.88565,6.24547,3.73125,3.69964,8.4046,3.47061,2.84791,0.217497,6.82939,2.9618,2.92029,8.41937,5.12245,3.82839,3.23221
2019-05-17,4.06914,4.22539,3.32167,3.28889,5.13024,2.41416,2.1658,1.84117,6.09815,3.64324,3.61238,8.20635,3.45313,2.98128,0.209218,6.56944,2.84906,2.80913,8.09889,5.07442,4.10193,3.20686
2019-05-24,3.96066,4.11274,3.23311,3.20121,4.99347,2.41527,2.16679,1.74184,5.76913,3.44667,3.41748,7.7636,3.45472,2.98265,0.192285,6.03773,2.61847,2.58177,7.44339,5.07674,4.10381,3.17253
2019-05-31,3.86707,4.07898,3.15671,3.12556,4.87547,2.38598,2.13172,1.65888,5.67119,3.28253,3.25473,7.39387,3.36886,2.88485,0.178587,5.88573,2.43194,2.39785,6.91315,4.8882,3.90331,3.08827
2019-06-07,4.02468,3.98657,3.25819,3.22603,5.07419,2.4162,2.15872,1.79246,5.41147,3.48878,3.45923,7.98921,3.44808,2.95268,0.200036,5.48604,2.66026,2.62298,7.74346,5.05329,4.03514,3.22716
2019-06-14,4.06025,4.01981,3.28698,3.25454,5.11903,2.41724,2.15966,1.82257,5.497,3.54739,3.51734,8.12343,3.44956,2.95396,0.204996,5.61663,2.72623,2.68802,7.93546,5.05547,4.03688,3.24522
2019-06-21,4.19208,4.15033,3.39371,3.36021,5.28524,2.41825,2.16056,1.94082,5.85366,3.77755,3.74556,8.6505,3.45101,2.95519,0.225119,6.16796,2.99383,2.95187,8.71441,5.05759,4.03857,3.31445
2019-06-28,4.16058,4.11914,3.3682,3.33496,5.24552,2.41924,2.16145,1.90977,5.76,3.71711,3.68562,8.51208,3.45243,2.95641,0.219586,6.01637,2.92025,2.87933,8.50024,5.05967,4.04023,3.30317
2019-07-05,4.25661,4.21421,3.44594,3.41193,5.36659,2.42006,2.16218,1.99731,6.02404,3.8875,3.85458,8.90228,3.4536,2.95741,0.234739,6.43155,3.12177,3.07802,9.08682,5.06138,4.0416,3.36473
2019-07-12,4.31186,4.26892,3.49067,3.45622,5.43625,2.42109,2.1631,2.04763,6.1758,3.98544,3.95168,9.12656,3.45506,2.95866,0.243551,6.67298,3.23896,3.19357,9.42792,5.06353,4.04331,3.38941
2019-07-19,4.25571,4.21333,3.44522,3.41122,5.36546,2.42208,2.16398,1.99302,6.0111,3.87916,3.8463,8.88316,3.45647,2.95987,0.233794,6.40564,3.1092,3.06563,9.05022,5.0656,4.04496,3.35018
2019-07-26,4.35107,4.30774,3.52242,3.48766,5.48569,2.42306,2.16486,2.08118,6.277,4.05075,4.01644,9.27611,3.45787,2.96107,0.249309,6.83074,3.31553,3.26907,9.65082,5.06765,4.0466,3.40475
2019-08-02,4.17417,4.1326,3.3792,3.34586,5.26265,2.38694,2.16573,1.91314,5.77016,3.72367,3.69213,8.5271,3.35319,2.96227,0.219534,6.01495,2.91956,2.87865,8.49823,4.83909,4.04823,3.29889
2019-08-09,4.15501,4.0413,3.36369,3.3305,5.2385,2.37598,2.23382,1.89034,5.50676,3.6793,3.64813,8.42549,3.31323,3.14718,0.214891,5.59614,2.85781,2.81776,8.31849,4.73674,4.42972,3.28761
2019-08-16,4.13251,4.07021,3.34548,3.31246,5.21013,2.37569,2.23355,1.86532,5.57937,3.63061,3.59986,8.314,3.31116,3.14521,0.210035,5.7127,2.79323,2.75409,8.1305,4.73378,4.42695,3.25639
2019-08-23,4.05653,3.96217,3.28397,3.25156,5.11434,2.37659,2.23439,1.79353,5.27808,3.49088,3.46131,7.99402,3.31242,3.1464,0.19755,5.2485,2.6272,2.59038,7.64722,4.73557,4.42862,3.21129
2019-08-30,4.17684,4.02124,3.38137,3.348,5.26602,2.4144,2.23525,1.89934,5.43305,3.69682,3.66551,8.46563,3.41593,3.14761,0.215108,5.48132,2.86069,2.8206,8.32687,4.96167,4.43032,3.29697
2019-09-06,4.26864,4.02992,3.45568,3.42158,5.38176,2.41513,2.23593,1.98146,5.45224,3.85666,3.82399,8.83164,3.41697,3.14857,0.228972,5.51551,3.04507,3.0024,8.86355,4.96317,4.43167,3.3601
2019-09-13,4.2898,4.0499,3.47282,3.43854,5.40844,2.41605,2.23677,1.99957,5.50207,3.89191,3.85894,8.91236,3.41826,3.14976,0.23204,5.58943,3.08588,3.04263,8.98234,4.96505,4.43334,3.39438
2019-09-20,4.25104,4.0133,3.44143,3.40747,5.35957,2.41696,2.23762,1.96197,5.39861,3.81872,3.78637,8.74477,3.41955,3.15095,0.225438,5.4304,2.99808,2.95606,8.72677,4.96692,4.43502,3.37823
2019-09-27,4.17544,3.94194,3.38024,3.34688,5.26426,2.37751,2.20109,1.89068,5.20244,3.67996,3.64879,8.42702,3.30666,3.04693,0.213079,5.1327,2.83372,2.79401,8.24836,4.72335,4.21753,3.34561
2019-10-04,4.21518,3.92,3.36142,3.37873,5.31436,2.37984,2.20326,1.92411,5.13877,3.63493,3.71331,8.57602,3.31114,3.05106,0.218469,5.03617,2.78043,2.86468,8.45698,4.73349,4.22659,3.33372
2019-10-11,4.26653,3.94377,3.40067,3.41989,5.3791,2.38062,2.20398,1.96898,5.19616,3.71594,3.79989,8.77599,3.31222,3.05205,0.22594,5.124,2.87261,2.96264,8.74619,4.73503,4.22796,3.35557
2019-10-18,4.27948,3.95574,3.41099,3.43027,5.39542,2.38139,2.20468,1.97922,5.22318,3.73527,3.81966,8.82163,3.31329,3.05303,0.227588,5.16139,2.89357,2.98426,8.81001,4.73656,4.22932,3.37472
2019-10-25,4.36766,4.03726,3.48127,3.50095,5.5066,2.38215,2.20539,2.05976,5.43573,3.88727,3.97509,9.18062,3.31435,3.05401,0.241486,5.47656,3.07026,3.16649,9.34798,4.73808,4.23068,3.41583
2019-11-01,4.43977,4.10391,3.53875,3.55875,5.59752,2.38289,2.20607,2.12652,5.61191,4.01326,4.10393,9.47818,3.31538,3.05496,0.253195,5.74212,3.21914,3.32003,9.80126,4.73954,4.23199,3.46725
2019-11-08,4.49246,4.15261,3.58074,3.60098,5.66394,2.3836,2.20674,2.17586,5.74213,4.10638,4.19916,9.69811,3.31637,3.05587,0.262005,5.9419,3.33114,3.43554,10.1423,4.74097,4.23326,3.49896
2019-11-15,4.52996,4.18728,3.61064,3.63105,5.71123,2.38432,2.20741,2.2109,5.8346,4.17251,4.26678,9.85428,3.31738,3.0568,0.268305,6.08479,3.41125,3.51816,10.3862,4.7424,4.23454,3.53124
2019-11-22,4.50585,4.16499,3.59142,3.61172,5.68083,2.38505,2.20808,2.18603,5.76898,4.12558,4.21879,9.74345,3.31838,3.05773,0.263745,5.98138,3.35327,3.45837,10.2097,4.74384,4.23583,3.52184
2019-11-29,4.57886,4.23247,3.64961,3.67024,5.77287,2.38564,2.20862,2.2559,5.95336,4.25744,4.35363,10.0549,3.3192,3.05848,0.276381,6.26794,3.51393,3.62406,10.6988,4.74501,4.23687,3.55978
2019-12-06,4.57662,4.23041,3.64783,3.66845,5.77005,2.41516,2.20928,2.25168,5.94222,4.24948,4.34548,10.036,3.40007,3.0594,0.275448,6.24677,3.50206,3.61182,10.6627,4.92045,4.23814,3.56612
2019-12-13,4.62551,4.2756,3.6868,3.70764,5.8317,2.40358,2.20995,2.29843,6.0656,4.33771,4.43571,10.2444,3.36626,3.06032,0.283993,6.44057,3.61071,3.72387,10.9935,4.84883,4.23942,3.59387
2019-12-20,4.72642,4.36888,3.76723,3.78852,5.95892,2.40431,2.21062,2.39804,6.32846,4.52569,4.62793,10.6884,3.36728,3.06125,0.302552,6.86146,3.84666,3.96722,11.7119,4.8503,4.2407,3.65035
2019-12-27,4.77918,4.41764,3.80928,3.83081,6.02543,2.40489,2.21115,2.45051,6.46693,4.62472,4.7292,10.9223,3.3681,3.06199,0.312472,7.08642,3.97278,4.09729,12.0959,4.85148,4.24173,3.67459
2020-01-03,4.79193,4.42943,3.81944,3.84103,6.04151,2.40546,2.21168,2.46147,6.49585,4.64539,4.75034,10.9711,3.36889,3.06271,0.314356,7.12916,3.99674,4.122,12.1688,4.85262,4.24273,3.66947
2020-01-10,4.88702,4.51733,3.89523,3.91725,6.16139,2.40617,2.21233,2.55819,6.75111,4.82794,4.93701,11.4022,3.36989,3.06362,0.332947,7.55078,4.23311,4.36578,12.8885,4.85406,4.24399,3.70703
2020-01-17,4.99777,4.6197,3.9835,4.00602,6.30102,2.4069,2.213,2.6732,7.0546,5.04498,5.15896,11.9148,3.37091,3.06454,0.355476,8.0617,4.51954,4.66119,13.7606,4.85553,4.24527,3.77805
2020-01-24,4.98255,4.60563,3.97138,3.99383,6.28184,2.40747,2.21353,2.65546,7.0078,5.01151,5.12473,11.8357,3.37171,3.06528,0.351867,7.97985,4.47365,4.61386,13.6209,4.85669,4.24628,3.74185
2020-01-31,4.90134,4.53056,3.90665,3.92873,6.17945,2.41799,2.21419,2.56564,6.77076,4.84199,4.95138,11.4354,3.39979,3.0662,0.333647,7.56664,4.242,4.37495,12.9155,4.92163,4.24756,3.66173
2020-02-07,5.12798,4.74006,4.08729,4.11039,6.46519,2.41872,2.21486,2.80446,7.401,5.2927,5.41227,12.4998,3.40082,3.06713,0.380802,8.63607,4.84154,4.99328,14.741,4.92312,4.24885,3.78089
2020-02-14,5.24969,4.85256,4.1843,4.20795,6.61864,2.41946,2.21554,2.93672,7.75004,5.54231,5.66752,13.0893,3.40185,3.06806,0.407866,9.24984,5.18563,5.34816,15.7886,4.92462,4.25014,3.84235
2020-02-21,5.15192,4.76219,4.10637,4.12958,6.49537,2.42005,2.21608,2.82541,7.45629,5.33224,5.45271,12.5932,3.40268,3.06881,0.384533,8.72068,4.88898,5.0422,14.8854,4.92582,4.25118,3.79546
2020-02-28,4.60444,4.25613,3.67,3.69075,5.80513,2.31164,2.1168,2.24377,5.92135,4.23455,4.33022,10.0008,3.09451,2.79088,0.269848,6.11978,3.43086,3.53839,10.4459,4.25431,3.67163,3.37185
2020-03-06,4.65411,4.35069,3.70959,3.73056,5.86775,2.35196,2.15372,2.27685,6.17417,4.29697,4.39405,10.1482,3.19134,2.87821,0.273249,6.51067,3.4741,3.58298,10.5775,4.43476,3.82737,3.3855
2020-03-13,4.3033,4.04665,3.30108,3.31974,5.42545,2.3521,2.15386,1.89457,5.31092,3.33904,3.41448,8.44435,3.19154,2.87839,0.198771,5.14833,2.31069,2.38311,7.6945,4.43504,3.82762,3.06523
2020-03-20,3.81914,4.0467,3.30112,3.31977,4.81504,2.35213,2.15388,1.45295,5.31098,3.33908,3.41452,6.47601,3.19158,2.87842,0.127553,5.14839,2.31071,2.38314,4.93763,4.43509,3.82766,2.61937
2020-03-27,4.15462,4.04665,3.30108,3.31973,5.23801,2.3521,2.15386,1.70355,5.31091,3.33904,3.41447,7.59296,3.19154,2.87839,0.159901,5.14833,2.31069,2.38311,6.18983,4.43504,3.82761,2.90123
2020-04-03,4.11135,4.04669,3.30111,3.31976,5.18345,2.35212,2.15388,1.66129,5.31096,3.33907,3.41451,7.40459,3.19157,2.87841,0.153085,5.14837,2.31071,2.38313,5.92598,4.43508,3.82765,2.84135
2020-04-10,4.5035,4.04678,3.30118,3.31984,5.67786,2.35218,2.15393,1.9831,5.31108,3.33915,3.41458,8.83893,3.19165,2.87848,0.198311,5.14849,2.31076,2.38318,7.67668,4.43518,3.82774,3.18492
2020-04-17,4.82703,4.15805,3.35298,3.55658,6.08576,2.35224,2.15399,2.27211,5.60417,3.44215,3.90839,10.1271,3.19173,2.87856,0.242378,5.57995,2.41779,2.90993,9.38253,4.4353,3.82784,3.28154
2020-04-24,4.79452,4.13478,3.3304,3.53263,6.04477,2.35229,2.15403,2.2349,5.52548,3.38578,3.84439,9.96126,3.19179,2.87861,0.235488,5.44607,2.34906,2.82722,9.11582,4.43538,3.82791,3.23952
2020-05-01,4.76986,4.11352,3.31327,3.51446,6.01368,2.35233,2.15406,2.20589,5.45374,3.34182,3.79448,9.83193,3.19185,2.87866,0.230082,5.32103,2.29513,2.7623,8.90652,4.43546,3.82798,3.23746
2020-05-08,5.0416,4.34787,3.50202,3.71468,6.08084,2.35238,2.15411,2.46207,6.08712,3.72993,4.23515,10.0507,3.19191,2.87872,0.271059,6.26871,2.70389,3.25427,9.20818,4.43555,3.82806,3.34794
2020-05-15,5.00595,4.31712,3.47726,3.68841,6.08097,2.35243,2.15415,2.42452,5.99429,3.67305,4.17057,10.0509,3.19198,2.87878,0.264543,6.11801,2.63889,3.17604,9.20839,4.43565,3.82814,3.27742
2020-05-22,5.14922,4.44068,3.57678,3.79397,6.03254,2.35248,2.1542,2.56231,6.33493,3.88178,4.40757,9.88861,3.19205,2.87885,0.287058,6.63871,2.86349,3.44635,8.98902,4.43575,3.82822,3.38228
2020-05-29,5.23218,4.51222,3.63441,3.8551,6.12973,2.35253,2.15425,2.64422,6.53746,4.00588,4.54848,10.2047,3.19212,2.87891,0.300831,6.95724,3.00088,3.61171,9.42032,4.43584,3.8283,3.48395
2020-06-05,5.37411,4.63462,3.73299,3.95967,6.296,2.35259,2.15431,2.78735,6.89132,4.22271,4.79468,10.7571,3.19221,2.87899,0.325355,7.52439,3.24551,3.90613,10.1883,4.43596,3.82841,3.6559
2020-06-12,5.28868,4.56095,3.67365,3.89673,6.19592,2.35267,2.15437,2.69039,6.65162,4.07583,4.62791,10.3829,3.19231,2.87908,0.307042,7.10086,3.06283,3.68627,9.61479,4.4361,3.82853,3.48269
2020-06-19,5.47612,4.72259,3.80385,4.03483,6.41552,2.35274,2.15444,2.88228,7.12604,4.36654,4.95799,11.1235,3.1924,2.87916,0.340257,7.86903,3.39416,4.08504,10.6549,4.43623,3.82865,3.54895
2020-06-26,5.39535,4.65294,3.74775,3.97533,6.32089,2.3528,2.1545,2.79329,6.90601,4.23171,4.8049,10.78,3.19249,2.87924,0.32397,7.49236,3.23169,3.8895,10.1449,4.43635,3.82875,3.45018
2020-07-03,5.6642,4.88479,3.9345,4.17341,6.63586,2.35285,2.15454,3.0758,7.60448,4.65971,5.29087,11.8703,3.19256,2.8793,0.373987,8.64908,3.73062,4.48999,11.7111,4.43645,3.82883,3.59023
2020-07-10,5.92878,5.11297,4.11828,4.36836,6.94583,2.35291,2.1546,3.36576,8.32137,5.09899,5.78965,12.9894,3.19264,2.87937,0.427544,9.88769,4.26488,5.13299,13.3882,4.43656,3.82893,3.65186
2020-07-17,5.82659,5.02484,4.0473,4.29306,6.8261,2.35297,2.15465,3.24795,8.03009,4.9205,5.58699,12.5347,3.19271,2.87944,0.404968,9.36559,4.03968,4.86195,12.6813,4.43666,3.82902,3.69935
2020-07-24,5.73989,4.95007,3.98708,4.22918,6.72453,2.35301,2.15469,3.1457,7.77728,4.76559,5.4111,12.1401,3.19278,2.8795,0.385026,8.90438,3.84074,4.62252,12.0568,4.43675,3.8291,3.68969
2020-07-31,5.96966,5.14822,4.14668,4.39848,6.99372,2.35306,2.15473,3.39837,8.40198,5.14838,5.84573,13.1152,3.19283,2.87955,0.431752,9.985,4.30685,5.1835,13.52,4.43683,3.82916,3.75455
2020-08-07,6.09723,5.25824,4.23529,4.49247,7.14317,2.3531,2.15477,3.54231,8.75784,5.36644,6.09333,13.6707,3.19289,2.8796,0.459143,10.6185,4.58008,5.51235,14.3777,4.43691,3.82923,3.84711
2020-08-14,6.11273,5.2716,4.24606,4.50389,7.16133,2.35614,2.15481,3.55569,8.79093,5.38671,6.11635,13.7223,3.20091,2.87966,0.461078,10.6632,4.59938,5.53558,14.4383,4.45806,3.8293,3.87321
2020-08-21,6.33082,5.45968,4.39755,4.66458,7.41683,2.35619,2.15485,3.81086,9.42181,5.77329,6.55529,14.7071,3.20097,2.87971,0.51123,11.8231,5.09967,6.1377,16.0088,4.45814,3.82937,3.90357
2020-08-28,6.57024,5.66616,4.56386,4.84099,7.69733,2.35623,2.15489,4.10098,10.1391,6.2128,7.05434,15.8268,3.20103,2.87976,0.57025,13.188,5.68841,6.84628,17.857,4.45822,3.82944,4.0312
2020-09-04,6.36922,5.4928,4.42422,4.69287,7.46182,2.35628,2.15493,3.83931,9.49216,5.81639,6.60423,14.8169,3.20109,2.87982,0.513718,11.8806,5.12448,6.16757,16.0867,4.45831,3.82952,3.9391
2020-09-11,6.07432,5.23848,4.21938,4.47559,7.11633,2.29212,2.09626,3.47779,8.59834,5.2687,5.98235,13.4217,3.02728,2.72345,0.440255,10.1816,4.39167,5.28559,13.7863,4.09933,3.52116,3.84125
2020-09-18,5.99392,5.16914,4.16353,4.41635,7.02214,2.36394,2.16193,3.38133,8.35985,5.12256,5.81642,13.0494,3.21795,2.89499,0.421337,9.74414,4.20296,5.05847,13.1939,4.49173,3.85823,3.81726
2020-09-25,6.09925,5.25998,4.2367,4.49396,7.14554,2.36398,2.16197,3.49362,8.63748,5.29268,6.00959,13.4828,3.21801,2.89504,0.441263,10.205,4.40173,5.2977,13.8178,4.49181,3.85829,3.79509
2020-10-02,6.16102,5.31325,4.2796,4.53947,7.2179,2.36402,2.16201,3.55809,8.79686,5.39035,6.12048,13.7316,3.21806,2.89509,0.452475,10.4643,4.51357,5.4323,14.1689,4.49189,3.85836,3.85408
2020-10-09,6.41706,5.53406,4.45746,4.72813,7.51787,2.36406,2.16205,3.85376,9.52787,5.83828,6.62908,14.8727,3.21812,2.89514,0.509061,11.7729,5.07803,6.11166,15.9409,4.49197,3.85843,4.00428
2020-10-16,6.47995,5.58829,4.50114,4.77446,7.59155,2.3641,2.16209,3.92437,9.70243,5.94524,6.75053,15.1452,3.21818,2.89519,0.52234,12.08,5.21049,6.27109,16.3567,4.49205,3.8585,4.00936
2020-10-23,6.39528,5.51527,4.44232,4.71207,7.49235,2.36568,2.16213,3.82021,9.44494,5.78746,6.57138,14.7432,3.22184,2.89524,0.501484,11.5977,5.00244,6.02069,15.7036,4.50202,3.85857,3.99193
2020-10-30,6.05029,5.21776,4.20269,4.45789,7.08818,2.21847,2.16216,3.40817,8.42622,5.16323,5.8626,13.153,2.82442,2.89529,0.420676,9.72886,4.19637,5.05053,13.1732,3.68259,3.85863,3.76981
2020-11-06,6.61696,5.36446,4.59631,4.87541,7.75206,2.36167,2.1622,4.06402,8.89947,6.15682,6.99077,15.6841,3.19346,2.89534,0.545627,10.5607,5.44279,6.55067,17.0859,4.41634,3.8587,4.04249
2020-11-13,6.5343,5.29745,4.53889,4.81451,7.65522,2.36171,2.16224,3.95659,8.6642,5.99406,6.80596,15.2695,3.19351,2.89539,0.523091,10.1245,5.21799,6.28011,16.3802,4.41642,3.85876,4.13416
2020-11-20,6.52195,5.28744,4.53031,4.80541,7.64075,2.36174,2.16227,3.93953,8.62686,5.96822,6.77662,15.2037,3.19356,2.89543,0.519551,10.0559,5.18267,6.2376,16.2694,4.41648,3.85882,4.10218
2020-11-27,6.71578,5.44458,4.66495,4.94822,7.86783,2.36177,2.16229,4.17488,9.14221,6.32475,7.18145,16.1119,3.1936,2.89547,0.566552,10.9656,5.65152,6.80188,17.7412,4.41653,3.85886,4.19846
2020-12-04,6.862,5.56312,4.76652,5.05595,8.03913,2.36181,2.16232,4.35653,9.54,6.59995,7.49392,16.813,3.19364,2.89551,0.603787,11.6863,6.02295,7.24892,18.9072,4.4166,3.85892,4.26981
2020-12-11,6.77957,5.49629,4.70926,4.99522,7.94256,2.36184,2.16235,4.24865,9.30378,6.43653,7.30836,16.3967,3.19369,2.89555,0.580983,11.245,5.79547,6.97514,18.1931,4.41666,3.85897,4.22882
2020-12-18,6.96396,5.64578,4.83735,5.13109,8.15859,2.36187,2.16238,4.48048,9.81142,6.78773,7.70713,17.2913,3.19373,2.89559,0.628972,12.1738,6.27418,7.55129,19.6958,4.41673,3.85903,4.28024
2020-12-25,6.96534,5.6469,4.8383,5.1321,8.1602,2.3619,2.16241,4.48091,9.81237,6.78838,7.70787,17.293,3.19377,2.89563,0.629029,12.1749,6.27474,7.55197,19.6976,4.41678,3.85908,4.27815
2021-01-01,7.05939,5.72315,4.90363,5.2014,8.27039,2.36193,2.16244,4.60114,10.0757,6.97052,7.91469,17.757,3.19381,2.89566,0.654432,12.6666,6.52815,7.85695,20.4931,4.41683,3.85912,4.33473
2021-01-08,7.17842,5.81965,4.98631,5.2891,8.40983,2.36197,2.16247,4.75052,10.4028,7.19684,8.17166,18.3335,3.19386,2.89571,0.685377,13.2655,6.83683,8.22846,21.4621,4.4169,3.85918,4.4203
2021-01-15,7.01709,5.68885,4.87425,5.17023,8.22083,2.362,2.1625,4.53639,9.93387,6.87244,7.80332,17.5071,3.19391,2.89575,0.63924,12.3725,6.3766,7.67456,20.0173,4.41697,3.85924,4.35583
2021-01-22,7.3222,5.93621,5.08619,5.39504,8.57828,2.36203,2.16253,4.93437,10.8054,7.47536,8.4879,19.043,3.19395,2.89578,0.72436,14.02,7.2257,8.69649,22.6828,4.41702,3.85929,4.43908
2021-01-29,7.07784,5.73811,4.91645,5.21499,8.292,2.36206,2.16255,4.60273,10.0791,6.97293,7.91743,17.7631,3.19398,2.89582,0.651195,12.6039,6.49586,7.81809,20.3917,4.41707,3.85933,4.29056
2021-02-05,7.45585,6.04457,5.17903,5.49351,8.73486,2.36208,2.16257,5.10084,11.1699,7.72755,8.77425,19.6855,3.19401,2.89584,0.75862,14.6831,7.56746,9.10781,23.7557,4.41711,3.85936,4.49508
2021-02-12,7.57038,6.13742,5.25858,5.5779,8.86904,2.36209,2.16258,5.25663,11.5111,7.96357,9.04224,20.2867,3.19403,2.89586,0.793544,15.3591,7.91583,9.52709,24.8493,4.41713,3.85938,4.55223
2021-02-19,7.4482,6.03836,5.17371,5.48787,8.7259,2.3621,2.16259,5.08677,11.1391,7.70623,8.75005,19.6312,3.19404,2.89587,0.755338,14.6196,7.53471,9.0684,23.6529,4.41715,3.8594,4.52197
2021-02-26,7.06839,5.73044,4.90988,5.20803,8.28093,2.30015,2.11217,4.5702,10.0079,6.92365,7.86146,17.6376,3.02372,2.7581,0.641157,12.4096,6.39572,7.69757,20.0774,4.06182,3.58133,4.40986
2021-03-05,6.94554,5.63085,4.82455,5.11751,8.137,2.33018,2.13975,4.40034,9.63595,6.66633,7.56929,16.9821,3.09936,2.82709,0.603484,11.6805,6.01993,7.24528,18.8977,4.21044,3.71237,4.44777
2021-03-12,7.09809,5.92749,4.93052,5.22991,8.31572,2.3302,2.13977,4.58125,10.6552,6.9404,7.88048,17.6803,3.09938,2.82711,0.638396,13.5701,6.36819,7.66443,19.9909,4.21047,3.71239,4.5687
2021-03-19,7.04589,5.88389,4.89426,5.19145,8.25457,2.3302,2.13977,4.50753,10.4838,6.82872,7.75367,17.3958,3.09938,2.82711,0.621945,13.2204,6.20408,7.46691,19.4758,4.21047,3.7124,4.53039
2021-03-26,7.11922,5.94513,4.94519,5.24548,8.34048,2.3302,2.13978,4.59649,10.6907,6.96349,7.9067,17.7391,3.09939,2.82712,0.639642,13.5965,6.38061,7.67938,20.0299,4.21048,3.71241,4.606
2021-04-02,7.3123,6.10636,5.07931,5.38774,8.56668,2.33021,2.13978,4.8455,11.2698,7.34072,8.33503,18.7001,3.09939,2.82713,0.691797,14.7052,6.90088,8.30555,21.6631,4.21049,3.71242,4.65985
2021-04-09,7.59481,6.34229,5.27555,5.5959,8.89766,2.33021,2.13978,5.22288,12.1475,7.91243,8.98418,20.1565,3.0994,2.82713,0.7736,16.444,7.71689,9.28766,24.2247,4.2105,3.71242,4.7864
2021-04-16,7.70521,6.43448,5.35223,5.67724,9.02699,2.33022,2.13979,5.37154,12.4933,8.13765,9.23991,20.7302,3.09941,2.82714,0.806291,17.1389,8.04299,9.68013,25.2484,4.21051,3.71243,4.85352
2021-04-23,7.64686,6.38575,5.3117,5.63424,8.95863,2.33022,2.13979,5.28623,12.2949,8.0084,9.09315,20.4009,3.09942,2.82715,0.786584,16.72,7.8464,9.44353,24.6313,4.21052,3.71244,4.84747
2021-04-30,7.61464,6.35885,5.28932,5.61051,8.92088,2.33023,2.1398,5.23959,12.1864,7.93775,9.01292,20.2209,3.09942,2.82715,0.776081,16.4968,7.74163,9.31743,24.3024,4.21053,3.71245,4.85399
2021-05-07,7.52925,6.28754,5.23001,5.54759,8.82085,2.36567,2.17234,5.1187,11.9053,7.75462,8.80499,19.7544,3.19369,2.91314,0.748845,15.9178,7.46994,8.99044,23.4495,4.40557,3.88442,4.91005
2021-05-14,7.3533,6.00497,5.10779,5.41795,8.61471,2.35451,2.16209,4.87154,10.841,7.38018,8.37983,18.8006,3.15971,2.88214,0.693273,13.8084,6.9156,8.32327,21.7094,4.33238,3.81988,4.84561
2021-05-21,7.36727,5.96529,5.11749,5.42824,8.63108,2.33905,2.1479,4.88633,10.6964,7.40258,8.40527,18.8576,3.11808,2.84417,0.695975,13.5458,6.94255,8.3557,21.794,4.24895,3.74632,4.82654
2021-05-28,7.52317,6.08853,5.22579,5.54311,8.81372,2.33906,2.14791,5.09228,11.1364,7.71458,8.75953,19.6524,3.11808,2.84417,0.740129,14.3914,7.383,8.88581,23.1766,4.24895,3.74633,4.88586
2021-06-04,7.5608,6.11898,5.25192,5.57083,8.8578,2.33906,2.14791,5.14007,11.241,7.78698,8.84174,19.8369,3.11809,2.84418,0.75015,14.5863,7.48296,9.00611,23.4904,4.24896,3.74634,4.91564
2021-06-11,7.68786,6.22181,5.34018,5.66446,9.00667,2.33907,2.14792,5.3121,11.6172,8.0476,9.13766,20.5008,3.1181,2.84419,0.788014,15.3225,7.86067,9.4607,24.6761,4.24898,3.74635,4.93552
2021-06-18,7.71918,6.24715,5.36194,5.68753,9.04335,2.33908,2.14793,5.35194,11.7043,8.10795,9.20618,20.6545,3.11811,2.8442,0.796494,15.4874,7.94525,9.56251,24.9416,4.249,3.74637,4.84209
2021-06-25,7.88218,6.37908,5.47517,5.80763,9.23432,2.3391,2.14794,5.57782,12.1983,8.45015,9.59473,21.5263,3.11814,2.84422,0.847277,16.4749,8.45183,10.1722,26.5319,4.24903,3.7464,4.97851
2021-07-02,8.08924,6.54665,5.61899,5.96019,9.4769,2.33912,2.14796,5.8713,12.8401,8.89476,10.0996,22.6589,3.11816,2.84424,0.914667,17.7853,9.12407,10.9813,28.6422,4.24906,3.74643,5.06149
2021-07-09,8.1427,6.58991,5.65612,5.99958,9.53952,2.33913,2.14798,5.94716,13.006,9.00969,10.2301,22.9517,3.11818,2.84426,0.932346,18.129,9.30042,11.1935,29.1957,4.24909,3.74645,5.08249
2021-07-16,8.06578,6.52767,5.6027,5.94291,9.44942,2.33915,2.14799,5.83282,12.756,8.83647,10.0334,22.5104,3.11821,2.84429,0.905439,17.6058,9.03201,10.8705,28.3532,4.24913,3.74648,5.03371
2021-07-23,8.30487,6.72116,5.76878,6.11907,9.72952,2.39798,2.17673,6.17924,13.5135,9.36128,10.6293,23.8473,3.2757,2.92026,0.986691,19.1857,9.84253,11.846,30.8975,4.57818,3.90095,5.13407
2021-07-30,8.22299,6.6549,5.7119,6.05874,9.6336,2.398,2.17674,6.05517,13.2422,9.17332,10.4159,23.3685,3.27573,2.92028,0.956915,18.6067,9.5455,11.4885,29.9651,4.57822,3.90098,5.11739
2021-08-06,8.30149,6.71842,5.76642,6.11658,9.72555,2.39802,2.17676,6.1689,13.4909,9.34561,10.6115,23.8074,3.27576,2.9203,0.983897,19.1314,9.81466,11.8124,30.81,4.57826,3.90101,5.16383
2021-08-13,8.31885,6.73248,5.77849,6.12937,9.7459,2.39804,2.17678,6.19254,13.5426,9.38143,10.6522,23.8987,3.27579,2.92033,0.989513,19.2406,9.87068,11.8798,30.9859,4.5783,3.90105,5.20386
2021-08-20,8.29427,6.71258,5.76141,6.11126,9.7171,2.4217,2.17681,6.1523,13.4546,9.32047,10.5829,23.7433,3.34021,2.92036,0.979477,19.0454,9.77056,11.7594,30.6716,4.71567,3.90109,5.17399
2021-08-27,8.4817,6.86427,5.89161,6.24936,9.93669,2.45671,2.17682,6.42929,14.0604,9.74009,11.0594,24.8123,3.43651,2.92039,1.04585,20.336,10.4326,12.5562,32.75,4.92198,3.90112,5.25439
2021-09-03,8.60643,6.96522,5.97825,6.34127,10.0828,2.45673,2.17684,6.61693,14.4707,10.0244,11.3822,25.5365,3.43654,2.92041,1.09179,21.2293,10.8909,13.1078,34.1886,4.92202,3.90115,5.28742
2021-09-10,8.49411,6.87431,5.90022,6.2585,9.95122,2.45675,2.17685,6.44326,14.0909,9.76126,11.0834,24.8662,3.43656,2.92043,1.04899,20.3971,10.464,12.5939,32.8484,4.92205,3.90118,5.19826
2021-09-17,8.43185,6.82393,5.85698,6.21263,9.87829,2.46721,2.18612,6.34597,13.8782,9.61387,10.9161,24.4908,3.46504,2.94463,1.02504,19.9314,10.2251,12.3064,32.0984,4.98799,3.95344,5.16761
2021-09-24,8.42991,6.82236,5.85563,6.2112,9.87601,2.51434,2.22789,6.33728,13.8592,9.60071,10.9011,24.4572,3.59749,3.05719,1.02202,19.8726,10.1949,12.2701,32.0037,5.27817,4.18343,5.197
2021-10-01,8.13298,6.58205,5.64938,5.99242,9.52814,2.51813,2.22679,5.89125,12.8837,8.92498,10.1339,22.7359,3.60769,3.05415,0.914699,17.7859,9.12439,10.9817,28.6431,5.3056,4.17927,5.08379
2021-10-08,8.15511,6.49182,5.66475,6.00873,9.55407,2.53637,2.24177,5.91695,12.5223,8.96392,10.1781,22.8351,3.6565,3.09224,0.919633,17.0429,9.1736,11.0409,28.7977,5.41027,4.25717,5.12617
2021-10-15,8.33079,6.4536,5.78678,6.13817,9.75988,2.53639,2.24179,6.16972,12.3717,9.34685,10.6129,23.8106,3.65653,3.09226,0.978503,16.7507,9.76085,11.7477,30.6411,5.41031,4.25721,5.21995
2021-10-22,8.4473,6.54386,5.86771,6.22402,9.89638,2.53641,2.24181,6.33994,12.713,9.60474,10.9057,24.4675,3.65656,3.09229,1.01891,17.4425,10.164,12.2328,31.9066,5.41036,4.25725,5.30483
2021-10-29,8.71849,6.75394,6.05608,6.42383,10.2141,2.53644,2.24184,6.74979,13.5349,10.2256,11.6107,26.0492,3.6566,3.09232,1.11891,19.1543,11.1614,13.4333,35.0378,5.41042,4.25729,5.37659
2021-11-05,9.00052,6.97242,6.25199,6.63163,10.5445,2.53646,2.24185,7.18928,14.4161,10.8914,12.3667,27.7453,3.65663,3.09235,1.22945,21.0467,12.2642,14.7605,38.4995,5.41046,4.25732,5.48523
2021-11-12,8.91245,6.9042,6.19082,6.56674,10.4413,2.5619,2.24187,7.04445,14.1257,10.672,12.1176,27.1864,3.72973,3.09237,1.19184,20.4028,11.8889,14.3089,37.3216,5.57544,4.25736,5.47048
2021-11-19,9.12223,7.0667,6.33653,6.7213,10.6871,2.56005,2.24189,7.37643,14.7914,11.175,12.6886,28.4676,3.72411,3.0924,1.27677,21.8567,12.7362,15.3286,39.9812,5.56565,4.25739,5.48945
2021-11-26,8.83342,6.84297,6.13592,6.50851,10.3487,2.56007,2.24191,6.91134,13.8588,10.4704,11.8886,26.6727,3.72414,3.09242,1.15702,19.8066,11.5416,13.8908,36.2311,5.56569,4.25742,5.37331
2021-12-03,8.6512,6.70181,6.00934,6.37425,10.1353,2.51995,2.24193,6.61829,13.2712,10.0264,11.3845,25.5417,3.60722,3.09245,1.08207,18.5237,10.794,12.9911,33.8843,5.30917,4.25746,5.30834
2021-12-10,8.9872,6.9621,6.24274,6.62181,10.5289,2.51997,2.24195,7.13115,14.2996,10.8034,12.2667,27.521,3.60725,3.09248,1.20804,20.6802,12.0506,14.5035,37.829,5.30923,4.2575,5.51111
2021-12-17,8.69139,6.73295,6.03726,6.40386,10.1823,2.51999,2.24197,6.65717,13.3491,10.0853,11.4514,25.6918,3.60728,3.09251,1.08712,18.6101,10.8443,13.0517,34.0424,5.30927,4.25754,5.40276
2021-12-24,8.97403,6.9519,6.23359,6.61211,10.5135,2.52001,2.24199,7.09,14.2171,10.741,12.1959,27.3622,3.60731,3.09253,1.19352,20.4316,11.9058,14.3292,37.3744,5.30932,4.25758,5.52882
2021-12-31,8.99506,6.96819,6.2482,6.62761,10.5381,2.52003,2.24201,7.11878,14.2748,10.7846,12.2454,27.4733,3.60734,3.09256,1.20025,20.5468,11.9729,14.41,37.5851,5.30936,4.25761,5.58005
2022-01-07,8.58832,6.6531,5.96566,6.32792,10.0616,2.49151,2.24204,6.47853,12.9909,9.81468,11.1441,25.0023,3.5254,3.09261,1.03982,17.8004,10.3725,12.4838,32.5611,5.13112,4.25768,5.47584
2022-01-14,8.59171,6.52477,5.96802,6.33042,10.0656,2.53939,2.28251,6.4756,12.4831,9.81026,11.1391,24.9911,3.66064,3.20411,1.03767,16.7657,10.351,12.458,32.4938,5.43011,4.49298,5.45974
2022-01-21,7.95142,6.52167,5.75273,5.85864,9.31543,2.46775,2.28256,5.53515,12.4709,9.10685,9.52134,21.3616,3.4538,3.20419,0.81781,16.7494,9.2515,9.81842,25.6091,4.97257,4.4931,5.14559
2022-01-28,7.95391,6.52189,5.75293,5.85592,9.31835,2.46852,2.28264,5.52789,12.4714,9.10716,9.51215,21.3336,3.44927,3.2043,0.814267,16.75,9.25183,9.80894,25.4982,4.95103,4.49325,5.19223
2022-02-04,8.09431,6.52215,5.75315,5.68654,9.48284,2.54627,2.28273,5.70569,12.4718,9.10752,8.95059,22.0198,3.6661,3.20443,0.849952,16.7506,9.25218,8.93019,26.6156,5.4203,4.49343,5.27153
2022-02-11,7.84674,6.52252,5.75349,5.5008,9.1928,2.54641,2.28286,5.34818,12.4726,9.10804,8.36515,20.64,3.66631,3.20461,0.768703,16.7516,9.25272,8.06277,24.0714,5.42061,4.49369,5.17473
2022-02-18,7.72126,6.52299,5.7539,5.49844,9.04579,2.54659,2.28303,5.16802,12.4734,9.10869,8.35738,19.9448,3.66657,3.20484,0.728349,16.7528,9.25338,8.05528,22.8077,5.421,4.49401,5.10153
2022-02-25,7.81757,6.52331,5.75418,5.49871,9.15863,2.54672,2.28314,5.28525,12.4741,9.10915,8.35779,20.3972,3.66675,3.205,0.750952,16.7536,9.25384,8.05568,23.5155,5.42127,4.49423,5.14289
2022-03-04,7.62607,6.52372,5.75454,5.49905,9.06123,2.54688,2.28328,5.02294,12.4748,9.10971,8.35831,19.9452,3.66698,3.2052,0.694755,16.7547,9.25441,8.05618,22.7245,5.42161,4.49451,5.07733
2022-03-11,7.33441,6.52417,5.75494,5.49944,9.06187,2.54706,2.28344,4.62922,12.4757,9.11035,8.3589,19.9466,3.66723,3.20542,0.611646,16.7558,9.25506,8.05674,22.7261,5.42198,4.49482,4.93518
2022-03-18,7.9469,6.52469,5.7554,5.49987,9.06259,2.54726,2.28362,5.41572,12.4767,9.11107,8.35956,19.9482,3.66753,3.20568,0.770459,16.7572,9.2558,8.05738,22.7279,5.42242,4.49518,5.23865
2022-03-25,8.13465,6.52533,5.75596,5.50041,9.06347,2.54751,2.28384,5.66644,12.4779,9.11196,8.36037,19.9501,3.66788,3.20599,0.823279,16.7588,9.2567,8.05817,22.7301,5.42294,4.49562,5.33493
2022-04-01,8.19124,6.4385,5.67937,5.42722,9.0644,2.54777,2.28408,5.7387,12.144,8.86813,8.13665,19.9521,3.66826,3.20632,0.838069,16.1021,8.894,7.74243,22.7325,5.4235,4.49608,5.33764
2022-04-08,7.90375,6.29298,5.68009,5.30455,9.06555,2.54809,2.28437,5.33204,11.5931,8.86925,7.76752,19.9547,3.66872,3.20672,0.748713,15.0216,8.89513,7.22288,22.7354,5.42419,4.49665,5.27459
2022-04-15,7.66108,6.2937,5.68074,5.30517,9.06659,2.54839,2.28463,5.00013,11.5944,8.87027,7.76842,19.957,3.66915,3.20709,0.678279,15.0233,8.89615,7.22371,22.738,5.42481,4.49717,5.15934
2022-04-22,7.36612,6.29469,5.68164,5.306,9.06802,2.54879,2.28499,4.61181,11.5962,8.87167,7.76964,19.9601,3.66972,3.2076,0.599084,15.0257,8.89755,7.22485,22.7416,5.42567,4.49787,5.02086
2022-04-29,7.09108,6.2957,5.68255,5.30685,9.06947,2.54919,2.28536,4.25016,11.5981,8.87309,7.77088,19.9633,3.67031,3.20811,0.525807,15.0281,8.89898,7.226,22.7452,5.42654,4.49859,4.8554
2022-05-06,7.00053,6.29673,5.68347,5.30772,9.07095,2.54961,2.28573,4.12264,11.6,8.87454,7.77215,19.9666,3.67091,3.20864,0.498941,15.0306,8.90043,7.22718,22.7489,5.42742,4.49933,4.84762
2022-05-13,6.83505,6.29783,5.68447,5.30864,9.07254,2.55006,2.28613,3.91243,11.602,8.87609,7.77351,19.9701,3.67155,3.2092,0.458424,15.0332,8.90198,7.22845,22.7529,5.42837,4.50012,4.73425
2022-05-20,6.53488,6.29908,5.6856,5.3097,9.07434,2.55056,2.28658,3.56214,11.6043,8.87785,7.77505,19.974,3.67228,3.20983,0.396048,15.0362,8.90375,7.22988,22.7574,5.42945,4.50101,4.59177
2022-05-27,6.99713,6.30036,5.68675,5.31078,9.07619,2.55108,2.28705,4.07112,11.6067,8.87966,7.77664,19.9781,3.67303,3.21049,0.481993,15.0392,8.90556,7.23135,22.762,5.43055,4.50192,4.89382
2022-06-03,6.93149,6.30146,5.68774,5.3117,9.07776,2.55153,2.28745,3.98753,11.6087,8.8812,7.77799,19.9816,3.67367,3.21105,0.466156,15.0419,8.90711,7.23261,22.766,5.4315,4.50271,4.8382
2022-06-10,6.5385,6.30299,5.68913,5.313,9.07998,2.55215,2.288,3.53836,11.6115,8.88337,7.77989,19.9864,3.67456,3.21183,0.388259,15.0455,8.90928,7.23438,22.7715,5.43282,4.50381,4.59378
2022-06-17,6.21819,6.30498,5.69092,5.31467,9.08283,2.55295,2.28872,3.1826,11.6152,8.88616,7.78233,19.9927,3.67572,3.21284,0.328613,15.0503,8.91209,7.23665,22.7787,5.43453,4.50522,4.33027
2022-06-24,6.68194,6.30652,5.69232,5.31598,9.08507,2.55358,2.28929,3.66628,11.618,8.88835,7.78425,19.9976,3.67662,3.21363,0.405146,15.054,8.91428,7.23843,22.7843,5.43587,4.50633,4.61693
2022-07-01,6.39889,6.3086,5.69419,5.31772,9.08805,2.55442,2.29004,3.35596,11.6219,8.89127,7.7868,20.0042,3.67783,3.21468,0.354079,15.0589,8.91721,7.24081,22.7918,5.43765,4.50781,4.51231
2022-07-08,6.69873,6.31039,5.69581,5.31923,9.09064,2.55514,2.29069,3.67317,11.6252,8.8938,7.78902,20.0099,3.67888,3.2156,0.404958,15.0632,8.91974,7.24287,22.7983,5.4392,4.50909,4.60025
2022-07-15,6.6198,6.31312,5.69827,5.32154,9.09457,2.55625,2.29168,3.58128,11.6302,8.89764,7.79239,20.0186,3.68047,3.21699,0.389254,15.0697,8.9236,7.246,22.8081,5.44155,4.51104,4.55835
2022-07-22,6.84932,6.31608,5.70094,5.32403,9.09883,2.55745,2.29275,3.82446,11.6356,8.90181,7.79604,20.0279,3.68219,3.2185,0.428402,15.0768,8.92778,7.2494,22.8188,5.4441,4.51316,4.67623
2022-07-29,7.15483,6.31905,5.70363,5.32653,9.10311,2.55865,2.29383,4.15974,11.6411,8.906,7.79971,20.0374,3.68393,3.22001,0.484111,15.0839,8.93198,7.25281,22.8296,5.44666,4.51528,4.87626
2022-08-05,7.29749,6.44628,5.70633,5.32906,9.10743,2.55986,2.29492,4.32054,12.0964,8.91022,7.80341,20.0469,3.68567,3.22154,0.511758,15.9636,8.93622,7.25625,22.8404,5.44925,4.51742,4.89377
2022-08-12,7.49345,6.61938,5.8169,5.33171,9.11197,2.56114,2.29606,4.54635,12.7286,9.25058,7.80729,20.0568,3.68751,3.22314,0.551258,17.1957,9.45057,7.25986,22.8518,5.45196,4.51967,5.0551
2022-08-19,7.32267,6.46851,5.63367,5.33443,9.1166,2.56244,2.29723,4.33536,12.1379,8.66578,7.81127,20.0671,3.68939,3.22478,0.512746,15.9944,8.56821,7.26356,22.8634,5.45474,4.52197,4.99639
2022-08-26,6.97293,6.15958,5.48499,5.3373,9.12151,2.56382,2.29847,3.91656,10.9654,8.20343,7.81547,20.0778,3.69137,3.22652,0.438186,13.6686,7.88454,7.26746,22.8757,5.45767,4.5244,4.79719
2022-09-02,6.69464,6.09858,5.48808,5.34031,9.12665,2.56527,2.29977,3.60537,10.7415,8.20805,7.81988,20.0892,3.69345,3.22834,0.386641,13.2531,7.88899,7.27156,22.8886,5.46075,4.52696,4.6425
2022-09-09,6.965,6.10141,5.49063,5.34279,9.13089,2.56646,2.30083,3.89617,10.7465,8.21186,7.82351,20.0985,3.69517,3.22984,0.433681,13.2593,7.89265,7.27494,22.8992,5.46328,4.52906,4.81246
2022-09-16,6.56196,5.80871,5.49399,5.34606,9.13649,2.56803,2.30224,3.44167,9.69885,8.2169,7.8283,20.1108,3.69743,3.23182,0.357694,11.3128,7.89749,7.2794,22.9133,5.46663,4.53183,4.58218
2022-09-23,6.25997,5.81233,5.49742,5.34939,9.14218,2.56963,2.30368,3.1265,9.70489,8.22202,7.83318,20.1234,3.69974,3.23383,0.309195,11.3198,7.90241,7.28394,22.9275,5.47004,4.53466,4.3729
2022-09-30,6.07252,5.81603,5.50092,5.3528,9.148,2.57127,2.30515,2.93468,9.71107,8.22725,7.83817,20.1362,3.70209,3.23589,0.28042,11.327,7.90744,7.28857,22.9421,5.47352,4.53755,4.2449
2022-10-07,6.11433,5.8198,5.50449,5.35627,9.15394,2.57294,2.30664,2.96328,9.71737,8.23259,7.84326,20.1492,3.70449,3.23799,0.283118,11.3344,7.91257,7.2933,22.957,5.47707,4.54049,4.31157
2022-10-14,5.92438,5.82382,5.50828,5.35997,9.16025,2.57471,2.30823,2.77432,9.72407,8.23827,7.84866,20.1631,3.70705,3.24022,0.255696,11.3422,7.91803,7.29833,22.9728,5.48085,4.54362,4.25025
2022-10-21,6.25793,5.82825,5.51248,5.36405,9.16722,2.57667,2.30999,3.08723,9.73148,8.24454,7.85464,20.1785,3.70987,3.24269,0.299345,11.3508,7.92406,7.30389,22.9903,5.48502,4.54708,4.44824
2022-10-28,6.38971,5.83281,5.51679,5.36824,9.1744,2.57869,2.3118,3.20794,9.73909,8.25099,7.86079,20.1943,3.71277,3.24523,0.315898,11.3597,7.93026,7.3096,23.0083,5.48931,4.55064,4.6233
2022-11-04,6.0139,5.83746,5.52119,5.37253,9.18171,2.58074,2.31364,2.83241,9.74686,8.25757,7.86705,20.2104,3.71573,3.24781,0.26111,11.3688,7.93658,7.31543,23.0267,5.49369,4.55427,4.47273
2022-11-11,6.54285,5.84216,5.52563,5.37685,9.1891,2.58282,2.3155,3.3297,9.7547,8.26422,7.87339,20.2266,3.71873,3.25043,0.330015,11.3779,7.94297,7.32132,23.0452,5.49812,4.55793,4.73609
2022-11-18,6.47151,5.84693,5.53015,5.38124,9.19661,2.58493,2.31739,3.25236,9.76267,8.27097,7.87982,20.2432,3.72176,3.25308,0.318247,11.3872,7.94946,7.3273,23.064,5.50261,4.56166,4.70661
2022-11-25,6.51922,5.8508,5.53381,5.3848,9.20269,2.58664,2.31893,3.29608,9.76913,8.27644,7.88503,20.2566,3.72423,3.25524,0.324372,11.3948,7.95472,7.33215,23.0793,5.50625,4.56467,4.78148
2022-12-02,6.64714,5.82847,5.51269,5.38931,9.2104,2.58881,2.32087,3.41535,9.68582,8.20586,7.89163,20.2735,3.72734,3.25796,0.340934,11.25,7.85369,7.33829,23.0986,5.51086,4.5685,4.83592
2022-12-09,6.40834,5.61189,5.30784,5.39378,9.21803,2.59095,2.32279,3.16781,8.9641,7.59442,7.89818,20.2903,3.73043,3.26066,0.303994,10.0058,6.98505,7.34437,23.1178,5.51542,4.57228,4.67393
2022-12-16,6.23134,5.61657,5.31227,5.39828,9.22572,2.59311,2.32473,2.98698,8.97158,7.60075,7.90476,20.3072,3.73355,3.26338,0.277531,10.0141,6.99088,7.3505,23.137,5.52002,4.5761,4.57588
2022-12-23,6.08933,5.62125,5.31669,5.40278,9.23341,2.59527,2.32667,2.8462,8.97905,7.60709,7.91135,20.3242,3.73666,3.2661,0.257631,10.0224,6.9967,7.35662,23.1563,5.52463,4.57991,4.57158
2022-12-30,6.06474,5.62507,5.3203,5.40644,9.23967,2.59703,2.32825,2.818,8.98514,7.61225,7.91672,20.338,3.73919,3.26832,0.253376,10.0292,7.00145,7.36161,23.172,5.52837,4.58302,4.56585
2023-01-06,6.12213,5.62901,5.32403,5.41023,9.24615,2.59885,2.32988,2.86593,8.99144,7.61758,7.92226,20.3522,3.74181,3.27061,0.259388,10.0363,7.00635,7.36677,23.1883,5.53225,4.58623,4.63331
2023-01-13,6.39931,5.63405,5.3288,5.41507,9.25443,2.60118,2.33196,3.12619,8.99949,7.6244,7.92936,20.3704,3.74516,3.27354,0.295193,10.0453,7.01263,7.37337,23.209,5.5372,4.59034,4.75771
2023-01-20,6.43826,5.50261,5.33262,5.41896,9.26107,2.60305,2.33364,3.15825,8.57478,7.62987,7.93505,20.3851,3.74785,3.27589,0.299215,9.34476,7.01766,7.37866,23.2257,5.54118,4.59363,4.72643
2023-01-27,6.74755,5.63981,5.47776,5.42385,9.26943,2.6054,2.33574,3.46166,8.99334,8.03852,7.94222,20.4035,3.75124,3.27884,0.342748,10.0313,7.58441,7.38532,23.2467,5.54618,4.59778,4.84344
2023-02-03,6.97349,5.82865,5.66118,5.48091,9.27777,2.60774,2.33785,3.6834,9.56942,8.55343,8.08356,20.4218,3.75461,3.28179,0.374613,10.9639,8.28951,7.56729,23.2676,5.55117,4.60191,4.92307
2023-02-10,6.8259,5.70529,5.54136,5.36491,9.28622,2.61012,2.33997,3.52158,9.149,8.17765,7.72842,20.4404,3.75803,3.28478,0.34956,10.2307,7.73512,7.0612,23.2888,5.55622,4.6061,4.87161
2023-02-17,6.85916,5.73309,5.56836,5.39104,9.29481,2.61253,2.34214,3.54892,9.22002,8.24113,7.78842,20.4593,3.7615,3.28782,0.353077,10.3336,7.81296,7.13225,23.3103,5.56136,4.61036,4.8623
2023-02-24,6.64711,5.55585,5.39622,5.22439,9.30173,2.5909,2.34388,3.32641,8.64196,7.72444,7.3001,20.4746,3.69496,3.29027,0.319812,9.36004,7.07688,6.4603,23.3277,5.41219,4.6138,4.7324
2023-03-03,6.82545,5.70491,5.54099,5.36455,9.31043,2.66041,2.34607,3.50097,9.09545,8.12978,7.68318,20.4937,3.88886,3.29334,0.34487,10.0934,7.63136,6.96648,23.3495,5.83624,4.61811,4.82565
2023-03-10,6.57195,5.49303,5.3352,5.16531,9.31934,2.66163,2.34832,3.2394,8.4159,7.52238,7.10915,20.5133,3.88869,3.2965,0.306485,8.96999,6.78197,6.19109,23.3718,5.83599,4.62253,4.6074
2023-03-17,6.95482,5.81304,5.64602,5.3391,9.78667,2.66403,2.35044,3.61902,9.40215,8.40392,7.58135,22.5702,3.8922,3.29947,0.361106,10.5686,7.99062,6.81459,26.9292,5.84125,4.6267,4.67388
2023-03-24,7.09173,5.92748,5.75716,5.44421,9.97933,2.66642,2.35255,3.75641,9.75908,8.72295,7.86916,23.4271,3.89569,3.30243,0.381397,11.1625,8.43964,7.19752,28.4425,5.8465,4.63086,4.74291
2023-03-31,7.32075,6.1189,5.94309,5.62002,10.3016,2.66887,2.35471,3.99518,10.3794,9.27742,8.36935,24.9162,3.89927,3.30546,0.417705,12.2251,9.24307,7.8827,31.1501,5.85186,4.6351,4.90639
2023-04-07,7.25505,6.06399,5.88975,5.56959,10.2092,2.67085,2.35645,3.91933,10.1823,9.10128,8.21046,24.4431,3.90216,3.30792,0.405629,11.8716,8.97584,7.65481,30.2495,5.85621,4.63855,4.90399
2023-04-14,7.26691,6.0739,5.89938,5.5787,10.2259,2.66655,2.35873,3.92529,10.1978,9.11513,8.22295,24.4803,3.8856,3.31111,0.40608,11.8849,8.98583,7.66332,30.2832,5.81908,4.64303,4.94318
2023-04-21,7.22221,6.03653,5.86309,5.54437,10.1629,2.66784,2.36106,3.87196,10.0593,8.99128,8.11122,24.1477,3.88554,3.31438,0.397615,11.6371,8.79851,7.50357,29.6519,5.81899,4.64761,4.94006
2023-04-28,7.35793,6.14998,5.97327,5.64857,10.3539,2.71662,2.44223,4.00914,10.4157,9.30985,8.39861,25.0033,4.01917,3.53981,0.418033,12.2347,9.25031,7.88888,31.1745,6.11163,5.12442,4.98477
2023-05-05,7.36546,6.15627,5.97938,5.65435,10.3645,2.71797,2.44345,4.00991,10.4177,9.31164,8.40022,25.0081,4.01916,3.5398,0.417613,12.2224,9.24103,7.88097,31.1433,6.11162,5.12441,4.94521
2023-05-12,7.41428,6.19707,6.01901,5.69182,10.4332,2.7207,2.4459,4.05725,10.5407,9.42156,8.49939,25.3033,4.0232,3.54336,0.42472,12.4304,9.39828,8.01507,31.6732,6.11776,5.12956,4.93275
2023-05-19,7.67614,6.41595,6.2316,5.89286,10.8017,2.72344,2.44837,4.34115,11.2782,10.0808,9.09411,27.0738,4.02725,3.54693,0.469511,13.7413,10.3894,8.86034,35.0135,6.12392,5.13472,5.017
2023-05-26,7.94737,6.64265,6.45178,6.10107,11.1834,2.72622,2.45086,4.64089,12.057,10.7769,9.72204,28.9432,4.03136,3.55055,0.517684,15.1512,11.4554,9.76945,38.606,6.13017,5.13996,5.03378
2023-06-02,8.08994,6.76181,6.56752,6.21052,11.384,2.72847,2.45289,4.80272,12.4774,11.1526,10.061,29.9524,4.03469,3.55348,0.544603,15.939,12.0511,10.2774,40.6134,6.13523,5.14421,5.12846
2023-06-09,8.08652,6.75895,6.56475,6.20789,11.3792,2.73125,2.45539,4.79017,12.4448,11.1235,10.0347,29.8742,4.0388,3.5571,0.541837,15.8581,11.9899,10.2252,40.4072,6.14148,5.14945,5.15219
2023-06-16,8.39287,7.01501,6.81345,6.44307,11.8103,2.734,2.45786,5.15049,13.3809,11.9602,10.7896,32.1214,4.04287,3.56068,0.603342,17.6582,13.3509,11.3859,44.9939,6.14767,5.15464,5.28633
2023-06-23,8.28126,6.92172,6.72284,6.35739,11.6532,2.73623,2.45986,5.00701,13.0081,11.627,10.489,31.2265,4.04615,3.56358,0.577712,16.908,12.7837,10.9023,43.0825,6.15267,5.15883,5.21114
2023-06-30,8.43842,7.05308,6.85042,6.47804,11.8744,2.73903,2.46238,5.1884,13.4794,12.0483,10.869,32.3578,4.0503,3.56723,0.608469,17.8082,13.4643,11.4827,45.3762,6.15898,5.16412,5.33228
2023-07-07,8.36578,6.99237,6.79146,6.42228,11.7722,2.74129,2.46441,5.09368,13.2333,11.8283,10.6706,31.767,4.05364,3.57017,0.591588,17.3142,13.0908,11.1641,44.1173,6.16405,5.16838,5.27538
2023-07-14,8.65884,7.23732,7.02937,6.64726,12.1845,2.74413,2.46697,5.44718,14.1517,12.6492,11.4111,33.9717,4.05785,3.57388,0.653492,19.1259,14.4606,12.3323,48.7338,6.17045,5.17374,5.40445
2023-07-21,8.58027,7.17164,6.96558,6.58694,12.074,2.74699,2.46954,5.33781,13.8675,12.3952,11.182,33.2896,4.06207,3.5776,0.632905,18.5234,14.0051,11.9438,47.1985,6.17687,5.17912,5.43934
2023-07-28,8.75958,7.32152,7.11115,6.72459,12.3263,2.74986,2.47212,5.55376,14.4286,12.8967,11.6344,34.6363,4.06631,3.58133,0.671008,19.6386,14.8482,12.6629,50.04,6.18332,5.18453,5.49636
2023-08-04,8.49826,7.1031,6.89901,6.52398,11.9586,2.73789,2.4747,5.21751,13.555,12.1159,10.93,32.5393,4.02645,3.58507,0.610194,17.8587,13.5025,11.5152,45.5049,6.09232,5.18994,5.37474
2023-08-11,8.36578,6.99237,6.79146,6.42228,11.7722,2.69521,2.47728,5.04775,13.114,11.7216,10.5743,31.4806,3.89544,3.58882,0.580098,16.9779,12.8365,10.9473,43.2604,5.79183,5.19537,5.36079
2023-08-18,8.18053,6.83753,6.64106,6.28006,11.5115,2.69688,2.47988,4.81787,12.5167,11.1878,10.0928,30.0469,3.89481,3.59258,0.540268,15.8122,11.9552,10.1956,40.2902,5.78832,5.20081,5.25072
2023-08-25,8.31507,6.94998,6.75029,6.38335,11.7008,2.73543,2.48249,4.96591,12.9013,11.5316,10.4029,30.9702,4.00135,3.59636,0.564216,16.5131,12.4851,10.6476,42.0761,6.02822,5.20628,5.29246
2023-09-01,8.62504,7.20906,7.00193,6.62131,12.137,2.73831,2.4851,5.33304,13.8551,12.3841,11.172,33.2598,4.00556,3.60014,0.627132,18.3544,13.8773,11.8349,46.768,6.03457,5.21176,5.42743
2023-09-08,8.5106,7.11341,6.90902,6.53345,11.9759,2.74061,2.48719,5.18617,13.4736,12.0431,10.8643,32.3439,4.00893,3.60317,0.601046,17.591,13.3001,11.3426,44.8226,6.03964,5.21614,5.35922
2023-09-15,8.47017,7.07962,6.8762,6.50241,11.919,2.74116,2.4898,5.12681,13.3194,11.9052,10.74,31.9737,4.00485,3.60696,0.589893,17.2645,13.0533,11.1321,43.9909,6.03103,5.22163,5.35217
2023-09-22,8.18734,6.84322,6.64659,6.28529,11.521,2.74248,2.49243,4.78092,12.4207,11.102,10.0154,29.8165,4.00426,3.61076,0.530481,15.5257,11.7386,10.011,39.5603,6.0296,5.22713,5.19585
2023-09-29,8.19557,6.84701,6.65328,6.29161,11.5326,2.74524,2.49369,4.78254,12.4214,11.1058,10.0188,29.8266,4.00562,3.6084,0.53023,15.5266,11.733,10.0062,39.5416,6.02673,5.21949,5.16036
2023-10-06,8.34266,6.85426,6.77269,6.40453,11.7396,2.74677,2.49508,4.94493,12.4346,11.4829,10.359,30.8394,4.00585,3.60861,0.556492,15.543,12.3142,10.5018,41.5,6.02708,5.21979,5.18522
2023-10-13,8.35593,6.82838,6.78346,6.41471,11.7583,2.74968,2.49773,4.95261,12.3218,11.5007,10.375,30.8873,4.01009,3.61243,0.557283,15.3263,12.3317,10.5167,41.559,6.03346,5.22532,5.20888
2023-10-20,8.11162,6.74391,6.58512,6.22716,11.4145,2.75258,2.50036,4.65795,11.9992,10.8165,9.75778,29.0496,4.01433,3.61625,0.507553,14.7341,11.2312,9.57826,37.8504,6.03984,5.23084,5.08443
2023-10-27,7.89911,6.75101,6.38011,6.06402,11.1155,2.71794,2.462,4.40611,12.0118,10.129,9.23021,27.479,3.90626,3.4995,0.465903,14.7496,10.1602,8.79227,34.7445,5.7939,4.97642,4.95755
2023-11-03,8.41152,6.7581,6.45731,6.45739,11.8365,2.80802,2.46458,4.98534,12.0244,10.3629,10.4436,31.0914,4.16267,3.50318,0.559751,14.7651,10.512,10.5633,41.7431,6.37285,4.98165,5.24739
2023-11-10,8.65582,6.92415,6.64486,6.64494,12.1803,2.81095,2.46716,5.26877,12.5988,10.9521,11.0374,32.859,4.16701,3.50683,0.607302,15.8214,11.4049,11.4607,45.2891,6.37951,4.98685,5.31885
2023-11-17,8.83082,7.06414,6.77921,6.77928,12.4265,2.81388,2.46973,5.47425,13.0901,11.3792,11.4678,34.1405,4.17136,3.51049,0.642446,16.7369,12.0649,12.1239,47.91,6.38616,4.99205,5.44174
2023-11-24,8.9102,7.12763,6.84014,6.84022,12.5382,2.81623,2.47179,5.5661,13.3098,11.5702,11.6602,34.7133,4.17483,3.51342,0.658243,17.1485,12.3616,12.422,49.088,6.39148,4.99621,5.49619
2023-12-01,8.92004,7.1355,6.84769,6.84777,12.5521,2.81916,2.47436,5.57087,13.3212,11.5801,11.6702,34.7431,4.17918,3.51707,0.658753,17.1618,12.3712,12.4316,49.1261,6.39813,5.00141,5.54206
2023-12-08,8.97105,7.17631,6.88685,6.88693,12.6239,2.82209,2.47693,5.62541,13.4516,11.6935,11.7845,35.0832,4.18352,3.52073,0.6678,17.3975,12.5411,12.6024,49.8008,6.40478,5.0066,5.55534
2023-12-15,9.27232,7.4173,7.11813,7.11821,13.0478,2.82502,2.4795,5.99984,14.3469,12.4718,12.5688,37.4183,4.18786,3.52438,0.734893,19.1454,13.8011,13.8685,54.8042,6.41143,5.0118,5.68852
2023-12-22,9.36052,7.48786,7.18584,7.18592,13.1719,2.82794,2.48207,6.10385,14.5957,12.688,12.7867,38.0671,4.1922,3.52803,0.753248,19.6236,14.1458,14.2149,56.173,6.41807,5.017,5.74088
2023-12-29,9.39158,7.51271,7.20969,7.20977,13.2156,2.83028,2.48413,6.13759,14.6763,12.7581,12.8574,38.2774,4.19567,3.53095,0.759147,19.7772,14.2566,14.3262,56.613,6.42338,5.02115,5.761
2024-01-05,9.09873,7.27844,6.98487,6.98495,12.8035,2.81881,2.47405,5.75206,13.7544,11.9567,12.0498,35.873,4.15764,3.49895,0.688015,17.9241,12.9207,12.9838,51.3083,6.33661,4.95332,5.67143
2024-01-12,9.3925,7.51345,7.21039,7.21048,13.2169,2.8831,2.53048,6.11865,14.631,12.7187,12.8177,38.1593,4.34271,3.65469,0.753971,19.6424,14.1593,14.2285,56.227,6.76038,5.28457,5.77761
2024-01-19,9.65898,7.72661,7.41496,7.41505,13.5919,2.88548,2.53257,6.46011,15.4475,13.4285,13.533,40.2889,4.34629,3.65771,0.816937,21.2828,15.3418,15.4168,60.9226,6.76596,5.28894,5.8473
2024-01-26,9.7193,7.77486,7.46127,7.46135,13.6768,2.88846,2.53519,6.53187,15.6191,13.5777,13.6834,40.7364,4.35078,3.66149,0.83009,21.6254,15.5888,15.665,61.9035,6.77295,5.2944,5.90766
2024-02-02,9.83855,7.87026,7.55282,7.5529,13.8446,2.89144,2.5378,6.67794,15.9684,13.8813,13.9894,41.6474,4.35527,3.66527,0.856457,22.3123,16.084,16.1626,63.8698,6.77994,5.29987,5.99178
2024-02-09,10.0229,8.01775,7.69436,7.69445,14.1041,2.89444,2.54044,6.92005,16.5474,14.3846,14.4965,43.1573,4.35979,3.66907,0.902756,23.5185,16.9535,17.0363,67.3225,6.78697,5.30536,6.0748
2024-02-16,9.87433,7.89888,7.58028,7.58037,13.8949,2.89744,2.54307,6.70423,16.0313,13.936,14.0445,41.8114,4.36431,3.67287,0.859819,22.3999,16.1471,16.226,64.1205,6.79401,5.31086,6.05432
2024-02-23,10.0167,8.0128,7.68961,7.68969,14.0954,2.88926,2.54518,6.8856,16.465,14.313,14.4244,42.9425,4.33578,3.67592,0.893455,23.2762,16.7788,16.8608,66.6289,6.72803,5.31527,6.1554
2024-03-01,10.2192,8.17479,7.84506,7.84515,14.3803,2.89081,2.54783,7.15505,17.1093,14.8731,14.9889,44.6229,4.33595,3.67974,0.945515,24.6325,17.7565,17.8432,70.5112,6.72829,5.3208,6.21601
2024-03-08,10.0681,8.05389,7.72904,7.72913,14.1676,2.89381,2.55047,6.93002,16.5712,14.4053,14.5174,43.2195,4.34045,3.68356,0.8997,23.4389,16.8961,16.9786,67.0946,6.73527,5.32632,6.20231
2024-03-15,9.95115,7.96033,7.63926,7.63934,14.0031,2.89682,2.55312,6.75805,16.16,14.0479,14.1572,42.147,4.34496,3.68739,0.865449,22.5466,16.2529,16.3323,64.5403,6.74227,5.33186,6.1986
2024-03-22,10.2504,8.19974,7.86901,7.8691,14.4242,2.89983,2.55577,7.15944,17.1198,14.8822,14.9981,44.6503,4.34947,3.69122,0.9429,24.5643,17.7074,17.7939,70.3162,6.74927,5.33739,6.33696
2024-03-29,10.196,8.15621,7.82723,7.82732,14.3476,2.90223,2.55789,7.07584,16.9199,14.7084,14.8229,44.1289,4.35307,3.69427,0.926024,24.1247,17.3904,17.4754,69.0577,6.75486,5.34181,6.35958
2024-04-05,10.1147,8.09118,7.76482,7.76491,14.2332,2.90523,2.56053,6.95101,16.6214,14.449,14.5614,43.3504,4.35757,3.6981,0.900567,23.4615,16.9124,16.995,67.1592,6.76185,5.34734,6.30316
2024-04-12,10.0642,8.05077,7.72604,7.72613,14.1621,2.91574,2.56319,6.86849,16.4241,14.2774,14.3885,42.8357,4.38405,3.70194,0.883354,23.0131,16.5891,16.6702,65.8756,6.82685,5.35289,6.211
2024-04-19,9.52181,7.61688,7.30966,7.30974,13.3989,2.85634,2.56586,6.13416,14.6681,12.751,12.8502,38.2561,4.20059,3.70579,0.744121,19.3858,13.9744,14.0426,55.4924,6.39825,5.35845,6.02024
2024-04-26,9.89726,7.76992,7.59788,7.59797,13.9272,2.93779,2.63772,6.61494,15.2396,13.7504,13.8574,41.2545,4.4368,3.91033,0.832207,20.5297,15.6286,15.7049,62.0613,6.94227,5.80842,6.17951
2024-05-03,10.0001,7.59837,7.67686,7.67695,14.072,2.94084,2.64047,6.73759,14.5499,14.0053,14.1143,42.0194,4.44141,3.9144,0.853796,19.1388,16.034,16.1124,63.6714,6.9495,5.81447,6.21635
2024-05-10,10.1512,7.70937,7.79285,7.79294,14.2846,2.9439,2.64321,6.93269,14.9566,14.4109,14.523,43.2361,4.44603,3.91848,0.890564,19.9436,16.7245,16.8062,66.4133,6.95673,5.82052,6.33246
2024-05-17,10.374,7.87853,7.96385,7.96394,14.598,2.94697,2.64596,7.22867,15.5951,15.0261,15.1431,45.082,4.45066,3.92255,0.947362,21.2156,17.7912,17.8781,70.6489,6.96396,5.82657,6.43715
2024-05-24,10.5161,7.98648,8.07297,8.07306,14.7981,2.95003,2.64872,7.41713,16.0017,15.4179,15.5379,46.2574,4.45529,3.92663,0.983957,22.0351,18.4784,18.5687,73.378,6.97121,5.83264,6.43702
2024-05-31,10.3499,7.86022,7.94534,7.94543,14.5641,2.95249,2.65092,7.17543,15.4803,14.9155,15.0315,44.75,4.459,3.92991,0.935625,20.9527,17.5707,17.6566,69.7737,6.97702,5.8375,6.41186
2024-06-07,10.6312,8.07386,8.16129,8.16138,14.96,2.95556,2.65368,7.55761,16.3048,15.7099,15.8322,47.1335,4.46364,3.93399,1.01027,22.6243,18.9725,19.0652,75.34,6.98428,5.84357,6.49259
2024-06-14,11.0039,8.3569,8.4474,8.4475,15.4844,2.95863,2.65644,8.08389,17.4402,16.8039,16.9346,50.4157,4.46828,3.93808,1.11663,25.0062,20.97,21.0724,83.2721,6.99154,5.84964,6.59921
2024-06-21,11.0266,8.37417,8.46485,8.46495,15.5164,2.96109,2.65864,8.107,17.49,16.8519,16.983,50.5598,4.47199,3.94135,1.12064,25.096,21.0453,21.1481,83.571,6.99735,5.8545,6.64161
2024-06-28,11.0195,8.36879,8.45941,8.45951,15.5064,2.97374,2.6614,8.08345,17.4392,16.8029,16.9337,50.413,4.50506,3.94544,1.11473,24.9637,20.9343,21.0366,83.1305,7.07855,5.86057,6.63807
2024-07-05,11.4117,8.66661,8.76046,8.76056,16.0583,2.97621,2.66361,8.65725,18.6772,17.9957,18.1358,53.9915,4.5088,3.94871,1.23449,27.6456,23.1833,23.2966,92.0612,7.08442,5.86543,6.76516
2024-07-12,11.3808,8.6432,8.7368,8.7369,16.0149,2.97929,2.66636,8.59357,18.5398,17.8633,18.0024,53.5944,4.51346,3.9528,1.2191,27.3009,22.8943,23.0061,90.9134,7.09175,5.8715,6.83042
2024-07-19,10.9305,8.30119,8.39108,8.39118,15.3812,2.95382,2.66911,7.90821,17.0612,16.4387,16.5666,49.32,4.4314,3.95687,1.07395,24.0504,20.1684,20.267,80.0891,6.8983,5.87755,6.69625
2024-07-26,10.6483,8.08686,8.17444,8.17453,14.9841,2.90735,2.60098,7.48138,16.1403,15.5514,15.6725,46.6581,4.28031,3.7469,0.984875,22.0557,18.4956,18.586,73.4464,6.53434,5.40499,6.64075
2024-08-02,10.3212,7.83848,7.92336,7.92345,14.5238,2.8857,2.60362,7.00393,15.1103,14.559,14.6723,43.6805,4.20462,3.7507,0.888681,19.9015,16.6892,16.7707,66.2729,6.34632,5.41047,6.49999
2024-08-09,10.3594,7.60709,7.76138,7.95276,14.5776,2.95682,2.60625,7.0322,14.2026,13.9395,14.7315,43.8567,4.40471,3.75448,0.890882,18.1083,15.6102,16.8122,66.437,6.79477,5.41593,6.50109
2024-08-16,10.9257,7.8102,8.18154,8.38747,15.3744,2.95832,2.60887,7.80271,14.9457,15.4515,16.3456,48.6621,4.40473,3.75826,1.03899,19.5313,18.1873,19.6072,77.4818,6.7948,5.42137,6.76114
2024-08-23,11.04,7.89191,8.26714,8.47522,15.5352,2.96127,2.61147,7.95212,15.2319,15.7473,16.6586,49.5939,4.40912,3.76201,1.06758,20.0688,18.6878,20.1468,79.614,6.80158,5.42678,6.85652
2024-08-30,10.9542,7.83058,8.2029,8.40937,15.4145,2.96419,2.61405,7.81606,14.9713,15.4779,16.3736,48.7453,4.41347,3.76572,1.03923,19.536,18.1916,19.6118,77.5001,6.80829,5.43214,6.87543
2024-09-06,10.3199,7.57787,7.72788,7.92239,14.5219,2.96651,2.6161,6.9177,13.9931,13.6989,14.4916,43.1426,4.41693,3.76867,0.862611,17.6275,15.0998,16.2787,64.3287,6.81363,5.4364,6.59098
2024-09-13,10.9328,7.70265,8.10545,8.39294,15.3844,3.05766,2.69648,7.7481,14.4399,15.0419,16.2312,48.3215,4.68507,3.99746,1.02088,18.493,17.3656,19.2655,76.1314,7.44172,5.93753,6.85506
2024-09-20,11.0961,7.81771,8.22651,8.51831,15.6142,3.06048,2.69896,7.9665,14.8469,15.4659,16.6887,49.6836,4.6894,4.00114,1.0629,19.2543,18.0805,20.0585,79.2654,7.44858,5.943,6.95243
2024-09-27,11.211,7.89863,8.31167,8.60649,15.7758,3.06321,2.70137,8.1218,15.1364,15.7674,17.0141,50.6521,4.69357,4.00471,1.09351,19.8087,18.6011,20.6361,81.5478,7.45521,5.9483,6.99183
2024-10-04,11.2241,7.90788,8.32141,8.61656,15.7943,3.06593,2.70377,8.12842,15.1487,15.7803,17.0279,50.6934,4.69775,4.00827,1.09384,19.8146,18.6067,20.6423,81.5722,7.46185,5.95359,7.0103
2024-10-11,11.3632,8.00589,8.42454,8.72336,15.9901,3.06869,2.7062,8.31802,15.5021,16.1484,17.4251,51.8758,4.70197,4.01187,1.13121,20.4916,19.2424,21.3475,84.3591,7.46855,5.95894,7.09105
2024-10-18,11.3888,8.02391,8.4435,8.74299,16.0261,3.07143,2.70862,8.34315,15.5489,16.1972,17.4778,52.0326,4.70618,4.01547,1.13537,20.567,19.3132,21.4261,84.6697,7.47524,5.96428,7.15235
2024-10-25,11.4084,8.0377,8.45801,8.75802,16.0536,3.07418,2.71105,8.35907,15.5786,16.2281,17.5111,52.1318,4.71039,4.01906,1.13756,20.6067,19.3505,21.4675,84.8331,7.48193,5.96961,7.08444
2024-11-01,11.2266,7.90967,8.32328,8.61851,15.7979,3.0769,2.71344,8.07828,15.0553,15.683,16.9229,50.3807,4.71455,4.02261,1.07884,19.5429,18.3515,20.3592,80.4537,7.48854,5.97488,6.98657
2024-11-08,11.8418,8.3431,8.77938,9.09078,16.6636,3.18939,2.71582,8.96769,16.7128,17.4096,18.7861,55.9275,5.05596,4.02614,1.25932,22.8124,21.4217,23.7653,93.9134,8.31109,5.98013,7.31874
2024-11-15,11.4371,8.05798,8.47936,8.78012,16.0941,3.19218,2.7182,8.34997,15.5616,16.2104,17.492,52.0751,5.06037,4.02966,1.12987,20.4673,19.2196,21.3222,84.2592,8.31835,5.98535,7.16654
2024-11-22,11.6495,8.2076,8.6368,8.94314,16.3929,3.22176,2.74338,8.65197,16.1244,16.7967,18.1247,53.9586,5.14894,4.10018,1.19107,21.5759,20.2606,22.4771,88.823,8.54201,6.14628,7.28595
2024-11-29,11.7405,8.2717,8.70425,9.01298,16.521,3.224,2.7453,8.77803,16.3594,17.0414,18.3888,54.7448,5.15253,4.10304,1.21651,22.0367,20.6933,22.9572,90.7202,8.54796,6.15057,7.37208
2024-12-06,12.126,8.54334,8.9901,9.30897,17.0635,3.22678,2.74766,9.35005,17.4254,18.1519,19.5871,58.3122,5.15697,4.10658,1.33613,24.2036,22.7281,25.2147,99.6409,8.55533,6.15587,7.43644
2024-12-13,12.2193,8.60906,9.05925,9.38058,17.1948,3.22951,2.74998,9.47917,17.6661,18.4026,19.8576,59.1174,5.16133,4.11005,1.36242,24.6798,23.1753,25.7108,101.601,8.56255,6.16107,7.3924
2024-12-20,11.9459,8.41644,8.85656,9.1707,16.8101,3.23222,2.75229,9.03391,16.8362,17.5382,18.9248,56.3405,5.16566,4.11349,1.26367,22.891,21.4956,23.8472,94.2373,8.56974,6.16623,7.25695
2024-12-27,12.0552,8.4934,8.93755,9.25456,16.9638,3.30577,2.75413,9.18749,17.1225,17.8363,19.2465,57.2983,5.39785,4.11624,1.29477,23.4544,22.0246,24.4341,96.5565,9.1567,6.17035,7.30434
2025-01-03,11.9633,8.42872,8.86948,9.18408,16.8346,3.3599,2.75596,9.03525,16.8387,17.5408,18.9276,56.3489,5.5707,4.11898,1.26136,22.8492,21.4563,23.8037,94.065,9.59814,6.17446,7.26677
2025-01-10,11.7006,8.24359,8.67467,8.98236,16.4648,3.39852,2.7578,8.62871,16.0811,16.7515,18.076,53.8135,5.69466,4.12173,1.17555,21.2947,19.9966,22.1842,87.6656,9.92018,6.17858,7.12609
2025-01-17,12.0362,8.48008,8.92352,9.24004,16.9372,3.45066,2.7601,9.11308,16.9838,17.6919,19.0906,56.8343,5.86208,4.12517,1.27387,23.0759,21.6692,24.0398,94.9984,10.3587,6.18374,7.33589
2025-01-24,12.2183,8.60832,9.05847,9.37977,17.1933,3.45297,2.76195,9.38025,17.4817,18.2106,19.6503,58.5005,5.866,4.12793,1.32946,24.0829,22.6148,25.0889,99.1439,10.3657,6.18787,7.46343
2025-01-31,12.0489,8.48901,8.93293,9.24978,16.955,3.45556,2.76424,9.10145,16.9621,17.6693,19.0663,56.7618,5.86877,4.13136,1.26792,22.9682,21.568,23.9276,94.5547,10.3738,6.19301,7.38794
2025-02-07,12.0635,8.49926,8.94371,9.26094,16.9755,3.45672,2.76655,9.10933,16.9768,17.6846,19.0828,56.8109,5.8678,4.13481,1.26829,22.9748,21.5742,23.9345,94.5821,10.3721,6.19819,7.37505
2025-02-14,12.4148,8.7468,9.20419,9.53066,17.4699,3.45962,2.76887,9.63341,17.9535,18.702,20.1807,60.0793,5.87272,4.13827,1.37806,24.9632,23.4414,26.006,102.768,10.3808,6.20338,7.48467
2025-02-21,12.1364,8.55062,8.99775,9.3169,17.078,3.46193,2.77072,9.19341,17.1335,17.8478,19.2589,57.3353,5.87664,4.14104,1.2834,23.2484,21.8312,24.2195,95.7085,10.3877,6.20752,7.36486
2025-02-28,11.7232,8.25952,8.69143,8.99971,16.4966,3.38286,2.70744,8.55664,15.9468,16.6116,17.925,53.364,5.59832,3.94492,1.14952,20.8233,19.5539,21.6931,85.7247,9.64138,5.76153,7.29415
2025-03-07,11.3453,8.26227,8.53225,8.70962,15.9649,3.24884,2.60018,7.99258,15.9441,15.9836,16.7434,49.8462,5.15033,3.62923,1.0349,20.8198,18.4506,19.53,77.1767,8.48897,5.07287,7.06999
2025-03-14,11.0655,8.26914,8.53508,8.71251,15.5711,3.25154,2.60234,7.57447,15.9574,15.9809,16.7405,47.2386,5.15461,3.63225,0.950482,20.8371,18.4475,19.5267,70.8816,8.49603,5.07709,6.90905
2025-03-21,11.0927,8.27601,8.54217,8.71975,15.6094,3.25425,2.6045,7.59918,15.9706,15.9942,16.7545,47.3927,5.1589,3.63527,0.954006,20.8544,18.4628,19.5429,71.1444,8.50309,5.08131,6.94424
2025-03-28,10.8343,8.28289,8.54927,8.66713,15.2458,3.25695,2.60667,7.22944,15.9839,16.0075,16.5375,45.0869,5.16318,3.63829,0.882727,20.8718,18.4782,19.1748,65.8288,8.51016,5.08553,6.8418
2025-04-04,9.7653,8.28977,8.55637,8.67433,13.7415,3.25966,2.60883,5.82122,15.9972,16.0208,16.5512,36.3044,5.16747,3.64131,0.629531,20.8891,18.4935,19.1908,46.9469,8.51723,5.08975,6.22147
2025-04-11,10.4984,8.29667,8.5635,8.68155,14.7731,3.26237,2.611,6.62592,16.0105,16.0341,16.565,41.323,5.17177,3.64434,0.749565,20.9065,18.5089,19.2067,55.8984,8.52432,5.09399,6.57436
2025-04-18,10.2604,8.30221,8.56921,8.68734,14.8873,3.26455,2.61275,6.31679,16.0212,16.0448,16.576,41.9299,5.17522,3.64678,0.696404,20.9204,18.5212,19.2196,57.1413,8.53001,5.09739,6.48164
2025-04-25,10.9179,8.30913,8.57636,8.69459,14.8998,3.26727,2.61493,7.12553,16.0345,16.0582,16.5899,41.9649,5.17954,3.64982,0.83078,20.9379,18.5367,19.2356,57.1889,8.53712,5.10164,6.77999
2025-05-02,11.2938,8.31605,8.5835,8.70183,14.9122,3.26999,2.6171,7.61299,16.0479,16.0716,16.6037,41.9998,5.18385,3.65286,0.916576,20.9553,18.5521,19.2516,57.2365,8.54423,5.10589,6.97847
2025-05-09,11.274,8.323,8.59067,8.7091,14.9246,3.27272,2.61929,7.57585,16.0613,16.085,16.6175,42.0349,5.18819,3.65591,0.909203,20.9728,18.5676,19.2677,57.2844,8.55137,5.11016,6.94867
2025-05-16,12.0489,8.41724,8.68795,8.80772,14.9373,3.2755,2.62151,8.62784,16.4096,16.4338,16.9779,42.0706,5.19258,3.65901,1.10176,21.6593,19.1754,19.8984,57.3329,8.55862,5.11449,7.31634
2025-05-23,11.7654,8.2192,8.48354,8.60049,14.9498,3.24571,2.62372,8.21478,15.624,15.647,16.1651,42.1059,5.09347,3.66209,1.02273,20.1056,17.7999,18.471,57.3811,8.31434,5.11879,7.13053
2025-05-30,11.9934,8.37851,8.64796,8.76718,14.9599,3.3068,2.62547,8.52396,16.212,16.236,16.7735,42.1342,5.28,3.66454,1.07982,21.2279,18.7935,19.5021,57.4196,8.7699,5.12222,7.25711
2025-06-06,12.2432,8.55298,8.82805,8.94975,14.9724,3.30958,2.62768,8.87024,16.8706,16.8955,17.4549,42.1696,5.28444,3.66762,1.14539,22.5169,19.9347,20.6863,57.4679,8.77727,5.12652,7.37716
2025-06-13,12.1748,8.50521,8.77874,8.89976,14.9851,3.31237,2.6299,8.75953,16.6601,16.6847,17.2371,42.2051,5.2889,3.67071,1.1232,22.0808,19.5485,20.2856,57.5163,8.78467,5.13085,7.35081
2025-06-20,12.1718,8.50311,8.77657,8.89757,14.9951,3.31459,2.63166,8.74469,16.6318,16.6564,17.2078,42.2334,5.29244,3.67317,1.11951,22.0082,19.4842,20.2188,57.5549,8.79056,5.13428,7.33895
2025-06-27,12.6772,8.85618,9.141,9.26702,15.2234,3.31734,2.63384,9.47143,18.0141,18.0406,18.6379,43.4814,5.29684,3.67622,1.26068,24.7834,21.9412,22.7684,60.1227,8.79786,5.13855,7.59372
2025-07-04,12.8652,8.98755,9.27659,9.40448,15.4492,3.31956,2.63561,9.74329,18.5311,18.5585,19.1729,44.7295,5.30038,3.67869,1.31445,25.8406,22.8772,23.7397,62.6874,8.80375,5.14199,7.72252
2025-07-11,12.8185,8.95491,9.24291,9.37033,15.3931,3.32236,2.63783,9.66061,18.3739,18.401,19.0102,44.3499,5.30485,3.68178,1.29704,25.4983,22.5741,23.4253,61.8571,8.81117,5.14632,7.70128
2025-07-18,12.9818,9.06899,9.36065,9.4897,15.5892,3.32515,2.64004,9.89641,18.8223,18.8501,19.4742,45.4324,5.3093,3.68487,1.34416,26.4247,23.3942,24.2763,64.1043,8.81856,5.15064,7.75019
2025-07-25,13.1,9.15156,9.44588,9.5761,15.7311,3.32794,2.64226,10.0653,19.1435,19.1717,19.8065,46.2075,5.31377,3.68797,1.37803,27.0903,23.9836,24.8878,65.7192,8.82598,5.15497,7.86775
2025-08-01,12.8111,8.94974,9.23757,9.36492,15.3842,3.33073,2.64448,9.611,18.2795,18.3065,18.9126,44.1221,5.31822,3.69106,1.28442,25.2501,22.3544,23.1972,61.255,8.83338,5.15929,7.67782
2025-08-08,13.2892,9.28373,9.5823,9.7144,15.9583,3.30697,2.62561,10.3239,19.6355,19.6645,20.3155,47.3951,5.23771,3.63518,1.42814,28.0755,24.8558,25.7929,68.1091,8.63807,5.04522,7.86874
2025-08-15,13.3538,9.32881,9.62883,9.76158,16.0358,3.30968,2.62776,10.4111,19.8012,19.8304,20.4869,47.795,5.24199,3.63816,1.44534,28.4136,25.1551,26.1035,68.9293,8.64513,5.04935,7.94605
2025-08-22,13.2295,9.24204,9.53927,9.67078,15.8867,3.34513,2.65591,10.2021,19.4037,19.4324,20.0757,46.8357,5.34858,3.71213,1.40052,27.5325,24.3751,25.2941,66.7919,8.90785,5.20279,7.96914
2025-08-29,13.1932,9.21668,9.51309,9.64423,15.8431,3.33597,2.64864,10.133,19.2723,19.3007,19.9397,46.5185,5.31465,3.68859,1.38539,27.2351,24.1117,25.0208,66.0703,8.82404,5.15384,7.96593
2025-09-05,13.3241,9.30813,9.60748,9.73993,16.0003,3.33808,2.65031,10.324,19.6355,19.6645,20.3156,47.3953,5.31802,3.69093,1.42389,27.992,24.7818,25.7162,67.9065,8.82963,5.15711,7.99297
2025-09-12,13.5693,9.47941,9.78427,9.91915,16.2947,3.34069,2.65238,10.6952,20.3415,20.3715,21.046,49.0993,5.32217,3.69381,1.50067,29.5014,26.1182,27.1029,71.5684,8.83652,5.16113,8.11857
2025-09-19,13.8628,9.68445,9.99591,10.1337,16.6472,3.34326,2.65443,11.1489,21.2045,21.2358,21.9389,51.1824,5.32627,3.69665,1.59617,31.3789,27.7803,28.8277,76.1228,8.84333,5.16511,8.21897
2025-09-26,13.8006,9.641,9.95106,10.0882,16.5725,3.34582,2.65646,11.036,20.9898,21.0208,21.7168,50.6642,5.33035,3.69948,1.57116,30.8871,27.3449,28.3759,74.9298,8.85011,5.16906,8.19568
2025-10-03,13.9676,9.75764,10.0715,10.2103,16.773,3.34838,2.65849,11.2919,21.4764,21.5081,22.2202,51.8387,5.33443,3.70231,1.62536,31.9526,28.2882,29.3548,77.5147,8.85687,5.17302,8.2872
2025-10-10,13.6508,9.53634,9.84303,9.97873,16.3926,3.35094,2.66052,10.7578,20.4606,20.4908,21.1692,49.3869,5.3385,3.70514,1.50733,29.6323,26.2341,27.2232,71.886,8.86364,5.17697,8.08671
2025-10-17,13.985,9.76977,10.084,10.223,16.7938,3.33736,2.66255,11.2726,21.4397,21.4714,22.1822,51.7501,5.28976,3.70797,1.6149,31.747,28.1062,29.1659,77.016,8.74673,5.18092,8.22751
2025-10-24,14.2899,9.98282,10.3039,10.4459,17.1601,3.33987,2.66455,11.7524,22.3523,22.3853,23.1265,53.9529,5.29373,3.71076,1.71745,33.763,29.891,31.018,81.9066,8.7533,5.18482,8.38676
2025-10-31,14.5671,10.1765,10.5037,10.6485,17.4929,3.34234,2.66653,12.1924,23.1892,23.2234,23.9923,55.9728,5.29765,3.7135,1.81246,35.6308,31.5446,32.7339,86.4378,8.75978,5.18865,8.44633
2025-11-07,14.1195,9.86376,10.181,10.3213,16.9554,3.34485,2.66852,11.4327,21.7443,21.7764,22.4973,52.4852,5.30162,3.71629,1.64297,32.2989,28.5948,29.6729,78.3548,8.76634,5.19254,8.30899
2025-11-14,14.0991,9.84953,10.1663,10.3064,16.9309,3.34736,2.67053,11.3775,21.6393,21.6712,22.3887,52.2318,5.3056,3.71908,1.62832,32.0108,28.3397,29.4082,77.6559,8.77293,5.19644,8.32088
2025-11-21,13.664,9.54556,9.85255,9.98838,16.4084,3.31168,2.62673,10.6652,20.2846,20.3145,20.9871,48.962,5.1848,3.59257,1.47527,29.0019,25.676,26.644,70.3566,8.46738,4.92931,8.16113
2025-11-28,14.3397,9.75952,10.3398,10.4823,17.2198,3.4166,2.70996,11.7273,21.1845,22.3375,23.0771,53.8378,5.51108,3.81865,1.69864,30.9678,29.5637,30.6784,81.0098,9.27241,5.39796,8.4628
2025-12-05,14.484,9.8577,10.4438,10.5878,17.3931,3.41907,2.71192,11.9513,21.5891,22.7642,23.5179,54.866,5.51506,3.82141,1.74675,31.8447,30.4009,31.5471,83.3038,9.27912,5.40186,8.49128
2025-12-12,14.2094,9.67079,10.2458,10.387,17.0633,3.42151,2.71385,11.4861,20.7486,21.878,22.6023,52.7302,5.51899,3.82413,1.64418,29.9748,28.6158,29.6947,78.4122,9.28572,5.40571,8.44261
2025-12-19,14.2888,9.72485,10.303,10.4451,17.1587,3.45675,2.73674,11.5946,20.9447,22.0847,22.8159,53.2285,5.62395,3.88262,1.66513,30.3569,28.9805,30.0731,79.4116,9.54317,5.52513,8.45303
2025-12-26,14.4658,9.84532,10.4307,10.5745,17.3712,3.45696,2.73691,11.8737,21.4488,22.6163,23.365,54.5096,5.62148,3.88092,1.72506,31.4493,30.0234,31.1554,82.2694,9.53899,5.52271,8.57375
2026-01-02,14.2161,9.67536,10.2506,10.3919,17.0713,3.45891,2.73844,11.4569,20.696,21.8225,22.545,52.5964,5.62464,3.8831,1.63437,29.7961,28.4451,29.5176,77.9446,9.54435,5.52582,8.48507
2026-01-09,14.5298,9.88887,10.4768,10.6212,17.4481,3.51498,2.78284,11.9533,21.5926,22.7679,23.5217,54.875,5.80305,4.00626,1.74051,31.7311,30.2924,31.4345,83.0065,10.0068,5.79354,8.62045
2026-01-16,14.4048,9.80381,10.3867,10.5299,17.298,3.51746,2.7848,11.7352,21.1988,22.3526,23.0927,53.8741,5.80714,4.00909,1.69224,30.8511,29.4523,30.5628,80.7045,10.0138,5.79763,8.59052
2026-01-23,14.4387,9.82685,10.4111,10.5546,17.3386,3.55346,2.81331,11.7727,21.2664,22.4239,23.1663,54.046,5.92227,4.08857,1.69808,30.9576,29.554,30.6683,80.9831,10.3146,5.97176,8.56034
2026-01-30,14.4189,9.81344,10.3969,10.5402,17.315,3.55421,2.81389,11.7254,21.181,22.3339,23.0733,53.8289,5.92055,4.08738,1.68659,30.748,29.3539,30.4606,80.4348,10.3116,5.97002,8.59437
2026-02-06,14.1356,9.41808,10.1926,10.3331,16.9747,3.62962,2.8159,11.2437,19.474,21.4164,22.1254,51.6176,6.16725,4.09029,1.58025,27.0774,27.5031,28.5401,75.3634,10.9577,5.97427,8.5776
2026-02-13,13.9564,9.4393,9.97828,10.2021,16.7595,3.6402,2.8227,10.9436,19.5467,20.496,21.535,50.2401,6.19761,4.10638,1.51571,27.2466,25.7482,27.3745,72.2857,11.0392,6.01282,8.46744
2026-02-20,14.1161,9.44469,10.0925,10.3189,16.9513,3.64228,2.82431,11.185,19.5579,20.9481,22.01,51.3483,6.20115,4.10872,1.56541,27.2622,26.5925,28.2722,74.6559,11.0455,6.01626,8.56282
2026-02-27,14.0809,9.41509,10.0673,10.2931,16.909,3.64487,2.82632,11.1112,19.4203,20.8098,21.8646,51.0091,6.20556,4.11165,1.54798,26.9786,26.2964,27.9574,73.8247,11.0533,6.02054,8.5201
2026-03-06,13.9061,9.41709,9.96372,10.1653,16.6991,3.64746,2.82833,10.8197,19.4147,20.3524,21.2911,49.6712,6.20998,4.11458,1.4857,26.9709,25.4293,26.8324,70.8541,11.0612,6.02483,8.35106
2026-03-13,13.7662,9.42382,9.85492,10.0631,16.5312,3.65007,2.83035,10.5871,19.4285,19.8812,20.8334,48.6034,6.21442,4.11752,1.43647,26.9901,24.5488,25.9434,68.5066,11.0691,6.02913,8.22574
2026-03-20,13.4959,9.43057,9.85705,9.86548,16.2065,3.65474,2.83238,10.1579,19.4425,19.8756,19.9887,46.6327,6.2227,4.12047,1.3481,27.0095,24.5418,24.3473,64.2919,11.0929,6.03345,8.07733
2026-03-27,13.0607,9.43734,9.86413,9.97947,15.6839,3.65736,2.83441,9.49205,19.4564,19.8898,20.4349,43.5761,6.22716,4.12342,1.21508,27.0288,24.5594,25.1662,57.948,11.1008,6.03778,7.897
2026-04-03,13.5807,9.44273,9.86977,9.98517,16.3084,3.65945,2.83604,10.2418,19.4675,19.9012,20.4466,47.0179,6.23072,4.12578,1.359,27.0443,24.5734,25.1806,64.8117,11.1072,6.04123,8.16775
2026-04-10,14.1864,9.44949,9.88472,10.0003,17.0357,3.66207,2.83806,11.1545,19.4815,19.9461,20.4927,51.2078,6.23518,4.12873,1.54214,27.0636,24.6604,25.2697,73.5461,11.1151,6.04555,8.46204
2026-04-17,15.0635,10.0287,10.4959,10.6186,18.089,3.66469,2.8401,12.554,21.9042,22.4487,23.0638,57.6326,6.23964,4.13169,1.83859,32.2348,29.4009,30.1273,87.684,11.1231,6.04988,8.84413
2026-04-24,15.4124,10.2611,10.739,10.8646,18.508,3.6673,2.84212,13.1203,22.8924,23.4615,24.1044,60.2328,6.2441,4.13464,1.96186,34.3959,31.372,32.1471,93.5625,11.131,6.0542,8.89146
2026-05-01,15.6508,10.4198,10.9051,11.0326,18.7943,3.66991,2.84415,13.5117,23.5753,24.1613,24.8234,62.0295,6.24854,4.13758,2.04869,35.9184,32.7606,33.57,97.7039,11.1389,6.05851,8.97502
2026-05-08,16.5117,10.9929,11.5049,11.6394,19.828,3.67253,2.84618,15.0076,26.1853,26.8362,27.5715,68.8966,6.253,4.14053,2.39359,41.9652,38.2758,39.2214,114.152,11.1469,6.06283,9.18637
2026-05-15,16.4583,10.9574,11.4677,11.6018,19.7639,3.67516,2.84821,14.8886,25.9778,26.6235,27.3531,68.3506,6.25746,4.14349,2.36275,41.4245,37.7827,38.7161,112.681,11.1548,6.06716,9.20567
2026-05-22,16.6582,11.0904,11.607,11.7427,20.0039,3.67776,2.85023,15.2321,26.5771,27.2377,27.9841,69.9275,6.2619,4.14643,2.44299,42.8314,39.0658,40.031,116.508,11.1628,6.07146,9.28625
2026-05-29,17.1404,11.4115,11.943,12.0826,20.583,3.67986,2.85185,16.1077,28.1048,28.8034,29.5927,73.9472,6.26547,4.14879,2.6545,46.5395,42.448,43.4967,126.595,11.1691,6.07492,9.42125
2026-06-05,16.3684,10.8975,11.4051,11.5385,19.656,3.6825,2.8539,14.6359,25.5368,26.1716,26.8887,67.1904,6.26997,4.15177,2.28863,40.1251,36.5975,37.5017,109.147,11.1771,6.07929,9.1855
2026-06-12,16.7464,11.1492,11.6685,11.8049,20.1099,3.70826,2.87386,15.2754,26.6526,27.3151,28.0636,70.1262,6.3414,4.19907,2.43273,42.6515,38.9018,39.8629,116.019,11.343,6.16952,9.2378
2026-06-19,17.194,11.4472,11.9803,12.1204,20.6474,3.70855,2.87408,16.0578,28.0177,28.7142,29.501,73.718,6.33872,4.19729,2.61367,45.8237,41.7951,42.8277,124.648,11.3382,6.16691,9.32391
2026-06-26,16.4204,10.9321,11.4413,11.5751,19.7184,3.71126,2.87618,14.609,25.4898,26.1234,26.8393,67.0669,6.34335,4.20036,2.26215,39.6609,36.1741,37.0678,107.884,11.3465,6.17141,9.10228
2026-07-03,16.5617,11.0262,11.5397,11.6747,19.8881,3.71343,2.87787,14.8283,25.8726,26.5157,27.2423,68.0739,6.34707,4.20282,2.30783,40.4616,36.9044,37.8162,110.062,11.3532,6.17503,9.29944
2026-07-10,16.8617,11.2259,11.7488,11.8862,20.2484,3.71616,2.87999,15.342,26.7688,27.4342,28.1859,70.4319,6.35173,4.20591,2.42494,42.5149,38.7772,39.7352,115.647,11.3615,6.17957,9.42642
2026-07-17,16.1603,10.759,11.2601,11.3917,19.4061,3.71889,2.8821,14.0632,24.5375,25.1474,25.8365,64.5611,6.3564,4.209,2.12412,37.2408,33.9667,34.8059,101.301,11.3699,6.18412,9.28083
2026-07-24,15.9023,10.5872,11.0803,11.2099,19.0963,3.76648,2.88425,13.5919,23.7152,24.3047,24.9707,62.3975,6.51233,4.21214,2.01494,35.3266,32.2209,33.0169,96.0943,11.7923,6.18873,9.22639
2026-07-31,15.9897,10.5729,11.1412,11.2715,19.2012,3.79755,2.99859,13.7057,23.5916,24.5082,25.1797,62.9199,6.60325,4.54423,2.03483,34.9763,32.539,33.3429,97.043,12.0139,6.92539,9.32753
2026-08-07,16.8041,11.106,11.7087,11.8456,20.1791,3.79845,2.99931,15.0978,25.9627,26.9975,27.7373,69.3108,6.60151,4.54303,2.3464,40.2935,37.5213,38.4483,111.902,12.0108,6.92357,9.65504
2026-08-14,16.9909,11.2295,11.8389,11.9773,20.4035,3.80125,3.00152,15.4165,26.5109,27.5674,28.3228,70.774,6.60638,4.54638,2.41959,41.5502,38.6916,39.6475,115.392,12.0196,6.92867,9.6935
2026-08-21,16.5812,10.9587,11.5534,11.6884,19.9115,3.787,3.00372,14.6614,25.2123,26.2171,26.9355,67.3073,6.55087,4.54972,2.24199,38.5004,35.8516,36.7374,106.922,11.8691,6.93377,9.5609
2026-08-28,16.6507,11.0046,11.6018,11.7374,19.9949,3.82637,3.03341,14.764,25.3888,26.4007,27.1241,67.7786,6.67919,4.63411,2.26361,38.8718,36.1974,37.0917,107.954,12.2157,7.12893,9.60622
2026-09-04,16.7095,11.0435,11.6427,11.7789,20.0656,3.82922,3.03567,14.8485,25.5341,26.5518,27.2793,68.1665,6.68417,4.63756,2.28125,39.1747,36.4795,37.3807,108.795,12.2248,7.13424,9.61671
2026-09-11,16.6147,10.9808,11.5767,11.712,19.9517,3.83155,3.03752,14.6652,25.2189,26.2239,26.9426,67.3249,6.68824,4.64038,2.23786,38.4294,35.7855,36.6696,106.725,12.2323,7.13859,9.54304
2026-09-18,16.7674,10.8217,11.6831,11.8197,20.135,3.86481,3.03991,14.9135,24.4684,26.6679,27.3987,68.4648,6.79456,4.64403,2.29266,36.7252,36.6618,37.5676,109.339,12.519,7.1442,9.53419
2026-09-25,17.3211,11.1736,12.0689,12.21,20.8,3.86597,3.04234,15.8827,26.034,28.4011,29.1794,72.9144,6.7932,4.64775,2.51545,40.2569,40.2245,41.2183,119.964,12.5165,7.14991,9.65511
2026-10-02,17.4393,11.2499,12.1512,12.2933,20.9419,3.86906,3.04477,16.079,26.3557,28.752,29.5399,73.8153,6.79863,4.65146,2.5604,40.9762,40.9432,41.9548,122.107,12.5265,7.15563,9.63371
2026-10-09,17.3927,11.2198,12.1188,12.2605,20.8861,3.87154,3.04672,15.9747,26.1848,28.5657,29.3484,73.3367,6.80298,4.65444,2.53371,40.5491,40.5165,41.5175,120.835,12.5345,7.16021,9.6874
