date,强势股回调 RSI2<10 | 稳健股,强势股回调 RSI2<5 | 稳健股,稳健股连跌3天 | 首个上涨日出场,稳健股连跌4天 | 首个上涨日出场,稳健股急跌6% | 收盘>SMA5出场,随机入场 | 持有5天 (基线),随机入场 | 持有10天 (基线),随机入场 | 持有20天 (基线),随机入场 上升趋势 | 持有5天 (基线),距52周高点最近 Top20 + SPY>200日线,距52周高点最近 Top30 + SPY>200日线,距52周高点最近 Top50 + SPY>200日线,12-1月动量 Top30 + SPY>200日线,12-1月动量 Top50 + SPY>200日线,低波动 Top30,低波动 Top50,SPY 买入持有,QQQ 买入持有
2003-06-06,1,1,1,1,1,1,1,1,1,1,1,1,1,1,1,1,1.01962,1.01859
2003-06-13,1,1,1,1,1,1,1,1,1,1,1,1,1,1,1,1,1.0227,1.01285
2003-06-20,1,1,1,1,1,1,1,1,1,1,1,1,1,1,1,1,1.02516,1.02704
2003-06-27,1,1,1,1,1,1,1,1,1,1,1,1,1,1,1,1,1.00681,1.00845
2003-07-04,1,1,1,1,1,1.00534,1.00534,1.00534,1,1,1,1,1,1,1,1,1.01794,1.03381
2003-07-11,1,1,1,1,1,1.02783,1.00995,1.00995,1,1,1,1,1,1,1,1,1.03341,1.0764
2003-07-18,1,1,1,1,1,1.00925,1.01618,0.998153,1,1,1,1,1,1,1,1,1.02588,1.05747
2003-07-25,1,1,1,1,1,1.03651,1.03835,1.01387,1,1,1,1,1,1,1,1,1.0333,1.07505
2003-08-01,1,1,1,1,1,1.00713,1.02211,1.00789,1,1,1,1,1,1,1,1,1.01557,1.06356
2003-08-08,1,1,1,1,1,0.974418,0.992514,0.983423,1,1,1,1,1,1,1,1,1.0132,1.01656
2003-08-15,1,1,1,1,1,1.0086,1.02179,1.00045,1,1,1,1,1,1,1,1,1.02701,1.05375
2003-08-22,1,1,1,1,1,1.03663,1.04229,0.999467,1,1,1,1,1,1,1,1,1.02856,1.09669
2003-08-29,1,1,1,1,1,1.06139,1.08504,1.02675,1,1,1,1,1,1,1,1,1.04578,1.1288
2003-09-05,1,1,1,1,1,1.0512,1.11328,1.04947,1,1,1,1,1,1,1,1,1.06011,1.1474
2003-09-12,1,1,1,1,1,1.03645,1.08559,1.03072,1,1,1,1,1,1,1,1,1.05619,1.14334
2003-09-19,1,1,1,1,1,1.05498,1.10197,1.04085,1,1,1,1,1,1,1,1,1.07287,1.16903
2003-09-26,1,1,1,1,1,0.998121,1.0421,1.00195,1,1,1,1,1,1,1,1,1.03437,1.10142
2003-10-03,1,1,1,1,1,1.03983,1.06082,1.02915,1,1,1,1,1,1,1,1,1.06997,1.15585
2003-10-10,1,1,1,1,1,1.0457,1.04991,1.04068,1,1,1,1,1,1,1,1,1.08218,1.18357
2003-10-17,1,1,1,1,1,1.07132,1.04878,1.02816,1,1,1,1,1,1,1,1,1.07898,1.17005
2003-10-24,1,1,1,1,1,1.06721,1.06195,1.01154,1,1,1,1,1,1,1,1,1.07194,1.15619
2003-10-31,1,1,1,1,1,1.11077,1.10905,1.04591,1,1,1,1,1,1,1,1,1.08974,1.18932
2003-11-07,1,1,1,1,1,1.13689,1.14299,1.07296,1,1,1,1,1,1,1,1,1.09295,1.20453
2003-11-14,1,1,1,1,1,1.12728,1.13083,1.05328,1,1,1,1,1,1,1,1,1.09139,1.18458
2003-11-21,1,1,1,1,1,1.10834,1.09336,1.02588,1,1,1,1,1,1,1,1,1.07846,1.1572
2003-11-28,1,1,1,1,1,1.16506,1.13547,1.05677,1,1,1,1,1,1,1,1,1.10164,1.19608
2003-12-05,1,1,1,1,1,1.16195,1.14135,1.05505,1,1,1,1,1,1,1,1,1.10578,1.18458
2003-12-12,1,1,1,1,1,1.16479,1.15742,1.05942,1,1,1,1,1,1,1,1,1.11913,1.19134
2003-12-19,1,1,1,1,1,1.15197,1.16054,1.06115,1,1,1,1,1,1,1,1,1.13232,1.19878
2003-12-26,1,1,1,1,1,1.16986,1.18351,1.06791,1,1,1,1,1,1,1,1,1.14064,1.21244
2004-01-02,1,1,1,1,1,1.18255,1.1988,1.08072,1,1,1,1,1,1,1,1,1.15655,1.22969
2004-01-09,1,1,1,1,1,1.1961,1.26072,1.10969,1,1,1,1,1,1,1,1,1.16861,1.27602
2004-01-16,1,1,1,1,1,1.22316,1.27936,1.1491,1,1,1,1,1,1,1,1,1.18774,1.30443
2004-01-23,1,1,1,1,1,1.21484,1.29191,1.15174,1,1,1,1,1,1,1,1,1.18982,1.28549
2004-01-30,1,1,1,1,1,1.20942,1.25943,1.12347,1,1,1,1,1,1,1,1,1.17994,1.2537
2004-02-06,1,1,1,1,1,1.22556,1.28967,1.15379,1,1,1,1,1,1,1,1,1.19003,1.25573
2004-02-13,1,1,1,1,1,1.25992,1.31393,1.1761,1,1,1,1,1,1,1,1,1.1971,1.24931
2004-02-20,1,1,1,1,1,1.23853,1.28984,1.16344,1,1,1,1,1,1,1,1,1.1945,1.2466
2004-02-27,1,1,1,1,1,1.25595,1.28783,1.17742,1,1,1,1,1,1,1,1,1.19595,1.23679
2004-03-05,1,1,1,1,1,1.28806,1.32517,1.19121,1,1,1,1,1,1,1,1,1.21009,1.23882
2004-03-12,1,1,1,1,1,1.24521,1.2726,1.13264,1,1,1,1,1,1,1,1,1.17058,1.20094
2004-03-19,1.00958,1.00792,1.00183,1.00806,1.0086,1.23743,1.26997,1.11493,0.99288,1,1,1,1,1,1,1,1.15883,1.17524
2004-03-26,1.01214,1.01511,0.993637,1.01401,1.0216,1.23847,1.28142,1.11271,1.00214,1,1,1,1,1,1,1,1.15851,1.19113
2004-04-02,1.01705,1.02181,1.00264,1.01875,1.03004,1.27794,1.3169,1.16658,1.03803,1,1,1,1,1,1,1,1.19618,1.25472
2004-04-09,1.01094,1.02125,1.00996,1.01861,1.02973,1.27484,1.31492,1.15773,1.04436,1,1,1,1,1,1,1,1.19336,1.24931
2004-04-16,0.999153,1.02125,0.98894,1.00329,1.00059,1.24468,1.32671,1.1514,0.982222,1,1,1,1,1,1,1,1.18773,1.22056
2004-04-23,1.00619,1.02863,1.01256,1.00575,1.00792,1.26398,1.34431,1.16281,1.01027,1,1,1,1,1,1,1,1.19326,1.25844
2004-04-30,0.993388,1.01992,0.99595,0.998198,0.988594,1.17176,1.29032,1.1307,0.962327,1,1,1,1,1,1,1,1.15778,1.17592
2004-05-07,0.970763,1.00219,0.975511,0.996347,0.987238,1.15256,1.24487,1.11364,0.952651,1,1,1,1,1,1,1,1.14735,1.18268
2004-05-14,0.961534,0.998347,0.97637,0.999693,0.997781,1.18049,1.27368,1.11428,0.960875,1,1,1,1,1,1,1,1.14818,1.17524
2004-05-21,0.952409,0.990903,0.972131,0.998995,0.989947,1.18182,1.28124,1.12234,0.960346,1,1,1,1,1,1,1,1.14578,1.18437
2004-05-28,0.975034,1.00814,0.985714,1.01325,0.989287,1.21864,1.34464,1.18486,0.982956,1,1,1,1,1,1,1,1.17761,1.23611
2004-06-04,0.976373,1.00885,0.985546,1.0145,0.989287,1.22042,1.34445,1.16969,0.989269,1,1,1,1,1,1,1,1.17886,1.22394
2004-06-11,0.982832,1.01112,0.996076,1.01854,0.989287,1.23187,1.35752,1.17391,0.99924,1,1,1,1,1,1,1,1.19316,1.24592
2004-06-18,0.982338,1.00676,0.991084,1.01075,0.996183,1.23263,1.35762,1.17814,1.00376,1,1,1,1,1,1,1,1.18997,1.23239
2004-06-25,0.987563,1.00726,0.994413,1.01805,0.996183,1.29758,1.36514,1.1827,1.04242,1,1,1,1,1,1,1,1.19217,1.26249
2004-07-02,0.985477,1.00925,0.987242,1.01721,0.994215,1.29528,1.34302,1.16103,1.05612,0.979897,0.980628,0.981851,0.975655,0.977659,0.994934,0.9924,1.18212,1.24525
2004-07-09,0.980842,1.01127,0.981832,1.01854,0.991233,1.28022,1.32415,1.1245,1.0438,0.953763,0.958593,0.963591,0.927429,0.943607,0.99291,0.990618,1.17007,1.20906
2004-07-16,0.948114,1.00073,0.974056,1.002,0.987948,1.25134,1.29106,1.12098,1.01651,0.926631,0.940032,0.951902,0.888908,0.910772,0.991074,0.989741,1.15939,1.17253
2004-07-23,0.934748,0.988613,0.962103,0.980967,0.981234,1.23982,1.29389,1.10253,0.999375,0.900413,0.911057,0.921229,0.846238,0.872781,0.967009,0.968366,1.14107,1.15698
2004-07-30,0.962006,1.02206,0.964672,0.991512,0.975139,1.25653,1.32576,1.11643,0.99957,0.923055,0.933817,0.940338,0.880051,0.907615,0.972986,0.978262,1.16075,1.17997
2004-08-06,0.930073,0.999492,0.934293,0.970165,0.960147,1.18462,1.28723,1.06743,0.96089,0.872277,0.891556,0.894595,0.782001,0.82339,0.954727,0.961698,1.11897,1.10658
2004-08-13,0.94718,1.01756,0.943098,0.976459,0.969372,1.16642,1.28032,1.04408,0.963248,0.874901,0.893805,0.897934,0.773237,0.822465,0.960845,0.967734,1.12253,1.09982
2004-08-20,0.958314,1.02363,0.964202,0.978421,0.974644,1.20594,1.33266,1.10894,1.01565,0.902749,0.92101,0.926494,0.865057,0.897926,0.976987,0.985864,1.15698,1.15021
2004-08-27,0.970691,1.02968,0.970344,0.985406,0.974644,1.22619,1.34214,1.11741,1.01685,0.910258,0.928082,0.928628,0.868888,0.90015,0.984216,0.994618,1.16714,1.16881
2004-09-03,0.979609,1.0406,0.978339,0.994162,0.974644,1.23672,1.34914,1.1256,1.03668,0.915322,0.933994,0.934737,0.8796,0.916715,0.990012,1.00415,1.17416,1.15461
2004-09-10,0.980785,1.04289,0.985868,0.997082,0.974644,1.26618,1.38529,1.14123,1.04065,0.923825,0.937867,0.936443,0.916406,0.948505,0.988912,1.00469,1.184,1.18775
2004-09-17,0.999168,1.06046,0.985091,1.00171,0.978755,1.28448,1.38195,1.14212,1.04018,0.925633,0.940985,0.944114,0.947471,0.972263,0.997429,1.01143,1.18988,1.19824
2004-09-24,0.981897,1.05201,0.971348,0.993041,0.975474,1.29575,1.36465,1.13804,1.0591,0.910342,0.924672,0.930527,0.965986,0.981036,0.978535,0.992749,1.1721,1.17693
2004-10-01,0.991046,1.06578,0.978351,0.998825,0.976788,1.33809,1.38237,1.16264,1.0954,0.923181,0.939388,0.94883,0.978071,1.0038,0.992897,1.0046,1.19514,1.2209
2004-10-08,0.995154,1.06596,0.972802,0.997925,0.976788,1.31177,1.37718,1.1556,1.09364,0.912077,0.931486,0.940628,0.976367,0.999704,0.99305,1.00259,1.18315,1.20331
2004-10-15,0.992684,1.06792,0.959967,0.975482,0.97788,1.27813,1.32599,1.12347,1.07171,0.89212,0.918003,0.93339,0.971403,0.992577,0.99464,0.99325,1.17,1.205
2004-10-22,1.00205,1.07253,0.968036,0.952771,0.976605,1.25303,1.31873,1.12284,1.04657,0.875781,0.906649,0.920025,0.977059,1.00488,0.983131,0.981825,1.15665,1.21075
2004-10-29,1.02476,1.08147,0.988688,0.967375,0.978886,1.29397,1.34558,1.18824,1.0834,0.908098,0.930685,0.946483,0.993254,1.02293,1.00868,1.00951,1.1904,1.24795
2004-11-05,1.03101,1.08342,1.00446,0.972381,0.989422,1.34186,1.37661,1.22587,1.13819,0.938567,0.95732,0.97791,1.04056,1.07659,1.03627,1.03535,1.23331,1.2838
2004-11-12,1.03124,1.08342,1.01096,0.979059,0.989422,1.35603,1.44081,1.25488,1.16451,0.961205,0.977787,0.997005,1.10002,1.11996,1.05885,1.05825,1.24919,1.30747
2004-11-19,1.02803,1.08475,1.004,0.966503,0.985762,1.33381,1.37623,1.20432,1.13808,0.954706,0.969998,0.987613,1.07278,1.09848,1.03752,1.04273,1.23844,1.30815
2004-11-26,1.05171,1.09048,1.01444,0.974882,0.994334,1.37798,1.40078,1.2161,1.16149,0.977288,0.991299,1.00549,1.13372,1.15545,1.05443,1.0585,1.24825,1.32608
2004-12-03,1.05607,1.09466,1.022,0.985158,0.995587,1.40949,1.39586,1.21794,1.16423,0.965722,0.986398,1.00354,1.1477,1.1713,1.04258,1.05497,1.25774,1.35719
2004-12-10,1.04658,1.0865,1.01574,0.99401,0.993438,1.3959,1.41662,1.23815,1.18255,0.965191,0.977939,1.0001,1.1168,1.1401,1.0442,1.05347,1.25858,1.35043
2004-12-17,1.05804,1.09522,1.03186,0.996519,1.00019,1.41172,1.44214,1.25812,1.20472,0.981578,0.997792,1.02334,1.14777,1.16229,1.05717,1.06697,1.26569,1.34765
2004-12-24,1.06504,1.09927,1.04848,1.00641,1.0051,1.41599,1.47932,1.25958,1.21812,0.99209,1.00167,1.02956,1.15564,1.16945,1.07024,1.08091,1.27979,1.35756
2004-12-31,1.08001,1.10762,1.05345,1.01021,1.00446,1.42329,1.4886,1.26792,1.24109,0.995357,1.00359,1.03277,1.15981,1.18125,1.07007,1.08096,1.28085,1.36302
2005-01-07,1.05476,1.08462,1.02333,0.992672,0.997596,1.36001,1.40756,1.1949,1.21936,0.948279,0.956282,0.989073,1.07843,1.10689,1.04424,1.05715,1.2551,1.31624
2005-01-14,1.0667,1.0928,1.02596,0.990639,1.0027,1.3685,1.42223,1.21227,1.22844,0.966199,0.980494,1.01156,1.0991,1.12894,1.03671,1.05329,1.25298,1.31214
2005-01-21,1.05949,1.09162,1.02454,0.998376,1.00168,1.33882,1.38561,1.17908,1.20351,0.943598,0.95601,0.990763,1.08882,1.11689,1.03098,1.04665,1.23751,1.26503
2005-01-28,1.08958,1.12112,1.05462,1.02125,1.03081,1.33118,1.39908,1.18055,1.21506,0.946588,0.959635,0.995269,1.07955,1.11574,1.03185,1.04565,1.2444,1.26059
2005-02-04,1.08812,1.12129,1.06246,1.02309,1.03206,1.39146,1.44166,1.21317,1.27162,0.976622,0.996187,1.03646,1.13839,1.17099,1.05513,1.07159,1.27407,1.28893
2005-02-11,1.09734,1.12284,1.07145,1.03306,1.0355,1.42691,1.42657,1.21775,1.26817,0.985578,1.0004,1.03861,1.13542,1.1726,1.0598,1.07488,1.27979,1.28722
2005-02-18,1.10015,1.12384,1.07455,1.03558,1.02902,1.41014,1.41818,1.24093,1.24959,1.00156,1.01099,1.04734,1.14843,1.18807,1.05214,1.06812,1.27576,1.27527
2005-02-25,1.10973,1.13453,1.07006,1.02422,1.04199,1.43892,1.41858,1.26215,1.24188,1.03129,1.03984,1.07408,1.15805,1.20984,1.0563,1.07342,1.28678,1.28449
2005-03-04,1.10956,1.13625,1.07853,1.02536,1.04084,1.46562,1.4212,1.29735,1.28222,1.04343,1.05837,1.08941,1.16585,1.22185,1.06405,1.08465,1.30056,1.28107
2005-03-11,1.10372,1.13628,1.07231,1.029,1.03931,1.42957,1.40085,1.28796,1.23685,1.03577,1.04533,1.07068,1.14168,1.18918,1.04834,1.06766,1.27576,1.26912
2005-03-18,1.10055,1.13174,1.0738,1.02939,1.0357,1.40557,1.37351,1.25871,1.21531,1.03275,1.04582,1.07197,1.12578,1.17495,1.04041,1.05988,1.26109,1.24659
2005-03-25,1.08445,1.12171,1.05694,1.00499,1.02681,1.41331,1.36622,1.23455,1.21285,1.03163,1.03588,1.05456,1.1211,1.16218,1.02575,1.04357,1.2462,1.23839
2005-04-01,1.09407,1.12022,1.0711,1.00471,1.04035,1.43407,1.35699,1.23409,1.23108,1.02822,1.03784,1.05832,1.12551,1.16623,1.02502,1.04514,1.24928,1.236
2005-04-08,1.09767,1.12479,1.08548,1.00439,1.04294,1.43661,1.35599,1.25095,1.22696,1.03136,1.05043,1.06443,1.12678,1.16881,1.03267,1.05341,1.25535,1.25103
2005-04-15,1.02269,1.06119,1.03867,0.976181,1.00958,1.3707,1.28617,1.16842,1.15925,0.986908,0.996518,1.00621,1.0084,1.06694,1.0055,1.02798,1.21439,1.18615
2005-04-22,1.04389,1.08538,1.05959,0.996652,1.03683,1.3881,1.2942,1.18816,1.1778,1.00199,1.02174,1.02844,1.03139,1.09353,1.0056,1.02975,1.2295,1.1981
2005-04-29,1.04936,1.09488,1.06061,0.999149,1.03589,1.38139,1.29738,1.13764,1.15365,1.02073,1.03327,1.0281,0.998639,1.05255,1.01567,1.04146,1.23141,1.19435
2005-05-06,1.06048,1.10637,1.06608,1.0065,1.04494,1.44797,1.33705,1.21247,1.17519,1.03051,1.04862,1.04086,1.04375,1.106,1.02322,1.04646,1.24567,1.22439
2005-05-13,1.03854,1.09323,1.04861,0.995282,1.04154,1.42277,1.30038,1.19903,1.14749,1.01416,1.03538,1.02942,0.990912,1.05719,1.01439,1.03513,1.23109,1.23737
2005-05-20,1.05342,1.11324,1.05959,1.01127,1.05804,1.46143,1.33123,1.25926,1.16699,1.03777,1.06044,1.05154,1.04683,1.11662,1.03424,1.05633,1.26726,1.28585
2005-05-27,1.05624,1.11649,1.05446,1.01066,1.06126,1.49585,1.32702,1.29335,1.18078,1.03291,1.0606,1.0491,1.09466,1.16003,1.03584,1.0582,1.27928,1.30463
2005-06-03,1.05806,1.11937,1.04956,1.00842,1.06126,1.49968,1.33121,1.28162,1.18041,1.02948,1.05677,1.0468,1.09575,1.16994,1.03371,1.05695,1.27822,1.30088
2005-06-10,1.07023,1.12584,1.05575,1.01443,1.06414,1.49582,1.33225,1.30039,1.1828,1.03032,1.06255,1.0504,1.10131,1.17695,1.03661,1.05856,1.27875,1.2821
2005-06-17,1.08415,1.13215,1.07225,1.02435,1.06572,1.5075,1.33695,1.33982,1.1955,1.05822,1.08236,1.07111,1.16511,1.23758,1.05172,1.07068,1.2963,1.29422
2005-06-24,1.07955,1.12696,1.04205,1.00444,1.06572,1.50175,1.32982,1.29511,1.17302,1.04438,1.06931,1.05767,1.12075,1.19102,1.0337,1.05155,1.27088,1.26346
2005-07-01,1.09766,1.13898,1.05733,1.02384,1.07254,1.51306,1.32003,1.28871,1.18218,1.06061,1.08002,1.07087,1.15158,1.2181,1.03612,1.05844,1.27676,1.25526
2005-07-08,1.10942,1.14587,1.06782,1.0225,1.07403,1.54189,1.34754,1.31193,1.18942,1.08207,1.10169,1.09054,1.19497,1.26294,1.04062,1.06361,1.29588,1.2908
2005-07-15,1.10447,1.14955,1.06381,1.02156,1.07627,1.52338,1.35066,1.32753,1.21228,1.08487,1.10618,1.09147,1.20188,1.27333,1.0482,1.07081,1.31211,1.32908
2005-07-22,1.11463,1.15294,1.07794,1.03098,1.07622,1.51794,1.37481,1.34948,1.18468,1.0989,1.11295,1.09726,1.20176,1.28606,1.04142,1.0693,1.31959,1.34719
2005-07-29,1.1307,1.16285,1.10464,1.06075,1.07862,1.53101,1.44026,1.39211,1.19416,1.12018,1.12935,1.11369,1.25163,1.31416,1.04486,1.07522,1.32173,1.35266
2005-08-05,1.09781,1.16224,1.09443,1.04775,1.07505,1.5217,1.43646,1.39079,1.18047,1.10534,1.11475,1.09745,1.25026,1.30171,1.03184,1.06746,1.31254,1.34924
2005-08-12,1.10161,1.15709,1.10126,1.04992,1.09295,1.52693,1.43217,1.40143,1.19331,1.11165,1.12474,1.1025,1.26056,1.30664,1.03405,1.07251,1.31446,1.34001
2005-08-19,1.10274,1.15355,1.09395,1.05023,1.09267,1.52528,1.42772,1.36288,1.18549,1.09277,1.10638,1.08082,1.21486,1.27203,1.03338,1.07066,1.30816,1.32669
2005-08-26,1.09542,1.14141,1.0815,1.0448,1.0951,1.51336,1.41141,1.33883,1.18166,1.07776,1.09749,1.07642,1.19096,1.25708,1.02649,1.06312,1.28989,1.31438
2005-09-02,1.10467,1.15186,1.06829,1.03746,1.09113,1.52702,1.44536,1.37928,1.18381,1.1119,1.13024,1.1065,1.23829,1.29036,1.03681,1.07435,1.30602,1.32498
2005-09-09,1.09471,1.14559,1.06221,1.03144,1.09075,1.55029,1.46422,1.41355,1.21211,1.14662,1.16216,1.13622,1.28509,1.33283,1.05036,1.08711,1.33091,1.35403
2005-09-16,1.09138,1.1476,1.06193,1.03511,1.08664,1.52374,1.46363,1.39644,1.20217,1.13834,1.15779,1.12609,1.24918,1.29601,1.04885,1.08936,1.32478,1.34651
2005-09-23,1.08167,1.1431,1.04989,1.0143,1.10786,1.48357,1.42481,1.33957,1.1741,1.11127,1.13666,1.1101,1.23898,1.27825,1.0253,1.06755,1.30268,1.32429
2005-09-30,1.10496,1.16231,1.07469,1.02234,1.11586,1.50428,1.48496,1.40604,1.21918,1.15511,1.18284,1.15481,1.27012,1.31612,1.03084,1.07666,1.31984,1.34856
2005-10-07,1.09122,1.16541,1.05194,1.0128,1.11578,1.4739,1.42107,1.33981,1.18598,1.11915,1.14238,1.11095,1.18094,1.22969,1.01959,1.06052,1.28305,1.31028
2005-10-14,1.06569,1.11758,1.059,1.01154,1.11533,1.44732,1.3886,1.32968,1.18406,1.09,1.11165,1.09128,1.13187,1.19012,1.01611,1.05424,1.27297,1.30071
2005-10-21,1.07616,1.13619,1.0534,1.00854,1.12387,1.41165,1.39243,1.31839,1.16849,1.09101,1.12542,1.09231,1.12574,1.18388,1.01386,1.05035,1.26717,1.31746
2005-10-28,1.10233,1.14669,1.0831,1.02095,1.14078,1.42222,1.40895,1.30964,1.18155,1.09851,1.13664,1.10363,1.15925,1.20623,1.03779,1.07132,1.28509,1.3096
2005-11-04,1.11742,1.15006,1.08867,1.02694,1.14448,1.46522,1.43519,1.40396,1.20758,1.1397,1.17792,1.1455,1.21322,1.26673,1.04667,1.08331,1.30987,1.36975
2005-11-11,1.11755,1.15476,1.10412,1.03464,1.1456,1.45804,1.4612,1.39473,1.21588,1.16581,1.20742,1.17019,1.20903,1.25035,1.0686,1.10569,1.32757,1.39128
2005-11-18,1.13056,1.15767,1.12433,1.0461,1.14819,1.46534,1.49329,1.39564,1.23134,1.18548,1.22046,1.18402,1.22146,1.26686,1.07382,1.11122,1.34226,1.41657
2005-11-25,1.13302,1.15932,1.13363,1.04544,1.14867,1.48772,1.52861,1.39676,1.24082,1.22382,1.2502,1.20783,1.27853,1.31984,1.08341,1.12093,1.36372,1.4316
2005-12-02,1.14423,1.16959,1.12765,1.05473,1.14867,1.48889,1.52719,1.40946,1.24665,1.21378,1.24409,1.20539,1.27293,1.3274,1.08496,1.12253,1.36071,1.43912
2005-12-09,1.14238,1.17336,1.1299,1.05313,1.14918,1.5014,1.52949,1.40223,1.25207,1.19927,1.231,1.19632,1.27331,1.32872,1.08107,1.11808,1.35513,1.42579
2005-12-16,1.14299,1.18301,1.1236,1.05818,1.14917,1.50226,1.54037,1.40417,1.23952,1.16989,1.21598,1.18508,1.25475,1.30445,1.08796,1.12929,1.36264,1.42444
2005-12-23,1.15492,1.20244,1.13401,1.06121,1.15913,1.46501,1.57313,1.45604,1.24079,1.18084,1.22354,1.19491,1.25802,1.30955,1.09121,1.13079,1.36695,1.41827
2005-12-30,1.14176,1.18615,1.1287,1.05431,1.15643,1.43904,1.58052,1.43982,1.22709,1.16282,1.20489,1.17749,1.21913,1.27482,1.08304,1.12077,1.34269,1.38436
2006-01-06,1.15709,1.19455,1.16039,1.07831,1.15882,1.47559,1.69404,1.47675,1.26457,1.20198,1.23961,1.21709,1.30665,1.35892,1.10256,1.14261,1.38507,1.46212
2006-01-13,1.15963,1.19886,1.16393,1.08657,1.15752,1.4791,1.81487,1.49155,1.28218,1.19646,1.23794,1.21677,1.33305,1.38565,1.09959,1.14098,1.38766,1.4724
2006-01-20,1.15877,1.19707,1.1492,1.08281,1.15803,1.45647,1.81245,1.48104,1.27186,1.19567,1.23354,1.20667,1.3564,1.40801,1.07741,1.12103,1.35844,1.41313
2006-01-27,1.16254,1.21522,1.15662,1.09907,1.16308,1.49061,1.81507,1.48046,1.29716,1.25028,1.29606,1.25706,1.40252,1.46043,1.09631,1.1361,1.38615,1.44259
2006-02-03,1.1559,1.2151,1.17021,1.10563,1.16461,1.46763,1.80206,1.47048,1.29994,1.22057,1.27274,1.23639,1.37409,1.43778,1.07765,1.11734,1.36167,1.40183
2006-02-10,1.15809,1.22005,1.16927,1.10477,1.16567,1.45685,1.77079,1.49099,1.27019,1.19794,1.24701,1.21194,1.29857,1.37862,1.09093,1.13005,1.36566,1.4032
2006-02-17,1.18357,1.2467,1.18348,1.11292,1.17484,1.53577,1.8238,1.5277,1.29287,1.21208,1.26032,1.22957,1.33014,1.40101,1.10106,1.14571,1.38906,1.41176
2006-02-24,1.18658,1.24986,1.19417,1.11452,1.17437,1.53484,1.83467,1.52868,1.28647,1.22901,1.28602,1.247,1.35603,1.42685,1.10863,1.1538,1.39553,1.41347
2006-03-03,1.18806,1.25104,1.19376,1.11914,1.17069,1.51624,1.87613,1.55187,1.25663,1.21337,1.27179,1.23231,1.37145,1.45325,1.10276,1.14739,1.38852,1.41998
2006-03-10,1.19713,1.25933,1.1874,1.12157,1.16769,1.48541,1.87516,1.48136,1.25341,1.20816,1.26346,1.22503,1.31113,1.39344,1.1143,1.16097,1.38669,1.38949
2006-03-17,1.21537,1.27622,1.19226,1.12382,1.17755,1.54895,1.89528,1.51643,1.27216,1.2604,1.31298,1.26923,1.37109,1.45283,1.13654,1.18403,1.41418,1.42098
2006-03-24,1.21809,1.26878,1.19003,1.12011,1.17763,1.54786,1.922,1.50481,1.27022,1.25803,1.3116,1.26458,1.40326,1.48427,1.12947,1.17689,1.40974,1.41584
2006-03-31,1.20733,1.27874,1.1793,1.11479,1.19135,1.50791,1.91669,1.53729,1.30165,1.27802,1.32138,1.27165,1.42433,1.50961,1.12141,1.16778,1.40563,1.43743
2006-04-07,1.1984,1.27557,1.18249,1.10635,1.19068,1.50512,1.93307,1.53049,1.29692,1.27712,1.3215,1.26885,1.41376,1.51998,1.11798,1.16255,1.40249,1.45081
2006-04-14,1.18351,1.26197,1.16824,1.09428,1.18139,1.49405,1.92869,1.54023,1.29297,1.26572,1.31262,1.26202,1.41022,1.51728,1.10901,1.15473,1.3935,1.44326
2006-04-21,1.19286,1.28592,1.18303,1.10149,1.18468,1.53459,1.93912,1.57787,1.34621,1.30086,1.34516,1.29345,1.45478,1.57293,1.12235,1.17495,1.41992,1.43983
2006-04-28,1.19315,1.28763,1.16088,1.10177,1.184,1.53039,1.90499,1.58025,1.31802,1.30058,1.32796,1.28002,1.42901,1.54929,1.13639,1.19151,1.42338,1.43469
2006-05-05,1.21258,1.30977,1.18489,1.11403,1.1881,1.57119,1.91312,1.61228,1.34742,1.31569,1.34392,1.30145,1.49562,1.61121,1.14154,1.2032,1.43475,1.44532
2006-05-12,1.18433,1.29369,1.16038,1.09848,1.17645,1.53183,1.82965,1.55295,1.30978,1.27711,1.30993,1.26652,1.40665,1.52711,1.12775,1.18454,1.39924,1.37778
2006-05-19,1.16456,1.26386,1.14347,1.07134,1.16096,1.49822,1.79115,1.47152,1.25014,1.23016,1.26372,1.22633,1.2914,1.40876,1.12088,1.17568,1.37607,1.34899
2006-05-26,1.16448,1.26355,1.15826,1.06664,1.15337,1.48506,1.81334,1.45399,1.27157,1.24571,1.27265,1.23613,1.31986,1.44287,1.1375,1.18814,1.38993,1.35379
2006-06-02,1.17975,1.2749,1.16687,1.06336,1.15735,1.48874,1.8364,1.46699,1.27115,1.25074,1.28182,1.2449,1.35113,1.47128,1.14336,1.1924,1.39664,1.35893
2006-06-09,1.16693,1.26536,1.1495,1.05149,1.15257,1.40936,1.77176,1.38792,1.23489,1.23706,1.25581,1.21888,1.20526,1.32227,1.13167,1.17925,1.35713,1.30785
2006-06-16,1.16445,1.27044,1.15161,1.05243,1.16104,1.39091,1.77993,1.40692,1.22251,1.22837,1.24783,1.21193,1.16097,1.28953,1.12098,1.16914,1.35551,1.31525
2006-06-23,1.16265,1.27057,1.15878,1.05144,1.16577,1.39803,1.77676,1.41631,1.23071,1.22721,1.24702,1.21443,1.20015,1.32489,1.11447,1.15944,1.35323,1.30873
2006-06-30,1.19305,1.28392,1.18344,1.0483,1.16499,1.43863,1.85439,1.44621,1.31183,1.25859,1.29463,1.2543,1.2867,1.42967,1.12472,1.1724,1.38411,1.33
2006-07-07,1.19297,1.28421,1.17909,1.04662,1.16499,1.43597,1.83453,1.41927,1.293,1.23753,1.26424,1.23453,1.26005,1.39796,1.12131,1.1707,1.37683,1.29295
2006-07-14,1.15174,1.24378,1.16113,1.02468,1.14887,1.39424,1.73903,1.38295,1.25671,1.18451,1.20074,1.18285,1.17798,1.31676,1.11031,1.15768,1.34322,1.23292
2006-07-21,1.18243,1.28468,1.18041,1.04097,1.16886,1.36214,1.68211,1.36488,1.20501,1.1609,1.18262,1.17158,1.11297,1.24384,1.12022,1.17368,1.3479,1.22468
2006-07-28,1.19421,1.29105,1.18751,1.0412,1.17807,1.40457,1.81379,1.38861,1.24652,1.18938,1.21352,1.19938,1.16197,1.30109,1.1388,1.19414,1.39172,1.27305
2006-08-04,1.18405,1.29284,1.21121,1.04301,1.1796,1.3669,1.80489,1.39127,1.25429,1.18383,1.20828,1.20372,1.15413,1.28125,1.12897,1.18594,1.39412,1.26756
2006-08-11,1.18943,1.29799,1.19925,1.0338,1.17394,1.34473,1.78512,1.35889,1.21503,1.16346,1.18973,1.18559,1.1022,1.22331,1.12716,1.18212,1.38118,1.25316
2006-08-18,1.22024,1.32893,1.22658,1.05167,1.18644,1.40884,1.85501,1.41371,1.26877,1.19087,1.21687,1.20912,1.13534,1.27613,1.14644,1.20376,1.42119,1.33068
2006-08-25,1.22175,1.32661,1.22068,1.03885,1.18075,1.38245,1.82383,1.38219,1.24337,1.18885,1.21499,1.20465,1.12163,1.25352,1.14875,1.20364,1.41162,1.31456
2006-09-01,1.23376,1.33648,1.24051,1.05327,1.18404,1.43285,1.87732,1.42172,1.29011,1.19836,1.22998,1.21789,1.15581,1.29005,1.16217,1.21825,1.42913,1.34063
2006-09-08,1.21475,1.32171,1.24446,1.05503,1.18534,1.42156,1.87016,1.40409,1.29105,1.18741,1.21775,1.20783,1.12158,1.2547,1.14902,1.20807,1.41674,1.32828
2006-09-15,1.21659,1.33172,1.24283,1.05172,1.18754,1.45142,1.86487,1.47397,1.3201,1.19884,1.22605,1.21635,1.09525,1.25402,1.15871,1.21784,1.44132,1.37676
2006-09-22,1.21929,1.33292,1.25445,1.06018,1.19382,1.43994,1.85644,1.45305,1.31922,1.19226,1.22027,1.21206,1.06456,1.22649,1.15456,1.21455,1.43596,1.36852
2006-09-29,1.23394,1.34669,1.26616,1.06646,1.19166,1.4649,1.88806,1.44804,1.31998,1.2106,1.23928,1.22612,1.10796,1.26163,1.16889,1.2282,1.45901,1.39529
2006-10-06,1.22591,1.34978,1.27229,1.06382,1.19425,1.45911,1.92347,1.45013,1.31898,1.22541,1.25241,1.23742,1.11748,1.27043,1.18103,1.23211,1.47463,1.42138
2006-10-13,1.2322,1.35374,1.28972,1.08297,1.19925,1.51357,1.97532,1.48597,1.33899,1.23946,1.2643,1.25127,1.18566,1.33234,1.18827,1.23571,1.49232,1.45639
2006-10-20,1.24576,1.36785,1.29112,1.09697,1.20007,1.51294,1.97744,1.49279,1.33293,1.22893,1.26149,1.24794,1.21012,1.34896,1.20469,1.25337,1.49462,1.44163
2006-10-27,1.26285,1.3788,1.30258,1.11086,1.19825,1.52717,1.97934,1.51057,1.32888,1.24184,1.27298,1.25716,1.23571,1.38021,1.21124,1.25801,1.5063,1.44884
2006-11-03,1.25894,1.37973,1.30425,1.11679,1.18663,1.52991,1.96304,1.5146,1.31922,1.23289,1.26124,1.23867,1.19862,1.34501,1.21046,1.25224,1.49134,1.43923
2006-11-10,1.27215,1.40472,1.32815,1.12781,1.19096,1.54578,2.0349,1.58018,1.35107,1.26499,1.28934,1.26222,1.24145,1.38972,1.22029,1.26458,1.50991,1.47699
2006-11-17,1.28827,1.40256,1.32886,1.13454,1.19267,1.58454,2.07478,1.58752,1.38059,1.28638,1.31057,1.27598,1.25953,1.42,1.22839,1.27597,1.53372,1.52058
2006-11-24,1.28639,1.39949,1.33251,1.13296,1.19313,1.60525,2.07644,1.60565,1.37444,1.30334,1.32979,1.29657,1.29874,1.45711,1.22112,1.27334,1.53295,1.53259
2006-12-01,1.27601,1.39946,1.32427,1.12883,1.1926,1.597,2.00361,1.59742,1.35185,1.29673,1.32431,1.28841,1.28159,1.44055,1.21743,1.27062,1.53153,1.49861
2006-12-08,1.28377,1.4095,1.33296,1.13247,1.20146,1.61182,2.06651,1.64379,1.41249,1.30628,1.33398,1.29793,1.33918,1.48827,1.22514,1.28085,1.54464,1.50685
2006-12-15,1.27975,1.39993,1.3343,1.13814,1.20113,1.59276,2.12159,1.6731,1.41722,1.30659,1.34359,1.30412,1.34708,1.4745,1.25034,1.30795,1.56335,1.5269
2006-12-22,1.26267,1.39383,1.31088,1.11939,1.20112,1.55551,2.03986,1.67954,1.38911,1.28265,1.32177,1.28277,1.31106,1.43788,1.25059,1.30208,1.54589,1.47535
2006-12-29,1.27538,1.40382,1.31449,1.12729,1.20112,1.55256,2.0482,1.67432,1.41028,1.29144,1.33209,1.29358,1.32299,1.44808,1.25373,1.30622,1.55544,1.48325
2007-01-05,1.26597,1.39241,1.29883,1.1204,1.20163,1.551,2.04856,1.6759,1.39465,1.27952,1.32136,1.28217,1.29072,1.4149,1.24016,1.29001,1.54358,1.50697
2007-01-12,1.26808,1.40158,1.30594,1.12793,1.20799,1.61065,2.09921,1.69264,1.41784,1.30807,1.34768,1.31281,1.34431,1.47351,1.24575,1.2978,1.57324,1.55714
2007-01-19,1.26597,1.3945,1.31247,1.1325,1.20155,1.58792,2.07006,1.66691,1.40738,1.30709,1.34203,1.31154,1.31144,1.4518,1.24647,1.29685,1.56862,1.51796
2007-01-26,1.28843,1.40282,1.32186,1.14181,1.19508,1.58533,2.1363,1.66794,1.41339,1.30839,1.34099,1.31198,1.34305,1.47657,1.24089,1.2883,1.56105,1.49735
2007-02-02,1.30745,1.41149,1.32888,1.15377,1.20153,1.61555,2.15643,1.6655,1.41284,1.3487,1.37201,1.34485,1.37429,1.51946,1.26066,1.31339,1.59048,1.51762
2007-02-09,1.29318,1.40169,1.31459,1.14501,1.20043,1.63961,2.1439,1.62823,1.42145,1.34227,1.36883,1.34796,1.35508,1.50868,1.25782,1.31436,1.58092,1.508
2007-02-16,1.31015,1.42219,1.33436,1.1616,1.21043,1.65405,2.17947,1.67883,1.43168,1.37011,1.39414,1.37104,1.38864,1.54147,1.27486,1.33853,1.60058,1.53652
2007-02-23,1.31044,1.42112,1.35337,1.1646,1.21045,1.6492,2.18035,1.68179,1.43021,1.37769,1.39869,1.37361,1.40177,1.55462,1.27017,1.33594,1.59586,1.55542
2007-03-02,1.2406,1.35781,1.29279,1.13107,1.18802,1.5557,2.08683,1.60641,1.36385,1.29836,1.31889,1.30168,1.29443,1.43778,1.22835,1.28993,1.52304,1.45989
2007-03-09,1.24684,1.36498,1.29344,1.1366,1.19894,1.58148,2.14603,1.60696,1.36879,1.32526,1.3445,1.32459,1.32397,1.47198,1.23203,1.29748,1.54622,1.47535
2007-03-16,1.249,1.37004,1.28049,1.12937,1.19894,1.56358,2.12762,1.57657,1.36235,1.32423,1.34272,1.32316,1.30836,1.45922,1.21543,1.2831,1.52754,1.47284
2007-03-23,1.26116,1.37601,1.29458,1.13399,1.20464,1.64713,2.18068,1.64129,1.41493,1.369,1.39153,1.37051,1.37636,1.52835,1.25376,1.32412,1.58113,1.5172
2007-03-30,1.25144,1.37426,1.28835,1.14161,1.20472,1.6336,2.15794,1.61295,1.39448,1.36062,1.38214,1.36019,1.36335,1.5097,1.24509,1.31528,1.5658,1.49691
2007-04-06,1.25291,1.38968,1.29846,1.14667,1.20912,1.66828,2.19403,1.62861,1.41072,1.3927,1.4126,1.38889,1.42935,1.56682,1.25242,1.32572,1.5905,1.53233
2007-04-13,1.25489,1.38891,1.29901,1.14756,1.20912,1.65726,2.19342,1.64607,1.427,1.4049,1.42266,1.39499,1.43769,1.57587,1.25808,1.33114,1.60241,1.53543
2007-04-20,1.27152,1.39864,1.32049,1.16143,1.20912,1.69492,2.18268,1.66537,1.46283,1.42968,1.44252,1.41593,1.44885,1.58341,1.27681,1.3538,1.6388,1.56122
2007-04-27,1.28577,1.40627,1.32378,1.15867,1.21093,1.70399,2.19624,1.69295,1.50342,1.43796,1.45125,1.4265,1.44933,1.59319,1.27955,1.35709,1.64884,1.60145
2007-05-04,1.29696,1.40553,1.33549,1.16785,1.21015,1.71174,2.21326,1.70297,1.54258,1.43429,1.45012,1.43377,1.47447,1.60861,1.28307,1.36566,1.66416,1.60352
2007-05-11,1.29598,1.41168,1.33447,1.169,1.20249,1.70342,2.19475,1.69305,1.55383,1.43294,1.44987,1.43587,1.47885,1.61,1.27921,1.36495,1.6635,1.60867
2007-05-18,1.31425,1.4229,1.33072,1.16645,1.19283,1.71445,2.22892,1.6937,1.58042,1.44558,1.46451,1.45244,1.48699,1.61818,1.28734,1.37764,1.68291,1.60627
2007-05-25,1.29988,1.42379,1.31401,1.16919,1.19857,1.70379,2.22846,1.70053,1.5663,1.44088,1.46964,1.45952,1.50583,1.61576,1.27932,1.36881,1.67265,1.59733
2007-06-01,1.32197,1.45992,1.32333,1.17843,1.21395,1.73251,2.29132,1.73578,1.59511,1.47307,1.50149,1.49474,1.56412,1.672,1.29076,1.38198,1.69901,1.63137
2007-06-08,1.30482,1.4451,1.2925,1.16265,1.2287,1.69329,2.27123,1.68619,1.55659,1.43292,1.46812,1.45612,1.52585,1.62813,1.27124,1.35442,1.66549,1.61314
2007-06-15,1.31005,1.45388,1.29128,1.1612,1.23799,1.75756,2.33893,1.72432,1.59151,1.45179,1.4984,1.49315,1.5837,1.6795,1.28082,1.37038,1.69514,1.64366
2007-06-22,1.29339,1.44829,1.27415,1.15303,1.2384,1.71495,2.3187,1.70808,1.56318,1.43823,1.4815,1.48,1.58655,1.6702,1.25641,1.34335,1.66724,1.62748
2007-06-29,1.30185,1.44534,1.28693,1.15819,1.25604,1.7139,2.28069,1.70412,1.57049,1.43467,1.47435,1.47984,1.58148,1.66966,1.258,1.35443,1.66591,1.63815
2007-07-06,1.30711,1.45033,1.29069,1.16056,1.25792,1.74098,2.31372,1.72686,1.6015,1.4643,1.50356,1.50766,1.63708,1.72499,1.26989,1.3679,1.69415,1.68151
2007-07-13,1.32843,1.45033,1.28444,1.16755,1.25901,1.77765,2.37939,1.75742,1.62502,1.49916,1.53859,1.53583,1.67979,1.76623,1.27625,1.37537,1.71486,1.71731
2007-07-20,1.32612,1.44648,1.27795,1.15736,1.24793,1.77163,2.32193,1.74088,1.62688,1.48419,1.51752,1.51992,1.66072,1.73506,1.25634,1.35185,1.69991,1.72247
2007-07-27,1.24872,1.38148,1.23408,1.1142,1.20837,1.66119,2.17434,1.61512,1.51878,1.39324,1.42985,1.43484,1.51313,1.5769,1.21768,1.3037,1.60699,1.65157
2007-08-03,1.2621,1.37418,1.23359,1.14339,1.21442,1.64308,2.15813,1.60158,1.47748,1.37056,1.41693,1.42894,1.50255,1.55894,1.20154,1.2931,1.59249,1.63196
2007-08-10,1.27733,1.40034,1.24405,1.14174,1.2638,1.67854,2.18238,1.66458,1.49653,1.33952,1.40234,1.42094,1.5003,1.54367,1.221,1.31175,1.60256,1.62714
2007-08-17,1.2918,1.39147,1.23253,1.1255,1.27754,1.63447,2.11029,1.60943,1.47611,1.30191,1.36933,1.38166,1.44117,1.49443,1.23643,1.31153,1.60256,1.59376
2007-08-24,1.2979,1.4053,1.22643,1.12482,1.3132,1.68053,2.22557,1.65014,1.48747,1.38019,1.43812,1.44852,1.54204,1.59665,1.25185,1.33533,1.64265,1.6588
2007-08-31,1.3047,1.40602,1.22656,1.12525,1.3132,1.68152,2.2029,1.64267,1.48421,1.39431,1.45,1.4617,1.53932,1.59531,1.24025,1.32564,1.63446,1.68186
2007-09-07,1.30531,1.40566,1.22982,1.12567,1.3132,1.66043,2.17571,1.63253,1.47921,1.37714,1.43613,1.45836,1.50776,1.57381,1.23821,1.32226,1.61762,1.65983
2007-09-14,1.31398,1.41185,1.24613,1.13138,1.3161,1.70002,2.17593,1.65872,1.49353,1.41123,1.46509,1.48136,1.51856,1.59211,1.25701,1.34534,1.64896,1.6939
2007-09-21,1.34479,1.42283,1.27811,1.15682,1.31802,1.72862,2.2266,1.70921,1.53758,1.46035,1.51372,1.52288,1.61131,1.68007,1.27726,1.36678,1.69095,1.73404
2007-09-28,1.35743,1.42094,1.30653,1.1694,1.31802,1.71587,2.24544,1.70988,1.58091,1.4796,1.53148,1.55361,1.66356,1.71525,1.28515,1.37485,1.69773,1.77019
2007-10-05,1.38438,1.43319,1.33195,1.1759,1.3378,1.74691,2.2962,1.76187,1.60134,1.48422,1.53366,1.56739,1.73472,1.79117,1.29943,1.39354,1.73412,1.81874
2007-10-12,1.38485,1.42629,1.32801,1.18981,1.33847,1.77445,2.26463,1.79018,1.6161,1.51476,1.56165,1.59486,1.78529,1.83575,1.31036,1.40232,1.73946,1.84319
2007-10-19,1.34233,1.39075,1.26707,1.14671,1.32865,1.71863,2.17302,1.72204,1.58291,1.4607,1.51223,1.54448,1.74594,1.78203,1.28473,1.36895,1.66536,1.80566
2007-10-26,1.36184,1.41296,1.29301,1.16392,1.35102,1.7656,2.26379,1.76269,1.61844,1.51266,1.56166,1.58774,1.78563,1.82332,1.30356,1.3946,1.70931,1.85696
2007-11-02,1.44316,1.42571,1.32809,1.16544,1.37267,1.75406,2.23847,1.72183,1.57807,1.51104,1.55773,1.58501,1.74814,1.78585,1.31347,1.39861,1.68238,1.87384
2007-11-09,1.39603,1.4112,1.26484,1.14082,1.35056,1.68184,2.19628,1.63711,1.53189,1.45962,1.50154,1.5334,1.60629,1.64784,1.30244,1.38097,1.61495,1.72164
2007-11-16,1.42374,1.43124,1.27835,1.15613,1.37068,1.65178,2.22748,1.62929,1.54197,1.42901,1.47439,1.50824,1.55923,1.61572,1.32443,1.39632,1.62218,1.73128
2007-11-23,1.42591,1.4284,1.26527,1.14995,1.36423,1.6203,2.16284,1.59891,1.4946,1.42913,1.47539,1.50519,1.52687,1.5809,1.32071,1.3872,1.60371,1.71613
2007-11-30,1.4443,1.43883,1.27001,1.15089,1.38876,1.68979,2.22323,1.65692,1.51287,1.4619,1.51434,1.54352,1.62775,1.67854,1.34695,1.42078,1.65412,1.76675
2007-12-07,1.44927,1.44401,1.28131,1.15519,1.3886,1.76104,2.27807,1.68427,1.53744,1.46859,1.52732,1.56491,1.724,1.75338,1.37138,1.44407,1.67915,1.80187
2007-12-14,1.41843,1.44169,1.27141,1.14602,1.38615,1.74248,2.23284,1.65132,1.50677,1.42693,1.49861,1.54251,1.67843,1.68013,1.35362,1.41929,1.63754,1.75504
2007-12-21,1.41487,1.46437,1.2548,1.152,1.4004,1.71928,2.22178,1.6543,1.48439,1.4356,1.51256,1.56009,1.71575,1.70763,1.35061,1.41972,1.65697,1.7872
2007-12-28,1.42867,1.47734,1.26039,1.15665,1.41245,1.70383,2.20156,1.65349,1.46936,1.4454,1.52057,1.5598,1.72568,1.7094,1.34768,1.41564,1.64768,1.78617
2008-01-04,1.3783,1.44826,1.20761,1.12281,1.35289,1.57092,2.07707,1.58395,1.38625,1.44262,1.51595,1.54665,1.70425,1.68832,1.3189,1.37711,1.58068,1.66829
2008-01-11,1.3631,1.42111,1.19885,1.11334,1.29188,1.56481,2.05802,1.55514,1.39623,1.44262,1.51595,1.54665,1.70425,1.68832,1.32525,1.38147,1.5677,1.62175
2008-01-18,1.30044,1.35226,1.14552,1.08275,1.25013,1.50432,1.96535,1.4611,1.3123,1.44262,1.51595,1.54665,1.70425,1.68832,1.26701,1.31932,1.47721,1.56316
2008-01-25,1.24916,1.31294,1.1187,1.07051,1.22017,1.53568,2.06377,1.49886,1.32247,1.44262,1.51595,1.54665,1.70425,1.68832,1.22017,1.28413,1.48817,1.51628
2008-02-01,1.27697,1.33087,1.13135,1.08603,1.22942,1.69699,2.18966,1.55877,1.40674,1.44262,1.51595,1.54665,1.70425,1.68832,1.2479,1.31875,1.56133,1.57143
2008-02-08,1.26938,1.3276,1.13984,1.09118,1.22921,1.59892,2.13905,1.49043,1.35966,1.44262,1.51595,1.54665,1.70425,1.68832,1.21452,1.28302,1.48851,1.50284
2008-02-15,1.28136,1.33116,1.14492,1.0949,1.24032,1.62732,2.19261,1.50276,1.42089,1.44262,1.51595,1.54665,1.70425,1.68832,1.23092,1.29991,1.51166,1.51042
2008-02-22,1.27455,1.32934,1.14062,1.08959,1.23566,1.64133,2.23706,1.50207,1.41957,1.44262,1.51595,1.54665,1.70425,1.68832,1.22514,1.29565,1.51703,1.50559
2008-02-29,1.27212,1.33868,1.12327,1.08851,1.24119,1.62952,2.21494,1.51597,1.42229,1.44262,1.51595,1.54665,1.70425,1.68832,1.20367,1.27357,1.4969,1.48043
2008-03-07,1.29525,1.33813,1.13553,1.09851,1.25857,1.60344,2.15756,1.47321,1.39148,1.44262,1.51595,1.54665,1.70425,1.68832,1.18071,1.24544,1.45092,1.4501
2008-03-14,1.33441,1.35402,1.16837,1.11248,1.30083,1.59437,2.17024,1.4502,1.39022,1.44262,1.51595,1.54665,1.70425,1.68832,1.17931,1.22689,1.4498,1.4563
2008-03-21,1.33277,1.36281,1.21553,1.12912,1.29055,1.60891,2.18983,1.48361,1.36299,1.44262,1.51595,1.54665,1.70425,1.68832,1.2169,1.25638,1.48475,1.48642
2008-03-28,1.33403,1.36462,1.20339,1.12635,1.33378,1.59425,2.20147,1.46979,1.37978,1.44262,1.51595,1.54665,1.70425,1.68832,1.20962,1.25117,1.47834,1.50022
2008-04-04,1.38242,1.36462,1.24005,1.16491,1.36109,1.67831,2.33025,1.57015,1.45939,1.44262,1.51595,1.54665,1.70425,1.68832,1.2401,1.28452,1.53882,1.58197
2008-04-11,1.36894,1.36009,1.19108,1.14147,1.34868,1.65111,2.2554,1.54591,1.46669,1.44262,1.51595,1.54665,1.70425,1.68832,1.22514,1.26537,1.49936,1.52747
2008-04-18,1.40288,1.38567,1.18897,1.14591,1.37397,1.76868,2.39428,1.63679,1.56911,1.44262,1.51595,1.54665,1.70425,1.68832,1.24254,1.28566,1.55669,1.61129
2008-04-25,1.43027,1.38087,1.22521,1.14903,1.38102,1.82609,2.34398,1.64509,1.57635,1.44262,1.51595,1.54665,1.70425,1.68832,1.2394,1.28655,1.56928,1.62647
2008-05-02,1.42124,1.3727,1.24451,1.15253,1.37652,1.84643,2.37652,1.65073,1.60595,1.44262,1.51595,1.54665,1.70425,1.68832,1.25505,1.30389,1.59075,1.68235
2008-05-09,1.43556,1.39081,1.25391,1.1492,1.40225,1.83737,2.39622,1.63983,1.60195,1.44262,1.51595,1.54665,1.70425,1.68832,1.22251,1.27738,1.56141,1.66304
2008-05-16,1.46669,1.39134,1.29349,1.16136,1.41317,1.91121,2.5115,1.72253,1.62885,1.44262,1.51595,1.54665,1.70425,1.68832,1.2409,1.29654,1.60368,1.72513
2008-05-23,1.4526,1.38616,1.28155,1.15992,1.41424,1.83097,2.4383,1.66553,1.58635,1.44262,1.51595,1.54665,1.70425,1.68832,1.22113,1.27335,1.54725,1.66269
2008-05-30,1.4932,1.42325,1.28625,1.17621,1.42774,1.86059,2.49885,1.73127,1.60508,1.44262,1.51595,1.54665,1.70425,1.68832,1.24787,1.29725,1.57771,1.72513
2008-06-06,1.50774,1.43668,1.29514,1.18073,1.43332,1.82668,2.42228,1.70649,1.57098,1.44262,1.51595,1.54665,1.70425,1.68832,1.21582,1.26412,1.53207,1.69132
2008-06-13,1.52452,1.47019,1.30386,1.19387,1.45625,1.82535,2.43235,1.66393,1.55796,1.44262,1.51595,1.54665,1.70425,1.68832,1.23048,1.27691,1.5305,1.66856
2008-06-20,1.51571,1.46805,1.30204,1.18321,1.46165,1.79139,2.35901,1.67841,1.53406,1.44262,1.51595,1.54665,1.70425,1.68832,1.20578,1.25041,1.48653,1.63693
2008-06-27,1.46238,1.43483,1.30757,1.17369,1.4296,1.73201,2.29935,1.61508,1.5095,1.44262,1.51595,1.54665,1.70425,1.68832,1.18115,1.22175,1.44077,1.57583
2008-07-04,1.43586,1.39287,1.2802,1.16422,1.39294,1.66279,2.19787,1.55688,1.4714,1.44262,1.51595,1.54665,1.70425,1.68832,1.18898,1.23265,1.42699,1.54062
2008-07-11,1.45984,1.41836,1.30433,1.17364,1.3987,1.61017,2.17158,1.58676,1.49453,1.44262,1.51595,1.54665,1.70425,1.68832,1.18553,1.23271,1.39908,1.5382
2008-07-18,1.47963,1.4164,1.31354,1.19311,1.40907,1.63967,2.21959,1.63851,1.45887,1.44262,1.51595,1.54665,1.70425,1.68832,1.18694,1.2373,1.42326,1.53924
2008-07-25,1.48643,1.41204,1.31209,1.19757,1.41812,1.65729,2.13412,1.65236,1.4201,1.44262,1.51595,1.54665,1.70425,1.68832,1.18295,1.23366,1.41761,1.56271
2008-08-01,1.53133,1.45158,1.34381,1.22057,1.4649,1.6756,2.20151,1.64923,1.4156,1.44262,1.51595,1.54665,1.70425,1.68832,1.18567,1.24099,1.42529,1.54925
2008-08-08,1.54489,1.44778,1.36437,1.21899,1.47391,1.75014,2.24362,1.64951,1.43854,1.44262,1.51595,1.54665,1.70425,1.68832,1.22793,1.28493,1.46156,1.63347
2008-08-15,1.53775,1.44124,1.37968,1.21346,1.48474,1.79998,2.24299,1.66893,1.45592,1.44262,1.51595,1.54665,1.70425,1.68832,1.2367,1.29273,1.4706,1.66247
2008-08-22,1.50645,1.42487,1.3826,1.22006,1.45723,1.76357,2.18631,1.57468,1.41471,1.44262,1.51595,1.54665,1.70425,1.68832,1.23866,1.2903,1.46472,1.63934
2008-08-29,1.48691,1.41904,1.3879,1.21542,1.45644,1.75698,2.1487,1.60732,1.40922,1.44262,1.51595,1.54665,1.70425,1.68832,1.22498,1.27657,1.45501,1.59205
2008-09-05,1.43254,1.41169,1.33674,1.2136,1.44689,1.64452,1.99352,1.55031,1.35403,1.44262,1.51595,1.54665,1.70425,1.68832,1.20869,1.25314,1.40564,1.49988
2008-09-12,1.42285,1.39827,1.35678,1.23269,1.43406,1.63196,1.97135,1.6142,1.34821,1.44262,1.51595,1.54665,1.70425,1.68832,1.2388,1.28086,1.4245,1.49919
2008-09-19,1.43755,1.4218,1.41812,1.26905,1.42835,1.73795,2.09552,1.71179,1.34309,1.44262,1.51595,1.54665,1.70425,1.68832,1.24975,1.27981,1.41036,1.4819
2008-09-26,1.41859,1.41544,1.41344,1.2667,1.4046,1.53238,1.85467,1.66422,1.3033,1.44262,1.51595,1.54665,1.70425,1.68832,1.22005,1.25467,1.37321,1.41903
2008-10-03,1.36497,1.37779,1.36022,1.26337,1.29907,1.36825,1.50914,1.32918,1.16316,1.44262,1.51595,1.54665,1.70425,1.68832,1.18054,1.20469,1.25378,1.24977
2008-10-10,1.18849,1.2871,1.20064,1.23234,1.13608,1.10787,1.29392,1.05595,1.0573,1.44262,1.51595,1.54665,1.70425,1.68832,0.972469,0.994907,1.00562,1.08189
2008-10-17,1.25533,1.39277,1.27054,1.27452,1.23283,1.09323,1.3094,1.09629,1.09288,1.44262,1.51595,1.54665,1.70425,1.68832,1.01375,1.04314,1.05914,1.11574
2008-10-24,1.25533,1.39277,1.26343,1.27452,1.21338,0.973083,1.16978,0.962871,1.08636,1.44262,1.51595,1.54665,1.70425,1.68832,0.974341,1.00473,0.989027,1.01936
2008-10-31,1.26597,1.40457,1.26588,1.28182,1.23018,1.11588,1.33503,1.05566,1.0893,1.44262,1.51595,1.54665,1.70425,1.68832,1.04445,1.08158,1.10027,1.13612
2008-11-07,1.27642,1.41499,1.25861,1.28914,1.21436,1.08353,1.29584,0.972017,1.06765,1.44262,1.51595,1.54665,1.70425,1.68832,1.023,1.05451,1.06652,1.0774
2008-11-14,1.26423,1.38553,1.26347,1.28092,1.17436,1,1.23605,0.905758,1.0554,1.44262,1.51595,1.54665,1.70425,1.68832,1.00213,1.03127,0.984254,1.00106
2008-11-21,1.24164,1.35816,1.26109,1.28849,1.14503,0.82745,1.09807,0.756187,1.0554,1.44262,1.51595,1.54665,1.70425,1.68832,0.95617,0.977561,0.903577,0.921262
2008-11-28,1.2629,1.37849,1.26755,1.29142,1.20861,1.01219,1.33909,0.894009,1.07119,1.44262,1.51595,1.54665,1.70425,1.68832,0.994976,1.03374,1.02368,1.00589
2008-12-05,1.26655,1.37116,1.26524,1.27214,1.25445,0.998266,1.30438,0.893924,1.05249,1.44262,1.51595,1.54665,1.70425,1.68832,0.983371,1.01743,0.99914,0.999675
2008-12-12,1.28026,1.37836,1.26812,1.28277,1.26432,0.998302,1.29567,0.878303,1.04244,1.44262,1.51595,1.54665,1.70425,1.68832,0.961613,1.00487,1.01118,1.02524
2008-12-19,1.28297,1.37899,1.27217,1.28377,1.27614,1.04046,1.325,0.920597,1.04245,1.44262,1.51595,1.54665,1.70425,1.68832,0.971225,1.02191,1.01023,1.03295
2008-12-26,1.28119,1.37899,1.27966,1.28709,1.26818,1.01088,1.3205,0.914101,1.04702,1.44262,1.51595,1.54665,1.70425,1.68832,0.973211,1.02246,0.99843,1.0077
2009-01-02,1.28964,1.38872,1.27837,1.2865,1.27633,1.08658,1.41781,0.983398,1.05672,1.44262,1.51595,1.54665,1.70425,1.68832,1.00595,1.062,1.06487,1.07343
2009-01-09,1.29093,1.39338,1.2674,1.2787,1.26499,1.04191,1.33973,0.997477,1.02661,1.44262,1.51595,1.54665,1.70425,1.68832,0.973174,1.02692,1.02054,1.04022
2009-01-16,1.30019,1.40189,1.25345,1.27546,1.26977,0.996663,1.30572,0.950634,1.03837,1.44262,1.51595,1.54665,1.70425,1.68832,0.982207,1.03315,0.974374,1.01773
2009-01-23,1.30173,1.40243,1.25623,1.27546,1.25367,0.964289,1.27103,0.917517,1.00882,1.44262,1.51595,1.54665,1.70425,1.68832,0.977505,1.01906,0.952037,0.999742
2009-01-30,1.29764,1.39803,1.25346,1.27539,1.26536,0.95306,1.2424,0.900292,1.01058,1.44262,1.51595,1.54665,1.70425,1.68832,0.977548,1.0204,0.948829,1.00528
2009-02-06,1.32478,1.42652,1.27354,1.28404,1.28836,1.00968,1.31754,0.952161,1.03169,1.44262,1.51595,1.54665,1.70425,1.68832,0.99368,1.03544,0.996368,1.08519
2009-02-13,1.31729,1.42556,1.28022,1.28463,1.29725,0.967413,1.26511,0.917071,1.0022,1.44262,1.51595,1.54665,1.70425,1.68832,0.963205,1.00113,0.948027,1.05267
2009-02-20,1.28855,1.41332,1.24152,1.2723,1.30006,0.904231,1.17642,0.842726,0.989588,1.44262,1.51595,1.54665,1.70425,1.68832,0.935534,0.963906,0.886857,0.998705
2009-02-27,1.26441,1.38718,1.20719,1.23671,1.28148,0.876547,1.11653,0.829933,0.965189,1.44262,1.51595,1.54665,1.70425,1.68832,0.894151,0.91436,0.846879,0.95235
2009-03-06,1.26417,1.38986,1.20506,1.23492,1.28167,0.822391,1.03277,0.768956,0.934313,1.44262,1.51595,1.54665,1.70425,1.68832,0.854954,0.872979,0.789488,0.9098
2009-03-13,1.2764,1.39363,1.20795,1.23492,1.29406,0.945099,1.19127,0.822183,0.952948,1.44262,1.51595,1.54665,1.70425,1.68832,0.880964,0.900616,0.871622,0.994208
2009-03-20,1.2764,1.39363,1.20795,1.23492,1.29854,0.999328,1.19825,0.832611,0.955024,1.44262,1.51595,1.54665,1.70425,1.68832,0.901503,0.917439,0.885013,1.0111
2009-03-27,1.28832,1.39363,1.21978,1.23755,1.30221,1.08216,1.32449,0.910782,0.971814,1.44262,1.51595,1.54665,1.70425,1.68832,0.919194,0.943044,0.941545,1.06792
2009-04-03,1.28599,1.39363,1.2249,1.2314,1.31179,1.10834,1.38937,0.930325,0.97955,1.44262,1.51595,1.54665,1.70425,1.68832,0.92173,0.946711,0.972119,1.12094
2009-04-10,1.29119,1.39779,1.24964,1.24659,1.30571,1.13303,1.36874,0.977995,0.988099,1.44262,1.51595,1.54665,1.70425,1.68832,0.919556,0.945508,0.990001,1.14138
2009-04-17,1.28878,1.40094,1.28227,1.24256,1.31986,1.18964,1.42421,1.01294,1.00552,1.44262,1.51595,1.54665,1.70425,1.68832,0.92306,0.949497,1.00465,1.1542
2009-04-24,1.28182,1.39003,1.27137,1.24395,1.32597,1.1885,1.39695,1.00973,0.991515,1.44262,1.51595,1.54665,1.70425,1.68832,0.896946,0.924871,0.999808,1.16737
2009-05-01,1.2626,1.39093,1.27464,1.23823,1.32273,1.23282,1.47086,1.02671,1.01,1.44262,1.51595,1.54665,1.70425,1.68832,0.914101,0.941419,1.014,1.19093
2009-05-08,1.26397,1.39793,1.27021,1.24508,1.34255,1.23428,1.5146,1.13845,1.03153,1.44262,1.51595,1.54665,1.70425,1.68832,0.926918,0.953891,1.07272,1.18608
2009-05-15,1.25767,1.38393,1.25354,1.22939,1.32151,1.1527,1.35958,1.03883,0.986722,1.44262,1.51595,1.54665,1.70425,1.68832,0.911933,0.937631,1.02346,1.15628
2009-05-22,1.26956,1.39522,1.27785,1.25247,1.35903,1.18322,1.38172,1.05244,1.0092,1.44262,1.51595,1.54665,1.70425,1.68832,0.912918,0.940659,1.02704,1.16217
2009-05-29,1.26903,1.3993,1.32072,1.30484,1.38342,1.22501,1.43399,1.08475,1.04564,1.44262,1.51595,1.54665,1.70425,1.68832,0.935295,0.96029,1.06753,1.22593
2009-06-05,1.28259,1.39889,1.33378,1.30667,1.39923,1.2921,1.51907,1.07928,1.05025,1.42327,1.51329,1.54352,1.70579,1.69988,0.953828,0.978747,1.09084,1.27444
2009-06-12,1.28364,1.40103,1.32643,1.30259,1.41927,1.26214,1.51649,1.09442,1.06035,1.39442,1.50391,1.53667,1.69566,1.70182,0.970341,0.99467,1.09695,1.26994
2009-06-19,1.27463,1.399,1.31064,1.271,1.38925,1.19527,1.48986,1.05685,1.02229,1.37848,1.49154,1.51996,1.68343,1.68875,0.96643,0.98909,1.06788,1.2545
2009-06-26,1.28797,1.40541,1.31619,1.25811,1.37139,1.19553,1.46569,1.04073,1.03052,1.38699,1.5018,1.52861,1.69448,1.70269,0.979879,1.00193,1.06556,1.26178
2009-07-03,1.28879,1.41184,1.30024,1.25329,1.37515,1.17099,1.41853,1.01579,1.00772,1.36385,1.47743,1.50848,1.6613,1.66516,0.976615,0.995778,1.042,1.23507
2009-07-10,1.29706,1.42508,1.2788,1.24651,1.36558,1.15185,1.33579,0.989677,0.974089,1.312,1.43342,1.47047,1.60586,1.63259,0.965725,0.985293,1.02054,1.21148
2009-07-17,1.32001,1.43982,1.29777,1.26657,1.38147,1.23314,1.41727,1.05542,1.04022,1.38702,1.51163,1.54294,1.70933,1.73165,1.00011,1.0182,1.09212,1.30307
2009-07-24,1.33845,1.43982,1.32458,1.2792,1.38803,1.30652,1.47517,1.09499,1.0831,1.44203,1.57245,1.6037,1.77324,1.79272,1.03277,1.05485,1.13772,1.35476
2009-07-31,1.3433,1.43982,1.319,1.27828,1.40983,1.31109,1.48146,1.13084,1.12165,1.45006,1.58201,1.60846,1.74615,1.78379,1.02958,1.05584,1.14642,1.36864
2009-08-07,1.34833,1.44623,1.3225,1.28234,1.43375,1.39741,1.55094,1.17086,1.18603,1.47472,1.5965,1.62488,1.7806,1.81251,1.01624,1.0541,1.17415,1.38356
2009-08-14,1.35681,1.45172,1.33577,1.28598,1.44626,1.40217,1.53874,1.17173,1.16877,1.47751,1.59541,1.61985,1.76247,1.78583,1.01859,1.05391,1.1694,1.37488
2009-08-21,1.41704,1.4739,1.34644,1.29433,1.49282,1.44277,1.58352,1.19552,1.18887,1.53433,1.64549,1.66382,1.78262,1.81389,1.03666,1.07138,1.19469,1.39778
2009-08-28,1.41974,1.47505,1.34062,1.28241,1.49218,1.44502,1.60029,1.23348,1.19174,1.56805,1.66479,1.67467,1.82008,1.84555,1.03298,1.06811,1.19945,1.40298
2009-09-04,1.44496,1.50054,1.32037,1.27988,1.52531,1.42646,1.54446,1.21074,1.18788,1.51435,1.62336,1.63639,1.84675,1.85379,1.023,1.0601,1.18413,1.40021
2009-09-11,1.44964,1.50281,1.33366,1.28661,1.53535,1.49619,1.55674,1.26994,1.22795,1.54234,1.65338,1.67323,1.90243,1.90209,1.02726,1.06775,1.21557,1.44045
2009-09-18,1.44898,1.50212,1.34199,1.27585,1.52945,1.52494,1.60066,1.32343,1.27411,1.57153,1.68325,1.70263,1.94224,1.95063,1.04277,1.08098,1.2441,1.4738
2009-09-25,1.44215,1.49809,1.33676,1.26644,1.53264,1.47,1.53127,1.27954,1.21378,1.5304,1.6432,1.6564,1.83605,1.87168,1.03644,1.07542,1.21763,1.4481
2009-10-02,1.477,1.50858,1.36604,1.28238,1.52187,1.40656,1.46708,1.25462,1.20415,1.50528,1.61606,1.62827,1.77897,1.81764,1.0326,1.06685,1.19478,1.41962
2009-10-09,1.51951,1.53637,1.39322,1.29905,1.55551,1.50127,1.53417,1.30123,1.27459,1.58126,1.68613,1.70468,1.89494,1.91961,1.05397,1.0916,1.25039,1.47518
2009-10-16,1.5186,1.53741,1.40338,1.30564,1.5583,1.52146,1.53788,1.33156,1.295,1.60847,1.71516,1.72863,1.90091,1.93707,1.06724,1.10473,1.26939,1.4856
2009-10-23,1.52049,1.54171,1.3912,1.31085,1.55454,1.50161,1.54505,1.32491,1.27665,1.59843,1.71001,1.71916,1.87834,1.90916,1.05986,1.09822,1.25995,1.49776
2009-10-30,1.44931,1.4656,1.3612,1.28083,1.49135,1.43056,1.4315,1.28482,1.2189,1.48172,1.60353,1.61944,1.69595,1.75721,1.0465,1.08065,1.20726,1.4224
2009-11-06,1.4842,1.49447,1.39505,1.2899,1.52519,1.48941,1.49873,1.34589,1.2961,1.5113,1.64167,1.6604,1.82824,1.87537,1.06497,1.10262,1.24887,1.47935
2009-11-13,1.48935,1.49447,1.40261,1.29348,1.52021,1.53893,1.53715,1.39203,1.30626,1.53432,1.66965,1.69435,1.90234,1.9485,1.0865,1.12377,1.2779,1.52832
2009-11-20,1.50283,1.49734,1.41257,1.29388,1.51925,1.50994,1.53492,1.38443,1.29069,1.5379,1.67364,1.69212,1.90467,1.93573,1.09144,1.1271,1.27569,1.50852
2009-11-27,1.52712,1.50524,1.42367,1.28179,1.51797,1.49125,1.52122,1.38027,1.29595,1.54181,1.6787,1.69818,1.89235,1.91842,1.10134,1.13575,1.27732,1.51095
2009-12-04,1.55121,1.50295,1.43297,1.2876,1.5243,1.59372,1.55684,1.37537,1.32873,1.55244,1.69242,1.7259,1.99122,2.00593,1.11681,1.14997,1.29411,1.53214
2009-12-11,1.57229,1.52537,1.43145,1.29914,1.52343,1.58064,1.56309,1.37424,1.34107,1.54991,1.68808,1.72784,1.95634,1.98925,1.12989,1.15975,1.29527,1.53248
2009-12-18,1.57011,1.52576,1.4289,1.2985,1.52753,1.61187,1.59486,1.38763,1.33575,1.54109,1.67306,1.71787,1.98515,2.01727,1.1217,1.15356,1.2917,1.54652
2009-12-25,1.59542,1.53069,1.44997,1.31847,1.5348,1.67699,1.62989,1.4329,1.36337,1.57936,1.71881,1.75627,2.09555,2.12183,1.1362,1.1722,1.3183,1.59939
2010-01-01,1.59406,1.53069,1.43307,1.3137,1.53305,1.65176,1.60319,1.40824,1.33434,1.56348,1.70284,1.73813,2.04084,2.07359,1.12675,1.16404,1.30611,1.59139
2010-01-08,1.60653,1.53755,1.46245,1.32199,1.53437,1.72501,1.6607,1.48765,1.37078,1.56359,1.71768,1.75662,2.15787,2.18627,1.12112,1.16097,1.3428,1.61922
2010-01-15,1.59252,1.52668,1.45392,1.31983,1.53002,1.68086,1.62461,1.45526,1.35896,1.5467,1.6845,1.72333,2.04453,2.08028,1.12759,1.16465,1.3319,1.59487
2010-01-22,1.56218,1.52915,1.429,1.3098,1.49957,1.61753,1.57644,1.39109,1.30049,1.50565,1.62666,1.66931,1.90059,1.93119,1.11382,1.14255,1.27998,1.53608
2010-01-29,1.54168,1.49788,1.41054,1.29821,1.45896,1.58866,1.5319,1.34415,1.25052,1.47014,1.58419,1.62773,1.83627,1.85532,1.11337,1.13473,1.25865,1.48843
2010-02-05,1.58242,1.53108,1.4244,1.31242,1.49257,1.5724,1.48937,1.34346,1.24566,1.43586,1.55784,1.60372,1.81565,1.83682,1.10941,1.12726,1.25009,1.49504
2010-02-12,1.59596,1.53659,1.43517,1.3156,1.47816,1.60482,1.55749,1.38847,1.26896,1.47341,1.59035,1.63793,1.91911,1.9144,1.11426,1.13263,1.26626,1.52217
2010-02-19,1.60024,1.54263,1.44685,1.31659,1.48481,1.6642,1.59943,1.41324,1.30903,1.52439,1.64497,1.69566,2.00718,2.00528,1.14865,1.17033,1.3026,1.55939
2010-02-26,1.60967,1.5499,1.43531,1.31124,1.49349,1.66939,1.59593,1.41574,1.29711,1.53253,1.65364,1.70579,1.97437,1.97993,1.13877,1.16821,1.29791,1.55695
2010-03-05,1.62449,1.55304,1.44793,1.33233,1.50571,1.77296,1.65536,1.48471,1.36739,1.57585,1.70439,1.76108,2.09971,2.10374,1.1555,1.1855,1.33905,1.61539
2010-03-12,1.63079,1.55418,1.44905,1.32315,1.5119,1.77742,1.69399,1.49958,1.40246,1.59781,1.73373,1.78363,2.15341,2.15175,1.16283,1.1911,1.35323,1.64739
2010-03-19,1.63727,1.55698,1.47534,1.33298,1.50563,1.78651,1.70004,1.51216,1.40774,1.57085,1.71403,1.77441,2.11072,2.11106,1.17555,1.20702,1.3648,1.65368
2010-03-26,1.66325,1.56272,1.499,1.33574,1.50762,1.81711,1.72382,1.51758,1.40141,1.60396,1.74485,1.79975,2.16643,2.17429,1.17139,1.20213,1.37198,1.67144
2010-04-02,1.67674,1.57068,1.51054,1.34281,1.53019,1.83987,1.74352,1.54288,1.43218,1.62193,1.76419,1.81591,2.2182,2.22592,1.1762,1.21034,1.38634,1.67701
2010-04-09,1.69568,1.57319,1.53487,1.35615,1.52475,1.89305,1.78019,1.54477,1.48116,1.64601,1.80141,1.84051,2.34181,2.32262,1.17729,1.21538,1.40694,1.7073
2010-04-16,1.69051,1.56774,1.53261,1.35251,1.51527,1.89082,1.7723,1.5425,1.48669,1.65802,1.81138,1.84361,2.35342,2.31459,1.17476,1.21088,1.4047,1.72472
2010-04-23,1.71256,1.5791,1.56814,1.36915,1.52823,1.977,1.83282,1.61122,1.53712,1.70432,1.86338,1.89736,2.45634,2.42578,1.18801,1.22385,1.43353,1.75919
2010-04-30,1.73549,1.59681,1.54208,1.38005,1.53464,1.89059,1.79427,1.5597,1.50429,1.6231,1.76449,1.81096,2.29417,2.28821,1.17694,1.20961,1.39823,1.71462
2010-05-07,1.64131,1.55082,1.49107,1.34718,1.42223,1.68883,1.68483,1.4503,1.38939,1.5075,1.63894,1.67682,1.9982,2.02358,1.13474,1.1541,1.30937,1.58125
2010-05-14,1.72128,1.62752,1.5244,1.37066,1.48712,1.74428,1.7268,1.45926,1.44985,1.5795,1.70708,1.74093,2.10969,2.13271,1.15339,1.1735,1.34032,1.63418
2010-05-21,1.67473,1.62219,1.45261,1.33175,1.45116,1.6255,1.61135,1.42561,1.38272,1.4757,1.61032,1.65118,1.93481,1.96679,1.12101,1.13928,1.28407,1.5614
2010-05-28,1.70493,1.64836,1.4868,1.34241,1.47829,1.61608,1.64305,1.45126,1.39181,1.5129,1.64277,1.67686,2.01119,2.03214,1.11318,1.13496,1.28713,1.58787
2010-06-04,1.6999,1.64482,1.4868,1.34241,1.47441,1.56945,1.59416,1.41009,1.36283,1.50304,1.63063,1.66341,1.97916,2.00296,1.10045,1.12164,1.25712,1.57011
2010-06-11,1.73798,1.65083,1.51086,1.34381,1.5074,1.58205,1.6441,1.44514,1.3866,1.50304,1.63063,1.66341,1.97916,2.00296,1.13055,1.1546,1.29078,1.58438
2010-06-18,1.73891,1.65083,1.51145,1.34381,1.50964,1.60967,1.6841,1.48418,1.43752,1.50304,1.63063,1.66341,1.97916,2.00296,1.16011,1.18802,1.32116,1.63972
2010-06-25,1.66697,1.60889,1.47134,1.30666,1.4994,1.53346,1.61973,1.41733,1.38154,1.50304,1.63063,1.66341,1.97916,2.00296,1.12909,1.15159,1.27552,1.58247
2010-07-02,1.61747,1.54879,1.42394,1.27669,1.41541,1.42354,1.52603,1.31377,1.30047,1.50304,1.63063,1.66341,1.97916,2.00296,1.11064,1.12434,1.20847,1.48459
2010-07-09,1.66457,1.59034,1.44749,1.29753,1.45609,1.53227,1.59251,1.3919,1.36553,1.50304,1.63063,1.66341,1.97916,2.00296,1.14423,1.16733,1.27658,1.55975
2010-07-16,1.66632,1.59202,1.44645,1.29753,1.45558,1.49033,1.51573,1.37229,1.34894,1.50304,1.63063,1.66341,1.97916,2.00296,1.1399,1.16416,1.26121,1.54996
2010-07-23,1.71043,1.65722,1.45438,1.29782,1.4844,1.56309,1.57094,1.41482,1.39786,1.50304,1.63063,1.66341,1.97916,2.00296,1.15607,1.18281,1.30555,1.61008
2010-07-30,1.72597,1.65702,1.47255,1.30404,1.48158,1.5939,1.5577,1.42498,1.39165,1.50304,1.63063,1.66341,1.97916,2.00296,1.15758,1.18099,1.3039,1.60134
2010-08-06,1.74965,1.67031,1.49471,1.30413,1.47985,1.59883,1.60572,1.45035,1.39684,1.50304,1.63063,1.66341,1.97916,2.00296,1.17309,1.19381,1.32896,1.63455
2010-08-13,1.70052,1.64362,1.45015,1.28678,1.46892,1.51762,1.57809,1.3761,1.32897,1.50304,1.63063,1.66341,1.97916,2.00296,1.16382,1.18199,1.28072,1.56324
2010-08-20,1.73602,1.68315,1.45896,1.2943,1.50174,1.51336,1.58711,1.38219,1.33726,1.50304,1.63063,1.66341,1.97916,2.00296,1.16187,1.18184,1.2715,1.57023
2010-08-27,1.75752,1.68542,1.46858,1.31701,1.50705,1.53065,1.57055,1.37306,1.35718,1.50304,1.63063,1.66341,1.97916,2.00296,1.17296,1.18819,1.26357,1.54052
2010-09-03,1.75572,1.69337,1.47202,1.31591,1.50945,1.61246,1.62111,1.40822,1.41306,1.50304,1.63063,1.66341,1.97916,2.00296,1.18931,1.20381,1.31123,1.60834
2010-09-10,1.75967,1.69337,1.45962,1.31218,1.50945,1.59397,1.63305,1.40423,1.42637,1.50304,1.63063,1.66341,1.97916,2.00296,1.19837,1.21101,1.3182,1.62896
2010-09-17,1.76753,1.69995,1.45784,1.30804,1.51704,1.59529,1.66616,1.42561,1.45236,1.50304,1.63063,1.66341,1.97916,2.00296,1.21217,1.22259,1.33727,1.68148
2010-09-24,1.8155,1.71095,1.49947,1.32362,1.53711,1.6169,1.71594,1.45412,1.50249,1.50304,1.63063,1.66341,1.97916,2.00296,1.22786,1.24282,1.36497,1.73999
2010-10-01,1.82043,1.70995,1.50954,1.32464,1.53456,1.60613,1.75685,1.49287,1.49493,1.4977,1.62778,1.6586,1.95949,1.99005,1.22512,1.23919,1.36247,1.71722
2010-10-08,1.83658,1.71642,1.52081,1.32748,1.52975,1.64977,1.7604,1.52785,1.53589,1.52512,1.65915,1.68688,1.97831,2.02106,1.23653,1.25057,1.38541,1.74315
2010-10-15,1.84134,1.72382,1.53317,1.33953,1.53151,1.7018,1.80077,1.5469,1.5303,1.5399,1.67658,1.70398,2.00424,2.05088,1.24806,1.26217,1.3992,1.80411
2010-10-22,1.85496,1.74313,1.55516,1.35464,1.54127,1.6956,1.8234,1.50571,1.50754,1.54567,1.68703,1.71118,1.98651,2.03954,1.25254,1.2659,1.40693,1.80937
2010-10-29,1.85295,1.74833,1.54727,1.34235,1.54056,1.72557,1.88234,1.5361,1.51599,1.559,1.69765,1.71557,2.05775,2.09467,1.24986,1.26379,1.4086,1.82829
2010-11-05,1.86821,1.77291,1.56368,1.35616,1.55234,1.7997,1.98291,1.57875,1.57486,1.61114,1.74826,1.77269,2.12132,2.18487,1.25912,1.27638,1.45888,1.88049
2010-11-12,1.8435,1.76527,1.5421,1.34963,1.53795,1.74327,1.91963,1.55362,1.54639,1.58469,1.71858,1.74293,2.06876,2.14031,1.23893,1.25516,1.42892,1.83985
2010-11-19,1.83498,1.75322,1.54303,1.35339,1.52147,1.69464,1.90713,1.5422,1.57329,1.60205,1.73516,1.75802,2.10779,2.17489,1.23867,1.25695,1.42999,1.83845
2010-11-26,1.81802,1.74794,1.53818,1.35344,1.52084,1.66816,1.89604,1.51739,1.56104,1.62135,1.76106,1.77007,2.16174,2.22015,1.23376,1.24951,1.41228,1.84896
2010-12-03,1.82224,1.75736,1.54087,1.35876,1.52181,1.75162,1.96026,1.59203,1.60786,1.66582,1.79996,1.80944,2.21815,2.29423,1.24922,1.26394,1.4609,1.8875
2010-12-10,1.83068,1.7653,1.55665,1.36003,1.53029,1.75564,1.95882,1.60943,1.62798,1.66972,1.82149,1.83068,2.23484,2.3239,1.24792,1.2668,1.4798,1.90923
2010-12-17,1.83795,1.77502,1.57668,1.38879,1.53029,1.7712,1.98222,1.65406,1.65944,1.67298,1.83013,1.84246,2.21279,2.31684,1.2603,1.27942,1.48544,1.91406
2010-12-24,1.83998,1.77012,1.59281,1.39456,1.53029,1.79851,2.00772,1.66972,1.66792,1.67351,1.82082,1.84292,2.22395,2.33356,1.26333,1.28383,1.50097,1.92179
2010-12-31,1.83149,1.76864,1.58887,1.38675,1.53272,1.80419,1.99872,1.67376,1.6661,1.66669,1.81649,1.8387,2.20821,2.31553,1.26209,1.28268,1.50276,1.91196
2011-01-07,1.8443,1.77101,1.58645,1.39396,1.52873,1.79795,1.98542,1.67324,1.66912,1.64513,1.79316,1.8197,2.29999,2.35474,1.25408,1.27923,1.51937,1.96146
2011-01-14,1.8608,1.78447,1.59534,1.41613,1.54536,1.80704,2.05573,1.69779,1.68045,1.69233,1.84387,1.85864,2.34502,2.38861,1.26239,1.28796,1.54519,2.00113
2011-01-21,1.84044,1.77322,1.61301,1.42181,1.55094,1.73778,1.94971,1.64984,1.64628,1.64955,1.79795,1.81696,2.21127,2.28152,1.26835,1.29158,1.53407,1.95479
2011-01-28,1.87163,1.8077,1.59679,1.4473,1.57515,1.74042,1.99881,1.65716,1.66023,1.68192,1.83049,1.84136,2.26398,2.3086,1.25458,1.27726,1.52631,1.95654
2011-02-04,1.89332,1.81476,1.64011,1.46994,1.59094,1.78541,2.11005,1.71654,1.72705,1.73414,1.89056,1.90095,2.39794,2.42615,1.26144,1.28992,1.5673,2.01447
2011-02-11,1.90129,1.82093,1.6599,1.47143,1.60588,1.82263,2.14535,1.75884,1.75569,1.73907,1.90709,1.93167,2.49946,2.51743,1.26692,1.29959,1.59072,2.05169
2011-02-18,1.90986,1.82485,1.66655,1.4757,1.61162,1.83182,2.1515,1.75556,1.78463,1.78192,1.95845,1.97695,2.53929,2.53863,1.26688,1.30106,1.60769,2.06187
2011-02-25,1.90571,1.85372,1.65305,1.49226,1.6396,1.83004,2.08662,1.71622,1.77473,1.77958,1.95597,1.95973,2.46385,2.47838,1.26123,1.29255,1.5814,2.02395
2011-03-04,1.93341,1.87502,1.68087,1.49595,1.65071,1.85703,2.08167,1.72555,1.77942,1.80315,1.96904,1.96891,2.4768,2.499,1.26895,1.29782,1.58307,2.03519
2011-03-11,1.91639,1.90389,1.64659,1.48037,1.6868,1.80808,2.07295,1.70303,1.78183,1.76408,1.93626,1.92716,2.36942,2.41204,1.27683,1.30563,1.56359,1.98323
2011-03-18,1.89759,1.90474,1.61981,1.50154,1.68454,1.7819,2.03634,1.68486,1.74987,1.74844,1.92189,1.90925,2.28832,2.35434,1.24255,1.27349,1.53342,1.9143
2011-03-25,1.92544,1.92782,1.63127,1.51872,1.70653,1.81051,2.08576,1.72347,1.80466,1.80547,1.98304,1.96774,2.43,2.46949,1.26882,1.3011,1.5759,1.99833
2011-04-01,1.92544,1.92782,1.63755,1.52051,1.70653,1.84725,2.12881,1.78397,1.86933,1.82451,2.01288,2.00504,2.49338,2.52847,1.2886,1.32275,1.59811,2.02013
2011-04-08,1.90041,1.91943,1.6202,1.517,1.70945,1.81528,2.11234,1.75566,1.85633,1.81808,2.0023,1.99544,2.52339,2.55189,1.29036,1.32487,1.59463,2.0022
2011-04-15,1.87235,1.92584,1.62802,1.52198,1.70352,1.83212,2.09125,1.74357,1.85589,1.80775,1.98679,1.98303,2.47621,2.51397,1.30213,1.33697,1.58479,1.99165
2011-04-22,1.88464,1.92406,1.65039,1.51246,1.70865,1.85842,2.14212,1.75892,1.90362,1.86581,2.04559,2.03392,2.57777,2.60211,1.30808,1.34455,1.60567,2.05106
2011-04-29,1.88778,1.92383,1.67506,1.51472,1.71836,1.86966,2.19919,1.80911,1.96566,1.91363,2.09408,2.07174,2.53141,2.58398,1.33586,1.37256,1.63748,2.07708
2011-05-06,1.8599,1.91136,1.66285,1.51057,1.71253,1.8014,2.15785,1.73603,1.91987,1.88383,2.06259,2.03282,2.38969,2.46055,1.33878,1.37043,1.61071,2.05564
2011-05-13,1.88443,1.9339,1.68295,1.5066,1.73471,1.81896,2.15412,1.73066,1.91369,1.88647,2.07103,2.04011,2.36716,2.44023,1.36291,1.38887,1.60879,2.05353
2011-05-20,1.9133,1.95784,1.69477,1.53476,1.75332,1.82031,2.15024,1.74033,1.92668,1.88606,2.06227,2.03488,2.36947,2.44152,1.36713,1.3905,1.60363,2.03103
2011-05-27,1.932,1.96494,1.69726,1.54072,1.76282,1.78485,2.20136,1.73484,1.91518,1.88473,2.05771,2.03235,2.45615,2.51391,1.35366,1.37888,1.60243,2.01907
2011-06-03,1.93533,1.95909,1.68556,1.54574,1.76906,1.74632,2.14938,1.6963,1.87125,1.84289,2.01904,1.98467,2.36488,2.42493,1.33125,1.35514,1.56534,1.9811
2011-06-10,1.89105,1.91663,1.65927,1.51832,1.72394,1.6962,2.09287,1.65629,1.82178,1.82302,1.98128,1.94521,2.2567,2.31329,1.31653,1.33623,1.5315,1.92098
2011-06-17,1.90603,1.89757,1.65458,1.50638,1.74489,1.67689,2.05973,1.65228,1.80687,1.82157,1.96647,1.94442,2.18353,2.25297,1.33361,1.35503,1.53245,1.89534
2011-06-24,1.92654,1.90385,1.67809,1.51138,1.74973,1.69079,2.06943,1.66008,1.82178,1.82749,1.98197,1.95907,2.26845,2.33548,1.32196,1.34781,1.52956,1.91613
2011-07-01,1.9689,1.92889,1.70587,1.53458,1.75528,1.77288,2.18137,1.74941,1.93198,1.91093,2.07777,2.0492,2.45577,2.51773,1.36129,1.3921,1.61532,2.04051
2011-07-08,1.97439,1.92889,1.7082,1.53458,1.75528,1.78188,2.22629,1.74573,1.92806,1.93393,2.10154,2.07165,2.52388,2.57718,1.36115,1.39347,1.62111,2.07998
2011-07-15,1.95623,1.91893,1.67737,1.5084,1.74273,1.75557,2.19291,1.72453,1.8393,1.89519,2.05952,2.02381,2.47276,2.51551,1.34576,1.37575,1.58842,2.0384
2011-07-22,1.96835,1.93873,1.67611,1.52912,1.78955,1.80583,2.23773,1.75125,1.87917,1.9236,2.08017,2.05459,2.51047,2.57068,1.35973,1.3871,1.62328,2.10006
2011-07-29,1.92087,1.90157,1.61371,1.49441,1.73949,1.73459,2.13454,1.68466,1.79451,1.84919,2.00854,1.99217,2.37626,2.42777,1.31691,1.34302,1.55996,2.04368
2011-08-05,1.81313,1.77172,1.47201,1.37041,1.60538,1.58903,1.91172,1.5268,1.64213,1.67504,1.83362,1.83297,2.0879,2.13381,1.27996,1.28969,1.44838,1.89675
2011-08-12,1.80177,1.74544,1.43057,1.31847,1.57215,1.56102,1.97023,1.54491,1.63864,1.68368,1.8407,1.84196,2.101,2.1682,1.26831,1.27663,1.42474,1.88759
2011-08-19,1.7849,1.74397,1.42115,1.31518,1.53037,1.49132,1.86179,1.48042,1.51844,1.57318,1.73019,1.76487,1.87779,1.92543,1.27639,1.27536,1.35864,1.76285
2011-08-26,1.86565,1.77095,1.45865,1.32525,1.60594,1.5795,1.99858,1.56095,1.61188,1.66301,1.82993,1.85799,2.04361,2.1273,1.30556,1.30606,1.42293,1.87209
2011-09-02,1.87225,1.77095,1.45426,1.32525,1.60705,1.56574,2.0323,1.58539,1.60707,1.73628,1.90185,1.92875,2.1557,2.23759,1.31607,1.3165,1.42149,1.87737
2011-09-09,1.89831,1.75813,1.47516,1.34778,1.62047,1.54216,1.96757,1.54378,1.60425,1.73628,1.90185,1.92875,2.1557,2.23759,1.29897,1.29536,1.39821,1.87385
2011-09-16,1.95934,1.78622,1.5164,1.35138,1.64601,1.65133,2.07274,1.62841,1.6604,1.73628,1.90185,1.92875,2.1557,2.23759,1.34567,1.345,1.47334,1.9977
2011-09-23,1.8589,1.74974,1.44954,1.32456,1.62074,1.52226,1.88511,1.48672,1.53979,1.73628,1.90185,1.92875,2.1557,2.23759,1.31948,1.30645,1.37658,1.91156
2011-09-30,1.89036,1.80826,1.48758,1.31903,1.657,1.52641,1.86768,1.47465,1.50171,1.73628,1.90185,1.92875,2.1557,2.23759,1.3318,1.32166,1.37186,1.85296
2011-10-07,1.90478,1.86418,1.48652,1.35734,1.68007,1.56497,1.89246,1.55076,1.51477,1.73628,1.90185,1.92875,2.1557,2.23759,1.33739,1.32589,1.40289,1.90874
2011-10-14,1.91833,1.8715,1.48808,1.35734,1.682,1.71467,2.06165,1.68704,1.58763,1.73628,1.90185,1.92875,2.1557,2.23759,1.36317,1.35623,1.48607,2.05383
2011-10-21,1.95481,1.8715,1.50716,1.36299,1.67103,1.75207,2.08762,1.72614,1.61021,1.73628,1.90185,1.92875,2.1557,2.23759,1.38284,1.37978,1.50304,2.02276
2011-10-28,1.96901,1.87108,1.51283,1.363,1.6847,1.87545,2.27971,1.87084,1.66489,1.73628,1.90185,1.92875,2.1557,2.23759,1.37961,1.38668,1.55918,2.08066
2011-11-04,1.96308,1.86834,1.54132,1.37094,1.69023,1.8392,2.23119,1.8236,1.62437,1.73628,1.90185,1.92875,2.1557,2.23759,1.36669,1.37219,1.52135,2.04041
2011-11-11,1.98438,1.86442,1.55449,1.37748,1.69504,1.84622,2.21246,1.79361,1.61417,1.73628,1.90185,1.92875,2.1557,2.23759,1.38365,1.39306,1.53565,2.04218
2011-11-18,1.9511,1.86992,1.53207,1.37496,1.69317,1.75242,2.17385,1.6745,1.56005,1.73628,1.90185,1.92875,2.1557,2.23759,1.35849,1.36543,1.47891,1.95569
2011-11-25,1.91795,1.83748,1.4947,1.33995,1.65102,1.64141,2.05698,1.59026,1.49866,1.73628,1.90185,1.92875,2.1557,2.23759,1.32311,1.32851,1.41053,1.86673
2011-12-02,1.96256,1.89621,1.53035,1.36677,1.70286,1.79476,2.20289,1.70154,1.5908,1.73628,1.90185,1.92875,2.1557,2.23759,1.38118,1.38621,1.51383,1.99876
2011-12-09,1.98243,1.90105,1.54527,1.36863,1.70286,1.82158,2.21496,1.73152,1.59259,1.73628,1.90185,1.92875,2.1557,2.23759,1.39653,1.40006,1.52826,2.01288
2011-12-16,1.96062,1.90277,1.52092,1.35865,1.71089,1.72823,2.11724,1.66285,1.50955,1.73628,1.90185,1.92875,2.1557,2.23759,1.39535,1.39945,1.48353,1.94234
2011-12-23,1.98751,1.92222,1.54017,1.37103,1.73208,1.81138,2.19347,1.71896,1.54907,1.73628,1.90185,1.92875,2.1557,2.23759,1.43657,1.44322,1.5421,1.98554
2011-12-30,1.9856,1.92055,1.54008,1.37103,1.73142,1.79347,2.1887,1.70307,1.54871,1.73628,1.90185,1.92875,2.1557,2.23759,1.43469,1.44266,1.53124,1.97841
2012-01-06,1.96731,1.93535,1.5279,1.3614,1.73142,1.82207,2.22777,1.74403,1.55353,1.7058,1.86949,1.89529,2.16944,2.24322,1.41738,1.42736,1.55821,2.04858
2012-01-13,1.9681,1.93499,1.53983,1.35052,1.72983,1.84819,2.24073,1.77738,1.55457,1.7073,1.87275,1.9008,2.23366,2.2842,1.41793,1.43067,1.57199,2.06169
2012-01-20,1.98786,1.94584,1.55799,1.35948,1.73531,1.90411,2.34313,1.81636,1.59732,1.70553,1.88171,1.90951,2.2605,2.30804,1.42979,1.44079,1.60994,2.11803
2012-01-27,1.99454,1.95353,1.56,1.35915,1.74517,1.92254,2.38182,1.87157,1.66882,1.70301,1.87606,1.90755,2.31527,2.35458,1.41902,1.43743,1.60835,2.14036
2012-02-03,2.02268,1.98133,1.59265,1.36479,1.75754,1.93925,2.4522,1.93703,1.72863,1.74097,1.91508,1.94369,2.39236,2.41276,1.43175,1.44967,1.64154,2.19883
2012-02-10,2.01958,1.98074,1.59016,1.36002,1.76028,1.90085,2.49706,1.90434,1.71935,1.7639,1.93312,1.95213,2.40692,2.42235,1.4242,1.44571,1.63934,2.21371
2012-02-17,2.06,1.99457,1.6069,1.38486,1.7611,1.92421,2.52132,1.94604,1.75886,1.77827,1.95523,1.97543,2.44823,2.45292,1.43339,1.45378,1.66435,2.24773
2012-02-24,2.07373,1.99117,1.61356,1.393,1.76162,1.93933,2.54306,1.95063,1.75661,1.78399,1.95911,1.98141,2.47051,2.47401,1.43791,1.45605,1.6707,2.26651
2012-03-02,2.07568,2.00227,1.62929,1.40638,1.76731,1.91364,2.51312,1.95364,1.75439,1.80257,1.97343,1.99501,2.50856,2.50468,1.44045,1.45908,1.67534,2.29876
2012-03-09,2.05556,2.00179,1.63529,1.42489,1.78723,1.90714,2.50505,1.96757,1.77458,1.80531,1.99271,2.01438,2.55317,2.53368,1.44546,1.46717,1.67851,2.30407
2012-03-16,2.06819,2.00938,1.63716,1.42703,1.78691,1.91804,2.53647,2.01103,1.80982,1.81845,2.00588,2.029,2.55771,2.54984,1.45329,1.4765,1.71932,2.36123
2012-03-23,2.07748,2.01687,1.63849,1.44481,1.78718,1.88165,2.52775,2.00028,1.77206,1.82913,2.01699,2.03664,2.58667,2.57444,1.45513,1.47551,1.71135,2.37614
2012-03-30,2.09905,2.01632,1.66127,1.46493,1.78765,1.89549,2.54487,2.00803,1.7848,1.84741,2.03339,2.05775,2.5985,2.59148,1.47311,1.49003,1.72557,2.39779
2012-04-06,2.11193,2.02277,1.68181,1.47715,1.79367,1.85221,2.52539,1.97935,1.79909,1.84031,2.03074,2.05524,2.63321,2.62176,1.46843,1.48439,1.71307,2.40382
2012-04-13,2.08647,2.0135,1.65593,1.46671,1.80584,1.81735,2.46392,1.93587,1.75863,1.8098,2.00329,2.02553,2.60796,2.59192,1.45213,1.46768,1.6806,2.34952
2012-04-20,2.08385,2.00953,1.65692,1.46643,1.79769,1.82368,2.49328,1.93192,1.72385,1.8356,2.02,2.04641,2.60749,2.59173,1.47826,1.49276,1.69052,2.33141
2012-04-27,2.11568,2.0303,1.67911,1.48067,1.83462,1.8883,2.51183,1.94699,1.75246,1.87542,2.05664,2.08162,2.68052,2.64479,1.49769,1.51504,1.72042,2.38679
2012-05-04,2.0525,2.0026,1.6321,1.44961,1.82409,1.81645,2.42439,1.87184,1.72171,1.83823,2.01643,2.04466,2.53938,2.54205,1.48645,1.49763,1.67888,2.29663
2012-05-11,2.03519,1.98989,1.6034,1.42865,1.79027,1.83419,2.3773,1.86857,1.69446,1.83907,2.02049,2.04195,2.5239,2.49674,1.50224,1.50264,1.66185,2.27817
2012-05-18,1.93116,1.86652,1.51325,1.34924,1.70621,1.72206,2.2724,1.77111,1.58295,1.77279,1.9441,1.94926,2.33226,2.31882,1.48337,1.47562,1.58991,2.15854
2012-05-25,1.97533,1.92136,1.54725,1.3797,1.7659,1.7564,2.33153,1.8276,1.62129,1.8122,1.97765,1.98738,2.46502,2.42964,1.49335,1.49123,1.61883,2.20327
2012-06-01,1.94346,1.90454,1.5144,1.37164,1.7612,1.65349,2.26126,1.76036,1.55984,1.75769,1.91854,1.92158,2.32792,2.31449,1.47897,1.47252,1.57055,2.14435
2012-06-08,2.01081,1.94103,1.56991,1.40637,1.80398,1.72094,2.31578,1.818,1.60693,1.79528,1.96968,1.97904,2.43139,2.40471,1.51896,1.51294,1.63109,2.23167
2012-06-15,2.0087,1.94073,1.58288,1.40664,1.80757,1.73383,2.38054,1.83774,1.63548,1.81354,1.99558,1.99582,2.43083,2.40938,1.53644,1.52782,1.65235,2.24107
2012-06-22,2.00112,1.93342,1.57427,1.40399,1.80894,1.70433,2.40236,1.82035,1.63103,1.81549,1.98824,1.97694,2.42012,2.39791,1.52431,1.51957,1.64397,2.25387
2012-06-29,2.02472,1.9699,1.57251,1.41827,1.84366,1.70635,2.45552,1.87813,1.64174,1.84952,2.01381,2.00895,2.42467,2.41389,1.5557,1.55211,1.67649,2.28269
2012-07-06,2.03258,1.96759,1.57309,1.41901,1.84584,1.68436,2.45721,1.84809,1.63694,1.85783,2.01378,2.00762,2.45439,2.43677,1.55045,1.54878,1.66898,2.28127
2012-07-13,2.03239,1.99197,1.57636,1.41541,1.85607,1.70727,2.45383,1.83296,1.64495,1.87989,2.03301,2.02215,2.44549,2.43144,1.5728,1.57013,1.67218,2.25494
2012-07-20,2.03969,2.00201,1.56164,1.40992,1.85654,1.72208,2.45166,1.85052,1.67169,1.85686,2.00991,2.0004,2.4,2.38625,1.5763,1.57283,1.68105,2.28554
2012-07-27,2.08125,2.05218,1.59243,1.43069,1.89926,1.73492,2.52027,1.88079,1.72186,1.87386,2.03941,2.03068,2.45116,2.42745,1.5964,1.58924,1.70827,2.30795
2012-08-03,2.10189,2.05348,1.61558,1.43767,1.89279,1.71115,2.52159,1.86473,1.71216,1.88679,2.03768,2.02354,2.45092,2.42816,1.58503,1.57758,1.71653,2.33392
2012-08-10,2.09301,2.04353,1.61747,1.45015,1.9009,1.71435,2.61724,1.89889,1.74953,1.8701,2.0205,2.01381,2.49267,2.45174,1.57441,1.56735,1.73488,2.37875
2012-08-17,2.09284,2.04097,1.61355,1.44827,1.90822,1.73642,2.64494,1.9178,1.78215,1.87746,2.02687,2.01313,2.5874,2.53042,1.57153,1.56705,1.75139,2.4307
2012-08-24,2.09538,2.03162,1.6232,1.44395,1.91128,1.73046,2.65886,1.94249,1.75967,1.86907,2.01621,2.00232,2.6044,2.53519,1.56242,1.56079,1.74313,2.42963
2012-08-31,2.08594,2.01879,1.62035,1.44382,1.91128,1.72847,2.66228,1.9464,1.75008,1.87244,2.01384,2.00142,2.6217,2.54109,1.55571,1.55604,1.73882,2.42501
2012-09-07,2.129,2.044,1.64506,1.45392,1.91128,1.752,2.75093,2.03867,1.80687,1.9183,2.06131,2.04045,2.70108,2.61552,1.57266,1.57161,1.77787,2.47019
2012-09-14,2.14271,2.04625,1.6657,1.46951,1.91172,1.79508,2.85122,2.09005,1.84515,1.95306,2.10996,2.07634,2.74981,2.66525,1.56792,1.57128,1.81371,2.49687
2012-09-21,2.14103,2.05352,1.6567,1.47202,1.91172,1.76447,2.80703,2.03138,1.8382,1.92501,2.10129,2.07493,2.71376,2.65432,1.57284,1.57289,1.80643,2.50292
2012-09-28,2.10279,2.03611,1.63758,1.45094,1.93306,1.73388,2.71301,1.95412,1.82391,1.9054,2.08106,2.04867,2.61791,2.58156,1.57855,1.57354,1.7829,2.44655
2012-10-05,2.13154,2.04928,1.65706,1.46082,1.93729,1.77832,2.77296,1.98461,1.86423,1.9325,2.11576,2.08217,2.8405,2.74743,1.59038,1.58739,1.80977,2.46118
2012-10-12,2.1121,2.03003,1.62301,1.43957,1.93358,1.72987,2.75203,1.955,1.80817,1.88964,2.06724,2.04047,2.69872,2.62229,1.56734,1.56636,1.76953,2.37911
2012-10-19,2.11045,2.04195,1.64213,1.46293,1.95098,1.71853,2.7924,1.94264,1.81349,1.90541,2.06816,2.04655,2.7888,2.70381,1.58513,1.58334,1.77572,2.34344
2012-10-26,2.03692,2.02473,1.62293,1.46648,1.94405,1.6993,2.76903,1.94852,1.78931,1.88113,2.04368,2.02022,2.74849,2.66796,1.56274,1.5613,1.75046,2.33166
2012-11-02,2.03659,2.04961,1.64147,1.46784,1.95445,1.68961,2.77162,1.96574,1.78146,1.88863,2.05079,2.01665,2.74726,2.66476,1.56353,1.56019,1.75306,2.32524
2012-11-09,2.00254,2.04358,1.59864,1.44621,1.93116,1.62057,2.72026,1.95531,1.73794,1.84324,2.00772,1.97666,2.76452,2.66231,1.5201,1.52103,1.71095,2.26316
2012-11-16,1.97561,2.02818,1.5959,1.4533,1.9039,1.57215,2.68325,1.91543,1.70619,1.80463,1.97526,1.94489,2.69213,2.60647,1.51611,1.51404,1.68878,2.22284
2012-11-23,2.00598,2.05668,1.6153,1.46887,1.9359,1.64286,2.80255,2.0003,1.78235,1.88789,2.05938,2.01785,2.87344,2.75785,1.53236,1.53405,1.75046,2.3156
2012-11-30,1.99975,2.05668,1.61588,1.47316,1.9359,1.64552,2.8061,1.96937,1.83732,1.88854,2.05836,2.02082,2.86297,2.76302,1.55527,1.55409,1.76036,2.34772
2012-12-07,2.01037,2.05804,1.61982,1.48185,1.9359,1.66409,2.87885,1.98633,1.84857,1.88712,2.0536,2.0192,2.82268,2.74189,1.56,1.56119,1.76358,2.31668
2012-12-14,1.98444,2.05667,1.59143,1.46714,1.92899,1.64821,2.85724,2.0029,1.88054,1.87838,2.04966,2.02323,2.84678,2.75655,1.55769,1.55513,1.75974,2.30811
2012-12-21,2.02361,2.09806,1.59837,1.48403,1.93084,1.67342,2.93614,2.03325,1.89612,1.89814,2.06637,2.0431,2.97848,2.86618,1.56727,1.56414,1.78083,2.33927
2012-12-28,1.99883,2.09183,1.57082,1.46058,1.92163,1.64505,2.86348,2.00235,1.85986,1.86314,2.03146,2.01173,2.91241,2.80995,1.53764,1.53861,1.74641,2.28832
2013-01-04,2.07386,2.16522,1.61339,1.49752,1.93859,1.74038,3.06939,2.11398,1.96778,1.93908,2.11114,2.09765,3.11336,2.99006,1.58701,1.59046,1.82548,2.39057
2013-01-11,2.07435,2.16522,1.62346,1.50659,1.93859,1.73908,3.11882,2.10046,1.9679,1.94534,2.11888,2.10665,3.12944,3.00547,1.59065,1.59282,1.83421,2.41317
2013-01-18,2.0806,2.16637,1.62113,1.50085,1.93859,1.78772,3.27829,2.1534,2.00747,1.96563,2.15594,2.13955,3.17137,3.05595,1.60925,1.60932,1.84992,2.40636
2013-01-25,2.11458,2.1906,1.66667,1.50631,1.93709,1.81575,3.31071,2.21387,2.02597,1.98844,2.19006,2.17643,3.2791,3.14565,1.61688,1.62354,1.87387,2.40385
2013-02-01,2.13988,2.20591,1.66688,1.51302,1.93669,1.83164,3.29402,2.24156,2.01277,1.95398,2.16935,2.16046,3.25101,3.11778,1.63086,1.63961,1.88622,2.42753
2013-02-08,2.13658,2.19549,1.67115,1.51243,1.93591,1.87346,3.27368,2.2397,2.07348,1.95874,2.18116,2.16107,3.28609,3.13861,1.6359,1.6427,1.8932,2.43937
2013-02-15,2.13617,2.19549,1.67817,1.52134,1.9291,1.86044,3.27939,2.24372,2.07861,1.95854,2.19303,2.17471,3.35226,3.17904,1.64867,1.65575,1.89707,2.43075
2013-02-22,2.12892,2.19652,1.66846,1.51778,1.93184,1.80782,3.20731,2.19583,2.01842,1.9465,2.17097,2.15153,3.24478,3.10153,1.66099,1.6707,1.89432,2.40887
2013-03-01,2.16724,2.22693,1.64168,1.51541,1.96659,1.84232,3.25452,2.20129,1.96346,1.94776,2.17772,2.16612,3.31607,3.14557,1.66924,1.6818,1.89707,2.41748
2013-03-08,2.16883,2.22857,1.66192,1.51826,1.97526,1.9137,3.31635,2.25728,1.97669,1.96053,2.20623,2.19594,3.43219,3.24564,1.68236,1.69628,1.9386,2.46735
2013-03-15,2.16279,2.22666,1.65427,1.51128,1.97526,1.90479,3.33735,2.28723,1.96785,1.97017,2.21074,2.20224,3.44105,3.24488,1.69323,1.7085,1.95211,2.46371
2013-03-22,2.16203,2.23386,1.65245,1.51744,1.97499,1.87607,3.31395,2.26344,1.94147,1.98959,2.23351,2.2195,3.47909,3.25865,1.702,1.72084,1.94922,2.46659
2013-03-29,2.16342,2.23254,1.67345,1.52727,1.97509,1.93933,3.34035,2.3048,1.98366,2.03256,2.27296,2.25762,3.50804,3.29822,1.73621,1.75103,1.96263,2.48025
2013-04-05,2.12525,2.20424,1.64368,1.52515,1.98086,1.9147,3.32033,2.27912,1.98323,2.01252,2.24941,2.23115,3.35989,3.1717,1.74315,1.75358,1.94371,2.44034
2013-04-12,2.16569,2.24976,1.66428,1.54314,2.00706,1.96903,3.34213,2.32714,2.04677,2.05801,2.29972,2.27523,3.46339,3.26801,1.77438,1.7876,1.98931,2.51514
2013-04-19,2.11352,2.22909,1.62868,1.52975,1.99365,1.92767,3.22329,2.25189,2.01789,2.03657,2.27691,2.2594,3.32711,3.16306,1.78747,1.79033,1.94772,2.44861
2013-04-26,2.11753,2.24325,1.62471,1.52079,2.00588,1.94128,3.26811,2.29087,2.0939,2.04879,2.28969,2.26884,3.45132,3.2847,1.7926,1.79877,1.9823,2.50183
2013-05-03,2.14865,2.24774,1.64828,1.54189,2.02258,1.97957,3.38036,2.37117,2.12658,2.08222,2.32016,2.30943,3.57571,3.38117,1.80443,1.81706,2.0215,2.59353
2013-05-10,2.15632,2.25121,1.6586,1.54538,2.02936,2.03222,3.45402,2.44006,2.14728,2.08158,2.32472,2.33121,3.68306,3.465,1.7736,1.80576,2.04706,2.62698
2013-05-17,2.16837,2.25128,1.67041,1.55562,2.03358,2.11411,3.46911,2.42633,2.18624,2.11923,2.36639,2.3783,3.7804,3.56268,1.80342,1.83657,2.09128,2.67193
2013-05-24,2.15244,2.24609,1.65245,1.53719,2.02954,2.07806,3.43743,2.39239,2.15547,2.09311,2.32845,2.32611,3.71322,3.49647,1.74391,1.79008,2.07086,2.63992
2013-05-31,2.12783,2.21207,1.61564,1.49643,1.95044,2.05591,3.41856,2.43534,2.13871,2.09021,2.30446,2.31171,3.71946,3.4811,1.69029,1.74146,2.04756,2.63417
2013-06-07,2.18389,2.26509,1.65037,1.50692,1.95621,2.06739,3.48613,2.40528,2.12371,2.09741,2.30976,2.31638,3.7569,3.50111,1.69678,1.75061,2.06447,2.6392
2013-06-14,2.19926,2.26867,1.65493,1.5252,1.95607,2.06069,3.42987,2.37679,2.1127,2.07591,2.2794,2.28677,3.7519,3.46385,1.68783,1.74736,2.04418,2.59929
2013-06-21,2.19158,2.25858,1.63755,1.53212,1.96656,1.99336,3.3532,2.32076,2.05981,2.0203,2.22051,2.23586,3.52137,3.27121,1.65875,1.70687,2.00324,2.54077
2013-06-28,2.22912,2.31182,1.64993,1.55348,2.00563,2.01542,3.42887,2.32984,2.07926,2.03741,2.25271,2.26203,3.61749,3.35071,1.69689,1.74267,2.02024,2.57107
2013-07-05,2.23513,2.31523,1.66668,1.55706,2.00479,2.09479,3.43302,2.36092,2.13007,2.07875,2.30366,2.31129,3.7052,3.42774,1.70472,1.75366,2.05298,2.61833
2013-07-12,2.23513,2.31523,1.68468,1.5741,2.00553,2.14564,3.50106,2.41692,2.1599,2.1137,2.3519,2.36139,3.85218,3.56935,1.75429,1.8098,2.10952,2.71645
2013-07-19,2.27032,2.31559,1.70883,1.58861,2.00716,2.16209,3.56482,2.44919,2.20248,2.13727,2.38825,2.39124,3.90295,3.59632,1.77215,1.83306,2.13043,2.69084
2013-07-26,2.27511,2.30181,1.68236,1.58851,2.00579,2.1604,3.55479,2.47637,2.18552,2.14994,2.39615,2.40436,3.84722,3.55956,1.77002,1.83382,2.12968,2.71898
2013-08-02,2.37125,2.35709,1.72428,1.60244,2.01045,2.23074,3.67666,2.54404,2.28036,2.18105,2.44497,2.46028,3.98303,3.68686,1.78267,1.8514,2.15285,2.7767
2013-08-09,2.34942,2.3483,1.7221,1.59558,2.01437,2.17152,3.71812,2.52178,2.27044,2.15139,2.43026,2.43523,3.85571,3.61112,1.77061,1.83896,2.13219,2.75938
2013-08-16,2.30568,2.30593,1.68424,1.5584,2.01254,2.12648,3.63021,2.46995,2.20516,2.08999,2.36832,2.37079,3.70516,3.49305,1.73773,1.79895,2.08837,2.72295
2013-08-23,2.32886,2.31047,1.69107,1.56417,2.00929,2.15036,3.68365,2.49366,2.227,2.14374,2.41934,2.39993,3.79067,3.56626,1.74298,1.80468,2.09832,2.76588
2013-08-30,2.3143,2.29834,1.67438,1.56568,2.00592,2.09319,3.62223,2.46741,2.1882,2.105,2.37411,2.35548,3.71429,3.4966,1.71257,1.7732,2.06091,2.72259
2013-09-06,2.31889,2.31037,1.68056,1.57216,1.99914,2.16018,3.7104,2.50055,2.24853,2.12961,2.41043,2.39972,3.88347,3.63256,1.7251,1.78693,2.09101,2.77526
2013-09-13,2.323,2.31448,1.67963,1.57039,2.00014,2.19123,3.77185,2.57008,2.28637,2.17903,2.46011,2.44716,4.03533,3.76004,1.75894,1.81874,2.13245,2.81602
2013-09-20,2.33634,2.31061,1.69476,1.58614,2.00479,2.24095,3.81969,2.58089,2.32977,2.21996,2.50055,2.48055,4.18911,3.88737,1.77391,1.84125,2.16043,2.85813
2013-09-27,2.3495,2.32435,1.69055,1.59609,2.01347,2.26192,3.79009,2.57721,2.35365,2.23485,2.5182,2.4959,4.32114,3.95173,1.75369,1.81759,2.13752,2.86102
2013-10-04,2.34953,2.32378,1.66896,1.58453,2.01347,2.2828,3.83528,2.56547,2.39061,2.28703,2.56384,2.533,4.40547,4.035,1.74428,1.80963,2.13727,2.87296
2013-10-11,2.3664,2.34684,1.66517,1.57596,2.01917,2.27678,3.85916,2.58278,2.40738,2.21959,2.49048,2.48598,4.24839,3.93363,1.76705,1.83405,2.15461,2.86681
2013-10-18,2.36539,2.34516,1.68016,1.57596,2.01485,2.33158,3.9032,2.60644,2.44917,2.33574,2.58971,2.58021,4.45821,4.09443,1.80205,1.87253,2.20687,2.97247
2013-10-25,2.37716,2.34951,1.70309,1.57814,2.01704,2.36033,3.96774,2.6618,2.42194,2.35068,2.62714,2.60099,4.44909,4.09107,1.8232,1.89564,2.22662,2.99961
2013-11-01,2.37312,2.35752,1.71223,1.59661,2.02167,2.31073,3.88685,2.64347,2.42175,2.32684,2.60947,2.58377,4.42641,4.07371,1.82594,1.89841,2.2299,2.99635
2013-11-08,2.44241,2.40645,1.72686,1.6144,2.04173,2.31486,3.92602,2.65247,2.34007,2.35064,2.63233,2.59784,4.37431,4.03385,1.84267,1.91398,2.24357,2.98658
2013-11-15,2.45368,2.41002,1.73447,1.62492,2.04174,2.33321,3.95252,2.68237,2.38157,2.41825,2.71498,2.66381,4.47284,4.1436,1.87192,1.94508,2.2785,3.03796
2013-11-22,2.48047,2.41971,1.73991,1.63967,2.04179,2.32094,3.92515,2.65013,2.37999,2.41567,2.70241,2.65794,4.41764,4.11654,1.88387,1.95567,2.28812,3.03905
2013-11-29,2.48047,2.41643,1.75131,1.64312,2.04348,2.30878,3.93676,2.63474,2.35962,2.43666,2.71518,2.66477,4.48488,4.1751,1.88432,1.94992,2.29052,3.10201
2013-12-06,2.51891,2.44404,1.74981,1.63412,2.03955,2.3003,3.99751,2.66353,2.39733,2.41689,2.69372,2.65208,4.5178,4.16817,1.88662,1.94903,2.28976,3.11178
2013-12-13,2.53146,2.44628,1.74958,1.63511,2.03635,2.30284,3.87685,2.63354,2.39021,2.39945,2.67404,2.62093,4.42017,4.10007,1.8468,1.90945,2.25395,3.07016
2013-12-20,2.55172,2.45729,1.77517,1.64412,2.0518,2.33772,3.9928,2.70245,2.45938,2.4671,2.7451,2.6954,4.56271,4.25253,1.8878,1.94837,2.31008,3.13981
2013-12-27,2.56692,2.46655,1.79327,1.64412,2.0518,2.36747,4.04118,2.7228,2.48289,2.49109,2.77322,2.72935,4.57534,4.2894,1.90831,1.96737,2.33922,3.17683
2014-01-03,2.56923,2.46836,1.78107,1.64209,2.0518,2.34658,4.02775,2.71602,2.46952,2.49572,2.7723,2.72106,4.64874,4.35408,1.88567,1.9467,2.327,3.14489
2014-01-10,2.55687,2.46326,1.79298,1.63825,2.0536,2.35148,3.96649,2.7078,2.50855,2.5022,2.78302,2.73535,4.86009,4.53295,1.90254,1.96429,2.34291,3.16885
2014-01-17,2.55594,2.47991,1.76289,1.6367,2.05754,2.35665,4.0483,2.74116,2.46917,2.50785,2.76152,2.7272,4.82028,4.5003,1.89252,1.95153,2.33655,3.1899
2014-01-24,2.43443,2.3861,1.68407,1.57165,2.0085,2.25985,3.98788,2.64786,2.38672,2.40393,2.64755,2.61666,4.70228,4.3673,1.85053,1.90805,2.27611,3.14852
2014-01-31,2.47163,2.42072,1.68749,1.59411,2.00385,2.23806,3.9479,2.62711,2.43396,2.40313,2.65332,2.61441,4.75723,4.39952,1.86503,1.91896,2.26708,3.13146
2014-02-07,2.49433,2.42723,1.67629,1.61797,1.99036,2.25464,3.97544,2.63944,2.47275,2.4144,2.67239,2.63495,4.76796,4.43798,1.8669,1.9218,2.28616,3.16885
2014-02-14,2.50249,2.42457,1.68232,1.61777,1.99234,2.34628,4.06842,2.69809,2.5574,2.4884,2.73398,2.68839,4.85056,4.5153,1.9152,1.96736,2.34138,3.25996
2014-02-21,2.50347,2.42457,1.69003,1.61933,1.99234,2.36917,4.05976,2.72443,2.56528,2.52656,2.78296,2.72979,5.00289,4.66337,1.9145,1.96542,2.33973,3.26431
2014-02-28,2.51165,2.42793,1.7141,1.62304,1.99541,2.40525,4.1207,2.75948,2.57474,2.52741,2.79893,2.7498,5.00035,4.69499,1.93219,1.98543,2.37026,3.29281
2014-03-07,2.51719,2.42863,1.71217,1.62396,1.99295,2.37439,4.17352,2.77106,2.61347,2.55998,2.82656,2.77381,4.89014,4.65622,1.9307,1.98873,2.39533,3.29973
2014-03-14,2.47715,2.42681,1.69029,1.60266,1.99414,2.32181,4.03392,2.73112,2.54732,2.50435,2.7664,2.71648,4.6919,4.5074,1.94468,1.99266,2.34952,3.23194
2014-03-21,2.50968,2.46752,1.69535,1.61855,2.00799,2.35278,4.05643,2.7497,2.56126,2.54506,2.80502,2.74983,4.68471,4.52247,1.9541,2.00366,2.37958,3.25138
2014-03-28,2.50987,2.47501,1.68544,1.62122,2.01052,2.29865,4.01161,2.74878,2.52658,2.50907,2.76688,2.72236,4.38938,4.31083,1.97601,2.01663,2.3705,3.18015
2014-04-04,2.55726,2.52601,1.69627,1.63908,2.04333,2.26015,4.02116,2.75854,2.49378,2.52063,2.77923,2.72951,4.26725,4.21872,1.99362,2.03305,2.38213,3.1553
2014-04-11,2.4851,2.51312,1.71589,1.65665,2.04689,2.19782,3.90645,2.65344,2.43907,2.47443,2.72857,2.67175,4.0106,3.97753,1.99387,2.01941,2.31964,3.07274
2014-04-18,2.51056,2.52445,1.74495,1.66572,2.07613,2.24716,4.02437,2.72009,2.49972,2.53203,2.78023,2.72656,4.11037,4.09643,2.03303,2.06162,2.382,3.14909
2014-04-25,2.50925,2.51668,1.73077,1.64909,2.07847,2.22667,4.00241,2.66406,2.48114,2.5453,2.7973,2.72738,4.02951,4.01987,2.05143,2.07603,2.38073,3.14873
2014-05-02,2.51226,2.52245,1.73954,1.66735,2.07765,2.23583,4.0608,2.65457,2.50762,2.55354,2.80418,2.73619,4.04924,4.06047,2.04904,2.08152,2.40335,3.19622
2014-05-09,2.53691,2.53804,1.7306,1.66284,2.08913,2.22397,4.03641,2.61206,2.51376,2.51831,2.77844,2.72576,3.90015,3.92913,2.06351,2.09616,2.40207,3.17101
2014-05-16,2.54764,2.55265,1.76033,1.67872,2.09078,2.25532,3.9722,2.63367,2.51609,2.52827,2.80026,2.74367,3.91818,3.95416,2.06322,2.09551,2.40322,3.20426
2014-05-23,2.56143,2.56275,1.78539,1.70875,2.08966,2.24542,4.06096,2.66614,2.54365,2.50366,2.80288,2.74578,4.06621,4.09263,2.05731,2.09123,2.43261,3.28353
2014-05-30,2.57343,2.56812,1.78947,1.71084,2.08966,2.26144,4.07237,2.68528,2.58667,2.53304,2.83128,2.77226,4.19259,4.19552,2.08387,2.11636,2.46239,3.33577
2014-06-06,2.57905,2.57255,1.80632,1.7102,2.08966,2.30423,4.2059,2.77208,2.62809,2.57994,2.87769,2.82085,4.26014,4.29782,2.09792,2.13147,2.49689,3.39094
2014-06-13,2.57655,2.58074,1.79269,1.71678,2.08966,2.2223,4.1679,2.72467,2.61388,2.53714,2.83949,2.78931,4.28903,4.28992,2.08044,2.11504,2.48092,3.37267
2014-06-20,2.62111,2.62925,1.8239,1.74619,2.08966,2.28245,4.22082,2.78292,2.65071,2.59146,2.89104,2.84645,4.45728,4.43091,2.09935,2.14173,2.51605,3.39822
2014-06-27,2.62951,2.63365,1.81632,1.73476,2.08966,2.23889,4.21849,2.81241,2.59732,2.59058,2.88617,2.84223,4.45791,4.44443,2.08674,2.13421,2.51451,3.43412
2014-07-04,2.61785,2.63679,1.82713,1.74147,2.09189,2.25591,4.23448,2.84469,2.62289,2.5969,2.87959,2.83207,4.55135,4.52553,2.09984,2.14669,2.54507,3.50554
2014-07-11,2.62432,2.65498,1.81126,1.72039,2.09957,2.21653,4.2117,2.79683,2.58273,2.58705,2.86806,2.81032,4.36812,4.37072,2.09012,2.14143,2.52465,3.48979
2014-07-18,2.66033,2.6676,1.82411,1.73213,2.09957,2.21293,4.21157,2.79363,2.59479,2.60371,2.88683,2.82165,4.36848,4.36764,2.09283,2.14788,2.53878,3.52093
2014-07-25,2.66194,2.66433,1.81428,1.73492,2.10139,2.20804,4.16402,2.78291,2.61093,2.57669,2.87394,2.8082,4.38786,4.42129,2.07696,2.13873,2.5389,3.54364
2014-08-01,2.55381,2.56561,1.73956,1.68459,2.09179,2.17776,4.06273,2.71822,2.49775,2.46733,2.76628,2.70245,4.24883,4.27733,2.03065,2.0919,2.47188,3.46782
2014-08-08,2.55476,2.58299,1.75411,1.70115,2.10001,2.18403,4.06533,2.69887,2.50291,2.47325,2.77142,2.71727,4.28767,4.31064,2.04116,2.10376,2.48138,3.47624
2014-08-15,2.56414,2.59544,1.76202,1.7049,2.10399,2.23385,4.08038,2.73295,2.5695,2.50399,2.80906,2.75546,4.47833,4.45447,2.07212,2.13065,2.51322,3.56782
2014-08-22,2.56734,2.59544,1.76322,1.70786,2.10399,2.29226,4.19256,2.79135,2.63692,2.55199,2.85742,2.80282,4.61649,4.56572,2.09974,2.16302,2.55778,3.62826
2014-08-29,2.57141,2.59544,1.75909,1.70454,2.10399,2.28898,4.23658,2.8386,2.64783,2.58141,2.8802,2.82773,4.67461,4.59928,2.10638,2.17215,2.5773,3.655
2014-09-05,2.5729,2.59166,1.76692,1.70944,2.10399,2.28222,4.3092,2.8665,2.66871,2.59627,2.89712,2.83918,4.70513,4.62486,2.12581,2.18632,2.58244,3.65903
2014-09-12,2.52537,2.56912,1.73541,1.67326,2.10399,2.2601,4.19847,2.79442,2.61813,2.57698,2.87096,2.81135,4.62768,4.58764,2.08178,2.14819,2.55701,3.64401
2014-09-19,2.5348,2.56976,1.71673,1.67785,2.09961,2.28712,4.20951,2.81789,2.66056,2.61374,2.89685,2.84075,4.56599,4.56439,2.09075,2.16264,2.58922,3.67104
2014-09-26,2.52289,2.5662,1.69739,1.67411,2.08448,2.23403,4.15576,2.74953,2.59835,2.57222,2.85845,2.79499,4.47087,4.46825,2.07077,2.13997,2.55309,3.62697
2014-10-03,2.46527,2.51296,1.69472,1.66757,2.0903,2.21,4.08164,2.69954,2.57047,2.56842,2.84103,2.77094,4.38237,4.3817,2.06745,2.1329,2.53529,3.60458
2014-10-10,2.37881,2.47663,1.65882,1.6625,2.05691,2.10331,3.93434,2.55842,2.4803,2.48169,2.73552,2.66481,3.82418,3.93378,2.03253,2.09098,2.45814,3.46762
2014-10-17,2.36596,2.50475,1.62487,1.65354,2.07267,2.0884,3.87764,2.58076,2.42131,2.47538,2.7512,2.66932,3.96419,4.01497,2.02199,2.08104,2.43144,3.41475
2014-10-24,2.38351,2.51334,1.6397,1.65688,2.07503,2.183,4.04441,2.70076,2.45777,2.57379,2.8683,2.78911,4.19454,4.25085,2.08278,2.14944,2.53413,3.6211
2014-10-31,2.3705,2.51334,1.64705,1.65688,2.07998,2.28861,4.12336,2.75988,2.52731,2.60143,2.92943,2.86478,4.29839,4.34657,2.14262,2.20596,2.6016,3.72318
2014-11-07,2.3889,2.51334,1.65028,1.66297,2.08484,2.32793,4.17492,2.75543,2.52935,2.6207,2.94886,2.87477,4.29974,4.3487,2.16307,2.23312,2.62328,3.73052
2014-11-14,2.3838,2.52111,1.65618,1.66676,2.09071,2.37519,4.17293,2.75077,2.53238,2.63829,2.96852,2.8906,4.33205,4.34539,2.16305,2.22902,2.63489,3.79
2014-11-21,2.42615,2.55028,1.66445,1.68557,2.09028,2.43521,4.1758,2.79817,2.58099,2.67012,3.00884,2.9251,4.38394,4.39795,2.17904,2.24875,2.66637,3.81387
2014-11-28,2.44481,2.56113,1.67788,1.6889,2.09028,2.38678,4.11599,2.82035,2.61457,2.71065,3.05216,2.96993,4.42425,4.43095,2.20711,2.27466,2.67307,3.89244
2014-12-05,2.47083,2.5681,1.6834,1.70313,2.08901,2.39241,4.12621,2.8678,2.62379,2.71708,3.06933,2.97774,4.4513,4.45987,2.21224,2.27767,2.68339,3.86931
2014-12-12,2.3923,2.52188,1.65255,1.66795,2.07423,2.27173,3.90545,2.77076,2.54233,2.6346,2.98332,2.91135,4.24452,4.28856,2.15788,2.23152,2.59167,3.76981
2014-12-19,2.45263,2.57336,1.68078,1.69749,2.12367,2.34631,4.10658,2.88471,2.58871,2.71673,3.07811,2.99848,4.37697,4.40645,2.2238,2.29379,2.67901,3.84466
2014-12-26,2.45263,2.57336,1.68058,1.69681,2.12636,2.38236,4.16989,2.90251,2.62668,2.75532,3.10967,3.03219,4.4175,4.43356,2.24975,2.31914,2.70391,3.8712
2015-01-02,2.42543,2.566,1.65802,1.67291,2.12605,2.33542,4.11259,2.91256,2.58235,2.69256,3.0429,2.97548,4.36015,4.37443,2.22427,2.29101,2.66487,3.7938
2015-01-09,2.42401,2.57347,1.65706,1.66897,2.15554,2.34281,4.0295,2.88631,2.58772,2.67955,3.03858,2.97238,4.39385,4.43191,2.25249,2.32463,2.64956,3.78201
2015-01-16,2.43186,2.59785,1.64775,1.66577,2.15756,2.30563,3.94876,2.84155,2.57446,2.63887,2.98526,2.91626,4.35929,4.40373,2.2747,2.34602,2.61557,3.71567
2015-01-23,2.4654,2.62569,1.67197,1.67873,2.18436,2.3483,3.98585,2.89952,2.6213,2.77294,3.08623,2.98188,4.52777,4.53332,2.28688,2.35786,2.6589,3.84245
2015-01-30,2.45792,2.62447,1.65127,1.67363,2.16411,2.31437,3.94282,2.80281,2.55875,2.70816,3.01345,2.91214,4.39232,4.40504,2.22676,2.30129,2.58729,3.72599
2015-02-06,2.46118,2.64975,1.65904,1.70919,2.20754,2.38626,3.97862,2.92079,2.62388,2.71429,3.00335,2.91756,4.4089,4.43587,2.28796,2.34681,2.66642,3.80081
2015-02-13,2.42886,2.62893,1.68964,1.72505,2.16937,2.42525,4.01434,3.01819,2.64182,2.76971,3.05396,2.96396,4.48485,4.50763,2.30963,2.36539,2.72129,3.94012
2015-02-20,2.44841,2.6457,1.72711,1.74629,2.2133,2.41887,3.96962,3.0434,2.68374,2.83983,3.12328,3.02304,4.54722,4.57017,2.31566,2.37269,2.74023,3.9954
2015-02-27,2.43695,2.64551,1.71162,1.72932,2.21487,2.41876,3.99485,3.02141,2.638,2.8401,3.12402,3.00941,4.58574,4.60336,2.30075,2.36134,2.73271,3.99503
2015-03-06,2.4118,2.63836,1.7105,1.73318,2.21487,2.33626,3.91561,2.93504,2.57148,2.80784,3.08935,2.96756,4.59493,4.59374,2.26552,2.32419,2.69172,3.95854
2015-03-13,2.43085,2.66799,1.70531,1.73367,2.19815,2.31213,3.89658,2.93195,2.56127,2.83494,3.10761,2.9788,4.64624,4.64262,2.26935,2.32643,2.67006,3.88225
2015-03-20,2.43621,2.67037,1.72431,1.73105,2.20828,2.38053,3.95607,2.99754,2.66515,2.89993,3.19899,3.05541,4.81784,4.82754,2.33505,2.3871,2.74165,4.00902
2015-03-27,2.43862,2.667,1.69476,1.72534,2.21994,2.31583,3.85115,2.91327,2.5796,2.85645,3.13567,2.99742,4.65451,4.68897,2.29161,2.34912,2.6808,3.89783
2015-04-03,2.46265,2.68871,1.70995,1.75285,2.23024,2.34007,3.81942,2.8957,2.598,2.86671,3.14142,3.00713,4.61471,4.64709,2.30562,2.3553,2.68992,3.88306
2015-04-10,2.47432,2.69197,1.72876,1.75577,2.232,2.35906,3.79772,2.92818,2.63887,2.87124,3.15778,3.02165,4.77206,4.76941,2.33992,2.38531,2.73683,3.98021
2015-04-17,2.44213,2.66432,1.70568,1.72211,2.22675,2.35236,3.76099,2.90819,2.59077,2.79209,3.07728,2.94461,4.75483,4.71556,2.30722,2.35349,2.7096,3.91593
2015-04-24,2.47139,2.70292,1.71808,1.74753,2.23499,2.40529,3.8466,2.9251,2.61725,2.78894,3.08917,2.96575,4.79912,4.77052,2.32414,2.37003,2.75781,4.08327
2015-05-01,2.4519,2.69939,1.70944,1.73635,2.2523,2.37757,3.80921,2.90334,2.53081,2.73095,3.0258,2.89346,4.53528,4.5417,2.30075,2.34687,2.74569,4.02823
2015-05-08,2.50086,2.7376,1.72376,1.73211,2.27976,2.34534,3.77465,2.89953,2.52637,2.74642,3.0484,2.90736,4.63112,4.63883,2.32273,2.36996,2.75742,4.01493
2015-05-15,2.53243,2.748,1.74664,1.74994,2.28057,2.37035,3.75817,2.89131,2.53673,2.73519,3.04974,2.91693,4.64442,4.66318,2.32993,2.37746,2.7681,4.04781
2015-05-22,2.55032,2.75869,1.75084,1.75011,2.28392,2.36217,3.73718,2.90844,2.56277,2.76171,3.06978,2.93955,4.73952,4.72914,2.32559,2.37806,2.77527,4.08068
2015-05-29,2.55252,2.76416,1.73797,1.74405,2.28885,2.36821,3.73772,2.85603,2.55629,2.74674,3.05243,2.92615,4.83136,4.80782,2.30279,2.35454,2.75116,4.06517
2015-06-05,2.53847,2.74714,1.73579,1.71911,2.28907,2.38302,3.72328,2.84784,2.55311,2.72823,3.03246,2.9071,4.79852,4.79165,2.26743,2.33081,2.73331,4.03746
2015-06-12,2.56127,2.77155,1.74583,1.72298,2.29235,2.35957,3.7121,2.8285,2.58569,2.74501,3.04287,2.91161,4.7574,4.76471,2.27736,2.34124,2.73644,4.01715
2015-06-19,2.57417,2.77155,1.75086,1.72588,2.29235,2.35615,3.76296,2.82877,2.5771,2.81181,3.11165,2.96881,4.89846,4.87507,2.30286,2.3638,2.76023,4.06859
2015-06-26,2.57335,2.76761,1.73062,1.71834,2.29235,2.34919,3.73253,2.77352,2.56032,2.74026,3.03052,2.92675,4.78595,4.80393,2.29709,2.35536,2.74726,4.04564
2015-07-03,2.54725,2.74308,1.69524,1.67155,2.29719,2.28189,3.68351,2.7125,2.47329,2.71528,3.01265,2.89939,4.67957,4.69109,2.27837,2.32979,2.7144,3.99677
2015-07-10,2.5582,2.75296,1.66627,1.67412,2.29454,2.25946,3.62657,2.70619,2.49487,2.73387,3.01221,2.90065,4.71912,4.72185,2.30138,2.35067,2.71662,3.98566
2015-07-17,2.57793,2.78222,1.67246,1.67769,2.30023,2.274,3.67518,2.69781,2.50423,2.82475,3.08235,2.97214,4.95766,4.90809,2.33388,2.38165,2.78209,4.20558
2015-07-24,2.53133,2.78189,1.64944,1.64493,2.30023,2.24642,3.52846,2.64746,2.46947,2.73828,2.98758,2.90909,4.83343,4.82354,2.28926,2.33756,2.72343,4.11339
2015-07-31,2.55882,2.81483,1.69144,1.68162,2.32058,2.32576,3.58094,2.67042,2.43004,2.7679,3.03754,2.9289,4.79269,4.82894,2.31662,2.36597,2.75617,4.14486
2015-08-07,2.55803,2.81461,1.69888,1.67772,2.32152,2.34832,3.51175,2.67381,2.38484,2.75433,3.01571,2.91077,4.57609,4.68637,2.31124,2.34831,2.72278,4.08414
2015-08-14,2.58302,2.8208,1.71863,1.68374,2.32393,2.44747,3.59182,2.72729,2.42732,2.79206,3.03663,2.93307,4.58435,4.6967,2.33236,2.38345,2.74203,4.09155
2015-08-21,2.45875,2.76915,1.63258,1.64595,2.30941,2.32443,3.40138,2.48103,2.32457,2.65345,2.89538,2.78275,4.24864,4.36794,2.23696,2.28207,2.59027,3.79128
2015-08-28,2.44859,2.76931,1.59885,1.60864,2.45355,2.34986,3.46069,2.52039,2.31133,2.6602,2.901,2.79991,4.42617,4.51089,2.2165,2.267,2.60926,3.9105
2015-09-04,2.46572,2.76931,1.61285,1.60864,2.44969,2.28813,3.40446,2.44785,2.2083,2.58034,2.81506,2.71378,4.22006,4.31973,2.14332,2.19507,2.52166,3.7824
2015-09-11,2.46749,2.76931,1.61885,1.60979,2.46004,2.32025,3.45549,2.45723,2.24109,2.58034,2.81506,2.71378,4.22006,4.31973,2.16831,2.22535,2.576,3.90865
2015-09-18,2.47437,2.77521,1.61448,1.61093,2.46004,2.34935,3.49059,2.47657,2.2777,2.58034,2.81506,2.71378,4.22006,4.31973,2.1912,2.24389,2.57241,3.90999
2015-09-25,2.44284,2.75082,1.58091,1.60876,2.46232,2.26223,3.43407,2.43368,2.23719,2.58034,2.81506,2.71378,4.22006,4.31973,2.20226,2.25489,2.5382,3.8198
2015-10-02,2.39423,2.69668,1.55576,1.59354,2.44965,2.22156,3.46572,2.42192,2.21153,2.58034,2.81506,2.71378,4.22006,4.31973,2.20817,2.27152,2.56649,3.86026
2015-10-09,2.40559,2.70231,1.56412,1.59461,2.45271,2.32914,3.55212,2.52514,2.22179,2.58034,2.81506,2.71378,4.22006,4.31973,2.26316,2.32753,2.6498,3.95379
2015-10-16,2.43911,2.70807,1.57689,1.60222,2.45271,2.32996,3.62932,2.5076,2.22677,2.58034,2.81506,2.71378,4.22006,4.31973,2.28962,2.35453,2.67534,4.0128
2015-10-23,2.44207,2.72031,1.59519,1.60335,2.45362,2.29759,3.59896,2.53031,2.27596,2.58034,2.81506,2.71378,4.22006,4.31973,2.32302,2.38577,2.73114,4.18575
2015-10-30,2.42807,2.7084,1.59676,1.59104,2.44543,2.29321,3.58861,2.53579,2.24676,2.58034,2.81506,2.71378,4.22006,4.31973,2.31618,2.3751,2.73667,4.20617
2015-11-06,2.41434,2.69839,1.61432,1.60537,2.47171,2.27315,3.59585,2.63733,2.2595,2.55749,2.80441,2.70959,4.32353,4.39118,2.27636,2.33585,2.76444,4.26035
2015-11-13,2.36005,2.66681,1.54799,1.56958,2.45262,2.16271,3.52533,2.518,2.20322,2.45079,2.7162,2.63563,4.13369,4.20724,2.24124,2.30573,2.66573,4.07664
2015-11-20,2.4058,2.73925,1.56613,1.58281,2.48172,2.22489,3.66854,2.59873,2.26993,2.5239,2.80379,2.72518,4.34474,4.39697,2.30816,2.374,2.75483,4.24885
2015-11-27,2.4072,2.73925,1.57939,1.58517,2.48861,2.22442,3.74225,2.61706,2.27778,2.53064,2.81255,2.73083,4.43851,4.47848,2.30655,2.36783,2.75812,4.24254
2015-12-04,2.43306,2.77021,1.58368,1.60609,2.48861,2.2238,3.67768,2.60583,2.27193,2.51808,2.80015,2.72439,4.4769,4.48098,2.30835,2.36822,2.75891,4.27334
2015-12-11,2.3865,2.73608,1.54488,1.58579,2.46661,2.12996,3.53044,2.51652,2.18046,2.43704,2.69995,2.6254,4.32046,4.32502,2.24408,2.29813,2.65704,4.1119
2015-12-18,2.43669,2.80641,1.56567,1.618,2.53219,2.1376,3.49823,2.52577,2.18888,2.44456,2.70101,2.62133,4.34566,4.33777,2.2582,2.30912,2.64823,4.08871
2015-12-25,2.47237,2.81648,1.58092,1.62212,2.53957,2.23683,3.63925,2.62443,2.22428,2.50747,2.77425,2.68722,4.38295,4.38595,2.30945,2.36076,2.72317,4.19146
2016-01-01,2.47703,2.81648,1.57942,1.62109,2.53957,2.21884,3.55893,2.58216,2.2096,2.48401,2.7476,2.66342,4.30544,4.32828,2.29468,2.34639,2.6992,4.16429
2016-01-08,2.36282,2.63572,1.53694,1.53533,2.48352,2.03246,3.33415,2.48098,2.12709,2.44692,2.702,2.61935,4.22147,4.24999,2.20949,2.24463,2.54099,3.87205
2016-01-15,2.3762,2.60513,1.56028,1.55027,2.48821,1.99647,3.16111,2.38567,2.07814,2.44692,2.702,2.61935,4.22147,4.24999,2.1774,2.21115,2.48657,3.75404
2016-01-22,2.41025,2.62684,1.5705,1.55954,2.51909,2.0149,3.21334,2.42501,2.08586,2.44692,2.702,2.61935,4.22147,4.24999,2.2026,2.22296,2.52245,3.86311
2016-01-29,2.42435,2.64038,1.57667,1.56445,2.52187,2.00099,3.2087,2.32555,2.12155,2.44692,2.702,2.61935,4.22147,4.24999,2.25365,2.28057,2.56482,3.87652
2016-02-05,2.35454,2.6372,1.537,1.55701,2.48742,1.87089,3.02703,2.25105,2.01719,2.44692,2.702,2.61935,4.22147,4.24999,2.22618,2.25066,2.48842,3.65278
2016-02-12,2.34333,2.64468,1.51024,1.55992,2.5041,1.85911,2.99697,2.23127,2.00892,2.44692,2.702,2.61935,4.22147,4.24999,2.22803,2.24791,2.47095,3.64906
2016-02-19,2.378,2.66234,1.51827,1.5639,2.51143,1.92827,3.10133,2.31235,2.06794,2.44692,2.702,2.61935,4.22147,4.24999,2.27171,2.30223,2.54205,3.78345
2016-02-26,2.38807,2.67267,1.52997,1.56452,2.51143,1.95824,3.19816,2.38626,2.10049,2.44692,2.702,2.61935,4.22147,4.24999,2.29936,2.33612,2.58296,3.85046
2016-03-04,2.3956,2.67267,1.54332,1.56452,2.5061,2.0198,3.39475,2.55491,2.14951,2.44692,2.702,2.61935,4.22147,4.24999,2.32731,2.36555,2.65366,3.93385
2016-03-11,2.44545,2.69413,1.55715,1.58662,2.53371,2.04891,3.39838,2.6086,2.1723,2.44692,2.702,2.61935,4.22147,4.24999,2.3665,2.40258,2.68451,3.96437
2016-03-18,2.4617,2.69575,1.55857,1.5873,2.53594,2.09814,3.42818,2.68945,2.20442,2.44692,2.702,2.61935,4.22147,4.24999,2.394,2.43588,2.71991,4.00899
2016-03-25,2.46304,2.69762,1.56496,1.59643,2.53755,2.06561,3.34264,2.65181,2.20533,2.44692,2.702,2.61935,4.22147,4.24999,2.38792,2.43173,2.70314,4.00488
2016-04-01,2.50094,2.69762,1.58922,1.6078,2.53844,2.12036,3.4103,2.73975,2.25308,2.47262,2.72832,2.64645,4.28209,4.31327,2.43049,2.47996,2.75371,4.12063
2016-04-08,2.507,2.70786,1.58488,1.60264,2.53884,2.09922,3.34476,2.66348,2.22366,2.42972,2.67452,2.60213,4.24239,4.30969,2.39593,2.44967,2.72151,4.06985
2016-04-15,2.51716,2.70302,1.59867,1.59524,2.5561,2.18592,3.46054,2.75635,2.25314,2.43703,2.69423,2.61374,4.25157,4.3233,2.40005,2.4533,2.76516,4.13109
2016-04-22,2.46975,2.6797,1.58134,1.58883,2.56822,2.2311,3.55356,2.81414,2.2981,2.38569,2.64073,2.56532,4.14972,4.25757,2.34342,2.403,2.781,4.06911
2016-04-29,2.47305,2.68935,1.59016,1.58613,2.5282,2.19208,3.52462,2.72393,2.25844,2.39507,2.64641,2.57346,4.10867,4.26145,2.38115,2.42842,2.74586,3.94738
2016-05-06,2.46848,2.66779,1.59486,1.5879,2.5144,2.17488,3.31469,2.61496,2.2194,2.38682,2.63791,2.56611,4.17643,4.32316,2.40299,2.44909,2.73774,3.94216
2016-05-13,2.46774,2.69092,1.59759,1.59305,2.52866,2.14249,3.30179,2.55539,2.19533,2.38018,2.63093,2.56046,4.15647,4.3159,2.41603,2.45665,2.72497,3.93917
2016-05-20,2.471,2.6791,1.60617,1.59685,2.53576,2.15642,3.32217,2.55325,2.19781,2.36562,2.61819,2.54833,4.09896,4.26547,2.38663,2.43227,2.73468,3.97539
2016-05-27,2.48214,2.67644,1.61758,1.6054,2.5531,2.20159,3.37438,2.58276,2.25137,2.34184,2.61524,2.56594,4.17971,4.36803,2.42468,2.47423,2.7979,4.11204
2016-06-03,2.47947,2.67644,1.62421,1.60892,2.55942,2.20352,3.36801,2.61423,2.26185,2.35224,2.62932,2.57231,4.26408,4.42635,2.43988,2.48964,2.79843,4.10943
2016-06-10,2.47321,2.68631,1.61329,1.61512,2.55963,2.13795,3.38153,2.59606,2.26793,2.35187,2.62739,2.56924,4.27999,4.4335,2.46329,2.50669,2.79564,4.06761
2016-06-17,2.47734,2.69683,1.58709,1.59989,2.55631,2.12079,3.34598,2.53626,2.26649,2.32359,2.59677,2.53822,4.22004,4.39028,2.4502,2.48912,2.76268,3.98673
2016-06-24,2.49353,2.71545,1.59185,1.60572,2.57082,2.02846,3.19712,2.50579,2.22501,2.28012,2.55873,2.50182,4.24479,4.38623,2.43176,2.46934,2.71881,3.90436
2016-07-01,2.56946,2.7785,1.61001,1.61837,2.6597,2.06818,3.24797,2.64553,2.28222,2.34279,2.62377,2.5694,4.46114,4.57459,2.51565,2.55544,2.80817,4.04625
2016-07-08,2.5766,2.78249,1.62646,1.61837,2.65845,2.1099,3.27111,2.6201,2.30489,2.39651,2.72567,2.63742,4.59032,4.69226,2.59145,2.61519,2.84469,4.12936
2016-07-15,2.56481,2.78164,1.60733,1.6151,2.65845,2.16292,3.29873,2.65978,2.30903,2.42747,2.74603,2.64264,4.60987,4.7025,2.59938,2.61866,2.88723,4.18552
2016-07-22,2.56937,2.79219,1.6135,1.62374,2.66405,2.14908,3.34172,2.71001,2.29848,2.42125,2.7462,2.65011,4.62666,4.7325,2.60438,2.62161,2.90609,4.25478
2016-07-29,2.54908,2.77989,1.6131,1.6325,2.68727,2.11511,3.33428,2.66819,2.27857,2.47479,2.77722,2.65982,4.74161,4.81298,2.56993,2.60061,2.90448,4.31393
2016-08-05,2.53097,2.78027,1.59509,1.61208,2.7053,2.16133,3.32208,2.65322,2.28679,2.47997,2.77034,2.65116,4.71946,4.76693,2.55121,2.57965,2.91866,4.37196
2016-08-12,2.54052,2.78055,1.58947,1.61418,2.70562,2.13171,3.32165,2.64765,2.27061,2.47406,2.76303,2.66469,4.68934,4.75317,2.56447,2.58592,2.92241,4.38768
2016-08-19,2.55056,2.79157,1.59581,1.61918,2.71799,2.11313,3.2984,2.60952,2.27043,2.41206,2.71265,2.62729,4.60582,4.70571,2.5404,2.56252,2.92348,4.38993
2016-08-26,2.54815,2.79524,1.61318,1.64061,2.77415,2.10537,3.26126,2.60033,2.24869,2.31904,2.6293,2.56441,4.41251,4.55999,2.50358,2.52395,2.90676,4.37196
2016-09-02,2.5637,2.78487,1.61943,1.64163,2.76026,2.11459,3.26777,2.62998,2.2575,2.29895,2.6168,2.56423,4.46509,4.60053,2.51865,2.5426,2.9212,4.38469
2016-09-09,2.50306,2.71296,1.57942,1.62131,2.74895,2.03314,3.15786,2.55322,2.16262,2.23877,2.54999,2.48661,4.30277,4.44203,2.4416,2.469,2.85311,4.27836
2016-09-16,2.49876,2.71454,1.57205,1.62129,2.73693,2.05297,3.14829,2.6145,2.17443,2.26426,2.57035,2.50882,4.32839,4.4709,2.45136,2.48326,2.86874,4.40205
2016-09-23,2.5067,2.72611,1.58357,1.61898,2.77032,2.11681,3.20478,2.61441,2.22517,2.28528,2.59787,2.53712,4.48442,4.6162,2.49737,2.53543,2.90396,4.44108
2016-09-30,2.51267,2.72173,1.58169,1.60235,2.76353,2.16357,3.19581,2.66031,2.21908,2.29606,2.60984,2.54943,4.39776,4.5392,2.48908,2.51538,2.90813,4.45572
2016-10-07,2.47002,2.68888,1.54059,1.55912,2.74555,2.1446,3.20563,2.65779,2.19325,2.27958,2.59676,2.5339,4.2098,4.39634,2.4652,2.49346,2.89119,4.44634
2016-10-14,2.4243,2.68308,1.51036,1.55535,2.75271,2.09567,3.17456,2.65261,2.13442,2.23364,2.5512,2.48659,4.11692,4.33102,2.45103,2.47567,2.86538,4.39642
2016-10-21,2.40645,2.67817,1.52302,1.57415,2.7553,2.10991,3.18659,2.73739,2.13952,2.19826,2.53173,2.47083,4.22941,4.4002,2.44339,2.47099,2.87694,4.43433
2016-10-28,2.38411,2.64941,1.50713,1.58332,2.73109,2.13975,3.19955,2.68143,2.13358,2.1616,2.49394,2.4477,4.18357,4.31245,2.44923,2.46083,2.85758,4.39492
2016-11-04,2.33733,2.60623,1.4692,1.56765,2.69762,2.09695,3.08962,2.56997,2.08415,2.10318,2.43387,2.38555,4.18089,4.28712,2.4179,2.4244,2.80393,4.26544
2016-11-11,2.40137,2.67195,1.51165,1.60708,2.76803,2.19312,3.26836,2.75062,2.22042,2.21923,2.57927,2.5201,4.25407,4.37576,2.53891,2.53007,2.90974,4.34613
2016-11-18,2.40568,2.68108,1.50635,1.61266,2.78667,2.23378,3.33518,2.76363,2.23257,2.23721,2.62064,2.56695,4.40252,4.49515,2.5389,2.54137,2.93771,4.40318
2016-11-25,2.41794,2.69288,1.53614,1.62271,2.7979,2.26284,3.39394,2.80091,2.26098,2.31105,2.69019,2.62998,4.51402,4.61301,2.5609,2.56671,2.97831,4.45872
2016-12-02,2.4149,2.703,1.5414,1.63149,2.81748,2.24577,3.39026,2.76574,2.21814,2.2597,2.65649,2.60827,4.44751,4.53497,2.54096,2.5392,2.95357,4.34238
2016-12-09,2.45108,2.73627,1.56704,1.65198,2.8829,2.32276,3.46925,2.88097,2.2877,2.32889,2.72199,2.68722,4.52274,4.62774,2.61998,2.61104,3.0454,4.485
2016-12-16,2.44253,2.7438,1.53198,1.62202,2.87223,2.27251,3.47572,2.83554,2.23837,2.28474,2.67205,2.64753,4.38972,4.52643,2.61167,2.61369,3.04347,4.50202
2016-12-23,2.46259,2.74506,1.54359,1.63597,2.88784,2.25451,3.46552,2.85334,2.24612,2.28805,2.67569,2.66776,4.3664,4.50628,2.62181,2.61873,3.05253,4.52461
2016-12-30,2.43758,2.72539,1.54505,1.63021,2.88574,2.24074,3.40334,2.80691,2.22508,2.239,2.62573,2.62162,4.3189,4.45265,2.59654,2.59192,3.02305,4.45986
2017-01-06,2.47231,2.75327,1.55612,1.64433,2.88395,2.25184,3.51344,2.84444,2.25223,2.2507,2.64629,2.64231,4.41503,4.56481,2.6172,2.61706,3.07282,4.58973
2017-01-13,2.47604,2.75391,1.56114,1.64858,2.88158,2.25548,3.54753,2.83064,2.24819,2.2436,2.63574,2.63367,4.50221,4.61459,2.60546,2.60397,3.07066,4.63603
2017-01-20,2.47611,2.74747,1.56182,1.64191,2.87792,2.23778,3.54015,2.83654,2.22679,2.2465,2.6181,2.62156,4.46892,4.60029,2.60807,2.61046,3.06646,4.63942
2017-01-27,2.5168,2.77213,1.59535,1.64725,2.88252,2.26558,3.57682,2.87197,2.24528,2.25772,2.63421,2.65566,4.61297,4.70651,2.63028,2.64561,3.09662,4.73541
2017-02-03,2.51503,2.77179,1.6115,1.64744,2.89029,2.25604,3.62243,2.86809,2.22971,2.25919,2.64252,2.66001,4.64182,4.72217,2.61686,2.63286,3.10163,4.73089
2017-02-10,2.51727,2.77658,1.6295,1.64864,2.88502,2.29968,3.74335,2.90615,2.26715,2.29144,2.66544,2.68084,4.6763,4.74933,2.64904,2.66154,3.13097,4.79488
2017-02-17,2.52309,2.78044,1.63728,1.65398,2.88502,2.30087,3.71315,2.92743,2.33851,2.3147,2.69058,2.72332,4.64997,4.73744,2.69917,2.71611,3.17939,4.88635
2017-02-24,2.52654,2.78843,1.64454,1.64554,2.88502,2.29436,3.68963,2.9419,2.34656,2.3096,2.69602,2.73056,4.57271,4.65862,2.73426,2.7526,3.20171,4.90329
2017-03-03,2.54512,2.80313,1.67358,1.65574,2.88437,2.28811,3.72168,2.94779,2.36345,2.32051,2.71474,2.74721,4.66805,4.73356,2.75802,2.76369,3.22443,4.9319
2017-03-10,2.54668,2.7966,1.66157,1.65161,2.87961,2.28789,3.70586,2.92148,2.33446,2.3067,2.69853,2.73696,4.53006,4.59063,2.76266,2.76416,3.21455,4.94583
2017-03-17,2.53943,2.78437,1.66073,1.65874,2.89442,2.30553,3.69285,2.91962,2.32075,2.30632,2.7048,2.75131,4.53819,4.62411,2.78119,2.78312,3.21957,4.96743
2017-03-24,2.44838,2.69708,1.64839,1.64794,2.89599,2.29409,3.6558,2.85586,2.28982,2.27744,2.67976,2.7275,4.45484,4.51385,2.76098,2.75839,3.17651,4.92745
2017-03-31,2.46006,2.68663,1.65686,1.64818,2.8999,2.34159,3.67406,2.92144,2.32152,2.27955,2.67906,2.73293,4.61933,4.64807,2.76465,2.75905,3.20205,4.99345
2017-04-07,2.45141,2.69127,1.66768,1.66024,2.8999,2.30401,3.65211,2.89128,2.30905,2.27254,2.68063,2.72227,4.58044,4.62021,2.76276,2.75567,3.19472,4.97799
2017-04-14,2.4158,2.66628,1.64406,1.64552,2.8999,2.27854,3.65291,2.85326,2.26701,2.24603,2.65214,2.68754,4.42684,4.46683,2.7432,2.73817,3.15818,4.91877
2017-04-21,2.46813,2.73189,1.65502,1.65869,2.90459,2.29893,3.70315,2.90465,2.2857,2.30682,2.7186,2.7516,4.44629,4.49365,2.77755,2.77382,3.18643,5.00025
2017-04-28,2.47835,2.73817,1.66997,1.64811,2.92161,2.29051,3.75699,2.91826,2.28154,2.36497,2.77273,2.80178,4.54585,4.57628,2.81677,2.81909,3.23383,5.12963
2017-05-05,2.48284,2.75154,1.68769,1.65857,2.93277,2.29289,3.78709,2.93916,2.27934,2.39269,2.80158,2.82875,4.58293,4.62279,2.82417,2.83504,3.25584,5.1881
2017-05-12,2.47583,2.72542,1.67612,1.65201,2.91886,2.28184,3.72886,2.90463,2.26172,2.3911,2.80938,2.83406,4.67113,4.67837,2.81571,2.82309,3.24606,5.22808
2017-05-19,2.4893,2.73531,1.68245,1.65725,2.91182,2.27026,3.73899,2.92522,2.23041,2.39084,2.80076,2.82516,4.61096,4.62423,2.82479,2.8292,3.23696,5.19941
2017-05-26,2.52839,2.75673,1.68913,1.66402,2.91385,2.31121,3.74695,3.02888,2.31752,2.45484,2.87222,2.91019,4.72312,4.71446,2.88705,2.88819,3.28314,5.32691
2017-06-02,2.53722,2.76324,1.70045,1.67444,2.91385,2.34458,3.7919,3.06401,2.35568,2.47774,2.90763,2.95344,4.76064,4.74161,2.93367,2.92836,3.31655,5.4114
2017-06-09,2.5111,2.76064,1.68731,1.67628,2.91385,2.33549,3.76277,3.06176,2.3506,2.45815,2.87847,2.9199,4.69549,4.69112,2.91449,2.91006,3.30623,5.28013
2017-06-16,2.52488,2.78737,1.7093,1.68578,2.90893,2.29205,3.69122,2.97471,2.32805,2.46216,2.87932,2.92297,4.58503,4.5946,2.93801,2.9342,3.31184,5.2253
2017-06-23,2.52068,2.78199,1.70414,1.68013,2.89591,2.33516,3.84183,3.00022,2.35274,2.48062,2.88389,2.92885,4.82692,4.73918,2.9163,2.90858,3.31853,5.34218
2017-06-30,2.53676,2.80709,1.68941,1.67897,2.91391,2.34677,3.8259,2.95269,2.38014,2.44708,2.84221,2.88313,4.65081,4.6354,2.88257,2.87291,3.30038,5.20601
2017-07-07,2.55007,2.80056,1.68972,1.6812,2.90668,2.35466,3.86978,2.97059,2.4029,2.45489,2.84846,2.88807,4.72555,4.70233,2.87616,2.86819,3.30461,5.21055
2017-07-14,2.56146,2.80366,1.69381,1.68708,2.91119,2.3608,3.97164,3.02663,2.43522,2.46763,2.86624,2.90971,4.97791,4.89791,2.8888,2.88355,3.3517,5.37546
2017-07-21,2.58439,2.82197,1.69241,1.68703,2.91137,2.37422,4.01983,3.01579,2.45338,2.45403,2.84071,2.89974,5.01348,4.93933,2.92967,2.92186,3.36972,5.45073
2017-07-28,2.5658,2.79285,1.70745,1.69065,2.90904,2.36827,3.99499,3.009,2.47755,2.42006,2.8141,2.86928,4.94017,4.89612,2.91482,2.91246,3.37013,5.44051
2017-08-04,2.55045,2.79254,1.73164,1.67971,2.92703,2.31476,4.00067,2.92478,2.49146,2.40066,2.79008,2.85873,4.82277,4.80262,2.95811,2.94006,3.37695,5.43333
2017-08-11,2.52224,2.76558,1.70813,1.65571,2.89636,2.25269,3.9732,2.85854,2.48412,2.37952,2.76298,2.81505,4.69769,4.66713,2.93947,2.91843,3.33205,5.3747
2017-08-18,2.55276,2.7893,1.73497,1.66918,2.90124,2.24127,3.95745,2.81295,2.50104,2.3628,2.74788,2.80203,4.71123,4.65977,2.96343,2.93642,3.3128,5.3418
2017-08-25,2.57089,2.79004,1.74169,1.67519,2.89505,2.26308,4.00231,2.82466,2.505,2.38157,2.77598,2.828,4.80597,4.72585,2.98292,2.95715,3.33805,5.36979
2017-09-01,2.5582,2.78554,1.74738,1.68914,2.89361,2.27419,4.06479,2.82918,2.57187,2.39782,2.79877,2.85052,4.95776,4.86417,2.98051,2.96242,3.38282,5.52222
2017-09-08,2.5525,2.79328,1.73648,1.69963,2.90139,2.29342,4.11256,2.80523,2.55994,2.40047,2.78528,2.83772,4.99916,4.84576,2.99102,2.97547,3.36562,5.45451
2017-09-15,2.60197,2.82904,1.77752,1.73023,2.9083,2.32508,4.17957,2.87503,2.6362,2.43383,2.8279,2.8735,5.13716,4.97968,2.98878,2.98568,3.41813,5.52448
2017-09-22,2.58553,2.81592,1.76146,1.72018,2.90451,2.3547,4.18109,2.85672,2.66326,2.42859,2.80325,2.8647,5.15383,5.0002,2.94575,2.9554,3.42156,5.47062
2017-09-29,2.59431,2.81023,1.75663,1.72422,2.91377,2.35324,4.27128,2.87639,2.68976,2.43029,2.81435,2.87287,5.11157,5.01269,2.93734,2.95582,3.44611,5.51345
2017-10-06,2.62557,2.82563,1.76731,1.72767,2.91377,2.39497,4.32063,2.93077,2.72937,2.46389,2.84815,2.91086,5.22406,5.1169,2.96023,2.97534,3.48918,5.59723
2017-10-13,2.61614,2.8167,1.7716,1.71166,2.91377,2.42012,4.32526,2.95783,2.76161,2.48343,2.85092,2.92331,5.28733,5.16274,2.98151,3.00122,3.49714,5.623
2017-10-20,2.66728,2.84234,1.81117,1.7293,2.91377,2.42193,4.36947,2.98678,2.77269,2.50234,2.87763,2.95484,5.29019,5.19932,2.99898,3.02133,3.52676,5.63703
2017-10-27,2.69251,2.85546,1.80289,1.71339,2.91251,2.34885,4.39076,2.9818,2.80047,2.52738,2.90633,2.98955,5.35868,5.2697,3.0108,3.01757,3.535,5.73293
2017-11-03,2.71644,2.86158,1.82107,1.72488,2.93055,2.3115,4.40814,2.98837,2.81699,2.54198,2.90864,2.99757,5.43562,5.30955,3.00789,3.01206,3.54515,5.80988
2017-11-10,2.70624,2.8461,1.79978,1.70866,2.93146,2.31489,4.46503,3.04612,2.82342,2.5529,2.91162,3.00794,5.51403,5.35083,3.02352,3.01564,3.54021,5.82542
2017-11-17,2.7433,2.89158,1.79781,1.69745,2.93224,2.30632,4.494,3.0159,2.79968,2.57106,2.93321,3.04968,5.66366,5.46057,3.02813,3.01844,3.53705,5.83565
2017-11-24,2.74766,2.90117,1.7991,1.70208,2.93773,2.33136,4.61563,3.06304,2.87737,2.59986,2.97159,3.09577,5.79999,5.56401,3.04332,3.03575,3.57134,5.92322
2017-12-01,2.79049,2.90697,1.84453,1.72624,2.93344,2.39284,4.74161,3.11946,2.93727,2.56759,2.92238,3.02638,5.50745,5.39014,3.09198,3.07866,3.62758,5.85613
2017-12-08,2.80138,2.93105,1.82828,1.72994,2.98181,2.40452,4.79447,3.10042,2.93866,2.58434,2.94787,3.04626,5.48637,5.341,3.09466,3.07807,3.64199,5.86409
2017-12-15,2.80718,2.92898,1.823,1.73374,2.9863,2.4598,4.84335,3.09692,2.93349,2.58221,2.93244,3.03211,5.75428,5.51087,3.10262,3.07923,3.67439,5.97591
2017-12-22,2.83226,2.94304,1.81643,1.73862,2.9863,2.48866,4.90921,3.12663,2.98817,2.58093,2.94724,3.04882,5.72369,5.51654,3.06493,3.02955,3.68818,5.97777
2017-12-29,2.84618,2.94681,1.82905,1.74105,2.9863,2.47228,4.91512,3.11873,3.02443,2.57677,2.94296,3.04864,5.72605,5.52139,3.07613,3.04122,3.67922,5.91661
2018-01-05,2.87918,2.95653,1.82484,1.74166,2.9863,2.55861,5.05184,3.23234,3.10692,2.6218,3.00126,3.11534,6.00548,5.75577,3.08098,3.04383,3.76966,6.1506
2018-01-12,2.87927,2.95228,1.82827,1.75573,2.9863,2.60982,5.17544,3.27892,3.15317,2.66333,3.04708,3.17847,6.17587,5.89836,3.08362,3.04316,3.8317,6.24823
2018-01-19,2.87153,2.93729,1.8541,1.76729,2.9857,2.59826,5.20541,3.23964,3.18295,2.67095,3.06702,3.19541,6.26294,5.96244,3.09753,3.0587,3.86603,6.3185
2018-01-26,2.88935,2.94476,1.88431,1.77732,2.98895,2.61612,5.29065,3.30704,3.22039,2.74105,3.1198,3.2394,6.2503,6.02153,3.16602,3.12005,3.9511,6.49285
2018-02-02,2.78236,2.91678,1.86166,1.75188,2.94076,2.53875,5.09398,3.18392,3.08597,2.61046,2.98712,3.10097,5.80107,5.6287,3.06914,3.0245,3.79765,6.25278
2018-02-09,2.66797,2.8245,1.81022,1.66897,2.72152,2.43832,4.86475,3.03722,2.92257,2.49003,2.82706,2.94266,5.50358,5.34124,2.91463,2.87896,3.60532,5.92953
2018-02-16,2.69836,2.88585,1.8314,1.69138,2.75143,2.5589,5.08466,3.16772,3.0427,2.62883,2.97621,3.09037,5.8335,5.63218,3.01711,2.98896,3.76538,6.26608
2018-02-23,2.69722,2.88619,1.83555,1.69983,2.75438,2.60051,5.11196,3.17751,3.08213,2.67263,3.02623,3.13467,5.7769,5.63598,3.04645,3.01424,3.78744,6.38801
2018-03-02,2.67049,2.91225,1.83164,1.7224,2.7537,2.59708,4.98002,3.11018,3.02175,2.67676,3.01383,3.11209,5.73471,5.56909,3.00244,2.9568,3.70982,6.3052
2018-03-09,2.68023,2.9295,1.87344,1.75016,2.78037,2.64593,5.10051,3.20211,3.12373,2.79446,3.14783,3.24992,6.04191,5.85601,3.0749,3.04102,3.8448,6.57756
2018-03-16,2.67924,2.92939,1.87452,1.74648,2.79194,2.6147,5.03417,3.1625,3.08532,2.76801,3.10626,3.21417,5.97705,5.7879,3.07838,3.03837,3.79555,6.49627
2018-03-23,2.55667,2.81475,1.79592,1.6815,2.72129,2.47941,4.86217,3.05213,2.92397,2.6668,2.97003,3.06929,5.62897,5.47651,2.96697,2.91255,3.572,6.03084
2018-03-30,2.59884,2.88425,1.84252,1.7327,2.80484,2.49697,4.98793,3.10944,2.98962,2.6861,2.99391,3.10378,5.58513,5.49344,3.04776,2.98918,3.6426,6.09248
2018-04-06,2.5929,2.88222,1.83218,1.73005,2.78026,2.48827,4.95374,3.08573,2.93262,2.65613,2.95576,3.06501,5.38942,5.32653,3.03591,2.97618,3.59512,5.95931
2018-04-13,2.60463,2.89126,1.86283,1.73543,2.79065,2.54771,5.00717,3.12525,3.00432,2.69422,2.9997,3.11807,5.56714,5.49411,3.01724,2.96698,3.67028,6.13966
2018-04-20,2.60018,2.87671,1.87101,1.73721,2.8001,2.5511,4.98226,3.11692,3.00964,2.7355,3.02431,3.15652,5.64889,5.56561,3.02029,2.96343,3.69049,6.17504
2018-04-27,2.60442,2.87122,1.86458,1.71867,2.76043,2.50843,4.84681,3.11028,2.95528,2.75996,3.01323,3.13809,5.51372,5.47963,3.05441,3.00418,3.6898,6.16705
2018-05-04,2.56228,2.80535,1.84483,1.7282,2.72662,2.51466,4.76604,2.98185,2.96737,2.7004,2.95655,3.07285,5.54727,5.48628,3.01081,2.97083,3.68232,6.27282
2018-05-11,2.58109,2.825,1.85346,1.72691,2.73673,2.55743,4.89019,3.06088,3.11554,2.7552,3.01435,3.12792,5.84259,5.75048,2.99206,2.96519,3.77687,6.44746
2018-05-18,2.59554,2.83315,1.85193,1.73665,2.73584,2.60845,4.88059,3.09207,3.16295,2.7899,3.05442,3.15215,5.90222,5.77801,2.9443,2.93494,3.75583,6.37136
2018-05-25,2.6138,2.84796,1.84943,1.75433,2.74215,2.66282,4.93928,3.09205,3.19077,2.78014,3.02505,3.14265,5.94725,5.80678,2.99879,2.98311,3.76718,6.45735
2018-06-01,2.64932,2.89566,1.8482,1.78006,2.77884,2.73356,4.94533,3.09005,3.17255,2.83392,3.07719,3.19686,6.08944,5.90346,2.99387,2.9737,3.78725,6.57225
2018-06-08,2.64513,2.90532,1.85049,1.78717,2.78329,2.6843,5.08812,3.20175,3.2214,2.85814,3.10172,3.2371,6.04785,5.93051,2.95978,2.96843,3.85078,6.63693
2018-06-15,2.66839,2.92572,1.84453,1.78482,2.78096,2.69883,5.16783,3.29795,3.30754,2.92845,3.16107,3.2935,6.14564,6.01689,3.0083,3.00771,3.85334,6.73357
2018-06-22,2.65787,2.92061,1.81563,1.75671,2.7695,2.63266,5.12204,3.27993,3.23217,2.88994,3.14632,3.30539,6.14515,5.95795,3.03563,3.02229,3.82011,6.68469
2018-06-29,2.64637,2.90442,1.78434,1.73864,2.74495,2.60167,5.06706,3.21353,3.19579,2.829,3.08147,3.23432,5.89527,5.75994,3.08061,3.04503,3.772,6.54476
2018-07-06,2.63264,2.92107,1.80186,1.73721,2.74083,2.65343,5.15177,3.26881,3.25802,2.85413,3.11278,3.27365,6.08846,5.9207,3.13116,3.09532,3.82956,6.69575
2018-07-13,2.64186,2.92935,1.7979,1.73312,2.74083,2.64976,5.19009,3.29482,3.27985,2.86815,3.13024,3.30765,6.09941,5.96352,3.16586,3.11985,3.88754,6.84826
2018-07-20,2.65609,2.91969,1.81466,1.72483,2.74083,2.63128,5.16485,3.31271,3.30314,2.86911,3.12204,3.29483,6.12547,6.01215,3.18262,3.1266,3.88879,6.82462
2018-07-27,2.6456,2.95729,1.8341,1.73095,2.73841,2.6519,5.18928,3.28426,3.28637,2.84538,3.11605,3.2925,6.01271,5.88831,3.2301,3.16848,3.91299,6.77239
2018-08-03,2.65408,2.96937,1.83784,1.74769,2.79068,2.6082,5.17279,3.26672,3.28683,2.82014,3.10388,3.28751,6.06342,5.89836,3.2412,3.18774,3.9433,6.86618
2018-08-10,2.64621,2.95552,1.86218,1.74722,2.7909,2.58144,5.22126,3.20529,3.35514,2.81275,3.08723,3.27131,6.47319,6.1917,3.24424,3.18519,3.93718,6.88296
2018-08-17,2.62729,2.95389,1.85647,1.74361,2.81029,2.62086,5.27632,3.23804,3.38584,2.82359,3.09364,3.2812,6.51134,6.14911,3.29125,3.24132,3.9636,6.85779
2018-08-24,2.66815,2.97337,1.86195,1.74533,2.81488,2.69932,5.38015,3.22232,3.47362,2.84571,3.12844,3.31956,6.89447,6.49175,3.30943,3.24719,3.99767,6.95769
2018-08-31,2.67453,2.98367,1.88099,1.76069,2.81488,2.66635,5.42311,3.23919,3.47499,2.87424,3.14755,3.34335,7.01863,6.61449,3.32742,3.26681,4.0366,7.11669
2018-09-07,2.67033,2.97461,1.86596,1.7576,2.81743,2.68351,5.35103,3.20393,3.35451,2.85814,3.1162,3.31694,6.8866,6.4591,3.34968,3.28739,3.99892,6.90545
2018-09-14,2.70349,2.98975,1.90464,1.78522,2.82012,2.69891,5.5184,3.26047,3.40608,2.88533,3.15238,3.37178,7.01043,6.60601,3.38332,3.30383,4.04452,7.01527
2018-09-21,2.69303,2.94853,1.87508,1.76969,2.82012,2.70161,5.48093,3.2703,3.32401,2.85855,3.12214,3.33225,6.81715,6.43447,3.40729,3.32516,4.07834,7.00459
2018-09-28,2.65408,2.92403,1.85035,1.75959,2.82057,2.72568,5.45844,3.21477,3.31662,2.90299,3.1861,3.39741,6.98374,6.58903,3.35389,3.27691,4.0606,7.09664
2018-10-05,2.58839,2.8768,1.82938,1.75325,2.78628,2.62938,5.38452,3.14169,3.26418,2.74158,2.99859,3.2644,6.29461,6.0636,3.3342,3.24927,4.02009,6.88121
2018-10-12,2.51672,2.765,1.75525,1.67794,2.73569,2.50173,5.18441,3.00579,3.1177,2.61679,2.86024,3.11133,6.00491,5.76101,3.2224,3.12881,3.8543,6.65852
2018-10-19,2.52326,2.77904,1.77263,1.69757,2.72163,2.50903,5.18034,2.98248,3.1463,2.59186,2.81548,3.0817,5.74164,5.54094,3.28408,3.17737,3.85849,6.60887
2018-10-26,2.46881,2.73472,1.69163,1.654,2.6787,2.41831,4.98147,2.84869,2.97071,2.48856,2.69782,2.96158,5.31243,5.18259,3.19877,3.08281,3.70597,6.36593
2018-11-02,2.54714,2.80858,1.69813,1.65317,2.77151,2.54443,5.24337,2.98867,3.13953,2.52467,2.77199,3.03605,5.57501,5.39355,3.25768,3.14667,3.79759,6.46983
2018-11-09,2.56541,2.81351,1.73222,1.66595,2.77389,2.529,5.31544,3.05196,3.20708,2.52467,2.77199,3.03605,5.57501,5.39355,3.37211,3.26396,3.87958,6.55157
2018-11-16,2.53547,2.81205,1.73136,1.65136,2.78967,2.51979,5.23475,3.04424,3.27399,2.52467,2.77199,3.03605,5.57501,5.39355,3.37695,3.27309,3.82329,6.39802
2018-11-23,2.41826,2.59733,1.6917,1.61412,2.60479,2.39673,4.98846,2.94394,3.09456,2.52467,2.77199,3.03605,5.57501,5.39355,3.32321,3.20268,3.67691,6.08136
2018-11-30,2.48825,2.67347,1.70126,1.62452,2.69092,2.43403,5.1595,3.06683,3.16835,2.52467,2.77199,3.03605,5.57501,5.39355,3.42068,3.29889,3.85011,6.46945
2018-12-07,2.4498,2.64635,1.66617,1.62358,2.66297,2.31306,4.966,2.91904,3.06987,2.46183,2.68733,2.95105,5.11062,4.98582,3.39697,3.26732,3.68138,6.16425
2018-12-14,2.44665,2.67576,1.65164,1.63201,2.6957,2.297,4.93005,2.90326,3.08592,2.43529,2.66544,2.9269,5.09258,4.95614,3.37452,3.24999,3.63808,6.15279
2018-12-21,2.34002,2.56674,1.60176,1.55441,2.58404,2.11052,4.62675,2.68034,2.85518,2.31779,2.53486,2.76499,4.53627,4.45303,3.2189,3.10297,3.38158,5.63675
2018-12-28,2.32943,2.58204,1.59501,1.56011,2.59772,2.19213,4.78593,2.77947,2.86382,2.33785,2.55869,2.78638,4.85546,4.73308,3.19231,3.09425,3.48063,5.85973
2019-01-04,2.35383,2.58698,1.60113,1.56011,2.60669,2.22889,4.80152,2.88364,2.83936,2.33494,2.55058,2.77576,4.81995,4.70045,3.18579,3.09576,3.54581,5.98461
2019-01-11,2.36432,2.5869,1.59979,1.56011,2.61199,2.3731,4.99141,3.03055,2.87538,2.33494,2.55058,2.77576,4.81995,4.70045,3.22696,3.12538,3.6384,6.15546
2019-01-18,2.37899,2.5896,1.60409,1.56201,2.61382,2.38698,5.10217,3.12749,2.91059,2.33494,2.55058,2.77576,4.81995,4.70045,3.27114,3.17632,3.74348,6.33013
2019-01-25,2.36624,2.58339,1.58976,1.56145,2.61382,2.41244,5.14765,3.1731,2.91355,2.33494,2.55058,2.77576,4.81995,4.70045,3.27157,3.16384,3.73393,6.3263
2019-02-01,2.37404,2.62411,1.59099,1.57243,2.65701,2.41768,5.23155,3.28039,3.00845,2.33494,2.55058,2.77576,4.81995,4.70045,3.34568,3.22898,3.79406,6.41441
2019-02-08,2.40983,2.62637,1.59238,1.57568,2.66761,2.41099,5.27126,3.31799,3.017,2.33494,2.55058,2.77576,4.81995,4.70045,3.38464,3.26246,3.79982,6.45693
2019-02-15,2.42344,2.62364,1.61918,1.57229,2.66223,2.50229,5.47141,3.3873,3.12154,2.33494,2.55058,2.77576,4.81995,4.70045,3.39936,3.28347,3.89676,6.5864
2019-02-22,2.45747,2.64199,1.63941,1.57646,2.65178,2.53267,5.44173,3.42811,3.14833,2.33494,2.55058,2.77576,4.81995,4.70045,3.44122,3.31687,3.92162,6.62279
2019-03-01,2.46759,2.64595,1.65075,1.58066,2.653,2.53312,5.42963,3.43825,3.1919,2.33778,2.55269,2.77879,4.83555,4.69738,3.44461,3.32044,3.93961,6.68025
2019-03-08,2.41227,2.59206,1.62156,1.56592,2.64852,2.48099,5.23125,3.34486,3.10857,2.30027,2.50398,2.71794,4.65014,4.53256,3.42901,3.30574,3.85587,6.55691
2019-03-15,2.44985,2.63533,1.64312,1.59209,2.66805,2.58875,5.37422,3.41483,3.24995,2.35286,2.56979,2.80012,4.89186,4.70813,3.50161,3.37925,3.96952,6.83195
2019-03-22,2.49354,2.65977,1.66167,1.59333,2.67618,2.57385,5.38483,3.36654,3.21608,2.34005,2.55137,2.78534,4.86225,4.7168,3.51518,3.3824,3.94045,6.85244
2019-03-29,2.49599,2.66299,1.6609,1.59794,2.69885,2.58791,5.50327,3.40028,3.28193,2.37064,2.58487,2.81185,4.86627,4.7271,3.5454,3.40496,3.98603,6.89465
2019-04-05,2.51509,2.6765,1.66826,1.61765,2.70068,2.6378,5.58097,3.46467,3.35691,2.38404,2.60316,2.8318,4.87002,4.76293,3.5354,3.40833,4.07196,7.08653
2019-04-12,2.52034,2.67672,1.66119,1.60802,2.70292,2.6754,5.59641,3.48845,3.35541,2.40822,2.62071,2.85241,4.90836,4.79137,3.54025,3.41929,4.0944,7.13144
2019-04-19,2.44862,2.61969,1.57861,1.57393,2.70375,2.6502,5.57626,3.41223,3.33085,2.40015,2.60985,2.83158,4.76629,4.65209,3.49539,3.38898,4.09242,7.1913
2019-04-26,2.49037,2.65169,1.5927,1.5877,2.74474,2.6768,5.57046,3.38311,3.42289,2.42364,2.63386,2.86772,5.05236,4.89062,3.55606,3.43782,4.14026,7.31641
2019-05-03,2.49476,2.64707,1.62177,1.60347,2.74745,2.71636,5.49614,3.34222,3.41569,2.44426,2.64875,2.88641,5.09119,4.90945,3.5831,3.46253,4.14901,7.33406
2019-05-10,2.45259,2.62297,1.57252,1.57649,2.74571,2.67414,5.38256,3.24991,3.39486,2.44155,2.61802,2.8478,5.06402,4.86207,3.58564,3.45654,4.06533,7.09958
2019-05-17,2.42404,2.56903,1.55452,1.55956,2.64845,2.65022,5.29789,3.23839,3.38852,2.45954,2.62982,2.8669,5.09361,4.89232,3.6238,3.49839,4.03344,7.02437
2019-05-24,2.42187,2.57242,1.55962,1.55805,2.63432,2.60146,5.29512,3.14716,3.38386,2.43492,2.59389,2.83364,5.01157,4.83379,3.65236,3.50695,3.99026,6.83709
2019-05-31,2.39848,2.57949,1.53098,1.56001,2.63208,2.56439,5.24707,3.08889,3.31819,2.41679,2.56659,2.80452,4.98989,4.77341,3.59415,3.45769,3.88429,6.67552
2019-06-07,2.4819,2.66673,1.55482,1.59454,2.69741,2.71483,5.48182,3.22142,3.52744,2.41741,2.56666,2.80662,5.00403,4.78074,3.73326,3.59451,4.05898,6.94761
2019-06-14,2.4953,2.66673,1.56475,1.60086,2.70396,2.75664,5.47299,3.19971,3.4862,2.41741,2.56666,2.80662,5.00403,4.78074,3.75984,3.61297,4.0817,7.00901
2019-06-21,2.50304,2.67538,1.60067,1.62156,2.71226,2.85066,5.57948,3.30563,3.55325,2.41741,2.56666,2.80662,5.00403,4.78074,3.77731,3.63271,4.16876,7.23659
2019-06-28,2.50776,2.69178,1.58142,1.63229,2.74003,2.8957,5.54895,3.29776,3.57737,2.41741,2.56666,2.80662,5.00403,4.78074,3.7483,3.59825,4.15458,7.1822
2019-07-05,2.52686,2.70852,1.58281,1.63622,2.7645,2.94244,5.67515,3.37894,3.63067,2.42587,2.57661,2.81915,5.09189,4.87492,3.81568,3.66426,4.232,7.34797
2019-07-12,2.53664,2.70962,1.58303,1.65415,2.76569,2.96432,5.70817,3.41615,3.68283,2.39307,2.55497,2.8114,5.13813,4.93112,3.83908,3.67692,4.26305,7.44335
2019-07-19,2.54547,2.72404,1.57054,1.64748,2.77004,2.92202,5.5397,3.39836,3.65389,2.36878,2.53218,2.78091,5.11758,4.8966,3.80377,3.65558,4.21371,7.34643
2019-07-26,2.54575,2.72408,1.58505,1.65103,2.79194,2.99887,5.67511,3.39992,3.69581,2.39496,2.56371,2.80697,5.23901,4.99918,3.82882,3.67758,4.28234,7.51104
2019-08-02,2.47213,2.67224,1.56323,1.60872,2.72502,2.93256,5.57109,3.31179,3.55667,2.3304,2.50753,2.73483,4.97635,4.77806,3.78006,3.61715,4.14919,7.20567
2019-08-09,2.49706,2.67991,1.52791,1.59969,2.70464,2.93438,5.66944,3.31132,3.57778,2.34985,2.53415,2.75982,5.2005,4.92386,3.82689,3.6595,4.13501,7.17259
2019-08-16,2.5236,2.67991,1.53644,1.6028,2.70782,2.89289,5.55301,3.26489,3.5173,2.33828,2.52541,2.74532,5.0787,4.7889,3.84055,3.66319,4.09574,7.13374
2019-08-23,2.52556,2.67991,1.53944,1.61797,2.72772,2.81656,5.41472,3.23067,3.444,2.32377,2.50584,2.72243,5.10061,4.78595,3.81465,3.63216,4.03902,7.00259
2019-08-30,2.56867,2.67837,1.58384,1.62718,2.73321,2.87552,5.50703,3.31338,3.49004,2.35153,2.55038,2.78026,5.17587,4.84801,3.91406,3.72233,4.14678,7.21028
2019-09-06,2.57087,2.67837,1.59558,1.62718,2.735,2.91185,5.64355,3.35447,3.48496,2.35551,2.56462,2.78964,5.06533,4.76928,3.91442,3.73722,4.22619,7.36874
2019-09-13,2.47611,2.63506,1.59519,1.64149,2.67081,2.87415,6.00073,3.47429,3.51086,2.30367,2.50241,2.72833,4.56242,4.45343,3.88813,3.70906,4.26929,7.40527
2019-09-20,2.51028,2.68206,1.58646,1.65596,2.74903,2.81119,5.96876,3.40144,3.47287,2.32393,2.5056,2.74297,4.68367,4.56945,3.96129,3.762,4.24898,7.33835
2019-09-27,2.49567,2.66044,1.56691,1.63797,2.73987,2.73852,5.83729,3.36851,3.44915,2.3307,2.49926,2.73021,4.4311,4.36542,3.99071,3.77849,4.20795,7.20786
2019-10-04,2.52388,2.6695,1.56317,1.65261,2.76701,2.72611,5.70998,3.33855,3.41252,2.31803,2.49321,2.72855,4.51765,4.47708,3.9947,3.79178,4.193,7.27646
2019-10-11,2.5277,2.67038,1.54443,1.64024,2.76253,2.70076,5.69096,3.38457,3.4024,2.32274,2.49222,2.71819,4.5371,4.49699,3.95763,3.75978,4.22049,7.3651
2019-10-18,2.52231,2.67105,1.5394,1.65072,2.76296,2.69156,5.73315,3.41519,3.43822,2.35672,2.52033,2.73901,4.4742,4.43915,3.9681,3.75821,4.24456,7.38745
2019-10-25,2.49437,2.63835,1.52816,1.65987,2.77265,2.74478,5.79894,3.44229,3.45177,2.3485,2.52052,2.72467,4.48447,4.44253,3.95465,3.74266,4.29627,7.53968
2019-11-01,2.53567,2.67307,1.54578,1.65943,2.80175,2.78144,5.85965,3.55036,3.52802,2.3159,2.50398,2.71638,4.5317,4.47716,3.9622,3.75581,4.36095,7.66416
2019-11-08,2.47485,2.60805,1.53631,1.65617,2.77171,2.83804,5.8231,3.67176,3.53122,2.27785,2.47033,2.68335,4.45753,4.40982,3.85307,3.64204,4.40083,7.75511
2019-11-15,2.49762,2.62384,1.55306,1.66611,2.8079,2.82553,5.91469,3.74552,3.54884,2.29981,2.49986,2.71075,4.70334,4.60607,3.9067,3.69194,4.44143,7.81985
2019-11-22,2.49984,2.63102,1.53315,1.65781,2.79485,2.86202,5.95993,3.7947,3.47455,2.29235,2.48571,2.70085,4.71361,4.61925,3.89142,3.68155,4.42961,7.77823
2019-11-29,2.53561,2.66495,1.56256,1.67793,2.80742,2.89483,6.01689,3.86322,3.50935,2.3117,2.51092,2.72364,4.85274,4.73995,3.91271,3.71061,4.47733,7.90425
2019-12-06,2.5757,2.68898,1.55411,1.70206,2.81043,2.85114,6.06657,3.80939,3.47898,2.27821,2.47923,2.71327,4.76884,4.64111,3.91807,3.70881,4.4853,7.9004
2019-12-13,2.56198,2.66421,1.55154,1.70084,2.81898,2.8978,6.05612,3.80539,3.52975,2.27117,2.47413,2.70472,4.76901,4.666,3.90946,3.69006,4.5202,7.9848
2019-12-20,2.56851,2.66428,1.54853,1.7108,2.81869,2.92327,6.17787,3.92568,3.6171,2.29746,2.50336,2.73144,4.90133,4.76845,3.97755,3.76037,4.59124,8.15899
2019-12-27,2.58757,2.66679,1.55131,1.71377,2.81434,2.93515,6.20162,3.9177,3.60545,2.28157,2.49362,2.72501,4.9329,4.80011,3.97387,3.75724,4.62173,8.25006
2020-01-03,2.60469,2.66909,1.53819,1.72216,2.81353,2.93839,6.12143,3.95848,3.61532,2.24525,2.46116,2.7049,4.9205,4.80858,3.95925,3.74796,4.61529,8.27208
2020-01-10,2.59106,2.66865,1.53165,1.7141,2.81744,2.98551,6.14274,4.04351,3.71674,2.26507,2.48331,2.7155,5.01579,4.90146,3.9577,3.76681,4.66253,8.43622
2020-01-17,2.59601,2.67589,1.54275,1.72522,2.82744,3.05179,6.23266,4.06398,3.78643,2.32351,2.53493,2.76324,5.08176,4.98178,4.04909,3.85966,4.75186,8.6274
2020-01-24,2.552,2.66787,1.504,1.69259,2.79904,3.05174,6.02486,4.0052,3.78816,2.3083,2.51285,2.74738,5.037,4.95662,4.08406,3.87982,4.70633,8.60114
2020-01-31,2.5222,2.64762,1.49812,1.67611,2.78516,2.94752,5.81287,3.90063,3.63836,2.27898,2.47105,2.6964,4.88253,4.85107,4.07128,3.86397,4.60556,8.46094
2020-02-07,2.62117,2.71773,1.539,1.6979,2.89293,3.00245,5.87287,3.96274,3.76603,2.26104,2.45813,2.70205,5.03405,5.00025,4.13376,3.91529,4.75543,8.85218
2020-02-14,2.62813,2.72081,1.55931,1.69654,2.90998,3.04877,6.00825,4.04295,3.78687,2.36532,2.55989,2.79724,5.27327,5.23649,4.18621,3.97422,4.83274,9.06229
2020-02-21,2.62112,2.72091,1.55813,1.69706,2.90066,2.97553,5.99595,4.00634,3.79492,2.35306,2.54438,2.7707,5.30946,5.22162,4.16167,3.95749,4.77376,8.89351
2020-02-28,2.32814,2.47532,1.37961,1.52108,2.66937,2.76783,5.1594,3.58783,3.34224,2.1321,2.31383,2.49916,4.73673,4.64876,3.71844,3.52565,4.24095,7.94843
2020-03-06,2.39441,2.52901,1.44668,1.59527,2.7126,2.74009,5.14111,3.47345,3.35139,2.14562,2.32946,2.51596,4.78762,4.69071,3.92146,3.71107,4.25813,8.03417
2020-03-13,2.21643,2.50436,1.40791,1.54226,2.63189,2.33438,4.51376,3.02685,2.98437,2.14562,2.32946,2.51596,4.78762,4.69071,3.49821,3.31448,3.85531,7.42857
2020-03-20,1.94222,2.37264,1.34859,1.45662,2.14572,1.84722,3.88516,2.58012,2.53678,2.14562,2.32946,2.51596,4.78762,4.69071,3.02008,2.76767,3.29453,6.59279
2020-03-27,1.94754,2.3925,1.3304,1.46519,2.17341,2.08297,4.25542,2.85368,2.61946,2.14562,2.32946,2.51596,4.78762,4.69071,3.29523,3.07837,3.64903,7.17192
2020-04-03,1.95036,2.3962,1.33101,1.46471,2.2114,1.9211,3.93273,2.69338,2.57955,2.14562,2.32946,2.51596,4.78762,4.69071,3.33671,3.08323,3.57373,7.09722
2020-04-10,1.97116,2.3962,1.37124,1.47094,2.41057,2.19762,4.62857,3.08711,2.80369,2.14562,2.32946,2.51596,4.78762,4.69071,3.49391,3.27873,4.00584,7.77416
2020-04-17,1.98513,2.3962,1.39473,1.47094,2.45507,2.32451,4.68165,3.14123,3.10433,2.14562,2.32946,2.51596,4.78762,4.69071,3.68896,3.43076,4.12737,8.33267
2020-04-24,2.01386,2.39534,1.3847,1.47182,2.52517,2.25243,4.66941,3.08851,3.12991,2.14562,2.32946,2.51596,4.78762,4.69071,3.68749,3.41326,4.07453,8.27655
2020-05-01,2.03994,2.41788,1.38234,1.47696,2.59795,2.27382,4.74922,3.10001,3.0525,2.14562,2.32946,2.51596,4.78762,4.69071,3.63163,3.36817,4.07194,8.23397
2020-05-08,2.12516,2.50277,1.44218,1.5206,2.71825,2.37291,4.95588,3.34615,3.18861,2.14562,2.32946,2.51596,4.78762,4.69071,3.71401,3.45241,4.21089,8.70307
2020-05-15,2.17423,2.499,1.46172,1.52347,2.82174,2.28047,4.75244,3.2336,3.24639,2.14562,2.32946,2.51596,4.78762,4.69071,3.72372,3.45236,4.12219,8.64153
2020-05-22,2.17733,2.49612,1.48228,1.55411,2.82082,2.42859,4.97481,3.52651,3.25417,2.14562,2.32946,2.51596,4.78762,4.69071,3.68139,3.45964,4.25408,8.88885
2020-05-29,2.24153,2.54378,1.51913,1.55698,2.90236,2.58249,5.31245,3.79233,3.37626,2.14562,2.32946,2.51596,4.78762,4.69071,3.81481,3.58861,4.38195,9.03206
2020-06-05,2.27224,2.56885,1.55415,1.56295,2.9314,2.71183,5.50543,4.16081,3.42889,2.14981,2.31435,2.51488,4.64558,4.67776,3.78906,3.5886,4.59823,9.27706
2020-06-12,2.32686,2.61671,1.5423,1.56393,2.94014,2.49731,5.10833,4.07086,3.21866,2.08381,2.24936,2.45049,4.64731,4.60844,3.67998,3.46411,4.38037,9.12959
2020-06-19,2.42121,2.71388,1.58551,1.61747,3.04239,2.57172,5.18673,4.25158,3.23435,2.144,2.33455,2.55897,5.02161,4.9467,3.78867,3.55899,4.46371,9.45316
2020-06-26,2.38079,2.70412,1.56759,1.58195,3.02638,2.43668,4.99734,4.15563,3.05179,2.11724,2.31791,2.54439,5.20976,5.02665,3.7231,3.49048,4.33948,9.31374
2020-07-03,2.42563,2.78786,1.61987,1.62494,3.14382,2.59989,5.07044,4.29244,3.13486,2.21375,2.42257,2.65653,5.45302,5.24839,3.82837,3.60267,4.51563,9.77783
2020-07-10,2.47431,2.80235,1.65479,1.63195,3.15357,2.62878,5.06266,4.38003,3.23372,2.27753,2.51664,2.74073,5.7274,5.49025,3.88999,3.65727,4.59315,10.2346
2020-07-17,2.52046,2.85828,1.67873,1.6418,3.21912,2.70546,5.18577,4.39348,3.17193,2.25171,2.50509,2.76637,5.88989,5.62544,3.98386,3.75198,4.65288,10.0582
2020-07-24,2.56389,2.93943,1.71423,1.65991,3.29707,2.69273,5.12273,4.43038,3.18959,2.23647,2.48573,2.75616,5.76235,5.5685,3.98992,3.76018,4.64073,9.90849
2020-07-31,2.59436,2.96046,1.72626,1.67025,3.29251,2.71265,5.11116,4.49431,3.12923,2.33275,2.59288,2.88169,5.95264,5.77909,4.04302,3.82599,4.7223,10.3051
2020-08-07,2.6009,2.95791,1.77317,1.67521,3.32623,2.77228,5.23242,4.58488,3.22527,2.37088,2.65359,2.93795,6.11789,6.05076,4.10216,3.85905,4.83872,10.5254
2020-08-14,2.6288,2.99355,1.75178,1.67189,3.30621,2.76618,5.27245,4.67667,3.23867,2.33323,2.60695,2.8889,5.88863,5.84381,4.09614,3.86254,4.87155,10.5521
2020-08-21,2.63278,3.00479,1.73537,1.65579,3.29619,2.6614,5.21613,4.64109,3.16728,2.37913,2.65118,2.95515,6.03319,5.97304,4.13606,3.89539,4.90973,10.9286
2020-08-28,2.65987,2.99727,1.76515,1.68342,3.2928,2.63507,5.25585,4.66317,3.19867,2.37114,2.64573,2.95,5.97402,5.9162,4.1471,3.91686,5.07027,11.3419
2020-09-04,2.64951,2.98978,1.8043,1.67769,3.2404,2.59028,5.00433,4.4068,3.05914,2.28771,2.5503,2.82632,5.57565,5.50804,4.11616,3.8562,4.95443,10.9949
2020-09-11,2.68002,3.00889,1.86785,1.71469,3.23308,2.55884,4.96172,4.42309,3.03336,2.23238,2.50034,2.78458,5.59716,5.50174,4.08682,3.8366,4.83135,10.4858
2020-09-18,2.70033,3.04508,1.85872,1.70386,3.24897,2.60309,5.02328,4.68335,3.0381,2.24761,2.50593,2.81104,6.27281,5.92359,4.06756,3.82746,4.80117,10.347
2020-09-25,2.78605,3.1595,1.84865,1.74182,3.28616,2.56956,4.95538,4.66976,2.98622,2.27862,2.55204,2.87091,6.21423,5.92883,4.05681,3.82522,4.77329,10.5288
2020-10-02,2.83647,3.22369,1.90296,1.75525,3.3434,2.6667,5.11459,4.8826,3.0402,2.35614,2.64512,2.97966,6.54624,6.25381,4.11258,3.87008,4.84749,10.6355
2020-10-09,2.85703,3.23535,1.94027,1.7659,3.34024,2.91073,5.40381,5.20662,3.15768,2.49324,2.78303,3.13199,6.93885,6.67808,4.19445,3.97475,5.0364,11.0775
2020-10-16,2.88187,3.23535,1.96625,1.77006,3.3483,2.96037,5.37599,5.19783,3.15246,2.45386,2.7614,3.13448,6.829,6.68322,4.20721,3.98014,5.04279,11.186
2020-10-23,2.89009,3.24224,1.9297,1.7295,3.35117,2.96065,5.41442,5.16892,3.09919,2.39795,2.69148,3.09689,6.39581,6.36083,4.16058,3.94013,5.02087,11.0398
2020-10-30,2.73376,3.14818,1.83763,1.67045,3.2067,2.69615,5.02033,4.85047,2.94057,2.26762,2.56231,2.92442,5.78497,5.79216,3.9732,3.74208,4.7415,10.4443
2020-11-06,2.8497,3.29044,1.88364,1.74766,3.34234,2.86384,5.52499,5.32688,3.0708,2.39487,2.70904,3.09614,6.71588,6.66755,4.15798,3.94395,5.08447,11.4225
2020-11-13,2.85713,3.29044,1.95173,1.75133,3.43909,3.05583,5.71654,5.53352,3.09876,2.35707,2.67723,3.07238,6.37909,6.27884,4.27637,4.04003,5.19976,11.2798
2020-11-20,2.85862,3.28462,1.95321,1.75221,3.43478,3.07499,5.76355,5.64843,3.24416,2.33934,2.67422,3.05889,6.98616,6.75727,4.1922,3.95961,5.15954,11.2585
2020-11-27,2.8736,3.28799,2.00205,1.76911,3.46131,3.2179,5.85751,5.82034,3.44606,2.34391,2.70444,3.09614,7.64814,7.30514,4.19588,3.96656,5.28064,11.5931
2020-12-04,2.87756,3.30712,2.01156,1.78926,3.44115,3.40777,5.95793,6.0882,3.52271,2.30723,2.70423,3.12613,7.49868,7.2505,4.21009,3.98669,5.37037,11.8455
2020-12-11,2.88897,3.30169,2.00497,1.80916,3.44488,3.2784,5.91696,6.05706,3.48391,2.38355,2.76336,3.16733,7.61491,7.36384,4.18743,3.96194,5.31883,11.7032
2020-12-18,2.91215,3.32691,2.03371,1.82044,3.46055,3.22614,5.9113,6.24058,3.50894,2.59104,2.96495,3.3416,8.23591,7.93321,4.22804,4.00303,5.3835,12.0216
2020-12-25,2.9228,3.32019,2.06232,1.83152,3.43959,3.35114,5.97094,6.10114,3.62797,2.65745,3.06325,3.40159,8.60376,8.29904,4.18884,3.98368,5.38087,12.0239
2021-01-01,2.94899,3.33903,2.05943,1.83949,3.41866,3.46659,5.87385,5.97456,3.76491,2.50236,2.95758,3.32503,7.97286,7.8304,4.25374,4.04281,5.45203,12.1863
2021-01-08,2.97694,3.35661,2.07229,1.8476,3.53777,3.57467,6.02427,6.31662,3.76413,2.53422,3.04841,3.43399,9.48398,9.08665,4.27818,4.04061,5.55965,12.3918
2021-01-15,2.98897,3.36037,2.05822,1.83381,3.53147,3.6089,6.11237,6.34389,3.77985,2.59636,3.09703,3.44967,9.69333,9.2426,4.24162,4.00581,5.47857,12.1133
2021-01-22,3.00359,3.36502,2.06847,1.8338,3.6097,3.55417,6.11829,6.37607,3.79301,2.61993,3.09993,3.45943,9.94288,9.45352,4.22663,3.99621,5.58327,12.64
2021-01-29,2.85518,3.19348,1.95274,1.76283,3.50378,3.33459,5.68476,6.24648,3.54308,2.53932,3.07484,3.38222,10.3865,9.53949,4.14829,3.93423,5.39647,12.2181
2021-02-05,2.9717,3.3246,2.00391,1.80448,3.586,3.58053,6.1878,6.63444,3.68223,2.54672,3.10164,3.47902,11.5368,10.7673,4.21694,4.0065,5.6537,12.8707
2021-02-12,2.9717,3.3246,2.02046,1.82288,3.63235,3.72347,6.33898,6.77788,3.8714,2.67667,3.22564,3.58819,12.5673,11.4684,4.1828,3.99233,5.7256,13.0684
2021-02-19,2.97632,3.3246,2.01776,1.82205,3.60536,3.6351,6.2405,6.69573,3.7312,2.54538,3.07429,3.4566,12.2087,11.1514,4.14685,3.95455,5.68754,12.8575
2021-02-26,2.92422,3.32031,1.95011,1.76999,3.47935,3.48623,6.04343,6.36294,3.28655,2.30398,2.84174,3.21576,9.97721,9.46062,4.05609,3.84535,5.54653,12.2018
2021-03-05,2.9554,3.32856,2.00153,1.78514,3.54517,3.11929,5.8732,5.97266,3.15605,2.31554,2.87074,3.24649,8.66639,8.17648,4.14635,3.92316,5.59421,11.9897
2021-03-12,3.01477,3.35356,2.00993,1.7943,3.69473,3.26584,6.37089,6.48208,3.52424,2.4125,2.98677,3.37493,11.1211,9.95559,4.2519,4.01881,5.7463,12.2531
2021-03-19,3.02813,3.35931,2.00161,1.78713,3.68843,3.19284,6.25158,6.23894,3.47972,2.3754,2.91718,3.31352,10.6046,9.50245,4.2824,4.04628,5.69812,12.163
2021-03-26,3.1183,3.48472,2.07087,1.8438,3.78552,3.1984,5.91247,6.10702,3.36756,2.38315,2.93014,3.2922,9.25873,8.45285,4.44586,4.19758,5.79321,12.2896
2021-04-02,3.11831,3.47734,2.07703,1.84331,3.79464,3.25368,5.99635,6.2566,3.37555,2.40015,2.95137,3.30957,9.95669,9.00398,4.42079,4.17913,5.86095,12.6229
2021-04-09,3.11831,3.47541,2.09526,1.8458,3.79464,3.2859,6.02108,6.40005,3.45897,2.43008,2.99333,3.35461,9.67041,8.98617,4.48412,4.24881,6.02013,13.1106
2021-04-16,3.13851,3.48052,2.12345,1.85151,3.79464,3.2672,6.05325,6.36171,3.41905,2.43802,3.01478,3.38429,8.94591,8.50772,4.56631,4.33555,6.10454,13.3011
2021-04-23,3.18482,3.48666,2.11952,1.86561,3.80255,3.36351,6.1981,6.27971,3.37188,2.43644,3.0331,3.40778,9.08522,8.63763,4.56934,4.36176,6.09693,13.2004
2021-04-30,3.20117,3.49478,2.13575,1.89759,3.81137,3.42527,6.15603,6.19582,3.34163,2.45379,3.05701,3.42946,9.31043,8.70989,4.57373,4.35071,6.10513,13.1448
2021-05-07,3.20717,3.49614,2.13166,1.89277,3.83787,3.55753,6.27011,5.91175,3.45154,2.46589,3.11466,3.49668,8.63843,8.10715,4.63099,4.40805,6.17564,12.9974
2021-05-14,3.28425,3.56571,2.12304,1.9056,3.84586,3.47584,6.26961,5.72574,3.40473,2.41893,3.07072,3.44992,8.01034,7.59775,4.62717,4.40194,6.09459,12.6936
2021-05-21,3.26213,3.55639,2.17296,1.9262,3.79436,3.65639,6.18659,5.91336,3.4067,2.40836,3.05457,3.42859,8.02318,7.64343,4.62903,4.39778,6.0706,12.7178
2021-05-28,3.26849,3.54949,2.17154,1.93438,3.8155,3.63158,6.25931,5.9881,3.48209,2.42094,3.07467,3.45572,8.69504,8.18561,4.6069,4.38177,6.14521,12.9869
2021-06-04,3.28565,3.55365,2.1888,1.95095,3.823,3.66282,6.15655,6.00687,3.47449,2.43258,3.1731,3.53432,8.971,8.34708,4.62417,4.40906,6.18267,13.0518
2021-06-11,3.22122,3.48844,2.1586,1.93039,3.82968,3.73372,6.10335,6.15121,3.5564,2.44676,3.17637,3.53853,9.42678,8.67504,4.62522,4.4047,6.20768,13.2712
2021-06-18,3.07106,3.33161,2.05759,1.86049,3.6953,3.67248,5.70794,5.96808,3.41859,2.38144,3.07952,3.42729,9.16747,8.45748,4.51718,4.2971,6.09017,13.3252
2021-06-25,3.15239,3.42537,2.11293,1.89597,3.80658,3.9087,5.9921,6.27126,3.60404,2.45641,3.17967,3.5306,9.60839,8.899,4.58526,4.36549,6.26175,13.6066
2021-07-02,3.18761,3.43397,2.15547,1.8977,3.80658,3.92035,6.01612,6.36318,3.61885,2.47042,3.21174,3.56217,9.51161,8.84136,4.61453,4.39713,6.36611,13.9641
2021-07-09,3.2096,3.44576,2.2095,1.92076,3.83022,3.78177,6.05068,6.36291,3.54269,2.48225,3.22476,3.57588,9.21085,8.61962,4.64345,4.43322,6.39253,14.0563
2021-07-16,3.1815,3.44013,2.17067,1.89143,3.78678,3.6757,5.7323,6.13441,3.42231,2.47787,3.21304,3.54789,8.09095,7.77215,4.66249,4.45815,6.33118,13.9236
2021-07-23,3.24619,3.54923,2.22125,1.91634,3.90516,3.69718,5.87689,6.33182,3.53112,2.61668,3.36865,3.69717,8.60997,8.26548,4.71022,4.49286,6.45741,14.3363
2021-07-30,3.2551,3.54356,2.22782,1.92105,3.89531,3.66628,5.81238,6.28473,3.41465,2.6314,3.39691,3.72711,8.51322,8.24823,4.68535,4.47747,6.43642,14.195
2021-08-06,3.25682,3.54174,2.24207,1.93688,3.89938,3.67529,5.92767,6.30436,3.53196,2.66808,3.44351,3.78565,8.74684,8.3788,4.6537,4.45622,6.49484,14.3304
2021-08-13,3.24649,3.58548,2.24776,1.93495,3.91298,3.5242,5.73111,6.31088,3.50757,2.68387,3.46273,3.80104,8.72928,8.3806,4.71451,4.5099,6.54518,14.3604
2021-08-20,3.21026,3.58612,2.1687,1.88197,3.94789,3.44066,5.52337,6.241,3.47144,2.66101,3.46384,3.80956,8.37393,8.01433,4.7505,4.54909,6.50761,14.318
2021-08-27,3.25434,3.62015,2.19858,1.91202,3.98283,3.53274,5.77042,6.42365,3.58983,2.71058,3.51698,3.86197,8.8156,8.52062,4.68339,4.50428,6.60874,14.6415
2021-09-03,3.28627,3.64603,2.21558,1.90461,3.97687,3.46392,5.74296,6.45422,3.57962,2.71306,3.54995,3.90191,8.74595,8.4571,4.75205,4.54835,6.65028,14.8569
2021-09-10,3.27602,3.61891,2.19491,1.9028,3.97764,3.41796,5.69916,6.4835,3.52478,2.65061,3.47769,3.82533,8.47062,8.19027,4.66261,4.46516,6.53813,14.663
2021-09-17,3.26314,3.60611,2.16624,1.87979,3.97342,3.36234,5.72576,6.50851,3.46321,2.65286,3.46685,3.81492,8.37284,8.20694,4.60336,4.41556,6.49959,14.5555
2021-09-24,3.28043,3.62606,2.14453,1.87824,4.01059,3.34856,5.75379,6.59144,3.42149,2.57462,3.41793,3.79977,8.40012,8.21113,4.61252,4.41879,6.53655,14.5521
2021-10-01,3.16543,3.55705,2.11862,1.85865,3.95338,3.28464,5.74039,6.53954,3.27465,2.52076,3.32855,3.67388,7.92045,7.78094,4.48369,4.2979,6.39416,14.0396
2021-10-08,3.16761,3.5534,2.10462,1.85243,3.97455,3.37175,5.83122,6.60394,3.25108,2.55525,3.39915,3.72751,7.88643,7.78367,4.57169,4.36762,6.44747,14.0778
2021-10-15,3.21756,3.5675,2.16512,1.89076,3.98303,3.37225,5.94721,6.64285,3.38287,2.5726,3.4397,3.78509,8.40714,8.25346,4.61342,4.43273,6.56541,14.381
2021-10-22,3.22873,3.57476,2.17026,1.88688,4.00434,3.47763,6.07632,6.64796,3.40642,2.64323,3.54533,3.89426,8.42085,8.31024,4.68799,4.51695,6.67217,14.5822
2021-10-29,3.27526,3.57476,2.14968,1.88048,4.00817,3.44795,6.2111,6.63484,3.40306,2.57906,3.47994,3.84014,8.64444,8.46224,4.6977,4.51814,6.76243,15.0503
2021-11-05,3.23025,3.56505,2.19022,1.86761,4.05475,3.5013,6.2612,6.81616,3.65917,2.68185,3.5914,3.93459,9.53332,9.12617,4.74395,4.54803,6.89908,15.5372
2021-11-12,3.29278,3.60837,2.20433,1.87607,4.1107,3.53655,6.3603,6.80447,3.74693,2.69522,3.60534,3.96004,9.56126,9.14733,4.7356,4.56049,6.88053,15.3851
2021-11-19,3.30563,3.62204,2.16855,1.85386,4.09844,3.40981,6.39977,6.93179,3.64872,2.70653,3.59503,3.96248,8.95903,8.70967,4.70296,4.52737,6.90438,15.7473
2021-11-26,3.24166,3.55549,2.1568,1.85264,3.98835,3.37212,6.19334,6.82458,3.55743,2.58397,3.4345,3.78871,8.632,8.43564,4.66557,4.49002,6.75831,15.2487
2021-12-03,3.27018,3.58697,2.17482,1.872,3.98822,3.2336,6.10884,6.83795,3.48279,2.53707,3.3795,3.75904,7.6216,7.61083,4.63625,4.46462,6.67659,14.9341
2021-12-10,3.31108,3.5847,2.20902,1.89235,4.01229,3.29147,5.93014,6.86603,3.54104,2.57696,3.45314,3.86153,7.56289,7.68829,4.76236,4.58352,6.93162,15.5142
2021-12-17,3.33653,3.5534,2.16312,1.92752,3.9741,3.25359,5.81442,6.5988,3.51899,2.53381,3.37351,3.78914,7.12644,7.30592,4.81951,4.63162,6.79535,15.0035
2021-12-24,3.43204,3.60429,2.19592,1.95077,4.07224,3.35918,5.91787,6.93978,3.5925,2.60543,3.45186,3.8692,7.33925,7.59734,4.84865,4.67835,6.95391,15.4914
2021-12-31,3.43249,3.60429,2.19612,1.95039,4.0814,3.37087,5.97178,7.00626,3.67674,2.64655,3.50348,3.93564,7.25371,7.54532,4.95979,4.7768,7.01833,15.5277
2022-01-07,3.25471,3.48956,2.16808,1.92136,4.0108,3.17196,5.68146,6.74488,3.5435,2.54098,3.38825,3.79389,6.7607,7.1596,4.94054,4.75046,6.88727,14.8256
2022-01-14,3.28449,3.545,2.1751,1.93962,3.94451,3.19388,5.69324,6.70553,3.4917,2.4818,3.32665,3.73055,6.60495,7.09605,4.93589,4.73362,6.86702,14.8314
2022-01-21,3.20598,3.43129,2.12769,1.89536,3.8208,2.98134,5.33166,6.45993,3.34486,2.39825,3.23236,3.62531,5.77163,6.29665,4.84653,4.64381,6.47189,13.7261
2022-01-28,3.20708,3.45256,2.15485,1.97174,3.84297,3.00435,5.22861,6.4014,3.35071,2.38988,3.20634,3.60911,5.79543,6.40472,4.82408,4.61858,6.53055,13.7304
2022-02-04,3.20807,3.46477,2.16356,1.96813,3.8529,3.1772,5.50439,6.5174,3.43587,2.4546,3.29597,3.69347,6.25303,6.77868,4.85592,4.64223,6.6303,13.9728
2022-02-11,3.21056,3.4519,2.19153,1.95903,3.8492,3.18839,5.52614,6.67617,3.40138,2.4541,3.30062,3.70315,6.36152,6.87408,4.81159,4.59764,6.50854,13.5454
2022-02-18,3.18287,3.43081,2.1748,1.92886,3.7865,3.04056,5.36089,6.50154,3.30205,2.40586,3.24593,3.6593,6.38391,6.75214,4.75767,4.56729,6.41648,13.3288
2022-02-25,3.22183,3.46182,2.18943,1.9187,3.75693,3.18408,5.42444,6.66606,3.2583,2.43644,3.29379,3.6955,6.47699,6.87204,4.82979,4.62101,6.46849,13.4951
2022-03-04,3.17634,3.39603,2.14478,1.89667,3.71562,3.22992,5.61358,6.60662,3.27261,2.48091,3.33683,3.71459,6.55268,6.95233,4.95805,4.74315,6.38604,13.1645
2022-03-11,3.15999,3.38184,2.14301,1.88297,3.7074,3.05049,5.45785,6.40163,3.23234,2.48091,3.33683,3.71459,6.55268,6.95233,4.85156,4.6214,6.20724,12.661
2022-03-18,3.27957,3.4645,2.21219,1.894,3.79189,3.2433,5.72965,6.8829,3.36676,2.48091,3.33683,3.71459,6.55268,6.95233,4.93795,4.70361,6.58894,13.7183
2022-03-25,3.34039,3.48432,2.215,1.89416,3.82495,3.30063,5.74889,6.83389,3.49605,2.48091,3.33683,3.71459,6.55268,6.95233,5.05787,4.83136,6.71004,14.0424
2022-04-01,3.33622,3.44824,2.21016,1.90388,3.85449,3.27577,5.67631,6.90518,3.45709,2.49244,3.35358,3.72344,6.57354,6.97261,5.16985,4.92397,6.71345,14.1401
2022-04-08,3.34748,3.42431,2.21471,1.90126,3.81271,3.1602,5.4867,6.6369,3.41275,2.55363,3.4336,3.80199,6.41376,6.82508,5.32114,5.04591,6.63415,13.6439
2022-04-15,3.34947,3.4427,2.21219,1.89313,3.84347,3.14706,5.37047,6.64426,3.43605,2.54585,3.42424,3.79309,6.57651,6.93905,5.27468,4.98815,6.48918,13.2249
2022-04-22,3.25704,3.44431,2.19056,1.89931,3.79994,2.91693,5.13254,6.49614,3.28403,2.48343,3.32301,3.69796,6.04317,6.47097,5.21874,4.95776,6.31502,12.7158
2022-04-29,3.23415,3.40815,2.1638,1.90643,3.75233,2.85434,4.96875,6.31194,3.17462,2.41539,3.21972,3.60254,5.91575,6.32777,5.0756,4.82187,6.10691,12.241
2022-05-06,3.27844,3.48846,2.19193,1.88054,3.68577,2.65042,4.81081,6.13765,3.12785,2.41593,3.21801,3.60319,5.84964,6.27883,5.06974,4.83123,6.09712,12.0847
2022-05-13,3.32974,3.4781,2.16215,1.82714,3.59977,2.52305,4.56849,5.96026,3.01105,2.41593,3.21801,3.60319,5.84964,6.27883,5.06573,4.81055,5.95453,11.799
2022-05-20,3.31531,3.4778,2.15168,1.82949,3.56118,2.4687,4.28108,5.66997,2.95142,2.41593,3.21801,3.60319,5.84964,6.27883,4.9657,4.72297,5.77533,11.2808
2022-05-27,3.4338,3.52998,2.17626,1.83693,3.76398,2.64203,4.71892,6.19442,3.14129,2.41593,3.21801,3.60319,5.84964,6.27883,5.15624,4.92171,6.15523,12.0788
2022-06-03,3.41378,3.52323,2.14218,1.83521,3.73365,2.6409,4.67298,6.16391,3.15951,2.41593,3.21801,3.60319,5.84964,6.27883,5.05114,4.82992,6.08527,11.9655
2022-06-10,3.36091,3.54339,2.12454,1.83072,3.75136,2.49721,4.41419,5.67871,3.05021,2.41593,3.21801,3.60319,5.84964,6.27883,4.8611,4.65514,5.77785,11.2871
2022-06-17,3.13726,3.23679,1.995,1.7422,3.51871,2.31912,4.16422,5.1918,2.96918,2.41593,3.21801,3.60319,5.84964,6.27883,4.49574,4.35112,5.44642,10.7342
2022-06-24,3.18484,3.2283,1.98288,1.74972,3.51302,2.45132,4.46665,5.72653,3.01587,2.41593,3.21801,3.60319,5.84964,6.27883,4.75322,4.59611,5.80697,11.5347
2022-07-01,3.1831,3.24893,1.99977,1.74885,3.51125,2.36674,4.31653,5.56167,3.06592,2.41593,3.21801,3.60319,5.84964,6.27883,4.86333,4.66809,5.67537,11.0461
2022-07-08,3.20798,3.24864,2.0078,1.74383,3.50784,2.39854,4.4895,5.68925,3.08834,2.41593,3.21801,3.60319,5.84964,6.27883,4.75548,4.58237,5.78598,11.5637
2022-07-15,3.23601,3.26796,2.00141,1.75437,3.49786,2.32605,4.30313,5.60246,3.09291,2.41593,3.21801,3.60319,5.84964,6.27883,4.74574,4.55725,5.73328,11.4274
2022-07-22,3.23811,3.24538,2.01024,1.75527,3.48136,2.4674,4.30606,5.83628,3.12874,2.41593,3.21801,3.60319,5.84964,6.27883,4.71308,4.56205,5.88155,11.8237
2022-07-29,3.26632,3.25134,2.02201,1.75527,3.502,2.65188,4.42547,5.84236,3.37492,2.41593,3.21801,3.60319,5.84964,6.27883,4.93041,4.74685,6.13314,12.351
2022-08-05,3.18282,3.21567,1.99857,1.76259,3.51138,2.76006,4.66991,6.15346,3.33381,2.41593,3.21801,3.60319,5.84964,6.27883,4.90783,4.7287,6.15517,12.5973
2022-08-12,3.24197,3.25213,2.04206,1.77693,3.52156,2.84078,4.98329,6.35825,3.40738,2.41593,3.21801,3.60319,5.84964,6.27883,5.0408,4.85762,6.35807,12.9356
2022-08-19,3.2394,3.25247,2.03893,1.77977,3.52192,2.76418,4.775,6.17048,3.38842,2.41593,3.21801,3.60319,5.84964,6.27883,5.09489,4.89921,6.28424,12.6408
2022-08-26,3.21849,3.23387,1.96717,1.72867,3.52594,2.62914,4.57544,5.78127,3.35966,2.41593,3.21801,3.60319,5.84964,6.27883,4.9221,4.74813,6.03369,12.037
2022-09-02,3.15711,3.19282,1.9247,1.72687,3.49354,2.54087,4.49235,5.56736,3.26631,2.41593,3.21801,3.60319,5.84964,6.27883,4.84716,4.66318,5.83913,11.5566
2022-09-09,3.20368,3.23252,1.94465,1.73928,3.5427,2.77451,4.78593,5.82398,3.32741,2.41593,3.21801,3.60319,5.84964,6.27883,4.94674,4.76723,6.0529,12.0233
2022-09-16,3.15124,3.21572,1.89968,1.73434,3.54577,2.67642,4.43081,5.57267,3.26206,2.41593,3.21801,3.60319,5.84964,6.27883,4.82908,4.64093,5.76326,11.3276
2022-09-23,3.05324,3.10177,1.86027,1.72197,3.4218,2.47246,4.13802,5.20095,3.05865,2.41593,3.21801,3.60319,5.84964,6.27883,4.73274,4.52957,5.50003,10.8063
2022-09-30,3.0052,3.05745,1.86966,1.72301,3.41912,2.39305,4.01922,5.04668,2.99094,2.41593,3.21801,3.60319,5.84964,6.27883,4.5588,4.35864,5.33904,10.4827
2022-10-07,3.05401,3.08799,1.88382,1.72301,3.41107,2.50277,4.1966,5.22845,3.0869,2.41593,3.21801,3.60319,5.84964,6.27883,4.55667,4.35405,5.4229,10.5549
2022-10-14,3.1384,3.11456,1.87976,1.74446,3.44878,2.36592,4.19547,4.99323,2.90501,2.41593,3.21801,3.60319,5.84964,6.27883,4.61597,4.39273,5.34577,10.227
2022-10-21,3.17552,3.12523,1.88302,1.74446,3.51561,2.52216,4.52389,5.1358,3.03722,2.41593,3.21801,3.60319,5.84964,6.27883,4.76898,4.51761,5.5948,10.8028
2022-10-28,3.19678,3.12523,1.88612,1.74446,3.56822,2.58379,4.70756,5.33645,3.13662,2.41593,3.21801,3.60319,5.84964,6.27883,5.05283,4.78051,5.81498,11.0302
2022-11-04,3.21718,3.13088,1.91767,1.72906,3.54043,2.46277,4.77007,5.28271,3.0664,2.41593,3.21801,3.60319,5.84964,6.27883,4.97898,4.70769,5.62559,10.3815
2022-11-11,3.22008,3.15005,1.93987,1.73553,3.53929,2.59149,5.14978,5.88836,3.15701,2.41593,3.21801,3.60319,5.84964,6.27883,4.97513,4.7276,5.95684,11.2946
2022-11-18,3.23236,3.18739,1.96699,1.75429,3.55644,2.57869,4.99139,5.66921,3.05249,2.41593,3.21801,3.60319,5.84964,6.27883,5.0936,4.81813,5.91977,11.1714
2022-11-25,3.25202,3.20238,1.96217,1.75142,3.57526,2.63183,5.05888,5.7266,3.10226,2.41593,3.21801,3.60319,5.84964,6.27883,5.20062,4.92754,6.01394,11.2538
2022-12-02,3.27147,3.22419,2.00287,1.7766,3.57955,2.62429,5.15953,6.00116,3.10208,2.41604,3.2186,3.60569,5.73979,6.19185,5.27587,4.99776,6.0824,11.4746
2022-12-09,3.15201,3.18738,1.98553,1.77428,3.59317,2.49405,4.84615,5.83811,2.97075,2.34792,3.13849,3.51397,5.29778,5.79737,5.20424,4.90237,5.87866,11.0624
2022-12-16,3.23776,3.21505,2.0082,1.80308,3.70898,2.38737,4.57204,5.69282,2.89662,2.33307,3.12378,3.47818,5.37122,5.83142,5.13048,4.8355,5.75534,10.7569
2022-12-23,3.2373,3.20107,2.01502,1.80515,3.7263,2.3914,4.60281,5.61866,2.92928,2.35176,3.15536,3.51592,5.51838,5.95915,5.18094,4.89874,5.74993,10.5117
2022-12-30,3.23303,3.19633,2.00508,1.80325,3.7263,2.40891,4.63082,5.63281,2.91603,2.33187,3.13914,3.49377,5.42504,5.88403,5.14424,4.87663,5.74273,10.4693
2023-01-06,3.2395,3.20943,2.00014,1.81703,3.71383,2.4472,4.60666,5.62027,3.01312,2.3294,3.13635,3.49315,5.3696,5.83686,5.26692,4.95971,5.82757,10.5683
2023-01-13,3.27712,3.23166,2.01311,1.84242,3.74146,2.51073,4.70598,6.03334,3.10203,2.3294,3.13635,3.49315,5.3696,5.83686,5.18741,4.90812,5.98404,11.0468
2023-01-20,3.25355,3.21099,1.96603,1.82834,3.69889,2.48859,4.67776,5.8916,3.05516,2.3294,3.13635,3.49315,5.3696,5.83686,5.09372,4.7956,5.9447,11.1141
2023-01-27,3.2756,3.24907,1.95578,1.82902,3.72001,2.57414,4.85184,6.09102,3.08273,2.3294,3.13635,3.49315,5.3696,5.83686,5.0924,4.79963,6.09186,11.648
2023-02-03,3.30644,3.27306,1.94109,1.83826,3.73641,2.6123,4.97133,6.30369,3.07509,2.3593,3.16604,3.5057,5.30647,5.76321,5.05562,4.7649,6.19202,12.038
2023-02-10,3.37283,3.31227,1.93364,1.82423,3.82613,2.53728,4.91813,6.12323,3.05706,2.3356,3.14645,3.48069,5.37309,5.84684,5.09794,4.80537,6.1273,11.7832
2023-02-17,3.4285,3.33028,1.96407,1.82009,3.85737,2.55503,4.92051,6.37659,3.06687,2.339,3.15944,3.48488,5.31983,5.80143,5.12496,4.82886,6.11558,11.8406
2023-02-24,3.38802,3.3096,1.9083,1.78283,3.822,2.41265,4.70377,6.07891,2.98705,2.29254,3.09869,3.41803,5.28095,5.75974,5.04522,4.75391,5.95221,11.4746
2023-03-03,3.42582,3.35309,1.92668,1.8033,3.88568,2.41235,4.7172,6.09325,2.98846,2.38542,3.21433,3.54543,5.48382,5.95078,5.05798,4.7627,6.06948,11.7824
2023-03-10,3.22145,3.2115,1.86074,1.7846,3.73811,2.28906,4.53626,5.62877,2.84575,2.26275,3.04632,3.36307,5.12075,5.60081,4.93446,4.60315,5.79498,11.3448
2023-03-17,3.04281,3.07039,1.82146,1.74034,3.49122,2.24376,4.47668,5.53229,2.86793,2.17614,2.91552,3.24332,4.9222,5.37097,4.99698,4.6376,5.8786,12.0058
2023-03-24,3.12699,3.14212,1.85336,1.75046,3.61702,2.24378,4.52219,5.6011,2.92356,2.2238,2.97962,3.33491,5.03023,5.49048,5.06122,4.68303,5.96542,12.2421
2023-03-31,3.14296,3.15085,1.86945,1.75045,3.64967,2.34675,4.75158,5.82012,3.07069,2.31796,3.10367,3.46937,5.27285,5.75536,5.20105,4.82546,6.17103,12.6375
2023-04-07,3.11927,3.14982,1.85864,1.75045,3.64023,2.31186,4.69666,5.86487,3.00338,2.24127,3.01476,3.3892,5.1591,5.65962,5.25186,4.85998,6.16802,12.524
2023-04-14,3.22504,3.21672,1.88639,1.79017,3.76826,2.34214,4.74127,5.973,3.02891,2.27146,3.05645,3.44396,5.24087,5.77854,5.26344,4.86507,6.21731,12.5445
2023-04-21,3.20387,3.20069,1.87048,1.79984,3.76181,2.35358,4.73804,5.97341,3.06292,2.28584,3.07308,3.46193,5.29527,5.82248,5.29561,4.89779,6.21339,12.4673
2023-04-28,3.23105,3.27784,1.88966,1.79331,3.83826,2.35004,4.68918,6.05403,3.10159,2.24159,3.03088,3.42281,5.18562,5.76924,5.34205,4.92624,6.26961,12.7016
2023-05-05,3.26406,3.28966,1.91031,1.80381,3.83131,2.35691,4.59847,5.92562,3.06073,2.24219,3.02548,3.42368,5.21214,5.75056,5.31008,4.90103,6.21987,12.7146
2023-05-12,3.28584,3.30334,1.91013,1.79719,3.80017,2.33134,4.48222,5.7943,3.08295,2.25804,3.04126,3.43466,5.31577,5.8028,5.29649,4.89521,6.20419,12.7989
2023-05-19,3.27813,3.3041,1.92287,1.80268,3.81779,2.37733,4.76656,5.95721,3.13737,2.3033,3.07438,3.46642,5.48879,5.93952,5.27243,4.87459,6.31016,13.251
2023-05-26,3.17301,3.22049,1.90871,1.80159,3.76708,2.29347,4.8755,6.02506,2.98233,2.23904,2.98532,3.38199,5.6435,5.99569,5.11288,4.73992,6.33126,13.7192
2023-06-02,3.20785,3.26693,1.93664,1.8094,3.80168,2.32556,4.82207,6.19146,2.98653,2.27741,3.02115,3.41215,5.72537,6.10343,5.15485,4.78492,6.45035,13.9653
2023-06-09,3.23179,3.26886,1.9499,1.8061,3.81289,2.33223,4.85177,6.22987,3.0531,2.28087,3.00926,3.41466,5.79191,6.15694,5.13831,4.79009,6.48019,13.9594
2023-06-16,3.28259,3.29562,1.97584,1.81363,3.83,2.41177,5.01095,6.4825,3.15432,2.37617,3.13107,3.51699,5.83898,6.24073,5.2304,4.87495,6.6489,14.4882
2023-06-23,3.26976,3.28216,1.94937,1.80877,3.81984,2.37185,4.87875,6.18533,3.09732,2.33134,3.08705,3.48141,5.68635,6.18313,5.19116,4.84325,6.55434,14.2955
2023-06-30,3.35536,3.35281,1.98479,1.8302,3.84055,2.51923,5.04727,6.42577,3.18581,2.41181,3.18974,3.59261,5.89985,6.38648,5.22416,4.89915,6.7067,14.5668
2023-07-07,3.36111,3.3509,1.97233,1.81313,3.82423,2.46704,5.03224,6.48431,3.16751,2.38623,3.14796,3.52674,5.90325,6.33913,5.13641,4.8229,6.63513,14.4414
2023-07-14,3.51031,3.38707,2.00455,1.84141,3.8697,2.55258,5.18186,6.73714,3.27529,2.4174,3.20338,3.61192,6.21183,6.70345,5.19625,4.88333,6.79748,14.9473
2023-07-21,3.51011,3.37492,2.02004,1.85976,3.87224,2.54984,5.2746,6.83363,3.26963,2.42387,3.19353,3.59085,6.19977,6.63559,5.32837,4.99175,6.84135,14.8117
2023-07-28,3.55589,3.36837,1.99665,1.87192,3.924,2.54869,5.34986,6.94202,3.28502,2.41774,3.19497,3.59511,6.30688,6.75313,5.28108,4.93965,6.91307,15.1212
2023-08-04,3.52662,3.34427,1.98759,1.83195,3.9072,2.44207,5.31983,6.84302,3.23695,2.3173,3.05918,3.46614,6.14909,6.57251,5.20055,4.85632,6.76011,14.6701
2023-08-11,3.55245,3.35737,1.99025,1.82633,3.91044,2.42629,5.3179,6.74842,3.16713,2.32532,3.05026,3.39586,6.06052,6.41916,5.23369,4.88156,6.74256,14.4414
2023-08-18,3.50192,3.32117,1.97453,1.80735,3.90155,2.33929,5.18841,6.44445,3.14149,2.26044,2.96172,3.29892,5.80653,6.1325,5.15369,4.80224,6.60412,14.1216
2023-08-25,3.53911,3.34265,1.97953,1.81915,3.89603,2.34639,5.23988,6.42867,3.17845,2.28154,2.99182,3.31416,5.83155,6.16896,5.17623,4.82111,6.65662,14.3539
2023-09-01,3.56542,3.35426,1.98848,1.82312,3.90637,2.45386,5.37443,6.5999,3.31415,2.35131,3.09936,3.44943,6.17974,6.48469,5.19355,4.83455,6.82638,14.889
2023-09-08,3.57537,3.35798,1.9769,1.82117,3.9058,2.42251,5.32779,6.43504,3.33562,2.32939,3.06938,3.41549,6.05933,6.33623,5.15385,4.79623,6.74059,14.6914
2023-09-15,3.55649,3.34616,1.9916,1.8119,3.88532,2.47555,5.40451,6.45997,3.34696,2.30016,3.03151,3.37835,5.90157,6.19201,5.19782,4.82603,6.73172,14.6216
2023-09-22,3.48992,3.2828,1.92853,1.77813,3.86811,2.38236,5.12746,6.31989,3.13356,2.2176,2.91487,3.27897,5.53864,5.84668,5.12247,4.74388,6.5351,14.1334
2023-09-29,3.5162,3.29676,1.90258,1.73959,3.88699,2.38599,5.09653,6.2999,3.14383,2.22248,2.92422,3.28075,5.74794,6.00898,5.00168,4.63176,6.49046,14.1476
2023-10-06,3.57505,3.33687,1.89479,1.74258,3.91954,2.35076,5.01836,6.24187,3.13177,2.18713,2.86358,3.22515,5.75458,5.95444,4.97325,4.5958,6.52174,14.4015
2023-10-13,3.59193,3.34827,1.88335,1.74479,4.05225,2.34763,4.87435,6.22846,3.11181,2.24006,2.93367,3.2808,5.78615,5.91839,5.01601,4.62916,6.5515,14.4244
2023-10-20,3.55736,3.32557,1.86822,1.73419,4.0298,2.27001,4.75416,5.93787,3.0059,2.17274,2.85854,3.20443,5.52984,5.6954,4.96055,4.57158,6.39496,14.0027
2023-10-27,3.48354,3.22559,1.85382,1.71125,3.96279,2.25695,4.68602,5.85277,2.94859,2.10227,2.77867,3.12139,5.36514,5.52734,4.9078,4.52846,6.23539,13.6358
2023-11-03,3.53478,3.25923,1.88048,1.73832,3.99321,2.42253,5.05008,6.55105,3.28126,2.13009,2.82097,3.18877,5.42737,5.58774,5.13219,4.76761,6.59993,14.5204
2023-11-10,3.5511,3.26995,1.88906,1.7492,3.9897,2.36661,5.02902,6.52895,3.30992,2.13009,2.82097,3.18877,5.42737,5.58774,5.17017,4.79493,6.68982,14.9421
2023-11-17,3.57954,3.27451,1.9132,1.75303,4.0119,2.47983,5.1681,6.75809,3.36534,2.13009,2.82097,3.18877,5.42737,5.58774,5.19347,4.83499,6.84438,15.2442
2023-11-24,3.59709,3.27451,1.92107,1.75766,4.02198,2.53519,5.25682,6.98827,3.41901,2.13009,2.82097,3.18877,5.42737,5.58774,5.2726,4.89599,6.91286,15.3812
2023-12-01,3.66904,3.31673,1.90454,1.76404,4.02789,2.59769,5.45745,7.13642,3.52968,2.15646,2.85638,3.2269,5.5792,5.72851,5.31273,4.95252,6.97055,15.3982
2023-12-08,3.61668,3.30795,1.88736,1.74684,4.04748,2.64291,5.47708,7.27872,3.59229,2.17013,2.87735,3.25339,5.65745,5.79017,5.27822,4.92669,6.98725,15.4863
2023-12-15,3.67579,3.37004,1.91212,1.76765,4.08211,2.77759,5.57304,7.46446,3.61259,2.22407,2.93583,3.31947,5.96944,6.06287,5.31161,4.96585,7.15477,16.0063
2023-12-22,3.723,3.38226,1.92384,1.76961,4.10662,2.78286,5.7036,7.52704,3.64505,2.25594,2.9758,3.35335,6.12382,6.25821,5.34425,4.99079,7.22062,16.1586
2023-12-29,3.71492,3.38061,1.92225,1.77035,4.09221,2.79394,5.68862,7.59302,3.65696,2.26474,2.98812,3.36327,6.05274,6.18255,5.40505,5.03941,7.24593,16.2122
2024-01-05,3.62612,3.31699,1.88551,1.73911,4.07509,2.73549,5.54415,7.22674,3.52295,2.23931,2.95905,3.31874,5.70962,5.90103,5.42148,5.02957,7.13327,15.7067
2024-01-12,3.63975,3.33242,1.90494,1.74724,4.06956,2.72915,5.60076,7.3016,3.57013,2.25989,2.98581,3.34469,5.76933,6.04955,5.46245,5.06828,7.26681,16.2138
2024-01-19,3.61771,3.33693,1.90204,1.72997,4.05127,2.75449,5.58647,7.32856,3.56517,2.28847,3.01333,3.37987,5.86699,6.18679,5.46458,5.08782,7.35447,16.6738
2024-01-26,3.6598,3.36444,1.91818,1.74403,4.05956,2.75215,5.58153,7.34812,3.57344,2.30652,3.04872,3.41691,5.93716,6.21421,5.53181,5.14859,7.43039,16.7779
2024-02-02,3.67327,3.35787,1.91415,1.75095,4.07433,2.78791,5.64939,7.43186,3.58795,2.34313,3.10208,3.48328,6.27062,6.45485,5.58249,5.2082,7.53619,16.9838
2024-02-09,3.68863,3.35652,1.92465,1.75366,4.07495,3.03564,5.81221,7.49036,3.67374,2.3732,3.13691,3.51595,6.94147,7.04843,5.5624,5.21342,7.64061,17.3021
2024-02-16,3.73644,3.36143,1.93488,1.73808,4.08652,3.24408,5.73635,7.35032,3.66412,2.41719,3.17987,3.56254,7.21144,7.16868,5.59312,5.24061,7.61485,17.0456
2024-02-23,3.82984,3.39421,1.98643,1.75064,4.12505,3.24717,5.74802,7.31907,3.69121,2.46439,3.24454,3.63799,7.19596,7.11178,5.72274,5.35115,7.74199,17.2914
2024-03-01,3.84631,3.39722,1.98159,1.7479,4.1327,3.32336,5.80978,7.62798,3.86099,2.47737,3.27464,3.67495,7.88086,7.69986,5.68424,5.32077,7.81821,17.641
2024-03-08,3.87935,3.40743,1.99984,1.74999,4.10578,3.31923,5.84312,7.57559,3.80342,2.50765,3.29189,3.73311,7.9333,7.66969,5.71038,5.34321,7.80099,17.3801
2024-03-15,3.94554,3.4383,1.97877,1.74828,4.15315,3.28379,5.86317,7.3636,3.75127,2.49057,3.27266,3.73316,7.70307,7.4334,5.71678,5.34504,7.79632,17.1782
2024-03-22,4.0607,3.4756,1.97446,1.77256,4.12378,3.37018,5.95507,7.54314,3.84014,2.5636,3.35734,3.82597,8.0347,7.75291,5.76783,5.41186,7.97035,17.6948
2024-03-29,4.06883,3.47726,2.00169,1.7929,4.14492,3.4166,6.07326,7.64475,3.91111,2.56827,3.36549,3.85533,8.05569,7.78139,5.83683,5.48232,7.99879,17.6009
2024-04-05,4.14015,3.50065,1.99137,1.77508,4.1436,3.32473,5.68977,7.35775,3.78762,2.52554,3.31398,3.77907,7.74485,7.57334,5.73068,5.38957,7.92783,17.4606
2024-04-12,4.09116,3.48792,1.94258,1.74632,4.13625,3.26526,5.56025,7.20553,3.71608,2.44453,3.21899,3.66842,7.38525,7.25606,5.57723,5.2556,7.81192,17.3733
2024-04-19,4.06046,3.45634,1.9339,1.74181,4.1653,3.16224,5.41614,6.96742,3.68478,2.45137,3.19713,3.6469,6.8507,6.76964,5.60032,5.29242,7.57199,16.437
2024-04-26,4.11742,3.43421,1.96733,1.75027,4.19176,3.26697,5.64652,7.3444,3.82212,2.45154,3.22647,3.69829,7.49938,7.2971,5.61324,5.32196,7.77232,17.0852
2024-05-03,4.11974,3.48456,1.98948,1.78195,4.19396,3.31411,5.65846,7.23703,3.76234,2.45614,3.2187,3.69072,7.63511,7.32032,5.59606,5.29358,7.81865,17.2627
2024-05-10,4.1755,3.51863,2.01653,1.8016,4.23693,3.39096,5.74061,7.28747,3.82968,2.50881,3.30049,3.78212,7.6959,7.43361,5.72318,5.42486,7.96469,17.5236
2024-05-17,4.21781,3.51987,2.04075,1.80661,4.23113,3.41303,5.84435,7.40798,3.90595,2.52857,3.32823,3.82762,8.02279,7.67563,5.77916,5.47178,8.09635,17.9081
2024-05-24,4.19476,3.52297,2.01744,1.78817,4.20691,3.363,5.64073,7.25536,3.89919,2.51689,3.32649,3.84945,8.17502,7.85909,5.72226,5.3987,8.0962,18.1535
2024-05-31,4.14465,3.50212,2.03853,1.80071,4.2744,3.34456,5.5995,7.1785,3.74045,2.51201,3.32784,3.84534,7.93635,7.64091,5.74936,5.42702,8.06454,17.8665
2024-06-07,4.17258,3.52385,2.05503,1.81075,4.25276,3.36542,5.68074,7.23484,3.62536,2.45146,3.27287,3.80798,7.80932,7.56306,5.75227,5.39139,8.16608,18.3521
2024-06-14,4.12137,3.50116,2.03417,1.79246,4.2668,3.35588,5.81381,7.11176,3.59756,2.42622,3.24463,3.79905,7.89385,7.6075,5.71627,5.34562,8.30019,18.9954
2024-06-21,4.20624,3.55968,2.05402,1.80407,4.31872,3.34845,5.86418,7.22268,3.51472,2.4709,3.28993,3.85084,7.884,7.60838,5.79194,5.4251,8.35351,19.0347
2024-06-28,4.20329,3.5401,2.05195,1.81661,4.33665,3.30364,5.84397,7.26452,3.59739,2.4372,3.24885,3.80993,7.79377,7.53506,5.76208,5.39964,8.34906,19.0225
2024-07-05,4.16793,3.54253,2.0606,1.80671,4.34817,3.33675,5.88779,7.24514,3.64567,2.44562,3.26381,3.82734,7.80204,7.59441,5.7795,5.40493,8.50892,19.6994
2024-07-12,4.28589,3.57412,2.0879,1.80798,4.38055,3.19884,6.09171,7.52007,3.73546,2.49825,3.32519,3.89425,7.9839,7.70287,5.86756,5.48876,8.591,19.6462
2024-07-19,4.18955,3.49807,2.0631,1.80838,4.40552,3.12264,6.00023,7.50826,3.67235,2.49937,3.32193,3.8752,7.68435,7.40146,5.92229,5.52823,8.42224,18.8688
2024-07-26,4.32767,3.52607,2.1222,1.82515,4.4868,3.25083,6.09632,7.52721,3.67238,2.44501,3.28602,3.84217,7.58082,7.2971,5.97781,5.56984,8.35244,18.3816
2024-08-02,4.30071,3.49399,2.05358,1.76327,4.46599,3.06197,5.91616,7.19768,3.48237,2.34801,3.16297,3.75168,6.82972,6.74453,6.04488,5.62016,8.1754,17.817
2024-08-09,4.37388,3.56209,2.11137,1.7965,4.53728,3.13277,5.80949,7.13074,3.47944,2.37421,3.19588,3.76771,7.00418,6.93078,6.02847,5.59484,8.17678,17.883
2024-08-16,4.39423,3.56465,2.13318,1.80017,4.54698,3.21206,5.87401,7.26923,3.585,2.49713,3.32305,3.89158,7.52182,7.401,6.12325,5.69163,8.50386,18.8605
2024-08-23,4.3987,3.56501,2.15409,1.79987,4.55242,3.25558,6.06656,7.37444,3.63814,2.5631,3.39646,3.9676,7.75469,7.59321,6.21721,5.78222,8.62383,19.0578
2024-08-30,4.41387,3.56924,2.18608,1.80456,4.53686,3.27145,6.11069,7.40767,3.69959,2.56789,3.41117,4.00558,7.47963,7.36857,6.34492,5.89287,8.64761,18.9097
2024-09-06,4.29071,3.55183,2.13458,1.79708,4.45413,3.11805,5.88503,7.2628,3.44299,2.49124,3.32438,3.9054,6.77132,6.74242,6.32872,5.848,8.28985,17.8147
2024-09-13,4.33937,3.53136,2.16007,1.80598,4.41746,3.21712,6.11479,7.45818,3.549,2.56292,3.4121,4.00453,7.49344,7.4321,6.38872,5.93275,8.62199,18.8728
2024-09-20,4.36225,3.57114,2.16599,1.81119,4.44692,3.19053,6.28239,7.61858,3.54862,2.60398,3.45454,4.05101,7.83686,7.75885,6.35272,5.88358,8.74446,19.1547
2024-09-27,4.42602,3.60966,2.17053,1.82024,4.46684,3.24761,6.25905,7.74883,3.59158,2.60994,3.47228,4.05972,7.99782,7.86171,6.38463,5.89758,8.79401,19.3529
2024-10-04,4.40798,3.60996,2.17018,1.80378,4.49132,3.32645,6.2134,7.77801,3.66018,2.6266,3.49025,4.08615,8.09005,7.96928,6.35555,5.869,8.81724,19.3756
2024-10-11,4.46568,3.64435,2.18307,1.82388,4.5182,3.34444,6.20733,7.85115,3.66204,2.65109,3.52136,4.11902,8.28742,8.14537,6.34971,5.86078,8.91881,19.6158
2024-10-18,4.49297,3.65717,2.20488,1.83603,4.54063,3.36363,6.29119,8.08101,3.76064,2.69949,3.5868,4.18558,8.60419,8.3795,6.49904,5.98289,8.9959,19.6599
2024-10-25,4.40343,3.58567,2.16429,1.81918,4.46838,3.2161,6.09942,7.91789,3.63903,2.66899,3.5088,4.10527,8.45255,8.2337,6.32254,5.85454,8.9105,19.6937
2024-11-01,4.33793,3.5438,2.14335,1.83673,4.36252,3.19434,5.81162,7.91337,3.58977,2.6188,3.43575,4.04287,8.10777,7.95987,6.20122,5.77731,8.78739,19.38
2024-11-08,4.44025,3.58559,2.25954,1.89286,4.49545,3.27172,6.14243,8.09666,4.10793,2.76092,3.65471,4.32115,9.3644,9.1029,6.36402,5.9168,9.20518,20.442
2024-11-15,4.40718,3.57639,2.21588,1.9089,4.35642,3.20812,5.98165,8.01708,4.05087,2.71496,3.625,4.30772,9.13803,8.94709,6.29703,5.84546,9.01375,19.7434
2024-11-22,4.54801,3.67008,2.2569,1.94387,4.45008,3.52304,6.17476,8.36215,4.19366,2.83577,3.80691,4.50236,9.84272,9.59315,6.41583,5.94403,9.16394,20.11
2024-11-29,4.56522,3.67671,2.26561,1.94974,4.48164,3.5434,6.23361,8.2718,4.14153,2.8816,3.86236,4.54895,10.0446,9.71675,6.48198,6.0096,9.27228,20.267
2024-12-06,4.52761,3.67676,2.24827,1.94385,4.52568,3.68353,6.22217,8.24636,4.19838,2.89309,3.83476,4.57195,10.4695,9.99684,6.35657,5.89673,9.35322,20.9326
2024-12-13,4.39091,3.56208,2.18497,1.89549,4.4964,3.64996,6.03022,7.85053,4.06932,2.79563,3.70709,4.47016,9.89715,9.54858,6.26748,5.8091,9.29782,21.0936
2024-12-20,4.25398,3.45197,2.09255,1.81028,4.34675,3.55751,5.88004,7.50231,3.99184,2.79625,3.72187,4.48664,9.73688,9.26644,6.13302,5.70583,9.12747,20.6217
2024-12-27,4.25484,3.46437,2.09081,1.81393,4.36235,3.60068,5.88698,8.12867,3.98823,2.79896,3.77287,4.55989,9.80722,9.30476,6.15979,5.73044,9.18707,20.8102
2025-01-03,4.25317,3.46654,2.07386,1.80285,4.35827,3.59896,5.98401,8.2251,3.97046,2.75494,3.71009,4.47414,10.2164,9.65363,6.09838,5.67652,9.13982,20.6517
2025-01-10,4.23699,3.4598,2.0535,1.79424,4.34476,3.5831,5.92723,7.50248,3.86814,2.73641,3.67027,4.40141,9.32793,8.9988,5.97606,5.56672,8.96287,20.1982
2025-01-17,4.39398,3.54799,2.09481,1.84864,4.41003,3.77525,6.24446,7.9729,4.07324,2.85423,3.79913,4.55519,9.68155,9.45819,6.1789,5.76646,9.22675,20.7776
2025-01-24,4.38604,3.54326,2.1043,1.84915,4.41764,3.80599,6.40924,8.04893,4.0485,2.87823,3.84082,4.651,10.3409,10.0883,6.23289,5.81448,9.38717,21.0918
2025-01-31,4.42482,3.56418,2.10274,1.84671,4.46597,3.66414,6.04995,7.70105,4.02617,2.84668,3.7915,4.60152,10.0467,9.70863,6.31904,5.8956,9.29221,20.7995
2025-02-07,4.57137,3.58614,2.09893,1.86277,4.4424,3.85262,6.26561,7.69262,4.19012,2.90843,3.86481,4.6174,10.502,10.096,6.40552,5.9428,9.276,20.8246
2025-02-14,4.55646,3.60454,2.09839,1.85494,4.36831,3.88583,6.18486,7.78434,4.23462,3.03472,3.98299,4.70043,10.8186,10.2739,6.49237,5.97585,9.41388,21.4311
2025-02-21,4.49001,3.59082,2.05605,1.8441,4.38056,3.80546,6.17557,7.56835,4.02552,2.82974,3.74844,4.48902,9.6162,9.26301,6.52502,6.02471,9.26319,20.9504
2025-02-28,4.50747,3.57524,2.08551,1.84401,4.38246,3.68563,6.18169,7.62902,3.90923,2.75644,3.7011,4.48228,8.77778,8.64489,6.65244,6.15369,9.17425,20.2372
2025-03-07,4.46877,3.59408,2.0747,1.84361,4.25765,3.5514,6.23179,7.58926,3.82001,2.73171,3.6511,4.4104,7.88169,7.82872,6.59873,6.06627,8.89231,19.5849
2025-03-14,4.34917,3.4672,2.07302,1.81899,4.09497,3.46408,6.19128,7.38267,3.75562,2.69828,3.60986,4.35263,8.29066,8.03926,6.45825,5.93168,8.68989,19.1018
2025-03-21,4.36819,3.4882,2.07267,1.81277,4.12187,3.49236,6.17758,7.41987,3.85092,2.72086,3.62553,4.36979,8.3029,8.13075,6.50553,5.94797,8.73415,19.1488
2025-03-28,4.40178,3.51369,2.06256,1.8031,4.13091,3.32287,6.19635,7.46569,3.68922,2.75016,3.67732,4.42922,7.84818,7.73274,6.60287,6.01044,8.6053,18.7027
2025-04-04,4.20307,3.44092,1.99056,1.79057,4.01432,3.01613,5.77387,6.94151,3.30907,2.78013,3.71562,4.47561,7.80392,7.68318,6.32463,5.73188,7.82509,16.8574
2025-04-11,4.38758,3.53586,1.97887,1.82112,4.22431,3.08055,6.03007,7.26702,3.44141,2.78013,3.71562,4.47561,7.80392,7.68318,6.43764,5.84141,8.26893,18.1228
2025-04-18,4.38758,3.53586,1.98443,1.82112,4.2686,3.14629,6.03957,7.30255,3.48298,2.78013,3.71562,4.47561,7.80392,7.68318,6.47502,5.88224,8.15232,17.7121
2025-04-25,4.43029,3.56981,2.0038,1.84797,4.28742,3.32609,6.13536,7.44501,3.4268,2.78013,3.71562,4.47561,7.80392,7.68318,6.46792,5.88114,8.52756,18.8471
2025-05-02,4.49623,3.57661,2.01013,1.85912,4.32368,3.46183,6.26389,7.6049,3.49298,2.78013,3.71562,4.47561,7.80392,7.68318,6.57764,6.00106,8.7772,19.496
2025-05-09,4.49202,3.56834,2.01951,1.85795,4.32662,3.52716,6.3557,7.66011,3.53822,2.78013,3.71562,4.47561,7.80392,7.68318,6.46259,5.92308,8.73973,19.4617
2025-05-16,4.55987,3.63062,2.04546,1.89531,4.40854,3.62811,6.87818,8.16905,3.78833,2.78013,3.71562,4.47561,7.80392,7.68318,6.52356,5.97516,9.20216,20.7994
2025-05-23,4.48319,3.61815,2.00488,1.89354,4.40302,3.72412,7.0781,8.36262,3.7661,2.78013,3.71562,4.47561,7.80392,7.68318,6.50892,5.96997,8.96847,20.31
2025-05-30,4.57873,3.64956,2.0252,1.90604,4.42101,3.67257,7.00372,8.33998,3.81818,2.78013,3.71562,4.47561,7.80392,7.68318,6.56076,6.0251,9.12767,20.7037
2025-06-06,4.63594,3.65091,2.02624,1.91149,4.43892,3.90907,7.19727,8.48805,3.88948,2.84817,3.80295,4.57433,8.28183,8.05265,6.46087,5.97089,9.27866,21.1348
2025-06-13,4.60682,3.63988,2.01491,1.89816,4.43952,3.8775,7.24218,8.28835,3.77889,2.78951,3.73861,4.48811,8.20966,8.0031,6.46663,5.96952,9.24552,21.0168
2025-06-20,4.6152,3.59557,2.03197,1.90521,4.47261,3.883,7.24427,8.29525,3.79299,2.83087,3.78096,4.51485,8.55635,8.26608,6.39962,5.90771,9.23061,21.0116
2025-06-27,4.64994,3.63938,2.05127,1.90578,4.4832,3.85691,7.3522,8.64294,3.82951,2.87097,3.82703,4.60571,8.74258,8.48977,6.40754,5.92181,9.55104,21.884
2025-07-04,4.68649,3.64592,2.05578,1.90372,4.47897,3.97259,7.8955,9.05943,4.01646,2.93307,3.88878,4.68438,9.10759,8.71585,6.49526,6.00747,9.71304,22.2087
2025-07-11,4.67272,3.63117,2.02648,1.90658,4.4573,3.88655,8.60418,9.30345,3.94226,2.88064,3.83689,4.65899,9.26674,8.83261,6.4572,5.97982,9.68633,22.128
2025-07-18,4.6748,3.63078,2.04314,1.89926,4.48998,4.03312,8.82554,9.36854,4.09195,2.9406,3.92493,4.8245,10.5663,9.72204,6.47656,6.00986,9.74784,22.4099
2025-07-25,4.72381,3.66857,2.06938,1.92704,4.49862,4.04063,9.00727,9.5918,4.0236,2.96578,3.9732,4.8812,10.1834,9.5326,6.58167,6.11214,9.8957,22.6139
2025-08-01,4.79565,3.65442,2.08693,1.93157,4.45557,3.91092,8.50779,9.66597,3.90244,2.95076,3.91784,4.82386,9.79017,9.21243,6.51339,6.04198,9.65681,22.1152
2025-08-08,4.93496,3.63413,2.12113,1.96324,4.5459,3.82495,8.80809,9.96057,3.9305,2.99268,3.95136,4.86761,10.2929,9.63549,6.56959,6.12098,9.89695,22.9405
2025-08-15,4.92598,3.64313,2.12905,1.95216,4.59934,3.96856,9.12022,10.0527,4.05456,3.00287,3.9491,4.86769,10.0381,9.49425,6.59764,6.11357,9.99418,23.0519
2025-08-22,5.00264,3.66933,2.20202,1.96147,4.65837,4.07016,9.24978,10.2458,4.02445,3.01621,3.95583,4.88703,9.78035,9.28183,6.6734,6.19708,10.0232,22.8375
2025-08-29,5.00957,3.669,2.18789,1.96691,4.65264,3.99668,9.28284,10.1836,3.9598,3.02854,3.98918,4.91312,10.0878,9.43511,6.62848,6.12693,10.0192,22.7748
2025-09-05,4.97995,3.66514,2.19722,1.96599,4.68303,3.97883,9.51038,10.258,3.94861,3.06932,3.98179,4.88865,10.1096,9.4261,6.57889,6.0801,10.0532,23.0008
2025-09-12,5.01713,3.72235,2.17716,1.96778,4.70677,4.21163,9.95079,11.1726,4.28706,3.19699,4.1239,4.9853,11.1159,10.1673,6.57732,6.11103,10.2112,23.4241
2025-09-19,5.12854,3.73229,2.20015,1.96237,4.75633,4.32071,10.1143,11.971,4.337,3.30029,4.21812,5.05704,12.9849,11.3705,6.51667,6.05671,10.3374,23.9307
2025-09-26,5.15022,3.74784,2.17777,1.95955,4.7461,4.3023,9.85226,11.8704,4.35153,3.30506,4.2217,5.07103,12.3362,10.912,6.58488,6.08958,10.3082,23.8234
2025-10-03,5.12443,3.74449,2.15481,1.94011,4.69481,4.4536,9.81951,12.5418,4.50841,3.36009,4.3095,5.14628,13.4198,11.7047,6.59043,6.10247,10.4233,24.1116
2025-10-10,5.00928,3.67662,2.1114,1.89259,4.72347,4.33219,9.54256,12.4497,4.30647,3.30963,4.23152,5.0124,13.4982,11.7767,6.53896,6.01972,10.1711,23.5647
2025-10-17,5.14461,3.81117,2.12915,1.90902,4.88407,4.52262,9.67166,12.6527,4.18945,3.3735,4.29793,5.08355,13.6488,11.914,6.54036,6.01452,10.3482,24.1416
2025-10-24,5.19646,3.79501,2.1319,1.90695,4.87546,4.69351,9.75259,13.1948,4.34781,3.43272,4.38143,5.16727,13.3454,11.8096,6.56031,6.05433,10.5485,24.668
2025-10-31,5.18907,3.7799,2.10866,1.89398,4.87337,4.53632,9.43524,12.965,4.30217,3.46369,4.40418,5.20607,13.916,12.0814,6.38897,5.90158,10.6234,25.1465
2025-11-07,5.17677,3.7139,2.13103,1.91346,4.82058,4.27244,8.72073,12.6485,4.19651,3.30278,4.27086,5.1237,11.9441,10.8779,6.36621,5.92329,10.4507,24.3738
2025-11-14,5.24766,3.72494,2.1633,1.92216,4.84043,4.20802,8.62808,12.4823,4.13621,3.15977,4.10351,4.98324,10.737,9.99211,6.41996,5.97009,10.4656,24.3386
2025-11-21,5.28195,3.74111,2.16713,1.95637,4.76048,4.11901,8.50298,12.321,4.09017,3.0136,3.94144,4.8244,9.68146,9.21082,6.40146,5.9566,10.2647,23.5875
2025-11-28,5.33622,3.79577,2.1853,1.97198,4.84285,4.27871,8.94556,13.1427,4.41182,3.25896,4.23211,5.15098,11.0379,10.5375,6.49303,6.04586,10.6441,24.754
2025-12-05,5.28416,3.77483,2.13419,1.93799,4.79669,4.41165,9.06106,13.3713,4.63384,3.21949,4.18085,5.09943,11.5837,10.8014,6.32419,5.91904,10.68,25.003
2025-12-12,5.3227,3.79939,2.15169,1.95024,4.81884,4.53121,9.06464,13.4761,4.69108,3.20683,4.15992,5.08572,11.1864,10.5417,6.34874,5.94529,10.6187,24.5289
2025-12-19,5.31302,3.81652,2.1706,1.9308,4.82039,4.55191,9.2142,13.5094,4.8797,3.2198,4.17556,5.10187,11.1708,10.5417,6.32365,5.92163,10.6318,24.666
2025-12-26,5.33387,3.83096,2.17682,1.9382,4.83091,4.54945,9.17958,13.739,4.91031,3.27848,4.24869,5.17371,10.8999,10.4905,6.37258,5.97509,10.7837,24.9716
2026-01-02,5.36957,3.8594,2.2145,1.96882,4.84883,4.6111,9.23203,13.6719,4.87746,3.24573,4.21535,5.14021,11.2794,10.7419,6.37257,5.95402,10.6721,24.5405
2026-01-09,5.49799,3.87766,2.24398,2.0084,4.87834,4.67767,9.32044,13.9347,4.9874,3.29446,4.27792,5.24334,12.6018,11.721,6.37005,5.97464,10.8424,25.082
2026-01-16,5.49258,3.88643,2.2558,2.00563,4.9255,4.65509,9.25767,14.6274,4.97679,3.28394,4.25083,5.20468,13.2706,12.2905,6.5138,6.07813,10.8048,24.8663
2026-01-23,5.55776,3.95241,2.27406,2.02396,4.84021,4.67258,9.34863,14.4221,4.98521,3.29365,4.25206,5.18627,13.3466,12.2829,6.4619,6.04097,10.7668,24.9247
2026-01-30,5.60492,3.95732,2.28222,2.02623,4.84624,4.53009,9.09547,13.8066,4.89654,3.33219,4.29848,5.22663,12.2615,11.4034,6.49944,6.11597,10.8096,24.8907
2026-02-06,5.45774,3.9092,2.27313,2.01806,4.84733,4.60069,9.37026,13.9121,5.08491,3.54663,4.51707,5.46561,12.176,11.2085,6.66036,6.24704,10.7885,24.4016
2026-02-13,5.28279,3.86496,2.23424,2.02706,4.53862,4.59046,9.41272,13.4517,5.05532,3.53717,4.50345,5.4582,12.1634,11.1411,6.79042,6.32564,10.65,24.0922
2026-02-20,5.29678,3.87523,2.29597,2.05658,4.58488,4.57956,9.3427,13.6681,5.07545,3.59576,4.56386,5.51719,12.5925,11.5309,6.84304,6.37805,10.7699,24.368
2026-02-27,5.47264,3.92415,2.34209,2.10901,4.59587,4.73005,9.46228,14.0004,5.16396,3.60225,4.59673,5.52638,13.0139,11.7189,6.97268,6.50095,10.7162,24.3072
2026-03-06,5.2631,3.82285,2.27844,2.0279,4.48402,4.67346,9.38935,13.9961,4.88428,3.39402,4.37522,5.28674,11.6085,10.5701,6.80525,6.33037,10.5036,24.0054
2026-03-13,5.16541,3.69153,2.30582,1.98922,4.28108,4.56065,9.54416,13.5799,4.82923,3.32642,4.30991,5.25276,12.0115,10.842,6.71598,6.26554,10.346,23.764
2026-03-20,5.08209,3.68014,2.3076,1.9997,4.25519,4.55874,9.38343,13.0251,4.80422,3.20644,4.17221,5.10124,11.959,10.6466,6.48547,6.05819,10.1593,23.2973
2026-03-27,5.05364,3.62637,2.31215,2.01913,4.1805,4.43998,9.16289,12.4429,4.69345,3.30132,4.30137,5.24413,11.5311,10.4032,6.51194,6.09498,9.93249,22.546
2026-04-03,5.14881,3.70828,2.32451,2.03611,4.28224,4.5748,9.90498,12.7796,4.89345,3.35083,4.35443,5.31706,11.9769,10.7946,6.67133,6.2306,10.273,23.4437
2026-04-10,5.02627,3.64255,2.31957,2.03593,4.14713,4.67712,9.26423,12.3963,5.04099,3.35083,4.35443,5.31706,11.9769,10.7946,6.69695,6.27346,10.6432,24.4893
2026-04-17,4.84501,3.52106,2.25869,2.00677,3.98984,4.7113,9.96495,13.2953,5.15723,3.35083,4.35443,5.31706,11.9769,10.7946,6.63896,6.2559,11.1238,26.0034
2026-04-24,4.61554,3.42474,2.15132,1.92846,3.997,4.75444,10.0613,12.8012,5.14788,3.35083,4.35443,5.31706,11.9769,10.7946,6.60938,6.23475,11.1833,26.6057
2026-05-01,4.5873,3.41874,2.17912,1.95002,3.985,4.74476,10.1067,12.9195,5.33219,3.37605,4.3966,5.37476,12.384,11.0293,6.64448,6.25117,11.2884,27.0173
2026-05-08,4.57253,3.42574,2.15024,1.934,4.03287,4.81514,10.1054,12.9034,5.67659,3.46354,4.54765,5.53166,13.292,11.8179,6.48382,6.11895,11.5542,28.5033
2026-05-15,4.68541,3.51902,2.14284,1.93531,4.11819,4.81674,10.089,12.6377,5.77812,3.52402,4.59152,5.60039,13.7531,12.0449,6.52641,6.15286,11.5785,28.4111
2026-05-22,4.69009,3.53957,2.19049,1.95837,4.15759,4.92157,10.2399,12.9813,5.79227,3.4982,4.5851,5.64065,14.301,12.4396,6.68674,6.29037,11.6798,28.7562
2026-05-29,4.66025,3.52115,2.12243,1.95393,4.16039,4.8987,10.8501,13.9179,6.08146,3.51711,4.58814,5.66136,14.8371,12.8116,6.47664,6.12242,11.8496,29.5886
2026-06-05,4.71449,3.59355,2.16091,2.01471,4.22257,4.82024,10.1193,13.4061,5.93404,3.34431,4.35059,5.40807,13.6088,11.7643,6.60326,6.23075,11.5531,28.256
2026-06-12,4.87535,3.60828,2.20525,2.02419,4.28607,4.96654,10.1692,13.205,6.17719,3.39215,4.41056,5.6021,14.6458,12.6605,6.70309,6.31238,11.6189,28.9085
2026-06-19,4.6258,3.50717,2.13257,1.97637,4.11657,4.91717,10.048,12.9709,6.15043,3.37605,4.44848,5.72244,15.5569,13.3335,6.59054,6.22916,11.7272,29.6811
2026-06-26,4.56559,3.45747,2.12476,2.00896,4.09543,5.04314,10.1062,13.2043,6.19583,3.26618,4.30496,5.53969,14.2724,12.2578,6.82137,6.42052,11.4484,28.3457
2026-07-03,4.50921,3.43035,2.14372,2.04156,4.06773,5.01438,10.2845,12.8853,6.17054,3.10019,4.07124,5.40937,13.0029,11.319,6.88087,6.49577,11.6964,28.5896
2026-07-10,4.64285,3.54065,2.15926,2.05337,4.10666,5.039,10.039,12.7272,6.02281,2.99369,3.94564,5.26662,13.0031,11.1587,6.80094,6.40804,11.8561,29.1075
2026-07-17,4.69121,3.56376,2.16174,2.03677,4.10693,5.04579,9.72391,11.8536,5.89535,2.7685,3.66888,5.0264,11.3516,9.74806,6.85833,6.46962,11.673,27.8967
2026-07-24,4.7615,3.58666,2.16831,2.0327,4.08043,4.84798,9.9373,11.2394,5.83631,2.76383,3.6244,5.00941,11.7715,10.0227,6.92038,6.51034,11.6045,27.4514
2026-07-31,4.81929,3.63143,2.1791,2.05193,4.20689,4.98875,10.013,11.1927,5.87601,2.6857,3.54645,4.9145,11.5395,9.70334,6.81224,6.4363,11.7317,27.6022
2026-08-07,4.79206,3.61869,2.17518,2.05558,4.22668,5.37316,10.2568,11.9925,6.07076,2.65317,3.5152,4.90229,12.6343,10.6447,6.80399,6.45026,12.1437,29.008
2026-08-14,4.90036,3.65436,2.22086,2.08355,4.31314,5.41698,10.097,12.4808,6.06561,2.78106,3.64332,5.03483,13.5868,11.2217,6.8721,6.4946,12.192,29.3306
2026-08-21,4.79408,3.64075,2.18214,2.07507,4.25326,5.37621,10.0786,12.0187,5.92871,2.84095,3.6618,5.02985,12.0982,10.1578,6.68463,6.34613,12.0253,28.6233
2026-08-28,4.86364,3.6943,2.2061,2.07643,4.26892,5.28536,9.99696,11.9613,6.18447,2.82771,3.65483,5.01479,11.5014,9.71498,6.6964,6.3607,12.0823,28.7433
2026-09-04,4.93197,3.6889,2.23358,2.09041,4.40726,5.09405,9.65177,12.0386,6.08073,2.80755,3.6141,4.95218,11.9589,9.99596,6.69494,6.32294,12.0955,28.8448
2026-09-11,4.9193,3.6582,2.21413,2.03634,4.40526,4.93503,9.37771,12.097,5.9655,2.77696,3.55117,4.8588,12.2635,10.2541,6.63128,6.24901,12.0028,28.6811
2026-09-18,4.91463,3.64627,2.18255,2.05742,4.38596,4.94729,9.4776,12.1939,5.98209,2.85088,3.60893,4.89216,12.5453,10.399,6.49393,6.12556,11.9917,28.9447
2026-09-25,4.82618,3.58094,2.14199,2.01435,4.37049,4.96366,9.44173,12.3498,5.96199,2.82419,3.58205,4.84332,13.0838,10.8313,6.3463,6.02375,12.1438,29.9006
2026-10-02,4.7703,3.56984,2.10491,2.01243,4.32966,5.00818,9.31772,12.2783,6.05547,2.85018,3.58678,4.83864,13.3625,11.1476,6.33241,5.97799,12.1168,30.1046
2026-10-09,4.86003,3.60603,2.15411,2.02865,4.36424,5.09326,9.45719,12.3959,6.16889,2.8512,3.57795,4.8248,12.8035,10.8409,6.38009,6.00169,12.1844,30.0243
