date,RSI2<5 上升趋势 | 收盘>SMA5出场 | 最长5天,RSI2<5 上升趋势 | 收盘>SMA5出场 | 最长10天,RSI2<10 上升趋势 | 收盘>SMA5出场 | 最长5天,RSI2<10 上升趋势 | 收盘>SMA5出场 | 最长10天,RSI2<10 无趋势过滤 | 收盘>SMA5出场,RSI2<10 上升趋势 | 收盘>SMA5出场 | 8%止损,连跌3天 上升趋势 | 首个上涨日出场,连跌4天 上升趋势 | 首个上涨日出场,连跌5天 上升趋势 | 首个上涨日出场,连跌3天 上升趋势 | 持有5天,连跌4天 上升趋势 | 持有5天,跌破布林下轨 上升趋势 | 回到中轨出场,IBS<0.1 上升趋势 | IBS>0.7出场,IBS<0.2 上升趋势 | IBS>0.7出场,IBS<0.2 且 RSI2<10 上升趋势 | 收盘>SMA5出场,5日内从高点回撤>8% 上升趋势 | 收盘>SMA5出场,5日内从高点回撤>12% 上升趋势 | 收盘>SMA5出场,50/200均线金叉 | 死叉出场,20日新高突破(海龟) | 3ATR追踪止损,55日新高突破(海龟) | 3ATR追踪止损,20日新高突破 | 跌破10日低点出场,MACD零轴上方金叉 | MACD死叉出场,52周新高+放量 | 持有20天,52周新高+放量 | 3ATR追踪止损,20日新高 | 5ATR追踪止损,55日新高 | 6ATR追踪止损,52周新高 | 5ATR追踪止损,52周新高 | 8ATR追踪止损,52周新高+放量 | 5ATR追踪止损,跳空低开>3%收阳 上升趋势 | 持有5天,跳空低开>5%收阳 上升趋势 | 持有5天,跳空低开>3% 上升趋势 | 收盘>SMA5出场,放量突破20日高点 | 持有10天,内包线 上升趋势 | 持有5天,单日大跌>5% 上升趋势 | 持有5天,单日大跌>8% 上升趋势 | 持有5天,单日大跌>5% 无趋势过滤 | 持有5天,随机入场 | 持有5天 (基线),随机入场 | 持有10天 (基线),随机入场 | 持有20天 (基线),随机入场 上升趋势 | 持有5天 (基线),动量轮动 12个月动量 Top10,动量轮动 12个月动量 Top20,动量轮动 12个月动量 Top10 + SPY>200日均线过滤,动量轮动 6个月动量 Top10 + SPY>200日均线过滤,动量轮动 3个月动量 Top10 + SPY>200日均线过滤,SPY 买入持有,QQQ 买入持有
2003-06-06,1,1,1,1,1,1,1,1,1,1,1,1,1,1,1,1,1,1,1,1,1,1,1,1,1,1,1,1,1,1,1,1,1,1,1,1,1,1,1,1,1,1,1,1,1,1,1,1
2003-06-13,1,1,1,1,1,1,1,1,1,1,1,1,1,1,1,1,1,1,1,1,1,1,1,1,1,1,1,1,1,1,1,1,1,1,1,1,1,1,1,1,1,1,1,1,1,1,1,1
2003-06-20,1,1,1,1,1,1,1,1,1,1,1,1,1,1,1,1,1,1,1,1,1,1,1,1,1,1,1,1,1,1,1,1,1,1,1,1,1,1,1,1,1,1,1,1,1,1,1,1
2003-06-27,1,1,1,1,1,1,1,1,1,1,1,1,1,1,1,1,1,1,1,1,1,1,1,1,1,1,1,1,1,1,1,1,1,1,1,1,1,1,1,1,1,1,1,1,1,1,1,1
2003-07-04,1,1,1,1,0.996709,1,1,1,1,1,1,1,1,1,1,1,1,1,1,1,1,1,1,1,1,1,1,1,1,1,1,1,0.996868,1,1,1,0.99614,1.00534,1.00534,1.00534,1,1,1,1,1,1,1,1
2003-07-11,1,1,1,1,0.992896,1,1,1,1,1,1,1,1,1,1,1,1,1,1,1,1,1,1,1,1,1,1,1,1,1,1,1,1.02183,1,1,1,0.998479,1.02783,1.00995,1.00995,1,1,1,1,1,1,1,1
2003-07-18,1,1,1,1,0.996444,1,1,1,1,1,1,1,1,1,1,1,1,1,1,1,1,1,1,1,1,1,1,1,1,1,1,1,1.01822,1,1,1,0.976079,1.00925,1.01618,0.998153,1,1,1,1,1,1,1,1
2003-07-25,1,1,1,1,1.0107,1,1,1,1,1,1,1,1,1,1,1,1,1,1,1,1,1.02114,1,1,1,1,1,1,1,1,1,1,1.01656,1,1,1,0.954162,1.03651,1.03835,1.01387,1,1,1,1,1,1,1,1
2003-08-01,1,1,1,1,1.00392,1,1,1,1,1,1,1,1,1,1,1,1,1,1,1,1,1.01548,1,1,1,1,1,1,1,1,1,1,1.03294,1,1,1,0.963738,1.00713,1.02211,1.00789,1,1,1,1,1,1,1,1
2003-08-08,1,1,1,1,1.00624,1,1,1,1,1,1,1,1,1,1,1,1,1,1,1,1,0.993748,1,1,1,1,1,1,1,1,1,1,1.01613,1,1,1,0.934445,0.974418,0.992514,0.983423,1,1,1,1,1,1,1,1
2003-08-15,1,1,1,1,1.02925,1,1,1,1,1,1,1,1,1,1,1,1,1,1,1,1,1.0311,1,1,1,1,1,1,1,1,1,1,1.05725,1,1,1,0.965493,1.0086,1.02179,1.00045,1,1,1,1,1,1,1,1
2003-08-22,1,1,1,1,1.03969,1,1,1,1,1,1,1,1,1,1,1,1,1,1,1,1,1.05466,1,1,1,1,1,1,1,1,1,1,1.0858,1,1,1,0.992296,1.03663,1.04229,0.999467,1,1,1,1,1,1,1,1
2003-08-29,1,1,1,1,1.0645,1,1,1,1,1,1,1,1,1,1,1,1,1,1,1,1,1.06791,1,1,1,1,1,1,1,1,1,1,1.13697,1,1,1,1.08069,1.06139,1.08504,1.02675,1,1,1,1,1,1,1,1
2003-09-05,1,1,1,1,1.07138,1,1,1,1,1,1,1,1,1,1,1,1,1,1,1,1,1.05942,1,1,1,1,1,1,1,1,1,1,1.16961,1,1,1,1.08687,1.0512,1.11328,1.04947,1,1,1,1,1,1,1,1
2003-09-12,1,1,1,1,1.06143,1,1,1,1,1,1,1,1,1,1,1,1,1,1,1,1,1.02899,1,1,1,1,1,1,1,1,1,1,1.15948,1,1,1,1.12723,1.03645,1.08559,1.03072,1,1,1,1,1,1,1,1
2003-09-19,1,1,1,1,1.09205,1,1,1,1,1,1,1,1,1,1,1,1,1,1,1,1,1.04796,1,1,1,1,1,1,1,1,1,1,1.16068,1,1,1,1.16275,1.05498,1.10197,1.04085,1,1,1,1,1,1,1,1
2003-09-26,1,1,1,1,1.04687,1,1,1,1,1,1,1,1,1,1,1,1,1,1,1,1,1.03511,1,1,1,1,1,1,1,1,1,1,1.0885,1,1,1,1.05315,0.998121,1.0421,1.00195,1,1,1,1,1,1,1,1
2003-10-03,1,1,1,1,1.10499,1,1,1,1,1,1,1,1,1,1,1,1,1,1,1,1,1.06717,1,1,1,1,1,1,1,1,1,1,1.13959,1,1,1,1.10461,1.03983,1.06082,1.02915,1,1,1,1,1,1,1,1
2003-10-10,1,1,1,1,1.08437,1,1,1,1,1,1,1,1,1,1,1,1,1,1,1,1,1.07303,1,1,1,1,1,1,1,1,1,1,1.22003,1,1,1,1.11751,1.0457,1.04991,1.04068,1,1,1,1,1,1,1,1
2003-10-17,1,1,1,1,1.0908,1,1,1,1,1,1,1,1,1,1,1,1,1,1,1,1,1.0597,1,1,1,1,1,1,1,1,1,1,1.20861,1,1,1,1.09075,1.07132,1.04878,1.02816,1,1,1,1,1,1,1,1
2003-10-24,1,1,1,1,1.09507,1,1,1,1,1,1,1,1,1,1,1,1,1,1,1,1,1.05859,1,1,1,1,1,1,1,1,1,1,1.18789,1,1,1,1.09591,1.06721,1.06195,1.01154,1,1,1,1,1,1,1,1
2003-10-31,1,1,1,1,1.12542,1,1,1,1,1,1,1,1,1,1,1,1,1,1,1,1,1.07369,1,1,1,1,1,1,1,1,1,1,1.2285,1,1,1,1.15747,1.11077,1.10905,1.04591,1,1,1,1,1,1,1,1
2003-11-07,1,1,1,1,1.13321,1,1,1,1,1,1,1,1,1,1,1,1,1,1,1,1,1.09861,1,1,1,1,1,1,1,1,1,1,1.29142,1,1,1,1.16637,1.13689,1.14299,1.07296,1,1,1,1,1,1,1,1
2003-11-14,1,1,1,1,1.16875,1,1,1,1,1,1,1,1,1,1,1,1,1,1,1,1,1.06147,1,1,1,1,1,1,1,1,1,1,1.30663,1,1,1,1.18082,1.12728,1.13083,1.05328,1,1,1,1,1,1,1,1
2003-11-21,1,1,1,1,1.16348,1,1,1,1,1,1,1,1,1,1,1,1,1,1,1,1,1.04589,1,1,1,1,1,1,1,1,1,1,1.2731,1,1,1,1.1571,1.10834,1.09336,1.02588,1,1,1,1,1,1,1,1
2003-11-28,1,1,1,1,1.1854,1,1,1,1,1,1,1,1,1,1,1,1,1,1,1,1,1.08239,1,1,1,1,1,1,1,1,1,1,1.32444,1,1,1,1.19535,1.16506,1.13547,1.05677,1,1,1,1,1,1,1,1
2003-12-05,1,1,1,1,1.16612,1,1,1,1,1,1,1,1,1,1,1,1,1,1,1,1,1.07693,1,1,1,1,1,1,1,1,1,1,1.24824,1,1,1,1.14252,1.16195,1.14135,1.05505,1,1,1,1,1,1,1,1
2003-12-12,1,1,1,1,1.18392,1,1,1,1,1,1,1,1,1,1,1,1,1,1,1,1,1.06606,1,1,1,1,1,1,1,1,1,1,1.24837,1,1,1,1.13698,1.16479,1.15742,1.05942,1,1,1,1,1,1,1,1
2003-12-19,1,1,1,1,1.19878,1,1,1,1,1,1,1,1,1,1,1,1,1,1,1,1,1.07763,1,1,1,1,1,1,1,1,1,1,1.26628,1,1,1,1.12037,1.15197,1.16054,1.06115,1,1,1,1,1,1,1,1
2003-12-26,1,1,1,1,1.22287,1,1,1,1,1,1,1,1,1,1,1,1,1,1,1,1,1.09812,1,1,1,1,1,1,1,1,1,1,1.27406,1,1,1,1.12809,1.16986,1.18351,1.06791,1,1,1,1,1,1,1,1
2004-01-02,1,1,1,1,1.20366,1,1,1,1,1,1,1,1,1,1,1,1,1,1,1,1,1.09595,1,1,1,1,1,1,1,1,1,1,1.27167,1,1,1,1.11679,1.18255,1.1988,1.08072,1,1,1,1,1,1,1,1
2004-01-09,1,1,1,1,1.21025,1,1,1,1,1,1,1,1,1,1,1,1,1,1,1,1,1.11896,1,1,1,1,1,1,1,1,1,1,1.25842,1,1,1,1.11267,1.1961,1.26072,1.10969,1,1,1,1,1,1,1.01043,1.03768
2004-01-16,1,1,1,1,1.23594,1,1,1,1,1,1,1,1,1,1,1,1,1,1,1,1,1.14497,1,1,1,1,1,1,1,1,1,1,1.27882,1,1,1,1.10022,1.22316,1.27936,1.1491,1,1,1,1,1,1,1.02697,1.06078
2004-01-23,1,1,1,1,1.23963,1,1,1,1,1,1,1,1,1,1,1,1,1,1,1,1,1.11569,1,1,1,1,1,1,1,1,1,1,1.25484,1,1,1,1.09787,1.21484,1.29191,1.15174,1,1,1,1,1,1,1.02877,1.04538
2004-01-30,1,1,1,1,1.24057,1,1,1,1,1,1,1,1,1,1,1,1,1,1,1,1,1.11237,1,1,1,1,1,1,1,1,1,1,1.24446,1,1,1,1.07317,1.20942,1.25943,1.12347,1,1,1,1,1,1,1.02023,1.01953
2004-02-06,1,1,1,1,1.23938,1,1,1,1,1,1,1,1,1,1,1,1,1,1,1,1,1.12325,1,1,1,1,1,1,1,1,1,1,1.23596,1,1,1,1.09851,1.22556,1.28967,1.15379,1,1,1,1,1,1,1.02895,1.02118
2004-02-13,1,1,1,1,1.23206,1,1,1,1,1,1,1,1,1,1,1,1,1,1,1,1,1.13651,1,1,1,1,1,1,1,1,1,1,1.24446,1,1,1,1.10308,1.25992,1.31393,1.1761,1,1,1,1,1,1,1.03506,1.01595
2004-02-20,1,1,1,1,1.24171,1,1,1,1,1,1,1,1,1,1,1,1,1,1,1,1,1.14539,1,1,1,1,1,1,1,1,1,1,1.23136,1,1,1,1.11659,1.23853,1.28984,1.16344,1,1,1,1,1,1,1.03282,1.01375
2004-02-27,1,1,1,1,1.29099,1,1,1,1,1,1,1,1,1,1,1,1,1,1,1,1,1.15546,1,1,1,1,1,1,1,1,1,1,1.21117,1,1,1,1.13047,1.25595,1.28783,1.17742,1,1,1,1,1,1,1.03407,1.00578
2004-03-05,1,1,1,1,1.33849,1,1,1,1,1,1,1,1,1,1,1,1,1,1,1,1,1.16695,1,1,1,1,1,1,1,1,1,1,1.26187,1,1,1,1.15203,1.28806,1.32517,1.19121,1,1,1,1,1,1,1.0463,1.00743
2004-03-12,1,1,1,1,1.3066,1,1,1,1,1,1,1,1,1,1,1,1,1,1,1,1,1.1218,1,1,1,1,1,1,1,1,1,1,1.20006,1,1,1,1.13378,1.24521,1.2726,1.13264,1,1,1,1,1,1,1.01214,0.976623
2004-03-19,1.00479,1.00479,1.0046,1.0046,1.28051,1.0046,1.00591,1.01028,1.00362,1.00584,1.00351,1.00176,1.00656,1.0092,1.01094,1.02631,1.00399,0.998875,0.997662,0.992227,0.997662,1.11685,1,1,0.997662,0.992227,1,1,1,1,1,1.01419,1.18127,1.00171,1.00268,1.00268,1.14015,1.23743,1.26997,1.11493,0.99288,1,1,1,1,1,1.00197,0.955721
2004-03-26,1.01088,1.00846,1.01819,1.01423,1.28033,1.01423,1.01663,1.02323,1.01745,1.01448,1.01859,1.02098,1.01622,1.03382,1.01088,1.03666,1.0161,1.00132,0.996337,0.992204,0.996337,1.11842,1,1,0.996337,0.992204,1,1,1,1.01508,1,1.01195,1.19177,1.00756,1.02224,1.00307,1.16467,1.23847,1.28142,1.11271,1.00214,1,1,1,1,1,1.0017,0.968647
2004-04-02,1.02612,1.02544,1.03564,1.02903,1.30541,1.02903,1.02752,1.02986,1.02305,1.04212,1.03434,1.06336,1.06802,1.08896,1.02341,1.04146,1.01632,1.00487,1.04559,1.02082,1.04559,1.16837,1,1,1.04559,1.02082,1,1,1,1.01773,0.998366,1.0113,1.27442,1.05024,1.03058,1.00401,1.192,1.27794,1.3169,1.16658,1.03803,1,1,1,1,1,1.03427,1.02035
2004-04-09,1.00927,1.00861,1.02269,1.01617,1.28543,1.00778,1.02414,1.02731,1.0232,1.04296,1.02463,1.04866,1.0549,1.07865,0.999813,1.03405,1.01632,0.9909,1.06279,1.01686,1.06279,1.1778,1,1,1.06279,1.01774,1,1,1,1.01901,1.0144,1.01796,1.26535,1.04619,1.12096,1.00185,1.28907,1.27484,1.31492,1.15773,1.04436,1,1,1,1,1,1.03183,1.01595
2004-04-16,0.980746,0.971799,1.00941,0.996406,1.27089,0.985737,1.00956,0.99508,1.01039,1.0343,0.99382,1.03194,1.00667,1.03435,0.962677,1.001,1.0489,1.00108,1.02194,0.971212,1.00645,1.16941,1,1,1.0215,0.974533,1,1,1,0.979945,1.00904,0.969865,1.24484,0.988307,1.09775,1.02741,1.26642,1.24468,1.32671,1.1514,0.982222,1,1,1,1,1,1.02696,0.992574
2004-04-23,0.980644,0.981352,1.03838,1.05268,1.29395,0.994637,1.03672,1.00904,1.02473,1.06869,0.983001,0.980344,1.04276,1.06245,0.974657,1.00554,1.0229,1.01575,1.02053,0.961931,1.02315,1.16389,1,1,1.0457,0.987305,1,1,1,0.960978,0.991616,1.00961,1.26585,0.965172,1.07617,0.977362,1.23422,1.26398,1.34431,1.16281,1.01027,1,1,1,1,1,1.03174,1.02338
2004-04-30,0.873699,0.862142,0.928429,0.973199,1.20144,0.932566,0.990298,0.925487,0.977725,1.01385,0.922384,0.952832,1.01517,1.03608,0.899805,0.907358,0.87535,0.982442,0.975806,0.89295,0.985654,1.10371,1,1,1.00655,0.925815,1,1,1,0.850764,0.949451,0.895204,1.21255,0.920148,0.955769,0.896913,1.0537,1.17176,1.29032,1.1307,0.962327,1,1,1,1,1,1.00107,0.956271
2004-05-07,0.882386,0.872493,0.939903,0.963854,1.20924,0.915467,0.999378,0.957176,1.00621,1.01264,0.934754,0.917558,1.01667,1.02352,0.897171,0.933164,0.900364,0.980721,0.952647,0.882645,0.981553,1.0944,1,1,1.00568,0.907184,1,1,1,0.84061,0.943344,0.905737,1.21283,0.906961,0.98215,0.905552,1.07164,1.15256,1.24487,1.11364,0.952651,1,1,1,1,1,0.992048,0.961771
2004-05-14,0.888401,0.873198,0.934326,0.95143,1.21052,0.903599,0.995484,0.95773,1.00438,0.989517,0.92508,0.921822,1.00973,1.00443,0.882267,0.928914,0.906823,0.978609,0.936353,0.870288,0.97737,1.08859,1,1,0.991529,0.886516,1,1,1,0.827006,0.938258,0.892774,1.20211,0.893287,0.993301,0.926928,1.06245,1.18049,1.27368,1.11428,0.960875,1,1,1,1,1,0.99277,0.955721
2004-05-21,0.884484,0.870384,0.954458,0.955962,1.21927,0.914971,0.99808,0.9679,1.00342,0.997031,0.916572,0.926685,1.01207,1.00241,0.88533,0.935926,0.901651,0.971449,0.939055,0.873017,0.979658,1.09392,1,1,0.986289,0.885849,1,1,1,0.822269,0.938258,0.885861,1.19343,0.881382,0.986983,0.928112,1.07693,1.18182,1.28124,1.12234,0.960346,1,1,1,1,1,0.990695,0.963146
2004-05-28,0.89725,0.889064,0.990967,0.988709,1.25774,0.948131,1.02281,0.986698,1.0192,1.03034,0.93196,0.960574,1.05288,1.04777,0.920342,0.962328,0.910016,0.994342,0.965743,0.893779,1.00719,1.11773,1,1,1.02239,0.916539,1,1,1,0.833861,0.946288,0.895785,1.2045,0.919012,1.03742,0.946557,1.13588,1.21864,1.34464,1.18486,0.982956,1,1,1,1,1,1.01821,1.00523
2004-06-04,0.897741,0.889574,0.999954,0.997699,1.26984,0.956758,1.03322,0.990603,1.02025,1.0319,0.93378,0.964863,1.05704,1.05622,0.925413,0.971411,0.913763,1.001,0.959116,0.889888,1.01242,1.10827,0.99847,0.99847,1.02672,0.913842,0.984224,0.984224,0.99847,0.82522,0.945743,0.894504,1.21313,0.933067,1.03091,0.946461,1.11725,1.22042,1.34445,1.16969,0.989269,1,1,1,1,1,1.01929,0.995325
2004-06-11,0.912141,0.903843,1.01193,1.00966,1.28042,0.979041,1.05318,0.997551,1.02674,1.04594,0.947433,0.972966,1.06788,1.0643,0.938793,0.960455,0.921834,1.01798,0.962146,0.884413,1.01621,1.11516,0.990631,0.990631,1.03682,0.923676,0.981923,0.981923,0.990631,0.818947,0.945743,0.898077,1.21755,0.939691,1.04122,0.944437,1.13117,1.23187,1.35752,1.17391,0.99924,1,1,1,1,1,1.03165,1.0132
2004-06-18,0.909526,0.903023,0.997726,0.992839,1.25768,0.953473,1.05415,0.995515,1.0213,1.03243,0.941034,0.962476,1.06763,1.06483,0.925667,0.938102,0.917374,1.00818,0.945698,0.875846,1.03332,1.11582,0.978923,0.981211,1.03761,0.924908,0.998699,0.998699,0.978923,0.823785,0.945743,0.903934,1.23411,0.919846,1.0357,0.944948,1.1165,1.23263,1.35762,1.17814,1.00376,1,1,1,1,1,1.0289,1.0022
2004-06-25,0.913319,0.914657,1.01297,0.986663,1.24826,0.98012,1.05225,1.02131,1.0365,1.04318,0.943367,0.994327,1.08958,1.08374,0.956082,0.948168,0.89699,0.994373,0.965126,0.893232,1.08306,1.13102,0.992065,0.98773,1.05918,0.950232,1.0327,1.0327,0.986404,0.83161,0.961393,0.897124,1.2262,0.938923,1.03382,0.924967,1.14282,1.29758,1.36514,1.1827,1.04242,1,1,1,1,1,1.0308,1.02668
2004-07-02,0.917143,0.922339,1.01824,0.989521,1.24641,0.987291,1.04309,1.02735,1.0352,1.04195,0.942608,0.989524,1.08034,1.09118,0.965365,0.952529,0.907804,0.992033,0.970634,0.88873,1.09137,1.14202,0.990972,0.98138,1.07295,0.954982,1.05296,1.05296,0.976923,0.867877,0.999759,0.896071,1.21468,0.927611,1.01498,0.93537,1.07423,1.29528,1.34302,1.16103,1.05612,1.00847,0.984752,1,1,1,1.02211,1.01265
2004-07-09,0.898289,0.903917,0.990635,0.969767,1.21525,0.964876,1.02432,1.0106,1.02845,1.03728,0.936782,0.960255,1.02803,1.07222,0.950841,0.940047,0.926821,0.977155,0.954312,0.848061,1.07047,1.12113,0.95343,0.950515,1.0432,0.952594,1.00901,1.02265,0.932698,0.872247,1.00221,0.911786,1.1615,0.903588,1.01597,0.958408,1.07752,1.28022,1.32415,1.1245,1.0438,0.942765,0.923984,1,1,1,1.0117,0.983224
2004-07-16,0.877681,0.869007,0.94664,0.93743,1.17116,0.964126,1.00618,0.973155,1.00347,1.00523,0.90297,0.94693,1.01705,1.05503,0.926868,0.942449,0.903242,0.962328,0.952985,0.859812,1.07208,1.10937,0.923436,0.933215,1.01149,0.950481,0.993581,1.00815,0.908588,0.838305,1.00153,0.923105,1.14637,0.898726,0.959791,0.930586,1.01451,1.25134,1.29106,1.12098,1.01651,0.899613,0.884006,1,1,1,1.00246,0.95352
2004-07-23,0.85995,0.845511,0.912456,0.914836,1.16783,0.933138,0.994465,0.948558,0.985776,0.982093,0.854801,0.919355,0.995889,1.04642,0.915185,0.902456,0.895219,0.938437,0.907743,0.819597,1.0091,1.05169,0.881768,0.889394,0.967556,0.917573,0.934268,0.962084,0.861049,0.81128,0.9995,0.896225,1.09503,0.87443,0.919851,0.924946,0.981841,1.23982,1.29389,1.10253,0.999375,0.834375,0.832442,1,1,1,0.986614,0.940869
2004-07-30,0.881953,0.878984,0.920132,0.94412,1.22508,0.973195,1.00196,0.961108,0.992025,1.00372,0.88115,0.944759,0.998636,1.07251,0.926824,0.965163,0.930902,0.954636,0.941916,0.844792,1.04016,1.09116,0.903358,0.902066,0.995112,0.931569,0.935546,0.973369,0.894246,0.844776,1.01301,0.933752,1.11098,0.906552,0.929983,0.928497,0.993635,1.25653,1.32576,1.11643,0.99957,0.888715,0.888411,1,1,1,1.00364,0.959571
2004-08-06,0.845413,0.841462,0.867886,0.892317,1.18468,0.92184,0.945254,0.918633,0.956433,0.942821,0.83875,0.91029,0.946233,1.01618,0.883988,0.920634,0.913186,0.924714,0.890824,0.806988,1.01009,1.06031,0.880553,0.868863,0.946046,0.879583,0.903596,0.899602,0.836414,0.811225,0.991089,0.890486,1.07127,0.867951,0.870918,0.918401,0.915699,1.18462,1.28723,1.06743,0.96089,0.787089,0.78156,1,1,1,0.967509,0.89989
2004-08-13,0.858249,0.847685,0.880298,0.894016,1.21969,0.920732,0.966788,0.934545,0.982827,0.956594,0.855536,0.907687,0.941591,1.00593,0.888977,0.910756,0.936367,0.920006,0.879335,0.796813,1.01145,1.06015,0.869798,0.86179,0.945242,0.865196,0.903652,0.899393,0.827261,0.806248,1.00125,0.896229,1.05826,0.861249,0.856317,0.931368,0.908432,1.16642,1.28032,1.04408,0.963248,0.775002,0.778352,1,1,1,0.970587,0.89439
2004-08-20,0.868461,0.865311,0.895128,0.911547,1.29133,0.933492,0.996791,0.933326,0.982827,0.981005,0.868314,0.941487,0.971762,1.04564,0.909712,0.933441,0.94599,0.953924,0.931621,0.84635,1.06086,1.07923,0.901817,0.912045,1.04392,0.909504,0.938871,0.953007,0.862773,0.815345,1.00524,0.904532,1.10046,0.892869,0.880977,0.962651,0.997582,1.20594,1.33266,1.10894,1.01565,0.904837,0.871488,1,1,1,1.00038,0.935368
2004-08-27,0.87825,0.875065,0.911578,0.929284,1.30193,0.951657,1.00235,0.940568,0.982827,0.985055,0.884725,0.949862,0.973673,1.04985,0.919638,0.952887,0.946888,0.962312,0.938298,0.856254,1.06094,1.0766,0.900484,0.91993,1.05192,0.920397,0.94024,0.95408,0.86661,0.813004,1.00115,0.907502,1.09861,0.906559,0.888456,0.980938,1.03004,1.22619,1.34214,1.11741,1.01685,0.919848,0.881163,1,1,1,1.00916,0.950495
2004-09-03,0.899786,0.895266,0.92946,0.947236,1.31197,0.981247,1.00546,0.953361,0.989436,1.01093,0.910427,0.950397,0.99204,1.06842,0.920254,0.95953,0.945233,0.978114,0.956123,0.867963,1.07544,1.08404,0.91141,0.93522,1.06311,0.930056,0.961379,0.96786,0.882504,0.817541,1.00115,0.907787,1.10417,0.91684,0.903524,0.985737,1.02483,1.23672,1.34914,1.1256,1.03668,0.929448,0.890074,1,1,1,1.01523,0.938944
2004-09-10,0.899974,0.896872,0.934703,0.950877,1.34564,0.985312,1.01657,0.956315,0.989632,1.0469,0.914743,0.950284,1.03587,1.11499,0.925092,0.959658,0.945375,0.979333,1.00407,0.899463,1.13442,1.08346,0.952568,0.976472,1.12652,0.949611,0.976483,0.998929,0.899604,0.84069,1.00115,0.916014,1.10941,0.92775,0.91062,0.985868,1.09084,1.26618,1.38529,1.14123,1.04065,1.00181,0.939105,1,1,1,1.02374,0.965897
2004-09-17,0.91518,0.912648,0.946732,0.963083,1.3644,0.997314,1.02972,0.962286,0.99479,1.0619,0.922785,0.956234,1.05516,1.13522,0.937456,0.966127,0.945375,0.987014,1.04496,0.928685,1.18636,1.09582,0.984275,1.01691,1.19006,0.957398,0.989554,1.01983,0.913161,0.841258,1.00115,0.916644,1.14292,0.941292,0.947711,1.00936,1.12,1.28448,1.38195,1.14212,1.04018,1.08395,0.985548,1,1,1,1.02882,0.974422
2004-09-24,0.908269,0.905756,0.939599,0.954251,1.33928,0.988168,1.02761,0.964356,0.996134,1.04626,0.906084,0.953524,1.04137,1.13118,0.932143,0.966079,0.945328,0.970927,1.03943,0.929697,1.19701,1.10543,0.978551,1.0139,1.17997,0.946944,0.979106,1.01195,0.905268,0.84186,1.00176,0.917996,1.1378,0.952033,0.947664,1.00936,1.13584,1.29575,1.36465,1.13804,1.0591,1.09582,1.00082,1,1,1,1.01345,0.957096
2004-10-01,0.939187,0.934561,0.962214,0.978811,1.35906,1.0136,1.04578,0.968131,0.999746,1.07248,0.92627,0.978724,1.01093,1.11659,0.95088,0.975203,0.94531,0.993889,1.01967,0.909674,1.17459,1.1224,1.01348,1.01718,1.16216,0.981875,1.02049,1.04426,0.942139,0.84275,1.00092,0.918705,1.165,0.952596,0.95537,1.01462,1.16289,1.33809,1.38237,1.16264,1.0954,1.06238,1.00277,1,1,1,1.03337,0.992849
2004-10-08,0.93828,0.931609,0.962829,0.976232,1.33448,1.00589,1.05599,0.967432,0.999603,1.06569,0.934638,0.97127,1.04193,1.15959,0.945573,0.983989,0.967586,0.99354,1.04073,0.918243,1.17254,1.10819,1.00004,1.02467,1.14369,0.954217,1.01625,1.04611,0.931239,0.858242,1.00092,0.931656,1.1707,0.941841,0.961303,1.02514,1.15317,1.31177,1.37718,1.1556,1.09364,1.06382,1.00289,1,1,1,1.023,0.978548
2004-10-15,0.927092,0.921188,0.966177,0.971072,1.33887,1.00202,1.06081,0.953361,0.972477,1.06292,0.932161,0.94825,1.02928,1.1683,0.930269,0.977648,0.987844,0.99646,1.03781,0.910809,1.15219,1.11672,0.97921,1.02508,1.17712,0.961946,1.005,1.05184,0.918479,0.864217,1.00092,0.926213,1.14778,0.946369,0.961151,1.02686,1.16536,1.27813,1.32599,1.12347,1.07171,1.07436,0.9987,1,1,1,1.01163,0.979923
2004-10-22,0.928692,0.921254,0.981072,0.997083,1.34907,1.0208,1.08965,0.959844,0.952341,1.07052,0.950911,0.943254,1.05893,1.19086,0.957251,1.00621,0.989385,1.00804,1.08109,0.922198,1.19057,1.09127,1.01371,1.06089,1.15549,0.953838,0.999764,1.01782,0.909898,0.853543,1.00092,0.919004,1.15413,0.964526,0.947465,1.05053,1.13798,1.25303,1.31873,1.12284,1.04657,1.08292,1.01213,1,1,1,1.00009,0.984599
2004-10-29,0.945861,0.937986,1.03147,1.04408,1.43135,1.08251,1.14751,0.981282,0.96288,1.11789,0.977922,0.98674,1.09691,1.25449,0.987244,1.03903,1.01519,1.035,1.11925,0.957348,1.2208,1.10905,1.04418,1.09493,1.22248,0.959692,1.03212,1.06397,0.951013,0.863637,1.00414,0.957022,1.19498,0.967058,0.997169,1.10502,1.22416,1.29397,1.34558,1.18824,1.0834,1.09648,1.02686,1,1,1,1.02927,1.01485
2004-11-05,0.961901,0.953892,1.04581,1.05859,1.44669,1.0911,1.19137,1.00335,0.968907,1.14262,1.01561,1.0333,1.14787,1.35391,1.00319,1.05853,1.04169,1.07336,1.15276,0.973795,1.2577,1.1703,1.10003,1.13412,1.28624,0.956723,1.03761,1.06332,0.940638,0.886738,1.01336,0.976984,1.24891,1.00559,1.01496,1.09053,1.22084,1.34186,1.37661,1.22587,1.13819,1.18127,1.08263,1.06689,1.01519,1.02817,1.06637,1.044
2004-11-12,0.972767,0.964667,1.07821,1.09139,1.50473,1.1155,1.21768,1.01063,0.968948,1.15769,1.03494,1.03911,1.18102,1.39845,1.02007,1.07083,1.05503,1.07745,1.18248,1.0001,1.30112,1.20254,1.1262,1.17149,1.34487,0.97943,1.05998,1.09651,0.950301,0.898251,1.00955,0.982733,1.28795,1.02342,1.04978,1.09564,1.27835,1.35603,1.44081,1.25488,1.16451,1.25777,1.14712,1.13598,1.04771,1.05527,1.0801,1.06326
2004-11-19,0.973157,0.964406,1.077,1.09206,1.48003,1.10747,1.20371,1.00203,0.969448,1.16218,1.02765,1.03673,1.16873,1.35978,1.01133,1.04917,1.04187,1.04504,1.13193,0.957127,1.25615,1.17765,1.11167,1.13355,1.26085,0.950378,1.01864,1.08497,0.905296,0.868604,1.00901,0.972434,1.29953,1.01649,1.05782,1.0814,1.27569,1.33381,1.37623,1.20432,1.13808,1.19905,1.10833,1.08295,0.988958,1.02334,1.07081,1.06381
2004-11-26,1.00753,1.00212,1.09488,1.11314,1.50536,1.12257,1.20602,1.01656,0.980184,1.19194,1.04316,1.04716,1.20302,1.39452,1.02867,1.09482,1.03986,1.06735,1.18496,0.996734,1.32509,1.21339,1.13637,1.16961,1.26957,0.978482,1.04182,1.11265,0.936896,0.864246,1.00312,0.978322,1.33632,1.03486,1.06529,1.07375,1.28158,1.37798,1.40078,1.2161,1.16149,1.23263,1.15787,1.11328,1.01425,1.09593,1.07929,1.07838
2004-12-03,1.01649,1.01247,1.12018,1.13847,1.55706,1.15619,1.23668,1.03227,0.98591,1.20271,1.06707,1.0584,1.19815,1.41507,1.04577,1.15314,1.06633,1.0843,1.20541,1.00426,1.30744,1.18245,1.13422,1.17505,1.3368,1.02123,1.06007,1.13259,0.948648,0.909223,1.05183,1.00963,1.34318,1.01817,1.09266,1.08778,1.31035,1.40949,1.39586,1.21794,1.16423,1.33507,1.1822,1.2058,1.04213,1.1473,1.0875,1.10369
2004-12-10,0.999038,1.01577,1.10217,1.13945,1.53804,1.15377,1.22524,1.04088,0.984849,1.18708,1.07364,1.04022,1.1984,1.41643,1.06158,1.11528,1.09182,1.07201,1.17422,0.976366,1.29069,1.18433,1.12031,1.15077,1.30811,1.0238,1.0663,1.12322,0.950832,0.894564,1.03928,1.01717,1.32545,1.0169,1.06427,1.10024,1.28421,1.3959,1.41662,1.23815,1.18255,1.28675,1.15302,1.16215,1.00095,1.10378,1.08823,1.09818
2004-12-17,0.986103,1.0155,1.12168,1.17774,1.5709,1.16798,1.25921,1.03795,0.976003,1.19316,1.08309,1.04186,1.18773,1.42176,1.071,1.14234,1.1193,1.0856,1.20058,0.993603,1.31368,1.18124,1.15558,1.17254,1.34457,1.02879,1.07988,1.15164,0.985547,0.928774,1.06793,1.03197,1.31641,1.02432,1.09958,1.10612,1.30209,1.41172,1.44214,1.25812,1.20472,1.31098,1.1849,1.18404,1.02088,1.10469,1.09438,1.09593
2004-12-24,0.994846,1.01709,1.14111,1.18414,1.58518,1.17818,1.28645,1.05964,0.977979,1.21043,1.10235,1.05576,1.20822,1.45532,1.08768,1.14177,1.12574,1.09568,1.21989,1.00139,1.31316,1.20523,1.16038,1.18681,1.34235,1.05017,1.09034,1.18273,0.993747,0.927818,1.06793,1.04715,1.33705,1.03452,1.08763,1.10198,1.31393,1.41599,1.47932,1.25958,1.21812,1.29187,1.18319,1.16678,1.03457,1.10904,1.10656,1.10398
2004-12-31,1.00878,1.03782,1.16515,1.21791,1.63385,1.20972,1.29745,1.06585,0.987807,1.21929,1.11167,1.05477,1.21358,1.48695,1.11383,1.16849,1.12732,1.10192,1.23849,1.01415,1.33822,1.23804,1.15781,1.1977,1.36252,1.06608,1.09049,1.20841,0.998481,0.92893,1.06793,1.05596,1.34906,1.05029,1.09404,1.10641,1.3202,1.42329,1.4886,1.26792,1.24109,1.32002,1.19638,1.1922,1.06697,1.13432,1.10748,1.10843
2005-01-07,0.992987,1.01957,1.14448,1.19567,1.57961,1.19647,1.23709,1.02863,0.973024,1.1669,1.05942,1.02698,1.15028,1.39889,1.08222,1.10719,1.11023,1.05937,1.16512,0.969357,1.26246,1.25327,1.10748,1.15675,1.27409,1.09048,1.03402,1.17975,0.959568,0.90632,1.05761,1.03453,1.26578,0.987247,1.08538,1.08707,1.29796,1.36001,1.40756,1.1949,1.21936,1.18837,1.09685,1.07331,1.03216,1.07666,1.08521,1.07039
2005-01-14,0.997248,1.02874,1.15795,1.19912,1.57314,1.18543,1.29431,1.02497,0.986958,1.15035,1.06346,1.06382,1.13244,1.38293,1.09505,1.1276,1.09557,1.06207,1.16457,0.957909,1.27355,1.23098,1.07614,1.18067,1.25678,1.09432,1.06135,1.16759,0.989141,0.877182,1.02042,1.02197,1.26605,0.995106,1.12599,1.07729,1.3789,1.3685,1.42223,1.21227,1.22844,1.17815,1.09736,1.06407,1.03197,1.03182,1.08338,1.06705
2005-01-21,1.00101,1.02572,1.16276,1.19767,1.55033,1.18291,1.30885,1.03835,0.982075,1.16426,1.05179,1.03918,1.11834,1.36898,1.08147,1.13511,1.08944,1.03161,1.22926,1.01445,1.32316,1.23947,1.06487,1.22326,1.27658,1.0831,1.10488,1.17623,1.03373,0.872892,1.01845,1.01552,1.31304,0.999871,1.17932,1.08752,1.4104,1.33882,1.38561,1.17908,1.20351,1.14064,1.08408,1.03019,1.04491,1.02942,1.07,1.02874
2005-01-28,1.04431,1.05836,1.20301,1.23001,1.55426,1.24228,1.31809,1.07143,1.0205,1.17086,1.08454,1.04657,1.13368,1.37318,1.11683,1.10228,1.06052,1.02925,1.19226,0.963556,1.27644,1.19145,1.03521,1.18002,1.23564,1.06795,1.07382,1.15331,1.00644,0.875447,1.02738,1.01352,1.28748,0.988405,1.12957,1.03467,1.3848,1.33118,1.39908,1.18055,1.21506,1.09728,1.06965,0.991029,1.0011,0.970497,1.07596,1.02513
2005-02-04,1.06922,1.08646,1.21878,1.24948,1.57805,1.27218,1.34416,1.07822,1.02244,1.24527,1.12034,1.07396,1.18756,1.43733,1.13683,1.1512,1.08907,1.07891,1.26343,1.01033,1.38466,1.24297,1.08611,1.2243,1.29675,1.10975,1.13593,1.18737,1.07211,0.91646,1.05284,1.05778,1.32451,1.05382,1.14861,1.04487,1.39388,1.39146,1.44166,1.21317,1.27162,1.12364,1.11971,1.01484,1.03488,0.980124,1.10161,1.04817
2005-02-11,1.06047,1.0789,1.20172,1.25471,1.56286,1.26539,1.35956,1.09443,1.02443,1.2453,1.12988,1.0848,1.17825,1.4183,1.1341,1.06811,1.02958,1.07472,1.22705,1.01204,1.35864,1.26432,1.0957,1.2517,1.23949,1.0901,1.10858,1.16455,1.05243,0.904309,1.0483,1.04397,1.31844,1.0551,1.07367,1.00011,1.36219,1.42691,1.42657,1.21775,1.26817,1.0869,1.10446,0.981661,0.951621,0.953497,1.10656,1.04678
2005-02-18,1.087,1.11837,1.24203,1.28893,1.60045,1.29318,1.38683,1.09497,1.02995,1.26709,1.14732,1.07657,1.17008,1.42508,1.15177,1.1261,1.0548,1.06145,1.21498,1.00403,1.36549,1.25386,1.10337,1.22936,1.24693,1.10069,1.1022,1.16148,1.0565,0.906212,1.04226,1.06709,1.29174,1.05513,1.07293,1.00062,1.34832,1.41014,1.41818,1.24093,1.24959,1.10858,1.12521,1.00124,0.990826,0.970439,1.10308,1.03707
2005-02-25,1.08591,1.11662,1.22494,1.29286,1.59961,1.28799,1.38506,1.09085,1.02615,1.26401,1.14575,1.08511,1.16827,1.41518,1.15253,1.11613,1.06313,1.05973,1.24842,1.023,1.37904,1.28404,1.13197,1.27908,1.23908,1.10566,1.11205,1.15881,1.06115,0.898259,1.03813,1.05712,1.28068,1.07394,1.08364,0.990441,1.33804,1.43892,1.41858,1.26215,1.24188,1.09862,1.13299,0.992241,0.970602,0.962443,1.11261,1.04456
2005-03-04,1.12795,1.16171,1.28657,1.3571,1.67461,1.36958,1.43936,1.10863,1.02794,1.31009,1.15909,1.10216,1.19681,1.49126,1.19968,1.15986,1.09317,1.08529,1.27498,1.05158,1.40914,1.28873,1.13328,1.31045,1.25303,1.14752,1.10479,1.17572,1.082,0.905287,1.04527,1.0841,1.30464,1.07763,1.10582,0.976395,1.35644,1.46562,1.4212,1.29735,1.28222,1.10004,1.13573,0.993527,0.960855,0.969558,1.12452,1.04179
2005-03-11,1.10808,1.1364,1.26901,1.3441,1.66371,1.35645,1.44508,1.11179,1.02929,1.30896,1.13875,1.06625,1.16906,1.46027,1.17868,1.13713,1.0818,1.08103,1.21393,1.01312,1.34121,1.26517,1.12244,1.26589,1.22172,1.08818,1.0588,1.15952,1.07471,0.904972,1.0436,1.08043,1.27715,1.04871,1.12446,0.957482,1.33649,1.42957,1.40085,1.28796,1.23685,1.10369,1.11082,0.996821,0.944305,0.899236,1.10308,1.03207
2005-03-18,1.10777,1.1359,1.27785,1.34408,1.65843,1.33483,1.42962,1.10831,1.04502,1.29861,1.12738,1.05836,1.1665,1.44508,1.17368,1.13021,1.06149,1.07216,1.22388,1.03305,1.3469,1.25905,1.09584,1.27986,1.20059,1.09342,1.05588,1.14829,1.06634,0.913468,1.04853,1.07728,1.25644,1.04023,1.10945,0.943811,1.30454,1.40557,1.37351,1.25871,1.21531,1.06528,1.0929,0.962133,0.887326,0.843477,1.09039,1.01374
2005-03-25,1.08292,1.11674,1.24989,1.28863,1.65081,1.29672,1.38397,1.08722,1.02314,1.29117,1.13984,1.04022,1.16036,1.43675,1.12853,1.11772,1.05191,1.06128,1.22164,1.03244,1.33929,1.24593,1.11667,1.2735,1.19563,1.08774,1.05347,1.14064,1.0414,0.913639,1.04573,1.06375,1.24239,1.02795,1.10927,0.959883,1.3311,1.41331,1.36622,1.23455,1.21285,1.08189,1.09204,0.977133,0.925197,0.848085,1.07752,1.00708
2005-04-01,1.07909,1.14538,1.2453,1.30781,1.6813,1.3091,1.40078,1.08561,1.02921,1.29724,1.161,1.02407,1.1628,1.44695,1.10208,1.10459,1.059,1.05582,1.19748,1.02388,1.31122,1.24409,1.09132,1.27328,1.17934,1.08076,1.03379,1.15282,1.055,0.922229,1.05175,1.06797,1.25207,1.04689,1.11164,0.949381,1.30051,1.43407,1.35699,1.23409,1.23108,1.07414,1.09603,0.970136,0.901178,0.830941,1.08018,1.00513
2005-04-08,1.09715,1.16625,1.26155,1.32677,1.69098,1.32112,1.41404,1.09607,1.03666,1.28761,1.15292,1.04647,1.15255,1.43955,1.1015,1.11901,1.06523,1.06398,1.18148,1.01525,1.30157,1.24783,1.08906,1.26698,1.19268,1.07797,1.05641,1.17076,1.05537,0.928243,1.05261,1.06974,1.25912,1.05071,1.12614,0.966877,1.32329,1.43661,1.35599,1.25095,1.22696,1.07763,1.09403,0.973281,0.910187,0.834335,1.08543,1.01735
2005-04-15,0.979568,1.04979,1.15369,1.19948,1.60747,1.16307,1.29712,1.03431,0.966137,1.17129,1.06101,0.983725,1.0858,1.35072,1.00026,0.979858,0.971977,1.01512,1.11726,0.97841,1.25907,1.23051,1.06275,1.21648,1.12301,0.998574,0.995253,1.13722,0.99932,0.9108,1.04214,0.999725,1.172,1.00474,1.00092,0.879542,1.21908,1.3707,1.28617,1.16842,1.15925,0.927134,0.961785,0.837361,0.809884,0.72446,1.05001,0.964597
2005-04-22,1.02705,1.10649,1.19728,1.24395,1.6903,1.19164,1.36287,1.08498,1.04038,1.23316,1.09655,1.00992,1.15103,1.41023,1.06093,1.09242,1.09083,0.999647,1.11607,0.989064,1.24372,1.20594,1.06331,1.20506,1.10054,1.01348,0.973339,1.1423,0.989214,0.919957,1.04884,1.05947,1.1959,1.01896,1.06473,0.895201,1.25057,1.3881,1.2942,1.18816,1.1778,0.967494,0.979735,0.873813,0.815759,0.767559,1.06307,0.974315
2005-04-29,1.03724,1.11916,1.20149,1.2125,1.65659,1.1684,1.36288,1.08605,1.04517,1.22646,1.11139,1.00465,1.14213,1.39969,1.05404,1.07117,1.06787,0.991233,1.13574,1.00321,1.2561,1.18203,1.07644,1.19825,1.11432,1.01881,0.971052,1.14778,1.00453,0.904025,1.04943,1.03357,1.18465,0.990437,1.05382,0.873174,1.22242,1.38139,1.29738,1.13764,1.15365,0.909089,0.943203,0.821063,0.760646,0.728521,1.06473,0.971261
2005-05-06,1.07438,1.15927,1.24275,1.26296,1.70785,1.2053,1.39954,1.10819,1.05112,1.25365,1.13896,1.04917,1.16993,1.47688,1.082,1.10235,1.11736,0.98934,1.16056,1.01479,1.27116,1.19877,1.10646,1.21005,1.14264,1.04417,0.985405,1.16408,1.00768,0.904354,1.05305,1.04172,1.19265,1.01224,1.09544,0.88229,1.24391,1.44797,1.33705,1.21247,1.17519,0.963828,0.991621,0.870502,0.790507,0.756273,1.07706,0.995695
2005-05-13,1.04728,1.13003,1.21087,1.23733,1.67572,1.18088,1.37111,1.08682,1.04664,1.23973,1.12059,1.02597,1.14618,1.46011,1.0479,1.06128,1.10697,0.982961,1.15162,0.999633,1.24802,1.19118,1.10543,1.20542,1.1265,1.03156,0.982089,1.14857,0.988753,0.900983,1.05372,1.03312,1.1931,1.01089,1.05712,0.882415,1.23612,1.42277,1.30038,1.19903,1.14749,0.905453,0.93344,0.81778,0.751238,0.732262,1.06445,1.00625
2005-05-20,1.08166,1.16638,1.25039,1.28631,1.72813,1.2198,1.41103,1.11388,1.07946,1.27255,1.14885,1.07487,1.16563,1.49047,1.09074,1.12318,1.15907,1.00593,1.17248,1.02486,1.28212,1.22448,1.12664,1.23382,1.16559,1.05469,1.00076,1.1807,1.01263,0.909358,1.05391,1.04626,1.23023,1.04961,1.10445,0.882415,1.28373,1.46143,1.33123,1.25926,1.16699,0.960686,0.987981,0.867664,0.798161,0.775295,1.09573,1.04567
2005-05-27,1.08171,1.16229,1.26371,1.28622,1.69738,1.22441,1.41373,1.11534,1.07856,1.31204,1.1548,1.09739,1.18046,1.5209,1.08651,1.12205,1.16228,1.0079,1.17118,1.02049,1.24348,1.2237,1.13419,1.21488,1.16844,1.06849,0.993652,1.18929,0.988236,0.926833,1.07157,1.05555,1.257,1.04993,1.10262,0.882415,1.28536,1.49585,1.32702,1.29335,1.18078,1.03725,1.04184,0.936813,0.839967,0.822169,1.10612,1.06095
2005-06-03,1.07829,1.15405,1.26381,1.27995,1.68691,1.22098,1.40083,1.11276,1.07809,1.30565,1.15566,1.09921,1.1745,1.51853,1.09239,1.13602,1.16681,1.01497,1.16733,1.02918,1.24233,1.22449,1.13369,1.21886,1.16896,1.08116,0.998055,1.20325,0.998384,0.924063,1.07101,1.06126,1.26889,1.04503,1.10561,0.887981,1.28254,1.49968,1.33121,1.28162,1.18041,1.03712,1.04838,0.936701,0.846168,0.813398,1.1052,1.05789
2005-06-10,1.0753,1.14714,1.28812,1.30264,1.67257,1.24588,1.42127,1.12311,1.09702,1.32618,1.15978,1.08514,1.16735,1.51381,1.09663,1.16825,1.16961,1.01979,1.15686,1.02623,1.26893,1.24628,1.13195,1.2161,1.16995,1.09431,1.01341,1.19967,1.01581,0.931782,1.07497,1.07097,1.26994,1.04895,1.09449,0.889879,1.27129,1.49582,1.33225,1.30039,1.1828,1.03349,1.04528,0.933422,0.853671,0.816426,1.10566,1.04262
2005-06-17,1.09367,1.17107,1.30062,1.31837,1.68505,1.25926,1.44575,1.14827,1.10183,1.36962,1.1837,1.09817,1.1831,1.52686,1.10899,1.17603,1.18543,1.02167,1.16656,1.0552,1.30426,1.24771,1.161,1.23444,1.19066,1.1091,1.02932,1.22381,1.02289,0.926334,1.0679,1.06063,1.26981,1.0773,1.08405,0.88393,1.27482,1.5075,1.33695,1.33982,1.1955,1.08303,1.10288,0.978163,0.874991,0.821577,1.12084,1.05248
2005-06-24,1.08693,1.16349,1.28979,1.30306,1.66576,1.24449,1.39776,1.10986,1.08346,1.34951,1.14774,1.09963,1.16017,1.50233,1.09897,1.17787,1.18863,0.982052,1.14058,1.03084,1.27725,1.21155,1.13697,1.19202,1.16197,1.06942,1.0137,1.21502,1.01045,0.916598,1.05615,1.05413,1.25287,1.04079,1.06039,0.884758,1.22739,1.50175,1.32982,1.29511,1.17302,1.0226,1.05934,0.923582,0.840191,0.808117,1.09886,1.02746
2005-07-01,1.10296,1.18202,1.31649,1.33157,1.69345,1.28673,1.43628,1.13559,1.09757,1.3628,1.16645,1.10073,1.16655,1.49094,1.11946,1.2061,1.19406,0.978987,1.15264,1.04966,1.30147,1.21189,1.15322,1.21824,1.19053,1.08024,1.04075,1.24452,1.02672,0.916078,1.06304,1.06225,1.23765,1.07524,1.05987,0.874095,1.23975,1.51306,1.32003,1.28871,1.18218,1.06455,1.08883,0.96147,0.857495,0.81146,1.10394,1.02079
2005-07-08,1.12382,1.20408,1.35186,1.36487,1.75073,1.32225,1.45727,1.13612,1.10643,1.40085,1.1902,1.11777,1.17915,1.49978,1.14679,1.2124,1.19704,0.986632,1.16149,1.07384,1.34028,1.23403,1.19365,1.25148,1.1994,1.10931,1.06819,1.27909,1.03922,0.932515,1.06304,1.06177,1.26011,1.09368,1.06198,0.874095,1.25331,1.54189,1.34754,1.31193,1.18942,1.11549,1.12618,1.00748,0.880248,0.835152,1.12047,1.0497
2005-07-15,1.13926,1.22062,1.35439,1.36744,1.73911,1.31817,1.45768,1.13384,1.10485,1.42779,1.19087,1.12454,1.16242,1.49565,1.16466,1.21385,1.19704,0.994236,1.16219,1.07915,1.3254,1.24299,1.20366,1.25961,1.19208,1.11823,1.06362,1.28169,1.02797,0.925281,1.06304,1.0791,1.28182,1.10716,1.06044,0.874095,1.2541,1.52338,1.35066,1.32753,1.21228,1.10629,1.13701,0.999168,0.894435,0.85449,1.13451,1.08082
2005-07-22,1.16094,1.23862,1.35563,1.37431,1.73591,1.32364,1.49239,1.15266,1.11305,1.50025,1.19434,1.13224,1.17239,1.5093,1.17722,1.22367,1.20931,0.986561,1.16583,1.09226,1.35076,1.23248,1.17806,1.25755,1.17829,1.12305,1.06847,1.28359,1.03866,0.922713,1.05499,1.07152,1.293,1.11743,1.04547,0.877131,1.23617,1.51794,1.37481,1.34948,1.18468,1.09613,1.13389,0.989994,0.897822,0.858206,1.14097,1.09555
2005-07-29,1.20573,1.28039,1.37952,1.38462,1.73913,1.33108,1.51595,1.19423,1.12947,1.49938,1.23946,1.14228,1.17577,1.49819,1.20839,1.24606,1.23002,0.99028,1.19624,1.11966,1.34408,1.18073,1.20996,1.25598,1.18584,1.13709,1.09424,1.35149,1.0468,0.920576,1.05929,1.08097,1.31674,1.12064,1.07738,0.886223,1.24519,1.53101,1.44026,1.39211,1.19416,1.23074,1.2033,1.11157,0.940798,0.896613,1.14282,1.1
2005-08-05,1.20087,1.27518,1.35633,1.36062,1.73194,1.31087,1.51763,1.17719,1.12215,1.49678,1.21556,1.14769,1.16606,1.48762,1.19895,1.23078,1.22978,0.958515,1.18691,1.09367,1.29494,1.21127,1.18765,1.25473,1.17201,1.09877,1.09868,1.32408,1.01285,0.917081,1.05449,1.06324,1.29872,1.09023,1.05906,0.884193,1.23825,1.5217,1.43646,1.39079,1.18047,1.21521,1.19531,1.09754,0.968744,0.895877,1.13488,1.09722
2005-08-12,1.22584,1.28995,1.36325,1.36078,1.72774,1.30954,1.52493,1.18917,1.12988,1.51398,1.22105,1.16991,1.19251,1.45867,1.21465,1.25423,1.23791,0.958731,1.19191,1.10405,1.28758,1.21603,1.18995,1.24455,1.12655,1.10542,1.08718,1.32711,1.00463,0.919217,1.05578,1.07608,1.28172,1.09452,1.06458,0.890134,1.23486,1.52693,1.43217,1.40143,1.19331,1.193,1.20317,1.07748,0.982849,0.887492,1.13654,1.08972
2005-08-19,1.18794,1.25031,1.31461,1.29949,1.66439,1.25988,1.50871,1.18827,1.14663,1.503,1.20555,1.13576,1.1783,1.43386,1.1816,1.28041,1.24317,0.948454,1.11772,1.02791,1.26436,1.17758,1.1769,1.20755,1.10901,1.06803,1.05385,1.30395,0.974213,0.920504,1.05784,1.08374,1.24707,1.05117,1.05067,0.893781,1.21442,1.52528,1.42772,1.36288,1.18549,1.14557,1.14843,1.03464,0.92447,0.85762,1.13109,1.07888
2005-08-26,1.19262,1.23543,1.31287,1.28409,1.61391,1.25244,1.50892,1.17225,1.13797,1.46661,1.18504,1.12576,1.16804,1.41609,1.15492,1.28827,1.24446,0.935088,1.09824,1.0093,1.25881,1.15917,1.17361,1.16927,1.10907,1.0666,1.04844,1.30456,0.962372,0.926741,1.0545,1.07455,1.2246,1.02593,1.04377,0.891761,1.21367,1.51336,1.41141,1.33883,1.18166,1.13219,1.12802,1.02256,0.894826,0.834673,1.1153,1.06887
2005-09-02,1.18697,1.23053,1.34258,1.30087,1.60531,1.26736,1.5127,1.15965,1.13044,1.47499,1.17529,1.15941,1.17602,1.43619,1.17554,1.30473,1.25204,0.940386,1.11364,1.02009,1.26993,1.18682,1.19295,1.18266,1.1289,1.09936,1.08358,1.31641,0.98392,0.917061,1.0545,1.07435,1.23595,1.08139,1.07336,0.891761,1.24373,1.52702,1.44536,1.37928,1.18381,1.18991,1.20431,1.07469,0.925386,0.887221,1.12924,1.07749
2005-09-09,1.20864,1.25477,1.35317,1.3137,1.63472,1.27481,1.55939,1.17724,1.14378,1.49437,1.19643,1.18247,1.20094,1.49642,1.21504,1.30881,1.25332,0.950337,1.14213,1.04653,1.31713,1.19653,1.22758,1.22422,1.15144,1.12394,1.10932,1.34641,1.01182,0.934151,1.05498,1.0905,1.27995,1.09794,1.08369,0.891761,1.2753,1.55029,1.46422,1.41355,1.21211,1.23945,1.24199,1.11944,0.962911,0.910109,1.15076,1.10111
2005-09-16,1.21693,1.26483,1.33409,1.30193,1.62712,1.26472,1.56987,1.18471,1.1578,1.50977,1.2029,1.18401,1.1746,1.47622,1.19303,1.29868,1.25639,0.941717,1.13702,1.04032,1.31803,1.19422,1.2294,1.2149,1.11927,1.11495,1.07567,1.32655,0.992817,0.934234,1.05443,1.08648,1.25373,1.10849,1.07433,0.889474,1.27764,1.52374,1.46363,1.39644,1.20217,1.17414,1.19759,1.06045,0.948403,0.861932,1.14546,1.095
2005-09-23,1.20118,1.24389,1.33789,1.3064,1.60271,1.27854,1.54842,1.16287,1.13604,1.4691,1.16816,1.16296,1.14211,1.44338,1.1787,1.29685,1.2599,0.915869,1.13273,1.01996,1.29833,1.15582,1.20463,1.19317,1.09644,1.10294,1.02361,1.282,0.995638,0.928392,1.05443,1.07613,1.23597,1.10441,1.0568,0.883685,1.23767,1.48357,1.42481,1.33957,1.1741,1.1978,1.19696,1.08182,0.932909,0.841767,1.12635,1.07693
2005-09-30,1.22139,1.26496,1.38866,1.35057,1.63741,1.32618,1.57329,1.18245,1.13807,1.51343,1.19451,1.18403,1.16557,1.4593,1.22132,1.31885,1.26446,0.924465,1.18233,1.07953,1.35971,1.18885,1.23602,1.2674,1.13146,1.14864,1.06539,1.31483,1.031,0.939537,1.05443,1.10216,1.26205,1.15379,1.0642,0.883955,1.25364,1.50428,1.48496,1.40604,1.21918,1.22924,1.23423,1.11021,0.963546,0.868759,1.14119,1.09667
2005-10-07,1.16768,1.21264,1.33682,1.30438,1.54836,1.27888,1.50311,1.1422,1.12587,1.4724,1.15453,1.13342,1.10637,1.40482,1.16268,1.31616,1.27017,0.906958,1.12886,1.03176,1.24926,1.12059,1.19576,1.20811,1.06509,1.09458,0.988424,1.26896,0.979823,0.936315,1.05216,1.11604,1.23008,1.13025,1.0358,0.879043,1.19175,1.4739,1.42107,1.33981,1.18598,1.12933,1.1545,1.01998,0.904733,0.797579,1.10938,1.06554
2005-10-14,1.18058,1.23179,1.34055,1.30456,1.56859,1.27149,1.50518,1.13357,1.12072,1.47108,1.15655,1.12821,1.08092,1.35235,1.17238,1.29759,1.29674,0.892496,1.10523,1.03157,1.23398,1.11923,1.16828,1.23087,1.04882,1.06689,0.998215,1.27243,0.987666,0.908052,1.04693,1.14375,1.2262,1.09796,1.02933,0.883417,1.21366,1.44732,1.3886,1.32968,1.18406,1.06773,1.10293,0.964347,0.861008,0.770923,1.10066,1.05776
2005-10-21,1.18077,1.24365,1.34645,1.28999,1.55764,1.26839,1.50833,1.1274,1.12514,1.46255,1.14744,1.12468,1.08898,1.35598,1.17556,1.32057,1.30521,0.900345,1.12323,1.03106,1.23594,1.12001,1.17546,1.2154,1.03465,1.09199,0.987389,1.25813,0.971907,0.904349,1.04895,1.14449,1.23899,1.08606,1.05087,0.891303,1.19602,1.41165,1.39243,1.31839,1.16849,1.05526,1.10769,0.953083,0.875974,0.750972,1.09565,1.07138
2005-10-28,1.22477,1.29192,1.39162,1.33954,1.54823,1.3101,1.54366,1.16081,1.12894,1.49737,1.17126,1.16652,1.07805,1.35046,1.23547,1.34455,1.32331,0.912578,1.14035,1.03675,1.23726,1.16432,1.19571,1.21739,1.02485,1.10858,0.984514,1.29395,0.973993,0.908874,1.05148,1.15261,1.23544,1.1202,1.1189,0.899482,1.2814,1.42222,1.40895,1.30964,1.18155,1.08818,1.13862,0.982812,0.880654,0.794037,1.11114,1.06498
2005-11-04,1.28019,1.35038,1.42646,1.37693,1.60848,1.34666,1.57198,1.17624,1.13673,1.5462,1.237,1.19798,1.10072,1.38169,1.24333,1.37155,1.3786,0.924018,1.1682,1.0443,1.27243,1.17026,1.21198,1.23299,1.08924,1.14695,1.01699,1.35474,1.00338,0.934064,1.07291,1.17501,1.28727,1.14656,1.19307,0.912601,1.29539,1.46522,1.43519,1.40396,1.20758,1.13795,1.19276,1.02776,0.916431,0.836006,1.13257,1.1139
2005-11-11,1.30226,1.37366,1.43381,1.38464,1.63931,1.35917,1.61467,1.19166,1.1486,1.57145,1.24955,1.21492,1.08878,1.37726,1.25557,1.31093,1.3478,0.91281,1.20075,1.07154,1.30353,1.1871,1.23752,1.28065,1.07245,1.12584,1.03137,1.37564,1.0137,0.941508,1.07405,1.15699,1.31385,1.15204,1.16486,0.904054,1.31078,1.45804,1.4612,1.39473,1.21588,1.13962,1.18587,1.02927,0.908828,0.816931,1.14787,1.13141
2005-11-18,1.3976,1.47422,1.51008,1.45243,1.71402,1.42021,1.62779,1.21007,1.16031,1.59751,1.24594,1.27801,1.14422,1.402,1.31757,1.40037,1.41693,0.912082,1.20344,1.10199,1.27501,1.16871,1.25026,1.29012,1.06685,1.13475,1.04332,1.41043,1.01631,0.948255,1.07911,1.19834,1.31219,1.18499,1.20072,0.930201,1.35608,1.46534,1.49329,1.39564,1.23134,1.1435,1.19158,1.03278,0.949227,0.805656,1.16058,1.15197
2005-11-25,1.40811,1.48555,1.54336,1.48459,1.73295,1.45167,1.6406,1.20714,1.16086,1.62547,1.262,1.3098,1.1568,1.40761,1.34111,1.4118,1.43222,0.912362,1.2025,1.13561,1.27435,1.18953,1.27952,1.31701,1.07758,1.14584,1.07941,1.44756,1.02117,0.959388,1.08031,1.20874,1.33009,1.19977,1.24207,0.944197,1.40253,1.48772,1.52861,1.39676,1.24082,1.20318,1.25133,1.08668,0.990031,0.826832,1.17913,1.1642
2005-12-02,1.45586,1.53547,1.5667,1.50883,1.74685,1.47472,1.65583,1.22598,1.16731,1.64799,1.26094,1.3216,1.15633,1.41141,1.36132,1.4167,1.42639,0.921302,1.20731,1.14026,1.27793,1.21842,1.28359,1.31598,1.07184,1.14958,1.08484,1.4508,1.03062,0.955773,1.07801,1.20287,1.32451,1.22393,1.27789,0.943691,1.43629,1.48889,1.52719,1.40946,1.24665,1.16986,1.24162,1.05658,1.00925,0.863701,1.17653,1.17031
2005-12-09,1.46129,1.54654,1.5693,1.51968,1.75083,1.48853,1.66045,1.2364,1.17116,1.64151,1.25908,1.33862,1.17271,1.4176,1.3608,1.38171,1.42458,0.942221,1.16952,1.14514,1.25475,1.2177,1.27668,1.31381,1.05915,1.15447,1.0796,1.41657,1.01004,0.955874,1.07747,1.17216,1.29862,1.2189,1.25033,0.944559,1.41597,1.5014,1.52949,1.40223,1.25207,1.19513,1.25694,1.07941,1.01213,0.872624,1.17171,1.15948
2005-12-16,1.38662,1.45896,1.57128,1.5163,1.77028,1.43056,1.66594,1.24078,1.15684,1.66479,1.26344,1.33698,1.17181,1.42703,1.35034,1.29398,1.36555,0.956691,1.18527,1.12344,1.23061,1.21849,1.26906,1.27825,1.04646,1.13826,1.07007,1.38612,1.02107,0.922081,1.05255,1.12795,1.26677,1.22423,1.18522,0.945302,1.35494,1.50226,1.54037,1.40417,1.23952,1.18268,1.23894,1.06817,0.987176,0.868769,1.1782,1.15837
2005-12-23,1.40567,1.48925,1.5793,1.5296,1.81603,1.43667,1.68491,1.22674,1.13861,1.66263,1.26451,1.35709,1.15907,1.41513,1.35462,1.30794,1.36739,0.95367,1.20166,1.12686,1.22544,1.23324,1.27542,1.28945,1.07686,1.12742,1.06796,1.41484,1.02355,0.935511,1.05138,1.14163,1.25017,1.24224,1.16716,0.936037,1.34281,1.46501,1.57313,1.45604,1.24079,1.17109,1.22644,1.05769,0.994872,0.860651,1.18193,1.15336
2005-12-30,1.37192,1.45683,1.53222,1.50507,1.79497,1.40676,1.64424,1.21201,1.13533,1.6378,1.25194,1.36235,1.17051,1.41133,1.32954,1.29945,1.3567,0.934965,1.16922,1.11203,1.20573,1.21725,1.26558,1.27088,1.05129,1.11169,1.03311,1.37871,0.993554,0.926989,1.04314,1.12258,1.24048,1.22149,1.16489,0.934917,1.3032,1.43904,1.58052,1.43982,1.22709,1.11405,1.18589,1.00618,0.964011,0.829223,1.16095,1.12578
2006-01-06,1.43469,1.52994,1.58109,1.56806,1.82217,1.46283,1.7216,1.25682,1.16087,1.70997,1.30939,1.42054,1.20211,1.43844,1.38787,1.33976,1.37813,0.954961,1.237,1.19105,1.24901,1.28374,1.29685,1.32858,1.07711,1.16399,1.11194,1.4497,1.03865,0.933178,1.04635,1.14667,1.32803,1.26061,1.18354,0.933582,1.32261,1.47559,1.69404,1.47675,1.26457,1.18732,1.27904,1.07235,1.04478,0.903456,1.19759,1.18902
2006-01-13,1.44838,1.557,1.58527,1.57885,1.82744,1.46939,1.73228,1.27629,1.15963,1.73737,1.31466,1.4229,1.21414,1.45051,1.39792,1.35519,1.3771,0.969759,1.26004,1.20026,1.23402,1.29125,1.29179,1.3231,1.05948,1.17123,1.11283,1.49069,1.03561,0.920219,1.04377,1.14553,1.39933,1.25723,1.19124,0.943409,1.34368,1.4791,1.81487,1.49155,1.28218,1.23085,1.30972,1.11167,1.06504,0.919244,1.19983,1.19737
2006-01-20,1.4463,1.55312,1.59839,1.59149,1.81107,1.49073,1.7235,1.26341,1.15421,1.73853,1.32511,1.39393,1.19845,1.4298,1.39906,1.36929,1.37512,0.935917,1.25726,1.19178,1.2351,1.28456,1.28395,1.32245,1.03704,1.17461,1.14263,1.49774,1.01004,0.919038,1.04384,1.16902,1.35846,1.26413,1.20439,0.945143,1.33362,1.45647,1.81245,1.48104,1.27186,1.28538,1.3268,1.16092,1.07558,0.888469,1.17456,1.14918
2006-01-27,1.48707,1.60134,1.64593,1.6332,1.87835,1.54252,1.73242,1.28286,1.17194,1.77592,1.35344,1.44885,1.24073,1.4716,1.43534,1.43884,1.4203,0.963235,1.27204,1.25568,1.27767,1.28912,1.31943,1.36178,1.06666,1.21025,1.2008,1.60628,1.06374,0.939145,1.05059,1.19188,1.40383,1.30604,1.25748,0.968671,1.40216,1.49061,1.81507,1.48046,1.29716,1.3193,1.38881,1.19156,1.12583,0.927958,1.19853,1.17314
2006-02-03,1.47032,1.5812,1.63211,1.60934,1.86449,1.52302,1.72213,1.28815,1.16658,1.77561,1.378,1.45866,1.23807,1.4688,1.42476,1.46521,1.43528,0.964158,1.26313,1.26349,1.32239,1.24397,1.32452,1.3225,1.06752,1.21721,1.196,1.58489,1.08199,0.924566,1.04048,1.19352,1.43118,1.31059,1.23953,0.967798,1.40313,1.46763,1.80206,1.47048,1.29994,1.28449,1.34515,1.16012,1.07726,0.907185,1.17736,1.13998
2006-02-10,1.45879,1.55163,1.59635,1.56436,1.8145,1.48311,1.73872,1.28584,1.15618,1.78865,1.39554,1.44051,1.26566,1.48756,1.40737,1.42963,1.41814,0.961103,1.21784,1.23203,1.2755,1.25263,1.31537,1.27718,1.06731,1.17678,1.16533,1.52416,1.08111,0.910943,1.03286,1.14862,1.42752,1.30645,1.20981,0.920347,1.37353,1.45685,1.77079,1.49099,1.27019,1.18799,1.26721,1.07296,1.01764,0.884406,1.18081,1.1411
2006-02-17,1.4981,1.58606,1.65772,1.61652,1.88826,1.51728,1.81598,1.31369,1.19551,1.86545,1.44704,1.47364,1.30709,1.50508,1.45163,1.43483,1.41714,0.997073,1.22976,1.23275,1.28483,1.27288,1.35665,1.30742,1.06562,1.2177,1.2244,1.56009,1.111,0.900589,1.01487,1.14685,1.45868,1.30596,1.22294,0.925639,1.38401,1.53577,1.8238,1.5277,1.29287,1.20889,1.29754,1.09183,1.06142,0.920796,1.20104,1.14806
2006-02-24,1.49399,1.58204,1.68281,1.64981,1.90178,1.51562,1.8387,1.32632,1.1947,1.88708,1.4711,1.48565,1.31966,1.51519,1.46579,1.46093,1.41476,1.02586,1.25584,1.2528,1.30742,1.29055,1.37568,1.30346,1.08056,1.23061,1.26858,1.60643,1.14259,0.906299,1.01274,1.15044,1.46222,1.33452,1.26465,0.923619,1.38026,1.53484,1.83467,1.52868,1.28647,1.2536,1.34042,1.13222,1.10738,0.914631,1.20664,1.14946
2006-03-03,1.50545,1.59106,1.66843,1.65054,1.93064,1.4998,1.83009,1.33262,1.19943,1.88086,1.48844,1.48572,1.3378,1.52558,1.46516,1.48967,1.39818,1.03812,1.25485,1.29738,1.34971,1.28505,1.39655,1.29513,1.10541,1.23268,1.29714,1.62168,1.14492,0.91556,1.01477,1.15371,1.46913,1.3377,1.23209,0.918133,1.36209,1.51624,1.87613,1.55187,1.25663,1.24913,1.35161,1.12818,1.12814,0.915043,1.20058,1.15475
2006-03-10,1.49971,1.58204,1.66025,1.64768,1.95654,1.49794,1.8051,1.31736,1.21361,1.8738,1.48,1.46466,1.34495,1.52589,1.46609,1.48374,1.39752,1.04304,1.2505,1.24905,1.30367,1.28261,1.35373,1.28322,1.10206,1.23135,1.22269,1.57487,1.11716,0.909688,1.00962,1.14952,1.45424,1.32807,1.20476,0.913686,1.32058,1.48541,1.87516,1.48136,1.25341,1.22391,1.29416,1.1054,1.07595,0.868744,1.19899,1.12996
2006-03-17,1.52587,1.59415,1.69002,1.68079,2.0214,1.54585,1.82022,1.31513,1.2363,1.92118,1.50576,1.48385,1.34293,1.54493,1.48348,1.50813,1.42459,1.1009,1.32259,1.29484,1.36905,1.30524,1.38948,1.31891,1.14065,1.28906,1.24712,1.62445,1.15929,0.943569,1.032,1.17286,1.52008,1.35835,1.21901,0.911938,1.35677,1.54895,1.89528,1.51643,1.27216,1.27992,1.3368,1.15599,1.15513,0.927113,1.22276,1.15556
2006-03-24,1.53948,1.60887,1.69137,1.69262,2.05067,1.56112,1.81193,1.31586,1.22027,1.90312,1.51226,1.50459,1.37118,1.5669,1.50097,1.58074,1.44485,1.09818,1.33059,1.30151,1.39001,1.32467,1.38745,1.3237,1.13737,1.29798,1.25893,1.66068,1.16473,0.948708,1.0312,1.17311,1.49296,1.35204,1.273,0.926515,1.39138,1.54786,1.922,1.50481,1.27022,1.27836,1.36198,1.15458,1.17288,0.95354,1.21893,1.15138
2006-03-31,1.54241,1.60999,1.71749,1.70611,2.07653,1.58739,1.80127,1.33309,1.22058,1.95265,1.50713,1.51073,1.35725,1.56059,1.49408,1.57847,1.44254,1.10649,1.31983,1.35954,1.42919,1.34031,1.40191,1.33994,1.1438,1.34202,1.31309,1.7292,1.19535,0.946651,1.0355,1.1694,1.49531,1.36629,1.27556,0.923955,1.38995,1.50791,1.91669,1.53729,1.30165,1.27075,1.36561,1.14771,1.21559,0.994631,1.21537,1.16894
2006-04-07,1.54405,1.63759,1.69797,1.71048,2.07401,1.55651,1.81078,1.3403,1.22065,1.94689,1.49309,1.51675,1.35754,1.55715,1.46752,1.58424,1.44824,1.05773,1.28747,1.42122,1.44803,1.3408,1.37733,1.32439,1.15304,1.30682,1.32127,1.73572,1.19923,0.948669,1.0364,1.17871,1.4645,1.36616,1.26267,0.927878,1.34618,1.50512,1.93307,1.53049,1.29692,1.19816,1.34161,1.08214,1.17925,0.940402,1.21265,1.17981
2006-04-14,1.52638,1.60179,1.63178,1.67244,2.02309,1.513,1.80731,1.3383,1.22445,1.93747,1.49341,1.50773,1.34433,1.53708,1.43428,1.57321,1.44422,1.04044,1.26075,1.42259,1.46505,1.33635,1.36892,1.3086,1.14805,1.28539,1.32028,1.74244,1.20409,0.936172,1.02638,1.1547,1.43489,1.36457,1.24998,0.910999,1.34812,1.49405,1.92869,1.54023,1.29297,1.19007,1.34038,1.07484,1.162,0.923696,1.20488,1.17368
2006-04-21,1.58099,1.65977,1.66768,1.69757,2.0864,1.53381,1.83901,1.37172,1.26122,1.99722,1.55058,1.52975,1.37093,1.56857,1.4945,1.60586,1.47639,1.06571,1.29402,1.46316,1.52468,1.35186,1.41381,1.35454,1.1733,1.3264,1.37572,1.80167,1.25952,0.938978,1.03176,1.17028,1.56166,1.38685,1.30804,0.918712,1.40999,1.53459,1.93912,1.57787,1.34621,1.21537,1.36546,1.09769,1.17114,0.939217,1.22772,1.17089
2006-04-28,1.56652,1.6513,1.64708,1.67282,2.10446,1.50338,1.81293,1.35414,1.26339,1.9747,1.50303,1.46829,1.35928,1.53452,1.48776,1.5688,1.46716,1.07681,1.31663,1.40851,1.48386,1.32731,1.38453,1.32119,1.16591,1.30949,1.3512,1.79003,1.26528,0.946816,1.03088,1.15988,1.54549,1.3446,1.24963,0.893925,1.36453,1.53039,1.90499,1.58025,1.31802,1.16596,1.3468,1.05306,1.14986,0.929579,1.23072,1.16671
2006-05-05,1.58237,1.67495,1.67848,1.68154,2.09573,1.50152,1.88497,1.35979,1.27987,2.00308,1.48967,1.51105,1.37132,1.54532,1.48397,1.59491,1.48206,1.12392,1.33952,1.45911,1.51648,1.386,1.42742,1.36226,1.2124,1.37705,1.42789,1.85347,1.31581,0.964505,1.04804,1.18214,1.57007,1.38981,1.30308,0.903265,1.38586,1.57119,1.91312,1.61228,1.34742,1.22083,1.40536,1.10261,1.21395,0.994082,1.24055,1.17535
2006-05-12,1.53717,1.62952,1.60846,1.59821,2.0453,1.41839,1.79836,1.29697,1.24434,1.96723,1.41949,1.45497,1.30863,1.48307,1.41147,1.5294,1.43705,1.06048,1.27692,1.41955,1.44752,1.33047,1.37803,1.3055,1.19682,1.33231,1.34041,1.75979,1.23673,0.928647,1.02532,1.13891,1.54601,1.34602,1.31359,0.888041,1.39422,1.53183,1.82965,1.55295,1.30978,1.11076,1.31973,1.00321,1.18376,0.931416,1.20984,1.12043
2006-05-19,1.49413,1.6075,1.55096,1.51121,1.98596,1.39574,1.72613,1.25818,1.19784,1.87821,1.36728,1.38492,1.29202,1.4438,1.37286,1.42398,1.33144,0.953546,1.23382,1.33185,1.41038,1.28857,1.34001,1.27585,1.12597,1.26991,1.25209,1.64368,1.17122,0.867104,0.976423,1.08571,1.4693,1.30371,1.21281,0.811236,1.31903,1.49822,1.79115,1.47152,1.25014,1.02076,1.19628,0.921917,1.01216,0.819218,1.18981,1.09702
2006-05-26,1.5171,1.60757,1.5683,1.49804,1.9448,1.39715,1.77,1.28995,1.21142,1.90368,1.37081,1.41185,1.28091,1.42034,1.38363,1.46864,1.42506,0.985952,1.22279,1.33707,1.3994,1.30633,1.34033,1.29444,1.12234,1.27489,1.25327,1.67804,1.16665,0.893162,0.986209,1.10262,1.47771,1.30638,1.25789,0.842998,1.3418,1.48506,1.81334,1.45399,1.27157,1.07186,1.23304,0.96807,1.05387,0.848717,1.20179,1.10092
2006-06-02,1.52531,1.62813,1.6122,1.56788,2.01925,1.44386,1.789,1.27508,1.20789,1.90272,1.37964,1.44698,1.30077,1.43165,1.42224,1.50046,1.42565,0.998383,1.22411,1.33922,1.40414,1.31522,1.36702,1.29481,1.11077,1.2752,1.25306,1.68204,1.17218,0.877418,0.978002,1.09584,1.47085,1.33963,1.29703,0.840653,1.34729,1.48874,1.8364,1.46699,1.27115,1.08877,1.26028,0.983351,1.07838,0.868804,1.2076,1.1051
2006-06-09,1.48075,1.58674,1.5645,1.51869,1.95713,1.40227,1.75077,1.23017,1.17947,1.79859,1.32779,1.38239,1.2501,1.36416,1.38271,1.42776,1.39326,0.938712,1.20445,1.31293,1.39397,1.28161,1.33649,1.27324,1.07022,1.23554,1.22283,1.55021,1.14658,0.817064,0.966206,1.05102,1.4624,1.30168,1.22749,0.834328,1.26606,1.40936,1.77176,1.38792,1.23489,0.975468,1.1278,0.881015,0.959816,0.799248,1.17343,1.06356
2006-06-16,1.4591,1.56433,1.57178,1.49883,1.9054,1.38497,1.75564,1.22467,1.16094,1.81998,1.34058,1.39859,1.23332,1.35058,1.35075,1.41199,1.35564,0.927783,1.19804,1.29507,1.394,1.27358,1.32962,1.26362,1.05985,1.22843,1.20774,1.54757,1.14342,0.820329,0.960952,1.04308,1.47059,1.28498,1.16848,0.828385,1.2297,1.39091,1.77993,1.40692,1.22251,0.918657,1.07857,0.829705,0.888821,0.727234,1.17203,1.06958
2006-06-23,1.47085,1.5727,1.57608,1.5131,1.84415,1.40101,1.78016,1.22387,1.16412,1.85852,1.33746,1.40707,1.22803,1.35115,1.37046,1.43538,1.3599,0.941732,1.20563,1.30309,1.40283,1.27101,1.32268,1.26975,1.06951,1.2374,1.20931,1.56168,1.14707,0.818284,0.958075,1.04988,1.47967,1.28023,1.18213,0.819048,1.1985,1.39803,1.77676,1.41631,1.23071,0.938198,1.10926,0.847354,0.910418,0.747217,1.17006,1.06428
2006-06-30,1.50426,1.60524,1.60961,1.5469,1.87958,1.43071,1.84061,1.22488,1.16339,1.90755,1.3525,1.4598,1.25497,1.39042,1.41672,1.47931,1.38462,0.990412,1.24599,1.33876,1.43815,1.31272,1.35684,1.29686,1.09548,1.25585,1.23695,1.57517,1.17594,0.840842,0.969176,1.08178,1.50422,1.32485,1.2489,0.83364,1.24762,1.43863,1.85439,1.44621,1.31183,0.990202,1.1868,0.894323,0.974045,0.786669,1.19676,1.08157
2006-07-07,1.49636,1.59822,1.59109,1.53045,1.85725,1.4155,1.82753,1.2232,1.16433,1.91688,1.34266,1.42929,1.21268,1.34376,1.40784,1.45775,1.37368,0.982124,1.22791,1.31924,1.40843,1.30116,1.34655,1.27848,1.07515,1.23664,1.22426,1.52297,1.14172,0.838228,0.961814,1.06965,1.46323,1.31463,1.22038,0.824955,1.20126,1.43597,1.83453,1.41927,1.293,0.961031,1.16453,0.867976,0.959161,0.771875,1.19046,1.05144
2006-07-14,1.39992,1.49512,1.52501,1.4748,1.77976,1.35087,1.72226,1.16435,1.11032,1.84405,1.26085,1.37584,1.18425,1.31155,1.31843,1.33995,1.31708,0.939102,1.18059,1.29812,1.35563,1.28358,1.30241,1.24277,1.03604,1.19505,1.20306,1.42288,1.10592,0.821491,0.94735,1.0347,1.41571,1.28479,1.12897,0.822143,1.15073,1.39424,1.73903,1.38295,1.25671,0.893587,1.08499,0.807062,0.876058,0.703496,1.16141,1.00262
2006-07-21,1.44125,1.50246,1.57088,1.50261,1.76351,1.35364,1.75348,1.2004,1.13917,1.89031,1.25254,1.37954,1.18887,1.3245,1.32236,1.34351,1.35502,0.92552,1.18111,1.28388,1.37635,1.28808,1.29779,1.25276,1.03934,1.20066,1.21426,1.38851,1.11159,0.819597,0.946773,1.05178,1.41419,1.24424,1.08731,0.807597,1.14772,1.36214,1.68211,1.36488,1.20501,0.832126,1.04589,0.751553,0.861686,0.708875,1.16545,0.995929
2006-07-28,1.46504,1.52834,1.61524,1.54546,1.80937,1.39992,1.80518,1.20309,1.13917,1.89668,1.27022,1.4912,1.2414,1.37073,1.38167,1.42236,1.41945,0.933384,1.20234,1.30924,1.37884,1.28544,1.31515,1.27892,1.04149,1.21285,1.22902,1.43193,1.13533,0.824209,0.950116,1.07302,1.46179,1.288,1.11489,0.814017,1.1833,1.40457,1.81379,1.38861,1.24652,0.880205,1.09945,0.794976,0.91526,0.714996,1.20334,1.03526
2006-08-04,1.4709,1.53489,1.59591,1.53642,1.79112,1.38037,1.81696,1.20933,1.14149,1.92132,1.26879,1.48169,1.26154,1.37655,1.38704,1.43638,1.40599,0.930284,1.18573,1.32345,1.36432,1.26815,1.32902,1.28227,1.03921,1.20522,1.22209,1.4018,1.1194,0.835885,0.967735,1.06047,1.46583,1.29568,1.12301,0.813421,1.20346,1.3669,1.80489,1.39127,1.25429,0.877312,1.0879,0.792364,0.882345,0.71494,1.20541,1.0308
2006-08-11,1.4311,1.49117,1.56789,1.49239,1.79519,1.36751,1.76508,1.18778,1.11999,1.84428,1.24579,1.405,1.25183,1.35801,1.37948,1.40146,1.38706,0.907222,1.14472,1.31058,1.34049,1.25903,1.31699,1.27947,1.03313,1.1872,1.20842,1.34575,1.10873,0.817898,0.958933,1.00528,1.43648,1.27874,1.10387,0.804005,1.17785,1.34473,1.78512,1.35889,1.21503,0.820012,1.02136,0.740611,0.832828,0.69802,1.19422,1.01908
2006-08-18,1.47325,1.54141,1.62167,1.54248,1.85326,1.42669,1.81088,1.21521,1.1517,1.93296,1.28356,1.49224,1.26742,1.3816,1.41693,1.45533,1.41141,0.926369,1.16473,1.32382,1.35678,1.29441,1.33808,1.30386,1.06239,1.1986,1.2298,1.38856,1.13471,0.821366,0.958933,1.0251,1.45663,1.29005,1.1282,0.800933,1.25439,1.40884,1.85501,1.41371,1.26877,0.836123,1.05159,0.755162,0.865719,0.680452,1.22883,1.08213
2006-08-25,1.47376,1.53058,1.62162,1.52847,1.81097,1.42881,1.79141,1.20328,1.14335,1.92007,1.26851,1.4533,1.2548,1.38216,1.40517,1.4344,1.39412,0.917487,1.14297,1.32142,1.35339,1.26903,1.31558,1.29865,1.05121,1.1896,1.23981,1.38631,1.13781,0.814927,0.957662,0.995007,1.44526,1.28607,1.12264,0.799858,1.23612,1.38245,1.82383,1.38219,1.24337,0.822923,1.03313,0.743241,0.85168,0.672951,1.22055,1.06902
2006-09-01,1.51567,1.57512,1.66067,1.55921,1.92031,1.45685,1.82108,1.22632,1.15954,1.98556,1.29147,1.46458,1.28622,1.42075,1.43134,1.44873,1.39955,0.940239,1.16229,1.32289,1.37676,1.28194,1.34254,1.305,1.06837,1.21763,1.23317,1.43875,1.1504,0.815051,0.957031,0.999712,1.45683,1.29224,1.15143,0.804487,1.29492,1.43285,1.87732,1.42172,1.29011,0.853361,1.06442,0.770731,0.897051,0.693205,1.23569,1.09022
2006-09-08,1.50831,1.55811,1.62663,1.51723,1.8533,1.42883,1.81332,1.23012,1.15898,1.96371,1.27977,1.45899,1.28168,1.41794,1.42677,1.42569,1.39402,0.94088,1.16431,1.29908,1.3417,1.24794,1.31163,1.2811,1.0689,1.21311,1.19604,1.4085,1.13067,0.814193,0.957031,0.998827,1.416,1.28203,1.12768,0.800496,1.25121,1.42156,1.87016,1.40409,1.29105,0.824511,1.03143,0.744675,0.866716,0.676375,1.22497,1.08018
2006-09-15,1.50495,1.53249,1.63404,1.51659,1.78597,1.45175,1.7962,1.21508,1.16417,1.97955,1.28102,1.43155,1.31289,1.44573,1.41015,1.38881,1.38269,0.949889,1.18691,1.31697,1.35608,1.28698,1.29079,1.27924,1.0758,1.22559,1.19003,1.4104,1.13226,0.811795,0.957031,0.976052,1.44947,1.29994,1.11879,0.781512,1.22443,1.45142,1.86487,1.47397,1.3201,0.816411,0.996668,0.737359,0.867448,0.681453,1.24622,1.1196
2006-09-22,1.50147,1.54609,1.63749,1.5149,1.75613,1.45906,1.80062,1.23998,1.17467,1.95049,1.28403,1.40386,1.30987,1.42028,1.42351,1.39594,1.39545,0.956214,1.19097,1.30195,1.34124,1.27123,1.25857,1.27086,1.07543,1.21765,1.16068,1.39355,1.11632,0.813613,0.957031,0.994755,1.42701,1.28918,1.10671,0.801354,1.22682,1.43994,1.85644,1.45305,1.31922,0.79286,0.965232,0.716089,0.840474,0.655375,1.2416,1.1129
2006-09-29,1.4995,1.56632,1.62485,1.49447,1.77047,1.4566,1.81095,1.25353,1.18583,1.98919,1.28464,1.44743,1.32579,1.44904,1.41861,1.3832,1.37169,0.973848,1.21541,1.31206,1.34615,1.28717,1.25688,1.25852,1.08861,1.23251,1.1586,1.41424,1.12137,0.808548,0.955981,0.990772,1.42875,1.33518,1.1167,0.792028,1.2365,1.4649,1.88806,1.44804,1.31998,0.818371,1.00349,0.73913,0.874541,0.679286,1.26152,1.13467
2006-10-06,1.5246,1.60475,1.65795,1.51888,1.83808,1.47828,1.84906,1.28059,1.19988,2.03917,1.28828,1.4407,1.33759,1.46725,1.41729,1.40602,1.36993,0.978957,1.24043,1.34312,1.37591,1.32849,1.25554,1.25648,1.11129,1.25446,1.16917,1.4162,1.11975,0.827467,0.960116,1.00844,1.46316,1.37164,1.13503,0.800463,1.23967,1.45911,1.92347,1.45013,1.31898,0.806254,1.00351,0.728185,0.891593,0.696195,1.27503,1.15589
2006-10-13,1.52907,1.60965,1.66342,1.55129,1.84858,1.50438,1.90722,1.30391,1.2019,2.0556,1.30512,1.48032,1.36608,1.48578,1.45785,1.41548,1.37358,0.995344,1.27341,1.36869,1.40301,1.35102,1.27406,1.26275,1.15044,1.26728,1.16518,1.44438,1.12929,0.84141,0.975073,1.01594,1.50178,1.39817,1.16886,0.802029,1.25922,1.51357,1.97532,1.48597,1.33899,0.871842,1.07514,0.787423,0.944048,0.735042,1.29033,1.18436
2006-10-20,1.55053,1.63906,1.65579,1.55714,1.86254,1.51007,1.90903,1.31775,1.19968,2.07489,1.30019,1.50392,1.38344,1.52409,1.4544,1.42152,1.37358,1.00376,1.26063,1.37636,1.42273,1.35937,1.27555,1.2685,1.14954,1.27861,1.18755,1.44053,1.16274,0.836606,0.970914,1.00562,1.47085,1.39127,1.16315,0.802029,1.25383,1.51294,1.97744,1.49279,1.33293,0.89745,1.11559,0.810551,0.965914,0.737117,1.29231,1.17236
2006-10-27,1.59007,1.68291,1.71403,1.6202,1.88365,1.56609,1.93182,1.34336,1.20941,2.09005,1.31376,1.53297,1.37017,1.5227,1.4854,1.42765,1.37543,1.00143,1.25106,1.38299,1.43949,1.3615,1.27627,1.2645,1.16229,1.28326,1.19197,1.47022,1.17266,0.828635,0.972873,1.03296,1.46282,1.40632,1.17919,0.802583,1.25151,1.52717,1.97934,1.51057,1.32888,0.922203,1.13013,0.832908,0.98729,0.735996,1.30242,1.17822
2006-11-03,1.60552,1.68954,1.67947,1.59767,1.8664,1.54978,1.90648,1.35557,1.21539,2.05196,1.34563,1.53215,1.37503,1.52609,1.47059,1.4151,1.37105,0.99958,1.23442,1.3683,1.42787,1.35201,1.27228,1.25431,1.14335,1.28462,1.18362,1.44031,1.12873,0.81109,0.960639,1.0261,1.45759,1.40657,1.15568,0.788816,1.22771,1.52991,1.96304,1.5146,1.31922,0.891392,1.09683,0.80508,0.946649,0.724374,1.28948,1.1704
2006-11-10,1.63552,1.71403,1.71712,1.63252,1.94156,1.5858,1.99672,1.39142,1.22991,2.1032,1.37514,1.55646,1.42308,1.57295,1.48402,1.45081,1.39324,1.01803,1.26235,1.41856,1.46456,1.37814,1.29384,1.27381,1.17521,1.30135,1.20231,1.44839,1.15932,0.819908,0.962975,1.04169,1.50006,1.42989,1.19895,0.794925,1.26986,1.54578,2.0349,1.58018,1.35107,0.939909,1.14312,0.848899,0.957001,0.746858,1.30553,1.20111
2006-11-17,1.63153,1.70791,1.73747,1.65442,1.97179,1.61287,2.03251,1.4032,1.22799,2.12263,1.38575,1.61112,1.45888,1.60554,1.50074,1.47122,1.4049,1.01705,1.27338,1.43111,1.49175,1.42844,1.28553,1.27596,1.17527,1.31784,1.21845,1.45472,1.16535,0.823249,0.974093,1.04895,1.54969,1.44485,1.22959,0.797417,1.30145,1.58454,2.07478,1.58752,1.38059,0.931192,1.15046,0.841026,0.953728,0.762464,1.32612,1.23656
2006-11-24,1.63449,1.70889,1.75352,1.66987,1.9831,1.62792,2.07789,1.40857,1.23109,2.14713,1.3945,1.6364,1.48398,1.62121,1.53111,1.48846,1.40631,1.03835,1.28641,1.4515,1.49207,1.46046,1.31267,1.30647,1.17779,1.32631,1.236,1.49549,1.17662,0.83827,0.97136,1.05957,1.58183,1.44257,1.25797,0.796336,1.32701,1.60525,2.07644,1.60565,1.37444,0.957557,1.18646,0.864839,0.963326,0.779989,1.32546,1.24633
2006-12-01,1.61679,1.6865,1.73738,1.6537,1.95331,1.61217,2.05921,1.3958,1.22316,2.08019,1.3508,1.61284,1.4514,1.58015,1.50782,1.46801,1.40167,1.0442,1.2678,1.45291,1.50803,1.48034,1.27914,1.30086,1.14519,1.33911,1.21729,1.49323,1.16298,0.82776,0.969392,1.04572,1.55662,1.45715,1.25192,0.796336,1.32597,1.597,2.00361,1.59742,1.35185,0.942985,1.17019,0.851678,0.920117,0.7357,1.32423,1.21869
2006-12-08,1.64669,1.70858,1.7884,1.69723,1.97667,1.65461,2.09799,1.4077,1.23,2.1263,1.37091,1.65321,1.46565,1.62282,1.54907,1.53429,1.40459,1.06159,1.28161,1.45733,1.55995,1.47759,1.31728,1.31464,1.18134,1.36641,1.25401,1.50402,1.16704,0.831882,0.97296,1.06052,1.58981,1.45119,1.31864,0.806874,1.37205,1.61182,2.06651,1.64379,1.41249,1.02325,1.22466,0.924173,0.987553,0.785434,1.33556,1.22539
2006-12-15,1.65784,1.70754,1.78297,1.68629,1.9988,1.62291,2.14057,1.4203,1.24315,2.14814,1.39519,1.65199,1.4734,1.63384,1.54968,1.56878,1.40956,1.06142,1.2857,1.4571,1.59948,1.48049,1.32759,1.319,1.16629,1.38379,1.28663,1.5023,1.1834,0.846974,0.974691,1.07545,1.55574,1.44243,1.33816,0.814568,1.39571,1.59276,2.12159,1.6731,1.41722,1.05006,1.24411,0.948385,1.02707,0.818759,1.35174,1.2417
2006-12-22,1.65942,1.69108,1.77027,1.68462,1.99227,1.62071,2.13496,1.39396,1.23796,2.08479,1.36865,1.6337,1.44801,1.60305,1.53061,1.53786,1.38643,1.04334,1.21334,1.3953,1.5508,1.46607,1.30766,1.28064,1.13792,1.34652,1.24779,1.48866,1.15559,0.835562,0.97056,1.02061,1.5212,1.41759,1.29418,0.80536,1.34342,1.55551,2.03986,1.67954,1.38911,1.03043,1.22179,0.930654,0.999168,0.787984,1.33664,1.19978
2006-12-29,1.67934,1.71949,1.78801,1.70612,2.0065,1.64145,2.17404,1.41413,1.24861,2.09425,1.37682,1.64068,1.45982,1.61943,1.54671,1.55259,1.38321,1.05093,1.23233,1.41076,1.55171,1.48031,1.31265,1.28956,1.14,1.34848,1.26332,1.50118,1.17673,0.843001,0.978468,1.03128,1.53662,1.43839,1.29126,0.803126,1.33924,1.55256,2.0482,1.67432,1.41028,1.03982,1.23257,0.939137,1.01077,0.799481,1.3449,1.2062
2007-01-05,1.64322,1.68259,1.76384,1.66716,2.00007,1.61883,2.15967,1.4033,1.24487,2.10382,1.37414,1.62102,1.44422,1.59039,1.52735,1.5302,1.3843,1.02983,1.22838,1.39392,1.55429,1.42124,1.29882,1.27584,1.13026,1.3313,1.26595,1.45499,1.18642,0.850859,0.982297,1.03899,1.5089,1.44239,1.25405,0.802234,1.29591,1.551,2.04856,1.6759,1.39465,1.00743,1.19618,0.90988,1.01489,0.797772,1.33465,1.22549
2007-01-12,1.66481,1.71683,1.78788,1.69,2.02626,1.65537,2.2102,1.41623,1.24378,2.11215,1.41874,1.63168,1.49689,1.64123,1.54285,1.54947,1.38269,1.04093,1.27388,1.45053,1.60418,1.46197,1.3153,1.29871,1.17119,1.35702,1.33397,1.50314,1.21782,0.847566,0.982297,1.03077,1.54734,1.48293,1.25156,0.806745,1.28553,1.61065,2.09921,1.69264,1.41784,1.03412,1.24158,0.933984,1.04692,0.874783,1.36029,1.26629
2007-01-19,1.65754,1.70985,1.74686,1.64612,1.99991,1.61863,2.18032,1.41292,1.25089,2.09681,1.42038,1.61885,1.48626,1.64941,1.51238,1.517,1.3596,1.03929,1.24163,1.41773,1.5754,1.44498,1.30622,1.2898,1.14188,1.32763,1.33178,1.51262,1.2199,0.849263,0.982297,1.02409,1.53548,1.49543,1.23924,0.796529,1.25556,1.58792,2.07006,1.66691,1.40738,0.988197,1.19827,0.892511,1.02374,0.846218,1.3563,1.23443
2007-01-26,1.66541,1.71732,1.73513,1.64357,1.97587,1.62177,2.16585,1.42683,1.27953,2.09326,1.42593,1.63636,1.46482,1.62609,1.52422,1.52967,1.34744,1.04438,1.2369,1.42257,1.50446,1.4448,1.33202,1.30301,1.12815,1.34336,1.2962,1.52892,1.20948,0.847492,0.982297,1.02143,1.54824,1.51811,1.21667,0.792562,1.20748,1.58533,2.1363,1.66794,1.41339,0.986785,1.21253,0.891236,0.999879,0.806834,1.34975,1.21766
2007-02-02,1.69048,1.7475,1.78047,1.68658,2.02173,1.66912,2.20265,1.45763,1.28349,2.1727,1.43943,1.66982,1.53335,1.68451,1.56553,1.56181,1.37266,1.06733,1.27367,1.46224,1.5595,1.46879,1.37221,1.3363,1.13626,1.36405,1.31004,1.5532,1.2363,0.868771,0.979295,1.0431,1.58319,1.56167,1.24256,0.799289,1.22526,1.61555,2.15643,1.6655,1.41284,1.01279,1.24003,0.914724,1.01998,0.817997,1.3752,1.23415
2007-02-09,1.67833,1.73576,1.76853,1.67613,1.99691,1.65979,2.18959,1.45068,1.27801,2.16652,1.43399,1.65342,1.49535,1.64923,1.55336,1.54857,1.37694,1.07697,1.31023,1.50438,1.583,1.46772,1.37947,1.32134,1.11782,1.35931,1.34195,1.5627,1.24626,0.883318,0.995969,1.03273,1.57376,1.53227,1.22762,0.792891,1.21385,1.63961,2.1439,1.62823,1.42145,0.999842,1.22607,0.903029,0.999934,0.797539,1.36694,1.22633
2007-02-16,1.72008,1.7623,1.80897,1.70808,2.00786,1.68866,2.21845,1.47721,1.27978,2.20195,1.46898,1.68021,1.51774,1.69083,1.58091,1.55218,1.37301,1.10511,1.33595,1.50735,1.61136,1.49929,1.41,1.34971,1.12104,1.36373,1.34916,1.58936,1.24798,0.888714,1.0004,1.05423,1.59614,1.56189,1.22478,0.785097,1.20362,1.65405,2.17947,1.67883,1.43168,1.01196,1.25971,0.913975,0.994082,0.794002,1.38394,1.24952
2007-02-23,1.73853,1.7767,1.80486,1.70921,2.03197,1.68097,2.2369,1.48282,1.27945,2.22194,1.46009,1.67359,1.52646,1.70815,1.57833,1.56308,1.37311,1.11181,1.35176,1.54234,1.61588,1.48563,1.42035,1.37499,1.12737,1.37376,1.36787,1.58547,1.2819,0.889268,1.0017,1.04844,1.58939,1.57855,1.22948,0.787315,1.21085,1.6492,2.18035,1.68179,1.43021,1.02346,1.2757,0.924358,1.00658,0.807763,1.37985,1.26489
2007-03-02,1.6558,1.68018,1.7184,1.62432,1.92803,1.6022,2.11522,1.41185,1.22169,2.10277,1.34968,1.58025,1.4469,1.60717,1.50377,1.48322,1.32437,1.06743,1.22543,1.42019,1.533,1.44104,1.34042,1.26951,1.05787,1.28554,1.3212,1.49507,1.20902,0.840583,0.973803,0.973779,1.47537,1.50656,1.16633,0.764415,1.13744,1.5557,2.08683,1.60641,1.36385,0.931989,1.17841,0.841746,0.944684,0.761708,1.31689,1.1872
2007-03-09,1.67488,1.69352,1.76152,1.67012,1.97881,1.60846,2.13812,1.43439,1.24682,2.15691,1.35903,1.61063,1.46834,1.64395,1.52551,1.48843,1.37746,1.08304,1.23999,1.41477,1.52501,1.44711,1.38051,1.29131,1.08503,1.3151,1.35061,1.5299,1.21132,0.860112,0.998752,1.00932,1.48271,1.52437,1.19248,0.773511,1.1434,1.58148,2.14603,1.60696,1.36879,0.947925,1.19822,0.856139,0.9662,0.810646,1.33693,1.19978
2007-03-16,1.67456,1.70418,1.75908,1.67424,1.95667,1.61248,2.14707,1.44116,1.25093,2.13502,1.37826,1.57395,1.47446,1.64425,1.52794,1.50949,1.37655,1.07648,1.22469,1.40304,1.50466,1.43186,1.37143,1.29179,1.08415,1.30972,1.32681,1.54823,1.20139,0.86056,0.99851,1.00894,1.46034,1.49307,1.21845,0.775851,1.15236,1.56358,2.12762,1.57657,1.36235,0.941552,1.18989,0.850383,0.956552,0.792117,1.32078,1.19773
2007-03-23,1.68789,1.71788,1.7823,1.69647,2.00502,1.63388,2.17203,1.45906,1.25854,2.17524,1.42757,1.58434,1.52888,1.72261,1.54764,1.51224,1.3752,1.10827,1.26798,1.46627,1.56773,1.49722,1.42146,1.33027,1.12192,1.36257,1.38436,1.60784,1.25023,0.86244,1.00061,1.00941,1.52559,1.57554,1.27779,0.775851,1.19509,1.64713,2.18068,1.64129,1.41493,0.997525,1.25558,0.900936,1.02243,0.82506,1.36711,1.23381
2007-03-30,1.68221,1.70831,1.75738,1.67433,1.96833,1.61256,2.13336,1.44637,1.24836,2.14048,1.41686,1.5574,1.52797,1.72052,1.53152,1.4802,1.36534,1.1067,1.23498,1.4181,1.53946,1.5006,1.42491,1.33228,1.10136,1.32711,1.3808,1.60504,1.25221,0.853419,1.00028,1.0067,1.50416,1.55835,1.28137,0.775851,1.19136,1.6336,2.15794,1.61295,1.39448,0.998087,1.24456,0.901443,1.01263,0.805237,1.35386,1.21731
2007-04-06,1.70787,1.73627,1.78295,1.69889,1.98632,1.63622,2.18132,1.46479,1.27737,2.1956,1.45474,1.5983,1.56892,1.76482,1.55271,1.53628,1.37963,1.10804,1.30993,1.45526,1.59249,1.55561,1.45533,1.36648,1.14034,1.37422,1.44019,1.64457,1.29464,0.858442,0.995518,1.01256,1.57116,1.64525,1.33825,0.779227,1.21933,1.66828,2.19403,1.62861,1.41072,1.07793,1.31238,0.973557,1.09327,0.852722,1.37522,1.24611
2007-04-13,1.70093,1.72755,1.77756,1.69714,1.95268,1.63453,2.20403,1.46002,1.28908,2.22771,1.4575,1.60393,1.57769,1.77609,1.54894,1.54167,1.37963,1.12241,1.31721,1.47377,1.59137,1.55426,1.4468,1.38323,1.15557,1.40256,1.42724,1.65904,1.28617,0.861892,1.00671,1.01055,1.58145,1.64598,1.35515,0.780366,1.24078,1.65726,2.19342,1.64607,1.427,1.09319,1.32787,0.987341,1.10193,0.862392,1.38551,1.24863
2007-04-20,1.75004,1.78207,1.81452,1.72907,1.981,1.66528,2.26275,1.50151,1.30488,2.26706,1.49676,1.61711,1.59043,1.80582,1.57752,1.53596,1.37528,1.14942,1.30355,1.46893,1.59588,1.59406,1.4444,1.37321,1.15984,1.4115,1.41297,1.64883,1.28099,0.864969,1.00816,1.0063,1.61295,1.65295,1.35068,0.778445,1.21609,1.69492,2.18268,1.66537,1.46283,1.10151,1.33944,0.994854,1.09843,0.843618,1.41698,1.26961
2007-04-27,1.75867,1.78649,1.85,1.74282,1.98225,1.68422,2.30317,1.50498,1.30257,2.28261,1.49059,1.62823,1.59238,1.8171,1.59574,1.49806,1.3613,1.16853,1.30758,1.47528,1.62442,1.63998,1.44222,1.38612,1.19425,1.40276,1.44437,1.68799,1.32217,0.868245,1.00816,0.994489,1.63593,1.64496,1.31512,0.769091,1.20081,1.70399,2.19624,1.69295,1.50342,1.07382,1.33813,0.969842,1.09133,0.861945,1.42565,1.30232
2007-05-04,1.80672,1.80861,1.87029,1.73418,1.98876,1.67193,2.35451,1.53494,1.30537,2.28125,1.49214,1.64219,1.58874,1.81637,1.61603,1.54508,1.40105,1.16617,1.28543,1.47078,1.64615,1.62897,1.43295,1.36613,1.20479,1.41292,1.43783,1.72372,1.33127,0.873316,1.00812,1.02316,1.63424,1.65333,1.30111,0.769953,1.18458,1.71174,2.21326,1.70297,1.54258,1.0838,1.34956,0.97886,1.09879,0.871741,1.43891,1.304
2007-05-11,1.80054,1.8091,1.8636,1.73501,1.98056,1.66662,2.33954,1.52815,1.30758,2.27565,1.48723,1.61738,1.58052,1.81892,1.62494,1.53235,1.40072,1.16668,1.2942,1.49363,1.65301,1.61886,1.43371,1.37106,1.22572,1.41837,1.42483,1.71895,1.32757,0.86173,0.994782,1.01945,1.62895,1.64417,1.2783,0.764748,1.17174,1.70342,2.19475,1.69305,1.55383,1.05773,1.34466,0.955314,1.10927,0.901313,1.43833,1.3082
2007-05-18,1.80814,1.81976,1.89405,1.75001,1.9889,1.68007,2.3388,1.53048,1.29929,2.3029,1.49858,1.61463,1.5933,1.81764,1.63118,1.51923,1.39598,1.18507,1.30016,1.47802,1.66774,1.61652,1.43443,1.38094,1.24486,1.44461,1.42814,1.73301,1.35321,0.856534,0.991152,1.01125,1.63722,1.65674,1.27772,0.760896,1.16932,1.71445,2.22892,1.6937,1.58042,1.06458,1.34211,0.961494,1.10126,0.893988,1.45512,1.30624
2007-05-25,1.81238,1.819,1.85505,1.71778,1.97806,1.64986,2.30999,1.5246,1.30691,2.2889,1.48974,1.62929,1.60616,1.83201,1.62959,1.50305,1.38543,1.15911,1.30422,1.48655,1.64272,1.60633,1.45497,1.41894,1.23235,1.43639,1.42688,1.73258,1.36255,0.85651,0.988523,1.01038,1.63968,1.62312,1.26635,0.763722,1.16602,1.70379,2.22846,1.70053,1.5663,1.07124,1.35046,0.967513,1.10004,0.90569,1.44625,1.29897
2007-06-01,1.84552,1.84506,1.88173,1.73746,2.02259,1.66732,2.34451,1.54682,1.31976,2.30726,1.50745,1.67874,1.63803,1.89419,1.65105,1.5156,1.38833,1.18239,1.33042,1.54585,1.67414,1.63247,1.49229,1.46473,1.26567,1.48462,1.46001,1.78416,1.40594,0.869342,0.986785,1.02725,1.71884,1.66684,1.27692,0.767073,1.17471,1.73251,2.29132,1.73578,1.59511,1.10191,1.39229,0.995211,1.14627,0.947823,1.46903,1.32665
2007-06-08,1.80754,1.82053,1.83036,1.69579,1.9634,1.61666,2.28837,1.52318,1.30421,2.26059,1.47676,1.62385,1.61537,1.87229,1.61645,1.51218,1.36704,1.14401,1.31095,1.49665,1.61534,1.58114,1.45427,1.43929,1.22246,1.47532,1.43116,1.74313,1.39208,0.857371,0.976049,1.01837,1.65175,1.6316,1.27151,0.759663,1.1633,1.69329,2.27123,1.68619,1.55659,1.07936,1.35586,0.974851,1.14278,0.940048,1.44005,1.31183
2007-06-15,1.8263,1.83095,1.83466,1.68354,1.95317,1.6346,2.29712,1.52446,1.30523,2.30529,1.48153,1.64719,1.64425,1.90654,1.63779,1.55059,1.37935,1.18604,1.33238,1.53823,1.65186,1.60149,1.48252,1.49961,1.28667,1.54403,1.47332,1.80298,1.45651,0.886368,0.975603,1.03705,1.66847,1.66008,1.30235,0.762455,1.16713,1.75756,2.33893,1.72432,1.59151,1.12782,1.40765,1.01862,1.18491,0.982256,1.4657,1.33665
2007-06-22,1.83568,1.83403,1.81674,1.67212,1.95045,1.62533,2.28814,1.49502,1.29822,2.31959,1.46609,1.61273,1.62498,1.88912,1.61228,1.53381,1.38071,1.15871,1.30827,1.53577,1.64717,1.58218,1.50937,1.5081,1.28337,1.5558,1.47778,1.79507,1.45213,0.883234,0.972882,1.03495,1.67669,1.63665,1.29683,0.765929,1.1549,1.71495,2.3187,1.70808,1.56318,1.14928,1.40774,1.03799,1.21004,0.988042,1.44157,1.32349
2007-06-29,1.86807,1.85629,1.83355,1.66937,1.92925,1.61436,2.31616,1.51519,1.30585,2.33508,1.4653,1.63663,1.62798,1.8991,1.64178,1.58135,1.38389,1.15196,1.30604,1.53011,1.64924,1.5763,1.48292,1.53945,1.28497,1.54233,1.47824,1.79775,1.46563,0.886248,0.974144,1.04173,1.65638,1.61237,1.31994,0.764678,1.1759,1.7139,2.28069,1.70412,1.57049,1.14842,1.39519,1.03722,1.21832,0.992638,1.44042,1.33217
2007-07-06,1.90858,1.90171,1.88729,1.70195,1.95064,1.65068,2.37881,1.51916,1.31211,2.41538,1.49133,1.66797,1.68414,1.95044,1.66673,1.58606,1.38546,1.17165,1.35753,1.59704,1.72595,1.63386,1.54083,1.56101,1.33454,1.59516,1.51928,1.82612,1.50749,0.891049,0.977525,1.04568,1.69381,1.67538,1.32267,0.764678,1.1772,1.74098,2.31372,1.72686,1.6015,1.18644,1.44227,1.07156,1.25758,1.01114,1.46483,1.36743
2007-07-13,1.94691,1.93989,1.9323,1.7356,1.96882,1.68332,2.46603,1.53349,1.32035,2.46753,1.52699,1.6942,1.70915,1.97995,1.71225,1.58483,1.38546,1.19647,1.35258,1.62172,1.73281,1.62663,1.55902,1.56659,1.34603,1.6253,1.54173,1.88267,1.55355,0.889963,0.977156,1.04473,1.67476,1.72008,1.33999,0.765345,1.19624,1.77765,2.37939,1.75742,1.62502,1.24463,1.49113,1.12411,1.36995,1.08284,1.48274,1.39654
2007-07-20,1.93339,1.92752,1.92249,1.73191,1.95209,1.67974,2.44105,1.53509,1.31369,2.42144,1.51674,1.65725,1.67891,1.91714,1.72569,1.58995,1.37881,1.19423,1.3312,1.59464,1.70658,1.58113,1.53525,1.56033,1.31727,1.61519,1.52151,1.85359,1.54372,0.884477,0.972402,1.03858,1.63911,1.70704,1.32893,0.757984,1.18908,1.77163,2.32193,1.74088,1.62688,1.21069,1.46958,1.09346,1.35239,1.06234,1.46981,1.40073
2007-07-27,1.85604,1.85565,1.83011,1.66261,1.88979,1.56507,2.28775,1.42032,1.2168,2.24432,1.43432,1.52707,1.56596,1.77313,1.63655,1.48879,1.32746,1.10011,1.26642,1.48466,1.58726,1.50314,1.41757,1.3957,1.22875,1.46182,1.46444,1.7251,1.37248,0.831074,0.949566,0.993162,1.49748,1.64179,1.26493,0.742286,1.09524,1.66119,2.17434,1.61512,1.51878,1.1096,1.33852,1.00216,1.2553,0.975086,1.38948,1.34308
2007-08-03,1.74351,1.79302,1.76116,1.61803,1.79405,1.48088,2.25005,1.48754,1.23372,2.18975,1.4147,1.45979,1.58552,1.73806,1.61584,1.53152,1.3459,1.10319,1.25884,1.52009,1.56331,1.49514,1.36839,1.37719,1.22815,1.44565,1.4217,1.656,1.34634,0.816932,0.947119,0.973829,1.49656,1.61211,1.21594,0.727921,1.0459,1.64308,2.15813,1.60158,1.47748,1.1145,1.3509,1.00659,1.26081,0.977817,1.37693,1.32713
2007-08-10,1.79817,1.89502,1.81471,1.68994,1.90123,1.43743,2.29444,1.48801,1.24649,2.18371,1.42225,1.5009,1.59989,1.71816,1.67438,1.55212,1.42808,1.12288,1.24656,1.51137,1.56385,1.47799,1.33853,1.36496,1.25782,1.46508,1.36319,1.6299,1.31432,0.835328,0.96958,1.02247,1.4906,1.57472,1.23906,0.736844,1.049,1.67854,2.18238,1.66458,1.49653,1.12722,1.34769,1.01807,1.24546,0.93333,1.38565,1.32321
2007-08-17,1.81144,1.91482,1.81626,1.71776,1.8889,1.41952,2.30416,1.47467,1.25274,2.17348,1.42796,1.50675,1.56957,1.70916,1.67912,1.56275,1.48215,1.09365,1.21658,1.42581,1.48102,1.39271,1.32718,1.26957,1.21662,1.40266,1.32539,1.57734,1.26621,0.811022,0.953434,1.03423,1.48656,1.54952,1.20992,0.730009,0.991875,1.63447,2.11029,1.60943,1.47611,1.09024,1.29748,0.984673,1.17036,0.901646,1.38565,1.29606
2007-08-24,1.81331,1.93054,1.81845,1.73159,1.93959,1.43706,2.2999,1.47805,1.25091,2.19046,1.44956,1.57584,1.61905,1.76575,1.70243,1.5974,1.5277,1.1287,1.22776,1.4508,1.53686,1.40528,1.38501,1.31101,1.27864,1.46513,1.39427,1.65014,1.30991,0.822089,0.973061,1.04482,1.53975,1.61317,1.22851,0.740821,1.05659,1.68053,2.22557,1.65014,1.48747,1.17118,1.40258,1.05777,1.28895,0.99521,1.42031,1.34896
2007-08-31,1.82343,1.9413,1.82954,1.74154,1.91729,1.44248,2.29642,1.4757,1.25091,2.19087,1.45942,1.57163,1.60106,1.74632,1.73226,1.62462,1.53043,1.12732,1.22457,1.46013,1.52037,1.41409,1.40017,1.32764,1.27551,1.45341,1.38101,1.67817,1.32035,0.823953,0.973061,1.04713,1.55177,1.64198,1.26056,0.737753,1.05932,1.68152,2.2029,1.64267,1.48421,1.1728,1.40896,1.05924,1.32525,1.02178,1.41322,1.36771
2007-09-07,1.81869,1.94123,1.82506,1.74219,1.84567,1.43989,2.28897,1.47617,1.25364,2.18332,1.4672,1.57393,1.58861,1.73686,1.73527,1.61379,1.53402,1.12478,1.20348,1.43833,1.51583,1.39505,1.36356,1.29854,1.27499,1.46268,1.37951,1.69415,1.30089,0.824029,0.968941,1.04218,1.52455,1.6122,1.28638,0.737468,1.02072,1.66043,2.17571,1.63253,1.47921,1.14791,1.37043,1.03676,1.30964,1.00625,1.39867,1.3498
2007-09-14,1.84315,1.96977,1.8409,1.75919,1.85148,1.45395,2.3204,1.48844,1.26319,2.20364,1.46309,1.57518,1.63315,1.78673,1.74907,1.60468,1.53402,1.15013,1.23483,1.47663,1.59164,1.42321,1.3946,1.35734,1.33,1.53913,1.44965,1.73167,1.33795,0.834474,0.972,1.03506,1.60768,1.64728,1.29161,0.737468,1.00146,1.70002,2.17593,1.65872,1.49353,1.16796,1.37635,1.05487,1.31514,1.01082,1.42577,1.37751
2007-09-21,1.90128,2.03293,1.89807,1.8132,1.90977,1.4971,2.40816,1.5443,1.27298,2.2939,1.50383,1.58996,1.6804,1.84669,1.82632,1.60779,1.53792,1.20899,1.2475,1.50772,1.64514,1.44664,1.44815,1.38695,1.37991,1.62521,1.51474,1.78076,1.3745,0.836281,0.972,1.04947,1.65851,1.72579,1.30714,0.737495,0.988791,1.72862,2.2266,1.70921,1.53758,1.24995,1.46773,1.12892,1.38656,1.04958,1.46207,1.41014
2007-09-28,1.91529,2.04791,1.92858,1.84234,1.92594,1.52116,2.44283,1.59635,1.27675,2.32384,1.51624,1.61183,1.68267,1.86938,1.84762,1.63392,1.53792,1.21816,1.24495,1.50388,1.63656,1.47564,1.46125,1.40013,1.40749,1.66162,1.52644,1.85664,1.36905,0.839433,0.972,1.05936,1.68219,1.75055,1.32255,0.740616,0.943716,1.71587,2.24544,1.70988,1.58091,1.31988,1.54306,1.19208,1.48545,1.10884,1.46794,1.43955
2007-10-05,1.97827,2.11525,1.98417,1.89497,2.02479,1.56568,2.50601,1.61503,1.2775,2.38268,1.55267,1.62663,1.74201,1.95742,1.93205,1.67856,1.56703,1.25643,1.31112,1.5506,1.70867,1.49825,1.44777,1.4161,1.42505,1.73613,1.55632,1.91942,1.41395,0.828748,0.969262,1.08054,1.71753,1.78448,1.34468,0.740694,0.926974,1.74691,2.2962,1.76187,1.60134,1.37335,1.60468,1.24037,1.53671,1.14588,1.49939,1.47903
2007-10-12,1.97719,2.11409,2.00449,1.91437,1.9826,1.57867,2.4998,1.63957,1.26896,2.40029,1.58563,1.64498,1.76582,1.96721,1.97902,1.74606,1.60042,1.2792,1.29697,1.55646,1.75188,1.5048,1.46478,1.40306,1.46774,1.78888,1.61711,1.95174,1.497,0.830658,0.961818,1.10482,1.72706,1.873,1.40842,0.765407,0.969056,1.77445,2.26463,1.79018,1.6161,1.41927,1.65863,1.28184,1.60042,1.20375,1.50401,1.49891
2007-10-19,1.89982,2.03886,1.93432,1.85549,1.92293,1.51588,2.38682,1.55016,1.24104,2.29073,1.52181,1.60024,1.71477,1.90332,1.90767,1.68307,1.52491,1.23578,1.22867,1.51377,1.6345,1.41961,1.38663,1.34241,1.41122,1.6692,1.55271,1.83328,1.44459,0.807386,0.957204,1.07191,1.63264,1.77001,1.39117,0.761617,0.882793,1.71863,2.17302,1.72204,1.58291,1.38323,1.60864,1.24929,1.54391,1.16079,1.43994,1.46839
2007-10-26,1.94313,2.08617,1.98824,1.94288,1.98778,1.55903,2.43909,1.56813,1.27151,2.31221,1.55496,1.58957,1.71609,1.91238,1.96576,1.72658,1.5393,1.27486,1.28056,1.63582,1.70966,1.4604,1.42105,1.3704,1.44818,1.69644,1.60611,1.88514,1.40241,0.792417,0.92299,1.08286,1.6683,1.86671,1.36138,0.760196,0.884242,1.7656,2.26379,1.76269,1.61844,1.36131,1.62021,1.22949,1.59101,1.19436,1.47794,1.51011
2007-11-02,1.99113,2.12853,2.02046,1.97451,1.93585,1.59428,2.45907,1.57394,1.27665,2.27094,1.53196,1.59505,1.7262,1.89684,1.97378,1.711,1.53807,1.29837,1.19795,1.56679,1.74147,1.42294,1.39379,1.36673,1.40642,1.60999,1.56712,1.88592,1.43826,0.786357,0.917474,1.04807,1.66213,1.84334,1.35906,0.764823,0.861022,1.75406,2.23847,1.72183,1.57807,1.2952,1.56736,1.16979,1.50128,1.15111,1.45466,1.52383
2007-11-09,1.86058,1.98276,1.85062,1.8981,1.86405,1.48935,2.25694,1.47216,1.20675,2.10142,1.42639,1.53262,1.6831,1.75704,1.85696,1.58025,1.44188,1.29942,1.19507,1.50103,1.65424,1.39756,1.35897,1.34842,1.38471,1.53144,1.51662,1.79138,1.37213,0.755212,0.903804,0.970329,1.63716,1.77095,1.2418,0.692311,0.755797,1.68184,2.19628,1.63711,1.53189,1.14889,1.41361,1.03764,1.41236,0.998177,1.39636,1.40006
2007-11-16,1.89359,2.01736,1.82782,1.87426,1.81936,1.44858,2.37137,1.52819,1.22993,2.14137,1.45349,1.54065,1.70951,1.73276,1.86647,1.61218,1.44977,1.26968,1.17516,1.498,1.59883,1.35427,1.35235,1.30743,1.38644,1.53095,1.53338,1.76697,1.37629,0.732653,0.876781,0.9973,1.62056,1.7601,1.27345,0.708321,0.786541,1.65178,2.22748,1.62929,1.54197,1.08938,1.36141,0.983901,1.38618,0.981115,1.40261,1.4079
2007-11-23,1.87853,2.02077,1.8244,1.85244,1.8272,1.45011,2.34175,1.51859,1.24139,2.13013,1.44617,1.52449,1.69208,1.69722,1.85198,1.58844,1.47888,1.27526,1.16305,1.48117,1.58801,1.34047,1.34123,1.29901,1.35709,1.5206,1.51367,1.75949,1.37715,0.722043,0.863514,0.994504,1.60117,1.75678,1.25721,0.710221,0.766582,1.6203,2.16284,1.59891,1.4946,1.04264,1.32993,0.941679,1.35083,0.95402,1.38664,1.39558
2007-11-30,1.88408,2.03477,1.85565,1.87611,1.875,1.47782,2.40041,1.52822,1.24404,2.18585,1.48947,1.55872,1.70735,1.72258,1.8853,1.61489,1.52028,1.34142,1.17695,1.4878,1.63583,1.36369,1.37761,1.32874,1.36515,1.54553,1.55357,1.80891,1.40529,0.771129,0.873405,1.02829,1.6389,1.81893,1.27626,0.713673,0.811505,1.68979,2.22323,1.65692,1.51287,1.1191,1.41654,1.01074,1.48588,1.03001,1.43022,1.43675
2007-12-07,1.90483,2.05922,1.88881,1.91692,1.92471,1.50997,2.46527,1.55603,1.24404,2.25547,1.52994,1.57061,1.78041,1.77506,1.90416,1.6531,1.51936,1.36295,1.20522,1.51007,1.67128,1.38201,1.40006,1.35061,1.38526,1.54753,1.59507,1.87241,1.43569,0.777917,0.873184,1.03737,1.63848,1.92151,1.34459,0.736326,0.85109,1.76104,2.27807,1.68427,1.53744,1.18409,1.50807,1.06944,1.55456,1.09745,1.45187,1.46531
2007-12-14,1.8654,2.01659,1.80467,1.82529,1.8238,1.4332,2.39955,1.52083,1.24041,2.22997,1.48913,1.55852,1.69837,1.68459,1.83317,1.57429,1.5157,1.33065,1.15476,1.49565,1.6272,1.38768,1.37411,1.32555,1.2929,1.47158,1.5446,1.9149,1.36384,0.772527,0.869178,1.02841,1.57007,1.84322,1.27106,0.735094,0.80506,1.74248,2.23284,1.65132,1.50677,1.15328,1.46976,1.04161,1.56389,1.07948,1.41589,1.42722
2007-12-21,1.89758,2.0665,1.82678,1.83762,1.87789,1.42693,2.41746,1.53645,1.2298,2.32954,1.51819,1.542,1.69645,1.70464,1.8473,1.57447,1.56764,1.34898,1.158,1.48082,1.62179,1.40588,1.38239,1.31844,1.27809,1.48981,1.56841,1.888,1.37836,0.800239,0.881864,1.03297,1.5396,1.87806,1.24152,0.736798,0.777131,1.71928,2.22178,1.6543,1.48439,1.20215,1.5162,1.08575,1.66161,1.12039,1.43269,1.45338
2007-12-28,1.90947,2.08785,1.83222,1.84568,1.91471,1.4285,2.44238,1.54256,1.23252,2.36579,1.54403,1.53122,1.73457,1.74777,1.84828,1.57728,1.56912,1.36336,1.14998,1.49352,1.61382,1.40454,1.4138,1.32173,1.28621,1.51085,1.58362,1.91498,1.39408,0.797967,0.881293,1.0361,1.62358,1.90158,1.23386,0.74003,0.755026,1.70383,2.20156,1.65349,1.46936,1.20558,1.5253,1.08885,1.67716,1.13562,1.42466,1.45254
2008-01-04,1.8341,2.00541,1.7383,1.72351,1.80475,1.34429,2.30242,1.48808,1.19403,2.2702,1.48891,1.50123,1.68579,1.68608,1.77025,1.4992,1.57062,1.33501,1.10185,1.43848,1.52808,1.33517,1.34624,1.23325,1.2541,1.45632,1.49126,1.85855,1.3113,0.7906,0.881293,1.02059,1.53783,1.79706,1.16895,0.738921,0.710125,1.57092,2.07707,1.58395,1.38625,1.12129,1.43716,1.07521,1.68012,1.14403,1.36672,1.35667
2008-01-11,1.77796,1.96881,1.70239,1.69861,1.77373,1.28889,2.368,1.50658,1.1727,2.29369,1.49347,1.47034,1.66179,1.62798,1.74249,1.43893,1.52266,1.31828,1.1025,1.42934,1.55142,1.35392,1.34547,1.2175,1.29507,1.43406,1.43984,1.84602,1.27193,0.778238,0.878132,0.967352,1.55362,1.76675,1.12295,0.709481,0.674189,1.56481,2.05802,1.55514,1.39623,1.06063,1.33992,1.07521,1.68012,1.14403,1.35551,1.31883
2008-01-18,1.67085,1.84315,1.6388,1.60689,1.60147,1.20656,2.23945,1.45994,1.15113,2.18143,1.41109,1.38849,1.55373,1.51287,1.65004,1.30155,1.38717,1.23215,0.989547,1.31667,1.40961,1.27772,1.2512,1.12548,1.20275,1.33912,1.39143,1.713,1.22746,0.721991,0.859991,0.910272,1.40864,1.596,1.03859,0.648599,0.613176,1.50432,1.96535,1.4611,1.3123,0.95181,1.20318,1.07521,1.68012,1.14403,1.27726,1.27118
2008-01-25,1.63708,1.7941,1.54735,1.53861,1.61195,1.13055,2.20757,1.46384,1.13887,2.14345,1.423,1.4674,1.47737,1.43755,1.61862,1.36914,1.47925,1.21759,0.944774,1.28148,1.38892,1.2473,1.21974,1.10443,1.14306,1.30991,1.34358,1.63807,1.20333,0.754928,0.91141,0.959099,1.36358,1.58042,1.03777,0.66616,0.645243,1.53568,2.06377,1.49886,1.32247,0.972086,1.22247,1.07521,1.68012,1.14403,1.28674,1.23306
2008-02-01,1.64605,1.80264,1.68204,1.65265,1.77877,1.23501,2.26306,1.48771,1.1487,2.22054,1.43309,1.48697,1.56283,1.51278,1.70446,1.45183,1.5541,1.29161,0.999633,1.34219,1.43271,1.27754,1.24666,1.11057,1.19328,1.35229,1.36107,1.6962,1.19188,0.792037,0.922931,0.99526,1.46602,1.62735,1.09553,0.687747,0.760252,1.69699,2.18966,1.55877,1.40674,1.07776,1.33159,1.07521,1.68012,1.14403,1.34999,1.27791
2008-02-08,1.69157,1.85247,1.71883,1.6949,1.71579,1.26734,2.29087,1.50048,1.14894,2.15364,1.41447,1.51071,1.54554,1.4799,1.7386,1.46981,1.57412,1.22384,0.938971,1.27594,1.36259,1.23384,1.23225,1.0999,1.13316,1.29067,1.31546,1.6186,1.16594,0.74012,0.910739,0.991769,1.39132,1.56529,1.09101,0.682147,0.745427,1.59892,2.13905,1.49043,1.35966,1.04227,1.29435,1.07521,1.68012,1.14403,1.28703,1.22213
2008-02-15,1.7011,1.86603,1.74808,1.72516,1.75651,1.28816,2.31824,1.50535,1.15961,2.23415,1.42473,1.49467,1.5932,1.51433,1.73993,1.50351,1.59356,1.2584,0.930038,1.27229,1.37808,1.24695,1.23212,1.10305,1.11508,1.27121,1.33013,1.64588,1.15941,0.755038,0.910739,1.00743,1.40851,1.58871,1.14606,0.692493,0.776458,1.62732,2.19261,1.50276,1.42089,1.13058,1.36495,1.07521,1.68012,1.14403,1.30705,1.22829
2008-02-22,1.693,1.85719,1.72812,1.70462,1.72406,1.26902,2.31747,1.49394,1.15974,2.18077,1.40524,1.46898,1.61236,1.53677,1.74782,1.49867,1.58451,1.24624,0.952398,1.3095,1.41391,1.27501,1.24301,1.11864,1.12315,1.2794,1.37083,1.61791,1.16349,0.740632,0.901718,0.992458,1.41854,1.58828,1.13428,0.693521,0.755323,1.64133,2.23706,1.50207,1.41957,1.15292,1.38267,1.07521,1.68012,1.14403,1.31169,1.22437
2008-02-29,1.73614,1.90453,1.71877,1.68494,1.6622,1.26627,2.28751,1.50346,1.16894,2.15174,1.43189,1.49099,1.66801,1.57961,1.77301,1.53206,1.60781,1.23451,0.928765,1.274,1.40746,1.26575,1.24662,1.1279,1.11864,1.28874,1.36743,1.61392,1.1717,0.735174,0.902219,0.988038,1.40443,1.60013,1.15416,0.689476,0.718352,1.62952,2.21494,1.51597,1.42229,1.1083,1.35444,1.07521,1.68012,1.14403,1.29428,1.20391
2008-03-07,1.7428,1.91184,1.71875,1.70918,1.599,1.28322,2.37669,1.53931,1.17879,2.10517,1.41165,1.48755,1.7065,1.60486,1.80429,1.5499,1.60936,1.21707,0.922998,1.2765,1.38722,1.23353,1.2252,1.09635,1.09134,1.26808,1.32537,1.56439,1.15149,0.733795,0.899375,0.990142,1.37527,1.58648,1.12586,0.683124,0.666925,1.60344,2.15756,1.47321,1.39148,1.04115,1.29451,1.07521,1.68012,1.14403,1.25453,1.17924
2008-03-14,1.75995,1.93037,1.74916,1.74438,1.62555,1.30339,2.4014,1.55455,1.18665,2.14509,1.40304,1.49012,1.81243,1.68931,1.84219,1.59761,1.70847,1.20721,0.923161,1.27782,1.39361,1.22626,1.26048,1.13485,1.11551,1.30256,1.32259,1.5366,1.19732,0.724999,0.893792,0.985901,1.38588,1.60088,1.15782,0.713786,0.688109,1.59437,2.17024,1.4502,1.39022,1.04222,1.32432,1.07521,1.68012,1.14403,1.25356,1.18429
2008-03-21,1.77401,1.94687,1.75883,1.75499,1.6466,1.31859,2.50528,1.59329,1.18665,2.1972,1.41907,1.50085,1.79347,1.63612,1.82989,1.57655,1.72574,1.18038,0.963903,1.32312,1.38268,1.23132,1.23132,1.12993,1.0878,1.27297,1.22189,1.53199,1.13181,0.695092,0.887604,0.976458,1.39372,1.58717,1.03707,0.687303,0.686091,1.60891,2.18983,1.48361,1.36299,1.01456,1.28384,1.07521,1.68012,1.14403,1.28378,1.20878
2008-03-28,1.84003,2.01931,1.83583,1.83082,1.66762,1.37125,2.55398,1.62386,1.20831,2.21568,1.44723,1.55577,1.8047,1.66231,1.90775,1.66399,1.86741,1.22168,0.961532,1.31727,1.39323,1.20901,1.24187,1.13883,1.09651,1.30013,1.25773,1.5563,1.15306,0.723123,0.921193,1.01982,1.41151,1.58164,1.09815,0.757091,0.6785,1.59425,2.20147,1.46979,1.37978,1.09637,1.35608,1.07521,1.68012,1.14403,1.27824,1.22
2008-04-04,1.8576,2.0386,1.97317,1.96778,1.82818,1.47383,2.70008,1.72537,1.21779,2.28483,1.50883,1.5866,1.86765,1.72075,1.98486,1.77237,1.9015,1.30422,0.992091,1.37359,1.43969,1.26031,1.28646,1.17914,1.1335,1.35825,1.3125,1.62845,1.21555,0.733427,0.923436,1.05857,1.46762,1.70028,1.17285,0.771566,0.753957,1.67831,2.33025,1.57015,1.45939,1.19152,1.4819,1.07521,1.68012,1.14403,1.33053,1.28648
2008-04-11,1.84153,2.02096,1.93183,1.92791,1.71801,1.44397,2.53062,1.66467,1.2062,2.21047,1.46297,1.55436,1.8263,1.69945,1.9353,1.74669,1.90017,1.27619,0.971704,1.34117,1.41982,1.25017,1.27068,1.15087,1.11439,1.32288,1.29331,1.5753,1.19694,0.727215,0.923436,1.05327,1.41211,1.67939,1.16339,0.772371,0.706146,1.65111,2.2554,1.54591,1.46669,1.18863,1.46829,1.07521,1.68012,1.14403,1.29641,1.24216
2008-04-18,1.87091,2.05247,1.98365,1.98851,1.71297,1.46241,2.575,1.68269,1.2206,2.28867,1.50036,1.58191,1.87846,1.75952,2.02039,1.83544,1.92422,1.34194,1.03798,1.42679,1.52167,1.32654,1.31622,1.22156,1.19533,1.42102,1.4037,1.64969,1.30859,0.73607,0.923436,1.0777,1.467,1.78923,1.231,0.775915,0.736682,1.76868,2.39428,1.63679,1.56911,1.2531,1.56611,1.07521,1.68012,1.14403,1.34598,1.31033
2008-04-25,1.87092,2.04591,1.99576,1.99337,1.69283,1.46085,2.50396,1.62115,1.20978,2.2583,1.44965,1.56206,1.82269,1.7661,1.97979,1.74352,1.89906,1.34896,1.04232,1.41534,1.49826,1.29858,1.3133,1.20458,1.19293,1.38104,1.35867,1.61918,1.27814,0.737705,0.923436,1.06645,1.46762,1.7847,1.21962,0.77406,0.690671,1.82609,2.34398,1.64509,1.57635,1.22581,1.52514,1.07521,1.68012,1.14403,1.35687,1.32267
2008-05-02,1.79095,1.97147,1.92233,1.92547,1.67657,1.41507,2.53843,1.58968,1.20091,2.18097,1.40826,1.54803,1.82677,1.78426,1.9128,1.69347,1.83888,1.31205,1.02853,1.42331,1.41564,1.29208,1.28885,1.19374,1.16013,1.35532,1.3314,1.62172,1.23458,0.726399,0.924045,1.03989,1.44419,1.80255,1.17999,0.758166,0.697756,1.84643,2.37652,1.65073,1.60595,1.21105,1.5322,1.07521,1.68012,1.14403,1.37544,1.36811
2008-05-09,1.79155,1.98823,1.90981,1.93194,1.679,1.40475,2.54493,1.57521,1.2066,2.18316,1.41986,1.55988,1.82818,1.81902,1.91772,1.71655,1.825,1.31369,1.04056,1.42851,1.38358,1.232,1.30238,1.20206,1.13668,1.36273,1.33199,1.64313,1.24478,0.709334,0.918409,1.04476,1.44213,1.85979,1.17831,0.760762,0.687369,1.83737,2.39622,1.63983,1.60195,1.26846,1.56395,1.07521,1.68012,1.14403,1.35007,1.3524
2008-05-16,1.81542,2.01307,1.97874,1.99371,1.74508,1.44511,2.67711,1.60771,1.21836,2.28352,1.47446,1.58003,1.84603,1.86507,1.97074,1.7543,1.84305,1.35541,1.09396,1.48299,1.42039,1.30776,1.33783,1.24239,1.15801,1.39507,1.43435,1.68624,1.31423,0.741649,0.921629,1.08439,1.51519,1.935,1.24722,0.778468,0.727146,1.91121,2.5115,1.72253,1.62885,1.35988,1.65129,1.07521,1.68012,1.14403,1.38661,1.4029
2008-05-23,1.78262,1.9767,1.93145,1.94606,1.69635,1.40229,2.61293,1.59837,1.21226,2.23891,1.45029,1.56033,1.78784,1.78738,1.89577,1.72634,1.85489,1.31458,1.05375,1.38996,1.35459,1.26744,1.31978,1.18051,1.12644,1.32929,1.3692,1.63232,1.24799,0.740588,0.922127,1.08163,1.47851,1.82664,1.22765,0.774497,0.692572,1.83097,2.4383,1.66553,1.58635,1.26179,1.58285,1.07521,1.68012,1.14403,1.33782,1.35212
2008-05-30,1.85027,2.08395,2.00945,2.03321,1.75395,1.47608,2.65584,1.63802,1.24562,2.26633,1.49508,1.64339,1.81358,1.84188,1.98082,1.79311,1.86145,1.36385,1.07235,1.43002,1.35135,1.23906,1.37052,1.21176,1.14504,1.38125,1.4017,1.63757,1.31752,0.768926,0.929957,1.10102,1.51702,1.87618,1.24659,0.777047,0.700753,1.86059,2.49885,1.73127,1.60508,1.29878,1.63841,1.07521,1.68012,1.14403,1.36416,1.4029
2008-06-06,1.85522,2.08605,2.03008,2.04623,1.7092,1.49932,2.65389,1.64663,1.25731,2.23336,1.46667,1.60759,1.82424,1.85603,1.98472,1.79067,1.86362,1.32051,1.06793,1.41577,1.31601,1.23514,1.35058,1.18935,1.14002,1.37943,1.38731,1.62116,1.28704,0.758684,0.931106,1.08826,1.48929,1.88486,1.263,0.779958,0.667025,1.82668,2.42228,1.70649,1.57098,1.30866,1.62926,1.07521,1.68012,1.14403,1.3247,1.37541
2008-06-13,1.88553,2.11494,2.05842,2.08089,1.66583,1.52415,2.67213,1.66494,1.27488,2.2631,1.47372,1.5328,1.84227,1.86576,1.99197,1.80455,1.89379,1.31008,1.06606,1.40876,1.29623,1.22341,1.38477,1.23091,1.16906,1.41177,1.40372,1.61734,1.26429,0.77545,0.92598,1.11182,1.46985,1.85938,1.24464,0.779958,0.632023,1.82535,2.43235,1.66393,1.55796,1.34376,1.63619,1.07521,1.68012,1.14403,1.32334,1.35689
2008-06-20,1.87539,2.10031,2.04165,2.06231,1.63646,1.50782,2.66992,1.65598,1.27541,2.24132,1.4538,1.57784,1.80067,1.82594,2.01439,1.78699,1.89957,1.30684,1.06359,1.41395,1.32081,1.22243,1.36659,1.20237,1.17707,1.39835,1.44568,1.59288,1.28719,0.787416,0.918164,1.11458,1.46711,1.82991,1.2401,0.774038,0.612343,1.79139,2.35901,1.67841,1.53406,1.34511,1.63029,1.07521,1.68012,1.14403,1.28532,1.33117
2008-06-27,1.81271,2.00499,2.03354,2.01085,1.53438,1.49702,2.67063,1.64887,1.27136,2.18204,1.38511,1.52133,1.77015,1.79683,1.98504,1.69997,1.86854,1.28152,1.03651,1.3556,1.28082,1.17926,1.31173,1.1249,1.14335,1.35791,1.38891,1.52681,1.24505,0.779445,0.915524,1.0805,1.40649,1.72613,1.18535,0.767505,0.602068,1.73201,2.29935,1.61508,1.5095,1.2779,1.59965,1.07521,1.68012,1.14403,1.24575,1.28148
2008-07-04,1.68613,1.92899,1.98114,1.91913,1.50961,1.42475,2.56619,1.56422,1.24981,2.04737,1.32172,1.49698,1.69002,1.70793,1.94295,1.58114,1.75349,1.21359,1.00634,1.32241,1.24496,1.15403,1.22841,1.07829,1.0851,1.306,1.26796,1.44761,1.14749,0.768551,0.926522,1.01232,1.35177,1.63489,1.08717,0.755043,0.554479,1.66279,2.19787,1.55688,1.4714,1.12244,1.43998,1.07521,1.68012,1.14403,1.23384,1.25285
2008-07-11,1.78641,2.01675,2.11072,2.01516,1.50664,1.42481,2.63932,1.61079,1.31454,2.11071,1.32539,1.56778,1.72533,1.76225,2.06144,1.64754,1.86897,1.23799,1.0194,1.32535,1.22902,1.13212,1.2268,1.07569,1.06199,1.30083,1.25942,1.45723,1.11076,0.776677,0.925859,1.04776,1.3635,1.61056,1.1428,0.789386,0.528125,1.61017,2.17158,1.58676,1.49453,1.17996,1.50487,1.07521,1.68012,1.14403,1.20971,1.25089
2008-07-18,1.78381,2.01654,2.14521,2.06721,1.61189,1.4281,2.63802,1.65886,1.33215,2.0977,1.41045,1.5089,1.72175,1.73749,2.09106,1.63503,1.86282,1.20894,1.00205,1.34858,1.17794,1.11031,1.18508,1.08232,1.06402,1.30278,1.28498,1.44582,1.12504,0.775754,0.925569,1.04266,1.38423,1.58307,1.13185,0.774844,0.565271,1.63967,2.21959,1.63851,1.45887,1.14448,1.45762,1.07521,1.68012,1.14403,1.23061,1.25173
2008-07-25,1.78178,1.99526,2.13253,2.07917,1.62873,1.39496,2.71164,1.70081,1.33575,2.09853,1.39257,1.42653,1.72719,1.72329,2.06321,1.6162,1.82421,1.16158,0.970262,1.32361,1.13795,1.08422,1.12607,1.07595,1.0748,1.25828,1.29316,1.40272,1.08793,0.766495,0.928512,1.03295,1.37177,1.55378,1.07657,0.75077,0.558189,1.65729,2.13412,1.65236,1.4201,1.12086,1.41771,1.07521,1.68012,1.14403,1.22573,1.27082
2008-08-01,1.82799,2.06116,2.20316,2.15421,1.62288,1.45639,2.80744,1.76958,1.33974,2.09488,1.4438,1.4202,1.7387,1.71487,2.08519,1.6401,1.84142,1.15985,0.982687,1.34493,1.15441,1.0792,1.13903,1.07658,1.0826,1.25039,1.31062,1.43809,1.09064,0.768691,0.926798,1.06636,1.38785,1.55212,1.09179,0.783381,0.5801,1.6756,2.20151,1.64923,1.4156,1.15383,1.44514,1.07521,1.68012,1.14403,1.23237,1.25987
2008-08-08,1.80033,2.02744,2.15819,2.12988,1.57604,1.43979,2.81967,1.81051,1.3422,2.0492,1.42253,1.38955,1.73728,1.77352,2.09217,1.59484,1.78452,1.13947,1.00161,1.36077,1.19882,1.08901,1.16322,1.10271,1.10201,1.30523,1.32071,1.42149,1.13257,0.757829,0.920603,1.04808,1.44191,1.58499,1.02443,0.754849,0.578656,1.75014,2.24362,1.64951,1.43854,0.999657,1.28359,1.07521,1.68012,1.14403,1.26373,1.32836
2008-08-15,1.83528,2.06361,2.14942,2.13778,1.63746,1.45575,2.87757,1.80439,1.34095,2.04023,1.42,1.43692,1.7585,1.77696,2.12382,1.63942,1.82127,1.127,0.995015,1.36579,1.18309,1.10424,1.1618,1.11269,1.11722,1.30375,1.33349,1.42147,1.11322,0.760314,0.914394,1.04704,1.45718,1.5833,1.04391,0.729738,0.587279,1.79998,2.24299,1.66893,1.45592,1.00816,1.29501,1.07521,1.68012,1.14403,1.27154,1.35194
2008-08-22,1.80764,2.03737,2.16023,2.09246,1.58643,1.42684,2.84591,1.81521,1.34702,2.07116,1.42868,1.4704,1.72683,1.73467,2.11952,1.63448,1.81411,1.11991,0.970016,1.35644,1.16892,1.0848,1.15271,1.08708,1.10968,1.27317,1.31993,1.40154,1.09966,0.758421,0.919834,1.0371,1.44722,1.53889,1.0111,0.725152,0.592302,1.76357,2.18631,1.57468,1.41471,1.1042,1.36235,1.07521,1.68012,1.14403,1.26646,1.33314
2008-08-29,1.78387,2.0203,2.1666,2.11711,1.61553,1.44227,2.85906,1.80677,1.34128,2.07085,1.40599,1.4844,1.72303,1.73263,2.12679,1.62111,1.82989,1.12383,0.960348,1.3452,1.15358,1.10508,1.14942,1.06414,1.09846,1.26454,1.30238,1.3865,1.08801,0.765931,0.924721,1.03943,1.44509,1.50938,0.990277,0.722149,0.56717,1.75698,2.1487,1.60732,1.40922,1.11168,1.35546,1.07521,1.68012,1.14403,1.25806,1.29468
2008-09-05,1.68886,1.94046,2.01097,1.98697,1.50285,1.34348,2.68807,1.76044,1.33086,1.95988,1.35345,1.44323,1.65715,1.66177,2.00265,1.51632,1.76404,1.07901,0.900142,1.29641,1.10988,1.09726,1.15171,1.03852,1.0848,1.23584,1.24914,1.34158,1.05111,0.755548,0.924092,0.988847,1.40661,1.45595,0.905374,0.674243,0.539032,1.64452,1.99352,1.55031,1.35403,0.930969,1.16614,1.07521,1.68012,1.14403,1.21537,1.21973
2008-09-12,1.53595,1.86862,1.83224,1.9265,1.48915,1.2465,2.63482,1.69726,1.27586,1.8536,1.24618,1.45276,1.68766,1.63591,1.9124,1.47062,1.65648,1.08249,0.88744,1.29523,1.09475,1.12381,1.14409,1.03825,1.11492,1.22703,1.23659,1.35145,1.04536,0.732903,0.922371,0.921345,1.40059,1.49644,0.800364,0.616042,0.511201,1.63196,1.97135,1.6142,1.34821,0.900452,1.12012,1.07521,1.68012,1.14403,1.23169,1.21916
2008-09-19,1.59074,1.83762,1.83254,1.90499,1.48601,1.20675,2.7694,1.77165,1.29404,1.87171,1.2746,1.47188,1.8001,1.68884,1.88891,1.52542,1.70952,1.05103,0.832745,1.26844,1.06015,1.12877,1.12156,0.959471,1.0812,1.1867,1.1947,1.37034,1.01792,0.807015,1.0142,0.955955,1.4106,1.46843,0.837373,0.674077,0.495848,1.73795,2.09552,1.71179,1.34309,0.925011,1.16848,1.07521,1.68012,1.14403,1.21946,1.2051
2008-09-26,1.59241,1.83255,1.8386,1.90799,1.4657,1.21514,2.80025,1.79273,1.29735,1.86844,1.25872,1.44033,1.77402,1.67088,1.86469,1.46066,1.65799,0.996042,0.76757,1.19548,1.02391,1.08538,1.10465,0.919809,0.994423,1.1616,1.1658,1.32816,0.963084,0.80374,0.970496,0.918112,1.32278,1.41441,0.786974,0.619791,0.439845,1.53238,1.85467,1.66422,1.3033,0.774083,1.03028,1.07521,1.68012,1.14403,1.18733,1.15397
2008-10-03,1.53817,1.75471,1.70933,1.77217,1.27174,1.14325,2.67902,1.77477,1.29292,1.76527,1.16057,1.30055,1.73273,1.59285,1.75023,1.29727,1.56327,0.913875,0.665532,1.08098,0.929,0.960935,1.04329,0.884398,0.913665,1.0622,1.06073,1.23209,0.906782,0.694458,0.858322,0.843947,1.28407,1.30151,0.729348,0.592481,0.413105,1.36825,1.50914,1.32918,1.16316,0.565877,0.79964,1.07521,1.68012,1.14403,1.08407,1.01633
2008-10-10,1.44501,1.64297,1.51898,1.59033,1.12027,0.881639,2.38225,1.63686,1.28906,1.5919,1.05465,1.13608,1.46612,1.41195,1.58262,1.01957,1.33302,0.812299,0.622797,1.01524,0.858661,0.914142,0.975768,0.8458,0.817894,0.988567,0.924849,1.09539,0.832862,0.560108,0.777394,0.693646,1.20277,1.18545,0.638087,0.572296,0.316617,1.10787,1.29392,1.05595,1.0573,0.477215,0.684782,1.07521,1.68012,1.14403,0.8695,0.879806
2008-10-17,1.57017,1.76454,1.57295,1.69375,1.27942,0.891031,2.53465,1.7724,1.3382,1.60153,1.13115,1.20104,1.48096,1.44446,1.64707,1.11333,1.45474,0.821224,0.613704,1.00047,0.843765,0.91323,0.998477,0.8458,0.802255,0.970668,0.899634,1.04589,0.832862,0.579792,0.793393,0.77117,1.2088,1.15226,0.656932,0.57938,0.348461,1.09323,1.3094,1.09629,1.09288,0.470143,0.68895,1.07521,1.68012,1.14403,0.915775,0.907335
2008-10-24,1.57017,1.76454,1.55713,1.67468,0.993813,0.883821,2.52046,1.7724,1.3382,1.60465,1.13115,1.15736,1.46177,1.38797,1.62635,1.0792,1.43906,0.802403,0.60374,1.00047,0.830065,0.895361,1.00063,0.8458,0.758885,0.94397,0.873086,0.989474,0.832862,0.56686,0.781385,0.768906,1.20974,1.06987,0.649928,0.572814,0.308028,0.973083,1.16978,0.962871,1.08636,0.420362,0.605024,1.07521,1.68012,1.14403,0.855156,0.828961
2008-10-31,1.58347,1.77948,1.57623,1.69963,1.10603,0.897643,2.52535,1.78255,1.3382,1.62655,1.15049,1.18195,1.50455,1.42002,1.64448,1.08414,1.45508,0.825504,0.638245,1.00047,0.877506,0.88482,1.00063,0.8458,0.811968,0.952052,0.886555,1.05465,0.832862,0.638276,0.886058,0.824909,1.21455,1.07475,0.684314,0.566622,0.335409,1.11588,1.33503,1.05566,1.0893,0.531174,0.722996,1.07521,1.68012,1.14403,0.951341,0.923908
2008-11-07,1.59522,1.79268,1.58016,1.70386,1.08535,0.897198,2.49024,1.79274,1.3382,1.5961,1.16249,1.18195,1.51362,1.39875,1.64857,1.05963,1.44337,0.821861,0.606138,0.97679,0.833362,0.88025,1.00025,0.845483,0.766958,0.927492,0.878128,1.02772,0.832549,0.619347,0.89157,0.793853,1.18927,1.01502,0.644642,0.557872,0.307817,1.08353,1.29584,0.972017,1.06765,0.468002,0.656709,1.07521,1.68012,1.14403,0.922161,0.876154
2008-11-14,1.56201,1.75536,1.52285,1.62608,0.987073,0.884769,2.40171,1.75127,1.33809,1.49275,1.09491,1.18195,1.48815,1.41814,1.56066,0.910424,1.32329,0.798817,0.581315,0.928912,0.774296,0.853943,0.992011,0.838515,0.714142,0.880963,0.863215,0.983675,0.825688,0.609945,0.89157,0.778665,1.14243,0.947985,0.593543,0.507011,0.283168,1,1.23605,0.905758,1.0554,0.42541,0.594108,1.07521,1.68012,1.14403,0.851029,0.814073
2008-11-21,1.54679,1.72069,1.5331,1.60372,0.800723,0.875392,2.4323,1.76164,1.34035,1.46207,1.09317,1.18893,1.43534,1.33886,1.54436,0.88162,1.31075,0.752127,0.52762,0.902718,0.694175,0.820098,0.982688,0.8295,0.613929,0.827627,0.854937,0.947691,0.817928,0.608799,0.89157,0.781782,1.13207,0.869614,0.554332,0.509655,0.245864,0.82745,1.09807,0.756187,1.0554,0.381949,0.53979,1.07521,1.68012,1.14403,0.781272,0.749183
2008-11-28,1.551,1.74644,1.54553,1.63583,0.900852,0.871271,2.45555,1.76565,1.34035,1.46815,1.08971,1.20309,1.47857,1.37515,1.57528,0.900231,1.3512,0.780427,0.557264,0.908816,0.723251,0.843035,0.998986,0.844301,0.67573,0.886586,0.86927,0.979621,0.831494,0.614087,0.89157,0.790524,1.18098,0.908278,0.575015,0.530307,0.292279,1.01219,1.33909,0.894009,1.07119,0.421979,0.599579,1.07521,1.68012,1.14403,0.885121,0.818006
2008-12-05,1.55029,1.73718,1.55753,1.64074,0.886517,0.878434,2.45107,1.7393,1.34035,1.44947,1.07345,1.20443,1.53955,1.43236,1.5718,0.959301,1.39368,0.788603,0.547677,0.888028,0.69881,0.812288,0.993934,0.834018,0.683044,0.905402,0.857238,0.959998,0.827366,0.59892,0.878264,0.794675,1.16294,0.884607,0.62013,0.572346,0.300476,0.998266,1.30438,0.893924,1.05249,0.406784,0.592366,1.07521,1.68012,1.14403,0.8639,0.812949
2008-12-12,1.55843,1.74933,1.57439,1.66128,0.872873,0.887943,2.50265,1.77067,1.34035,1.46029,1.08925,1.20576,1.55597,1.49097,1.57444,1.02731,1.42253,0.774481,0.546891,0.872112,0.688484,0.803569,0.993087,0.833322,0.679311,0.886056,0.859392,0.962724,0.823515,0.584916,0.875003,0.799067,1.19113,0.872275,0.628817,0.584011,0.310978,0.998302,1.29567,0.878303,1.04244,0.414214,0.588428,1.07521,1.68012,1.14403,0.874314,0.833736
2008-12-19,1.55914,1.75013,1.57872,1.66585,0.91211,0.890383,2.52267,1.76957,1.34035,1.52955,1.10575,1.20576,1.56534,1.52862,1.57444,1.07546,1.44639,0.799124,0.557417,0.884437,0.710798,0.815464,0.995006,0.834954,0.702434,0.910714,0.879879,0.988018,0.828628,0.601603,0.88958,0.818506,1.20041,0.895026,0.655277,0.593173,0.322279,1.04046,1.325,0.920597,1.04245,0.422149,0.594086,1.07521,1.68012,1.14403,0.873488,0.84001
2008-12-26,1.56202,1.75336,1.58593,1.67345,0.916111,0.89064,2.54164,1.77513,1.33739,1.54571,1.11078,1.20576,1.56785,1.52411,1.57247,1.08172,1.44906,0.800408,0.553757,0.881905,0.710935,0.817424,1.00003,0.835539,0.709444,0.910733,0.88603,0.996025,0.834171,0.600756,0.892963,0.817444,1.19709,0.902686,0.651971,0.593173,0.31746,1.01088,1.3205,0.914101,1.04702,0.416953,0.585958,1.07521,1.68012,1.14403,0.863286,0.819475
2009-01-02,1.57316,1.76587,1.59078,1.67858,0.967622,0.893355,2.53907,1.77432,1.33739,1.56374,1.12583,1.20576,1.61199,1.56924,1.58368,1.09556,1.44917,0.861835,0.563674,0.902555,0.725215,0.839883,1.00437,0.833855,0.735171,0.954655,0.897173,1.01108,0.847089,0.606412,0.892963,0.818203,1.22582,0.946878,0.662701,0.597479,0.333753,1.08658,1.41781,0.983398,1.05672,0.426179,0.601824,1.07521,1.68012,1.14403,0.920733,0.872925
2009-01-09,1.56513,1.75685,1.57891,1.66605,0.972753,0.887007,2.54058,1.76356,1.33739,1.55328,1.1185,1.20576,1.60614,1.56414,1.55762,1.07185,1.45618,0.818117,0.534062,0.836553,0.685361,0.790679,0.97693,0.794155,0.712026,0.901876,0.838024,0.954168,0.801032,0.600961,0.897247,0.809636,1.12718,0.896166,0.660452,0.59392,0.339422,1.04191,1.33973,0.997477,1.02661,0.407118,0.56941,1.07521,1.68012,1.14403,0.882402,0.845918
2009-01-16,1.63567,1.82508,1.60522,1.65961,0.942781,0.910535,2.49934,1.79247,1.3392,1.51697,1.16924,1.22075,1.62772,1.58559,1.5937,1.04778,1.52571,0.809197,0.525849,0.81559,0.656243,0.792719,0.985816,0.784729,0.720623,0.91217,0.846945,0.974564,0.821681,0.581474,0.884391,0.809528,1.03869,0.90233,0.654388,0.59271,0.332995,0.996663,1.30572,0.950634,1.03837,0.407896,0.568323,1.07521,1.68012,1.14403,0.842486,0.827633
2009-01-23,1.63019,1.80574,1.60373,1.64331,0.876584,0.90793,2.50489,1.79247,1.3392,1.45078,1.10646,1.20158,1.59191,1.58161,1.58058,1.04544,1.52573,0.768448,0.52746,0.805263,0.654349,0.777827,0.974342,0.774181,0.705694,0.872927,0.830024,0.961428,0.810959,0.58504,0.887363,0.813239,0.969317,0.901415,0.638401,0.582525,0.323229,0.964289,1.27103,0.917517,1.00882,0.402192,0.567011,1.07521,1.68012,1.14403,0.823172,0.813004
2009-01-30,1.64404,1.82108,1.57578,1.61467,0.890643,0.898056,2.55159,1.79237,1.3392,1.45196,1.10299,1.19922,1.55809,1.58894,1.59902,0.993655,1.4505,0.690264,0.523688,0.804926,0.646044,0.765387,0.955085,0.774725,0.681864,0.843651,0.817601,0.945839,0.783103,0.521362,0.823431,0.783359,0.960239,0.851049,0.631738,0.557886,0.300362,0.95306,1.2424,0.900292,1.01058,0.400003,0.554925,1.07521,1.68012,1.14403,0.820399,0.817505
2009-02-06,1.67625,1.85676,1.60376,1.64177,0.947314,0.916276,2.61734,1.78967,1.34625,1.5247,1.11543,1.20782,1.64462,1.68246,1.62995,0.99268,1.46593,0.709876,0.536916,0.830929,0.68476,0.785045,0.985764,0.780741,0.694566,0.872775,0.818605,0.957057,0.802239,0.532601,0.821018,0.806522,0.978044,0.89522,0.619056,0.552901,0.308916,1.00968,1.31754,0.952161,1.03169,0.412925,0.580822,1.07521,1.68012,1.14403,0.861503,0.88249
2009-02-13,1.67008,1.84993,1.58672,1.61659,0.93019,0.906558,2.62135,1.78341,1.34074,1.48582,1.10671,1.19933,1.63311,1.63819,1.62374,0.993994,1.46076,0.66911,0.515657,0.814217,0.64525,0.750654,0.956019,0.75908,0.680981,0.867314,0.805084,0.911576,0.796608,0.531696,0.824314,0.808854,0.95693,0.852254,0.604778,0.553272,0.28807,0.967413,1.26511,0.917071,1.0022,0.400886,0.563884,1.07521,1.68012,1.14403,0.819706,0.856046
2009-02-20,1.64955,1.82449,1.52672,1.55175,0.824445,0.873662,2.53463,1.76629,1.34074,1.38551,1.08328,1.14979,1.59712,1.58921,1.59253,0.9441,1.42404,0.587457,0.49246,0.774571,0.621884,0.722541,0.927807,0.738761,0.64917,0.80462,0.764124,0.861915,0.752688,0.503498,0.822944,0.754913,0.896846,0.815036,0.58822,0.536491,0.232196,0.904231,1.17642,0.842726,0.989588,0.377952,0.530887,1.07521,1.68012,1.14403,0.766815,0.81216
2009-02-27,1.58861,1.73437,1.48263,1.51858,0.810969,0.849257,2.47562,1.71703,1.32393,1.30794,0.984182,1.08133,1.57847,1.54606,1.49993,0.884023,1.4044,0.574526,0.475771,0.744384,0.617076,0.699763,0.911665,0.714444,0.626833,0.736214,0.720797,0.834247,0.707322,0.507432,0.827404,0.753947,0.887391,0.780553,0.557028,0.532331,0.215888,0.876547,1.11653,0.829933,0.965189,0.360452,0.505381,1.07521,1.68012,1.14403,0.732248,0.774464
2009-03-06,1.60429,1.71962,1.47414,1.47249,0.754898,0.839364,2.445,1.69124,1.31491,1.28107,0.964966,0.97659,1.51173,1.45048,1.50049,0.851655,1.36375,0.509587,0.476584,0.744918,0.605549,0.673817,0.893329,0.716546,0.605889,0.724865,0.685211,0.812814,0.678664,0.50044,0.827404,0.737589,0.859382,0.753518,0.548141,0.526671,0.17006,0.822391,1.03277,0.768956,0.934313,0.339456,0.479718,1.07521,1.68012,1.14403,0.682626,0.739862
2009-03-13,1.63199,1.75553,1.5072,1.51238,0.845158,0.862082,2.48204,1.70839,1.3216,1.2789,0.973989,1.03523,1.50706,1.44659,1.51426,0.871626,1.3873,0.569726,0.49352,0.754332,0.621907,0.714704,0.895397,0.713056,0.619825,0.727785,0.696515,0.818234,0.686509,0.502421,0.827404,0.786881,0.894465,0.719768,0.551574,0.534027,0.183198,0.945099,1.19127,0.822183,0.952948,0.335875,0.495053,1.07521,1.68012,1.14403,0.753642,0.808503
2009-03-20,1.6284,1.75168,1.50391,1.50909,0.87101,0.860204,2.48204,1.70839,1.3216,1.26489,0.984366,1.05121,1.55622,1.4801,1.5109,0.876841,1.38425,0.554406,0.486459,0.736447,0.614542,0.738205,0.885948,0.712814,0.60614,0.712538,0.707986,0.835005,0.684831,0.496467,0.827404,0.78384,0.863299,0.741784,0.541768,0.529301,0.175432,0.999328,1.19825,0.832611,0.955024,0.329353,0.492895,1.07521,1.68012,1.14403,0.765221,0.822239
2009-03-27,1.6284,1.75168,1.51795,1.52317,0.916666,0.868232,2.50635,1.71204,1.3216,1.2945,0.987881,1.05121,1.67123,1.60848,1.52176,0.882115,1.38425,0.591354,0.517244,0.780795,0.64898,0.791462,0.882053,0.710922,0.65227,0.779996,0.73227,0.874338,0.704028,0.500893,0.828133,0.803446,0.884644,0.774635,0.576341,0.541105,0.192973,1.08216,1.32449,0.910782,0.971814,0.346402,0.514249,1.07521,1.68012,1.14403,0.814101,0.868451
2009-04-03,1.6284,1.75168,1.5152,1.52042,0.972373,0.866664,2.60972,1.70651,1.3216,1.32739,0.982787,1.05121,1.71146,1.65123,1.52176,0.906341,1.38898,0.593379,0.532454,0.814832,0.651946,0.79654,0.874328,0.702758,0.666101,0.801699,0.716834,0.856584,0.688817,0.508574,0.82562,0.817962,0.912073,0.736129,0.585591,0.540555,0.20468,1.10834,1.38937,0.930325,0.97955,0.353028,0.509368,1.07521,1.68012,1.14403,0.840536,0.911563
2009-04-10,1.60755,1.72925,1.51904,1.52855,0.98171,0.872181,2.75103,1.72815,1.3263,1.28117,0.992261,1.05027,1.78617,1.7324,1.51856,0.888833,1.39486,0.593033,0.549339,0.839088,0.668501,0.781449,0.884335,0.711514,0.68282,0.821804,0.724294,0.851392,0.692544,0.512194,0.846196,0.816008,0.948227,0.73465,0.573487,0.537628,0.199131,1.13303,1.36874,0.977995,0.988099,0.357985,0.505196,1.07521,1.68012,1.14403,0.855998,0.928188
2009-04-17,1.62214,1.71485,1.5385,1.5252,0.983234,0.877728,2.82598,1.73376,1.32722,1.29759,1.0101,1.0516,1.79536,1.73338,1.503,0.918808,1.39959,0.601768,0.54703,0.850318,0.662163,0.776283,0.878726,0.70624,0.692306,0.816726,0.724125,0.85373,0.696032,0.524965,0.849146,0.813752,0.964068,0.735226,0.598188,0.559103,0.214573,1.18964,1.42421,1.01294,1.00552,0.357733,0.512281,1.07521,1.68012,1.14403,0.868667,0.938615
2009-04-24,1.60951,1.7166,1.52783,1.53399,0.986015,0.872346,2.81713,1.73856,1.32486,1.28337,1.00235,1.03205,1.84343,1.78818,1.52623,1.0181,1.42668,0.59313,0.539358,0.836668,0.651554,0.783579,0.858502,0.694508,0.676211,0.793485,0.712299,0.853123,0.67096,0.521764,0.857362,0.89143,1.00484,0.740062,0.598391,0.57513,0.233801,1.1885,1.39695,1.00973,0.991515,0.346188,0.503633,1.07521,1.68012,1.14403,0.864477,0.949322
2009-05-01,1.60312,1.70979,1.52391,1.51933,1.00131,0.855677,2.87572,1.7255,1.32969,1.27536,0.988258,1.04851,1.91833,1.87504,1.53283,1.03692,1.45487,0.595243,0.550541,0.822374,0.658959,0.786443,0.84122,0.682972,0.692117,0.79481,0.678073,0.82643,0.654679,0.53544,0.903414,0.903615,0.981153,0.74896,0.620637,0.572294,0.25571,1.23282,1.47086,1.02671,1.01,0.347148,0.507458,1.07521,1.68012,1.14403,0.876747,0.968483
2009-05-08,1.59857,1.703,1.5467,1.53053,1.04383,0.855064,2.81475,1.71192,1.32514,1.28975,0.995829,1.04587,1.92835,1.87726,1.53115,1.02984,1.41038,0.604205,0.552553,0.823548,0.665263,0.835092,0.827829,0.676189,0.679512,0.766638,0.667539,0.826402,0.635181,0.562924,0.928348,0.893481,1.04732,0.780475,0.630854,0.583304,0.298018,1.23428,1.5146,1.13845,1.03153,0.348748,0.50978,1.07521,1.68012,1.14403,0.927522,0.964538
2009-05-15,1.58211,1.67724,1.50168,1.49339,1.00911,0.834198,2.72874,1.66567,1.31431,1.25617,0.98199,1.0399,1.8435,1.78598,1.51942,0.975042,1.34547,0.576978,0.520059,0.765927,0.610251,0.779767,0.820756,0.665224,0.647882,0.736425,0.654839,0.807711,0.62497,0.524816,0.920039,0.84974,0.931329,0.720694,0.588731,0.527179,0.278174,1.1527,1.35958,1.03883,0.986722,0.337686,0.498184,1.07521,1.68012,1.14403,0.884927,0.940305
2009-05-22,1.63219,1.71432,1.54013,1.54003,1.04721,0.854371,2.77492,1.70804,1.32429,1.32347,1.00368,1.04079,1.84708,1.79534,1.56216,1.01553,1.40382,0.580284,0.52248,0.75188,0.638349,0.784448,0.830422,0.670223,0.655028,0.755878,0.664662,0.819607,0.627646,0.545044,0.938251,0.8947,0.946128,0.737593,0.628388,0.533192,0.293744,1.18322,1.38172,1.05244,1.0092,0.347477,0.510684,1.07521,1.68012,1.14403,0.888019,0.945095
2009-05-29,1.63891,1.7292,1.59205,1.58932,1.08611,0.877603,2.94493,1.80248,1.32611,1.34138,1.02392,1.06189,1.92785,1.85942,1.63669,1.09948,1.46473,0.591395,0.549581,0.792317,0.668852,0.823291,0.847267,0.675963,0.696928,0.795087,0.692991,0.859468,0.638541,0.57638,0.948458,0.946144,0.993721,0.779225,0.659455,0.547744,0.312063,1.22501,1.43399,1.08475,1.04564,0.364177,0.531382,1.07521,1.68012,1.14403,0.923033,0.996943
2009-06-05,1.61864,1.7078,1.58746,1.58474,1.10944,0.879503,3.02595,1.81473,1.32572,1.37493,1.07647,1.09128,1.94918,1.88188,1.62701,1.14599,1.48321,0.616727,0.539898,0.794596,0.640063,0.836725,0.848261,0.668612,0.702254,0.816326,0.688745,0.85977,0.642727,0.57704,0.946613,0.970415,0.961364,0.790324,0.682015,0.568312,0.329385,1.2921,1.51907,1.07928,1.05025,0.368534,0.539272,1.07785,1.66285,1.14243,0.943184,1.03639
2009-06-12,1.60369,1.69439,1.55025,1.56737,1.11162,0.856679,2.95582,1.79576,1.32957,1.38011,1.05591,1.089,1.94367,1.8843,1.63356,1.13763,1.46866,0.604337,0.546665,0.790229,0.64582,0.837703,0.839049,0.658323,0.703774,0.82373,0.671912,0.840505,0.629995,0.574452,0.949538,0.967514,0.945099,0.779828,0.693828,0.569387,0.332712,1.26214,1.51649,1.09442,1.06035,0.360525,0.534678,1.05443,1.6261,1.10191,0.948471,1.03273
2009-06-19,1.572,1.6832,1.50377,1.52872,1.09227,0.837772,2.90576,1.75474,1.28131,1.32973,1.0364,1.06198,1.90643,1.77673,1.57208,1.07163,1.40486,0.593361,0.526506,0.762978,0.618676,0.824219,0.82477,0.648379,0.6709,0.789673,0.656374,0.824814,0.619649,0.534076,0.938932,0.905721,0.921666,0.764365,0.659333,0.559868,0.317171,1.19527,1.48986,1.05685,1.02229,0.356379,0.532061,1.0423,1.55115,1.02519,0.923332,1.02018
2009-06-26,1.54695,1.65186,1.50278,1.5196,1.09384,0.838767,2.98301,1.75773,1.23868,1.34017,1.063,1.10423,1.93668,1.81831,1.55201,1.07347,1.40236,0.598622,0.53575,0.767383,0.604613,0.822964,0.847188,0.652797,0.677853,0.807718,0.674131,0.828844,0.60824,0.554751,0.989407,0.913085,0.906276,0.757026,0.668734,0.585993,0.303808,1.19553,1.46569,1.04073,1.03052,0.353724,0.535498,1.03454,1.60286,1.03392,0.921326,1.0261
2009-07-03,1.56498,1.67757,1.50094,1.51683,1.02851,0.837224,2.91946,1.7373,1.23922,1.31708,1.07154,1.08569,1.90304,1.78659,1.55798,1.07068,1.40675,0.591261,0.534431,0.767482,0.593908,0.814392,0.824968,0.641687,0.663245,0.794374,0.66033,0.818774,0.596584,0.541101,0.973562,0.926327,0.893743,0.738717,0.644315,0.573534,0.291499,1.17099,1.41853,1.01579,1.00772,0.352357,0.527717,1.03054,1.5475,0.957255,0.900961,1.00438
2009-07-10,1.56127,1.67359,1.48328,1.48776,0.975586,0.82343,2.83358,1.70359,1.24427,1.28997,1.03862,1.06522,1.91655,1.78141,1.53663,1.00291,1.34272,0.56215,0.513436,0.74826,0.582293,0.783501,0.814094,0.62178,0.647981,0.778999,0.624726,0.793343,0.567063,0.516132,0.971897,0.900703,0.863054,0.711859,0.594473,0.537773,0.273875,1.15185,1.33579,0.989677,0.974089,0.336743,0.505058,0.98487,1.41607,0.865388,0.882402,0.985191
2009-07-17,1.58761,1.72229,1.53476,1.53592,1.03243,0.846726,2.90701,1.74399,1.25465,1.39382,1.11209,1.13172,1.94863,1.83749,1.58115,1.04464,1.39793,0.592483,0.541274,0.794118,0.607513,0.826518,0.840629,0.646529,0.684591,0.822543,0.646057,0.836404,0.586493,0.521948,0.972111,0.945447,0.887591,0.750812,0.629334,0.55312,0.288951,1.23314,1.41727,1.05542,1.04022,0.358196,0.535374,1.04761,1.58498,0.989762,0.944298,1.05967
2009-07-24,1.59802,1.73358,1.5678,1.569,1.05627,0.86362,2.98709,1.79097,1.26044,1.44944,1.1572,1.15348,2.06803,1.92664,1.61448,1.07735,1.41318,0.617924,0.570486,0.838129,0.627105,0.854776,0.868508,0.663553,0.724819,0.864998,0.671355,0.861461,0.608022,0.548716,0.975209,0.964296,0.926874,0.772542,0.638984,0.562844,0.288674,1.30652,1.47517,1.09499,1.0831,0.375959,0.555357,1.09957,1.77097,1.15782,0.983723,1.10171
2009-07-31,1.60819,1.74461,1.59381,1.58498,1.09668,0.879708,2.91835,1.79714,1.24192,1.47614,1.15928,1.13601,2.13986,1.94534,1.6318,1.0513,1.36307,0.639989,0.575656,0.859525,0.63091,0.858521,0.905503,0.693209,0.738263,0.880295,0.674585,0.863118,0.617974,0.529929,0.971494,0.968643,0.923294,0.779722,0.655871,0.554879,0.289323,1.31109,1.48146,1.13084,1.12165,0.373358,0.543288,1.09196,1.77682,1.2064,0.991247,1.113
2009-08-07,1.65911,1.80644,1.6257,1.6071,1.13981,0.884911,2.93674,1.83235,1.24048,1.51618,1.17108,1.16316,2.21159,2.03785,1.70096,1.09579,1.4243,0.642785,0.592034,0.866052,0.63464,0.877261,0.910172,0.705813,0.747003,0.897807,0.689986,0.891512,0.618476,0.544231,0.99336,1.00576,0.959458,0.789994,0.676801,0.57943,0.303985,1.39741,1.55094,1.17086,1.18603,0.37972,0.553679,1.11057,1.87189,1.34617,1.01522,1.12513
2009-08-14,1.70694,1.85005,1.66596,1.6458,1.15259,0.904779,2.92214,1.84425,1.26681,1.52573,1.15831,1.16195,2.20016,2.01512,1.73634,1.11007,1.44461,0.636645,0.59961,0.880507,0.628809,0.856106,0.9053,0.699652,0.751149,0.909717,0.67722,0.864451,0.614012,0.531015,0.989641,0.98454,0.942576,0.79099,0.679417,0.588693,0.304563,1.40217,1.53874,1.17173,1.16877,0.370443,0.546837,1.08343,1.93286,1.34116,1.01111,1.11807
2009-08-21,1.74067,1.8849,1.70631,1.6839,1.1537,0.92571,2.92701,1.90894,1.26419,1.53403,1.16321,1.1894,2.22204,2.06567,1.76997,1.14954,1.48495,0.653548,0.62093,0.91308,0.638658,0.874749,0.906677,0.714831,0.777305,0.939892,0.699175,0.869877,0.62921,0.55233,1.04895,1.03395,0.988509,0.800203,0.670921,0.607507,0.315481,1.44277,1.58352,1.19552,1.18887,0.369952,0.547734,1.082,1.95978,1.35538,1.03298,1.13669
2009-08-28,1.73762,1.89813,1.69732,1.67503,1.15432,0.915883,2.94258,1.88947,1.26264,1.53994,1.1692,1.19373,2.19842,2.11064,1.78429,1.16543,1.50228,0.65594,0.609974,0.908242,0.651093,0.874582,0.932079,0.741685,0.758492,0.92102,0.690588,0.87185,0.637372,0.565921,1.07836,1.05458,0.999695,0.797647,0.680152,0.607105,0.316606,1.44502,1.60029,1.23348,1.19174,0.372356,0.564908,1.08903,2.06611,1.46649,1.03709,1.14093
2009-09-04,1.74541,1.91173,1.70963,1.67677,1.15736,0.914737,2.93475,1.86752,1.25976,1.5398,1.16105,1.21962,2.17192,2.06633,1.7757,1.16809,1.58853,0.647123,0.600298,0.895193,0.62595,0.835967,0.910559,0.716117,0.753276,0.939832,0.681345,0.862506,0.630961,0.57028,1.0757,1.02228,0.968727,0.764419,0.65258,0.638517,0.303763,1.42646,1.54446,1.21074,1.18788,0.365573,0.572888,1.06919,1.95898,1.45191,1.02385,1.13867
2009-09-11,1.75943,1.91689,1.73,1.69188,1.17328,0.931637,3.01967,1.87715,1.25758,1.58232,1.19312,1.26151,2.24544,2.11879,1.7684,1.19382,1.6077,0.667777,0.614951,0.941534,0.642378,0.87624,0.94904,0.755642,0.790694,0.992564,0.706781,0.897473,0.654757,0.580979,1.0632,1.05123,1.00749,0.769704,0.668988,0.660199,0.3114,1.49619,1.55674,1.26994,1.22795,0.376028,0.591733,1.09977,2.15053,1.57702,1.05104,1.1714
2009-09-18,1.77696,1.92206,1.77373,1.72908,1.20469,0.951864,3.07728,1.86941,1.2558,1.6207,1.20131,1.26782,2.24644,2.12578,1.81101,1.20395,1.64117,0.668416,0.622984,0.959515,0.650454,0.889557,0.978301,0.767253,0.824234,1.0434,0.732729,0.909691,0.664867,0.607373,1.06343,1.10137,1.01807,0.784303,0.678553,0.670646,0.315419,1.52494,1.60066,1.32343,1.27411,0.378989,0.606884,1.10843,2.30547,1.62574,1.0757,1.19851
2009-09-25,1.74578,1.84646,1.69542,1.65913,1.13056,0.920312,3.02576,1.81082,1.20419,1.57881,1.15156,1.25155,2.19959,2.08059,1.76913,1.10605,1.52039,0.652699,0.581799,0.888654,0.615408,0.872351,0.954952,0.727367,0.793588,0.997681,0.709345,0.874235,0.634493,0.564563,1.06343,1.01464,0.989492,0.751165,0.632135,0.643492,0.29342,1.47,1.53127,1.27954,1.21378,0.349917,0.568854,1.0234,2.06957,1.44858,1.05282,1.17761
2009-10-02,1.81281,1.93115,1.72165,1.65254,1.1332,0.923111,3.14883,1.88064,1.21996,1.57283,1.15666,1.22845,2.14666,2.01069,1.77129,1.09091,1.54544,0.64671,0.570534,0.854058,0.595313,0.854953,0.927335,0.708139,0.774916,0.970559,0.693707,0.867925,0.633394,0.562711,1.06443,1.04685,0.988439,0.731694,0.635948,0.619776,0.292882,1.40656,1.46708,1.25462,1.20415,0.335189,0.551211,0.980326,1.96806,1.38992,1.03306,1.15446
2009-10-09,1.89212,2.04202,1.82881,1.75093,1.20148,0.97332,3.31819,1.96338,1.2454,1.64826,1.25491,1.30762,2.28375,2.14795,1.87015,1.14426,1.61501,0.676961,0.583388,0.869241,0.617008,0.873809,0.982312,0.740555,0.782881,0.988861,0.693781,0.885237,0.650217,0.612376,1.11318,1.06954,1.00627,0.755279,0.64935,0.652643,0.298345,1.50127,1.53417,1.30123,1.27459,0.355155,0.590971,1.03872,2.04079,1.43656,1.08114,1.19964
2009-10-16,1.91242,2.08049,1.85976,1.75911,1.21133,1.00022,3.34828,1.97735,1.24935,1.69385,1.2485,1.28395,2.2952,2.17837,1.87235,1.15577,1.62189,0.696449,0.598203,0.878386,0.630798,0.887778,1.00175,0.764159,0.804855,0.965501,0.693093,0.909148,0.658556,0.613095,1.11625,1.07378,1.04368,0.759731,0.666199,0.644481,0.307605,1.52146,1.53788,1.33156,1.295,0.353242,0.594751,1.03313,1.95857,1.42385,1.09757,1.20811
2009-10-23,1.9159,2.08078,1.86951,1.76693,1.20444,0.990623,3.27052,1.98478,1.27541,1.68743,1.21521,1.29497,2.29987,2.16355,1.86998,1.09595,1.55876,0.704596,0.588836,0.860503,0.626562,0.902656,0.993061,0.767068,0.780727,0.937403,0.674725,0.907288,0.651023,0.601037,1.06416,1.04674,1.02648,0.769799,0.632949,0.604025,0.297013,1.50161,1.54505,1.32491,1.27665,0.341646,0.586364,0.999211,1.81669,1.32201,1.08941,1.218
2009-10-30,1.78498,1.93895,1.75349,1.73483,1.15564,0.90298,2.96432,1.84576,1.19213,1.53987,1.12739,1.23882,2.19519,2.07092,1.78804,1.03278,1.41295,0.653461,0.53647,0.799134,0.573523,0.859029,0.934091,0.724312,0.713132,0.859268,0.625178,0.853171,0.599368,0.556649,1.01907,0.953445,0.953967,0.737677,0.576433,0.584842,0.278039,1.43056,1.4315,1.28482,1.2189,0.304388,0.523553,0.890243,1.57658,1.16598,1.04385,1.15672
2009-11-06,1.83228,1.98174,1.80111,1.76112,1.19295,0.925513,3.07376,1.90185,1.20693,1.61134,1.21473,1.2938,2.26515,2.1558,1.82545,1.09578,1.45805,0.676996,0.550823,0.820555,0.597186,0.890998,0.966654,0.751357,0.76133,0.897456,0.660277,0.889019,0.646569,0.579779,1.02005,0.996593,1.0003,0.765851,0.588019,0.602887,0.288392,1.48941,1.49873,1.34589,1.2961,0.340417,0.571009,0.995616,1.69615,1.21913,1.07983,1.20303
2009-11-13,1.84042,1.99051,1.83435,1.77888,1.21575,0.936207,3.1352,1.9117,1.20651,1.63143,1.22926,1.3385,2.30148,2.22927,1.82503,1.10331,1.45733,0.68604,0.553788,0.822634,0.606303,0.906577,1.00131,0.755865,0.769641,0.910457,0.674245,0.914639,0.662288,0.589305,1.03388,0.994009,1.0073,0.778753,0.603499,0.602468,0.297821,1.53893,1.53715,1.39203,1.30626,0.353901,0.593544,1.03505,1.77876,1.25704,1.10493,1.24285
2009-11-20,1.82966,1.98505,1.82621,1.76297,1.20261,0.932779,3.17252,1.92914,1.20647,1.60585,1.17885,1.32548,2.24175,2.21126,1.8551,1.06637,1.43972,0.683797,0.546229,0.808487,0.580035,0.902632,1.00155,0.740761,0.735015,0.88777,0.659876,0.902821,0.651511,0.584468,1.02918,0.965034,1.0146,0.771884,0.587443,0.58937,0.288997,1.50994,1.53492,1.38443,1.29069,0.340814,0.588863,0.996776,1.70489,1.22658,1.10301,1.22675
2009-11-27,1.77069,1.90984,1.74742,1.68279,1.14647,0.901059,3.09225,1.91561,1.17437,1.5565,1.14184,1.32879,2.21061,2.18478,1.83524,1.01998,1.36323,0.680351,0.547602,0.81716,0.578403,0.90847,0.996472,0.741955,0.733231,0.891985,0.658181,0.910414,0.659146,0.56442,1.0249,0.947012,1.0187,0.777184,0.563627,0.571196,0.272622,1.49125,1.52122,1.38027,1.29595,0.335737,0.584409,0.98193,1.65338,1.18128,1.10443,1.22873
2009-12-04,1.75617,1.93538,1.72202,1.68254,1.16117,0.906697,3.06521,1.91092,1.18069,1.58949,1.14407,1.35072,2.30479,2.30042,1.8613,1.0253,1.37879,0.693572,0.559135,0.844965,0.592459,0.931898,1.01008,0.752691,0.761652,0.909232,0.670906,0.929314,0.674191,0.569615,1.04363,0.983845,1.03107,0.790274,0.566484,0.568067,0.275668,1.59372,1.55684,1.37537,1.32873,0.358681,0.614351,1.04903,1.73303,1.18278,1.11894,1.24595
2009-12-11,1.74704,1.90164,1.73708,1.70043,1.17083,0.901837,3.01541,1.92033,1.19684,1.57709,1.13194,1.33992,2.29302,2.30289,1.86007,0.978914,1.3521,0.687718,0.572979,0.85249,0.587903,0.927999,1.02089,0.751841,0.761908,0.914238,0.672055,0.928478,0.665581,0.547996,1.00768,0.962889,1.03962,0.796875,0.553406,0.560053,0.26716,1.58064,1.56309,1.37424,1.34107,0.352415,0.597783,1.03071,1.70911,1.14213,1.11995,1.24624
2009-12-18,1.75289,1.88099,1.71151,1.68308,1.17152,0.892881,3.02262,1.91253,1.19348,1.56767,1.1478,1.32536,2.27633,2.31186,1.84391,0.96121,1.34318,0.677456,0.571479,0.85573,0.59104,0.935463,1.02545,0.755194,0.760091,0.918228,0.674503,0.93926,0.672801,0.560198,1.01175,0.955967,1.03546,0.788851,0.563691,0.557314,0.269031,1.61187,1.59486,1.38763,1.33575,0.360185,0.601442,1.05343,1.74395,1.16122,1.11686,1.25765
2009-12-25,1.79694,1.93741,1.74378,1.71243,1.19715,0.907663,3.08805,1.95866,1.21246,1.59925,1.17481,1.357,2.35577,2.39441,1.90215,0.985572,1.35279,0.70252,0.59804,0.889305,0.611211,0.974151,1.07334,0.780112,0.795458,0.937237,0.703466,0.973178,0.694985,0.569624,1.01884,0.970185,1.06632,0.801001,0.582413,0.56294,0.276873,1.67699,1.62989,1.4329,1.36337,0.382827,0.630268,1.11965,1.85509,1.22506,1.13986,1.30065
2010-01-01,1.83897,1.92014,1.77083,1.72075,1.20832,0.91141,3.05917,1.93441,1.21216,1.58101,1.15326,1.34369,2.3279,2.36672,1.94115,1.02099,1.36182,0.697507,0.584968,0.87074,0.597495,0.961441,1.06441,0.773053,0.777821,0.934447,0.69983,0.964362,0.683718,0.567051,1.01424,0.979079,1.05856,0.789833,0.581642,0.562645,0.275631,1.65176,1.60319,1.40824,1.33434,0.367967,0.612305,1.07619,1.78381,1.18038,1.12932,1.29414
2010-01-08,1.8906,1.96926,1.8339,1.78604,1.25035,0.945974,3.14114,1.9972,1.22943,1.64397,1.2288,1.39011,2.37505,2.42477,1.99775,1.0412,1.37336,0.715004,0.619646,0.920207,0.633325,0.992339,1.09325,0.8061,0.817919,0.952611,0.726103,0.998427,0.712446,0.571452,1.01424,0.989254,1.08511,0.824388,0.588253,0.57033,0.277786,1.72501,1.6607,1.48765,1.37078,0.395626,0.651067,1.15709,1.98287,1.27724,1.16104,1.31677
2010-01-15,1.84501,1.93496,1.79382,1.74529,1.22312,0.931029,3.1027,1.98642,1.24631,1.61262,1.23663,1.36796,2.34876,2.42801,1.95949,0.987611,1.33685,0.707219,0.577534,0.887671,0.611498,0.944529,1.07431,0.784135,0.784414,0.928281,0.711324,0.962142,0.700698,0.5819,1.01097,0.968543,1.07312,0.818389,0.564705,0.547983,0.265015,1.68086,1.62461,1.45526,1.35896,0.374916,0.612675,1.09651,1.76932,1.16015,1.15162,1.29697
2010-01-22,1.80253,1.90223,1.73972,1.6636,1.1682,0.898217,3.02638,1.92247,1.22382,1.54841,1.20083,1.32053,2.24342,2.29948,1.85016,0.939318,1.2517,0.688847,0.549555,0.838789,0.582496,0.919427,1.01317,0.754266,0.748168,0.88195,0.687116,0.942116,0.652801,0.566981,0.990827,0.889365,1.02445,0.779671,0.544314,0.531916,0.254048,1.61753,1.57644,1.39109,1.30049,0.343437,0.566093,1.00445,1.61872,1.05012,1.10672,1.24916
2010-01-29,1.78003,1.90238,1.71752,1.62772,1.1511,0.865747,2.94726,1.88619,1.23388,1.50242,1.1714,1.28142,2.25428,2.29489,1.8242,0.908717,1.20845,0.669506,0.532019,0.802946,0.557546,0.880451,0.998129,0.735302,0.755604,0.849479,0.677271,0.889156,0.649382,0.545292,0.989816,0.86863,1.02165,0.77613,0.529467,0.499889,0.244466,1.58866,1.5319,1.34415,1.25052,0.334426,0.544641,0.978093,1.56637,0.995629,1.08828,1.21041
2010-02-05,1.84172,1.96615,1.77522,1.68396,1.17917,0.905791,3.07134,1.9417,1.25479,1.49442,1.17498,1.29993,2.21569,2.24728,1.89123,0.93091,1.27627,0.659213,0.5228,0.79187,0.552167,0.873932,0.980506,0.730357,0.716861,0.843249,0.667436,0.870509,0.634013,0.549962,0.991753,0.865749,1.00231,0.767097,0.526885,0.500689,0.23974,1.5724,1.48937,1.34346,1.24566,0.32984,0.540307,0.964681,1.47477,0.94279,1.08088,1.21579
2010-02-12,1.85396,1.96971,1.81438,1.72458,1.2112,0.917576,3.10043,1.96834,1.26279,1.53023,1.20929,1.32296,2.23809,2.27187,1.90039,0.946547,1.30227,0.664386,0.536091,0.823037,0.563336,0.904087,0.995445,0.750018,0.735198,0.863296,0.67735,0.898776,0.648779,0.550657,0.987191,0.876277,1.02613,0.793439,0.543573,0.516223,0.251105,1.60482,1.55749,1.38847,1.26896,0.353304,0.573081,1.03331,1.6058,1.02835,1.09487,1.23785
2010-02-19,1.85828,1.98382,1.84972,1.75225,1.23692,0.931823,3.15363,1.9732,1.26336,1.56891,1.22671,1.34859,2.27182,2.32439,1.90792,0.947889,1.3023,0.692693,0.559652,0.862616,0.59263,0.927764,1.01818,0.785665,0.774069,0.907258,0.71327,0.926878,0.677537,0.555376,0.992653,0.898798,1.045,0.81515,0.549448,0.518332,0.256155,1.6642,1.59943,1.41324,1.30903,0.364576,0.598468,1.06627,1.63559,1.03939,1.12628,1.26812
2010-02-26,1.88104,2.00813,1.80273,1.70773,1.23359,0.910048,3.10667,1.97839,1.28163,1.56668,1.21217,1.3236,2.27433,2.34143,1.92874,0.955519,1.28728,0.707463,0.554179,0.861805,0.59164,0.940037,1.03237,0.783434,0.775083,0.910833,0.716267,0.954683,0.68485,0.558768,1.0046,0.872803,1.0397,0.810948,0.533123,0.510899,0.244274,1.66939,1.59593,1.41574,1.29711,0.357563,0.585571,1.04576,1.66083,1.08052,1.12223,1.26614
2010-03-05,1.9581,2.09039,1.88622,1.79447,1.29535,0.95046,3.15811,2.02851,1.29403,1.64955,1.25824,1.34866,2.35625,2.43198,1.996,0.986655,1.32874,0.736364,0.563444,0.882548,0.614322,0.974299,1.07386,0.800331,0.776764,0.930816,0.729903,1.00127,0.690299,0.594105,1.03163,0.930467,1.0771,0.842435,0.559856,0.530088,0.251673,1.77296,1.65536,1.48471,1.36739,0.380742,0.619238,1.11355,1.80302,1.1248,1.1578,1.31366
2010-03-12,1.96829,2.10306,1.92275,1.81652,1.32794,0.962873,3.20384,2.01681,1.29692,1.6555,1.2522,1.34413,2.38848,2.48345,2.02015,0.984366,1.3302,0.745625,0.577575,0.906279,0.614022,0.989541,1.09004,0.815779,0.784828,0.936636,0.734598,1.01055,0.695795,0.590432,1.02743,0.929795,1.1,0.853838,0.559561,0.527819,0.25119,1.77742,1.69399,1.49958,1.40246,0.389921,0.638151,1.1404,1.87125,1.1557,1.17006,1.33968
2010-03-19,1.97653,2.11186,1.89709,1.79328,1.3055,0.950166,3.15337,2.01311,1.30109,1.65871,1.2739,1.33689,2.3709,2.43207,2.00452,0.969315,1.33014,0.746201,0.578289,0.899687,0.613394,0.986681,1.08407,0.812788,0.757513,0.93078,0.727436,0.985239,0.692777,0.586903,1.02647,0.90946,1.08958,0.867508,0.549152,0.523741,0.24524,1.78651,1.70004,1.51216,1.40774,0.379125,0.618286,1.10883,1.78302,1.10405,1.18007,1.3448
2010-03-26,1.99406,2.1306,1.92192,1.81754,1.3215,0.955931,3.19405,2.02121,1.29579,1.69463,1.29284,1.32972,2.38552,2.46408,2.03803,0.988599,1.33089,0.745871,0.583173,0.909491,0.622846,0.987402,1.10066,0.827205,0.766341,0.937848,0.73533,0.986318,0.719292,0.589029,1.02647,0.929439,1.07589,0.87697,0.565215,0.523098,0.255482,1.81711,1.72382,1.51758,1.40141,0.393721,0.641504,1.15151,1.86348,1.2003,1.18628,1.35924
2010-04-02,2.0259,2.16624,1.94801,1.8448,1.35322,0.970251,3.23092,2.01425,1.30076,1.70112,1.31665,1.36727,2.41486,2.5151,2.08046,1.00669,1.33089,0.744521,0.586537,0.916456,0.629028,0.997899,1.11728,0.838117,0.758259,0.933557,0.734327,0.995488,0.719795,0.599415,1.02647,0.932887,1.10857,0.882169,0.58228,0.531945,0.261783,1.83987,1.74352,1.54288,1.43218,0.404225,0.651412,1.18224,1.87877,1.24398,1.19869,1.36377
2010-04-09,2.07279,2.22338,1.99771,1.89396,1.38802,0.996109,3.34442,2.06972,1.31799,1.76232,1.34198,1.39944,2.45047,2.55805,2.13129,1.01667,1.33089,0.759769,0.59898,0.943855,0.6453,1.02238,1.12909,0.849677,0.76767,0.953155,0.742443,1.0281,0.723807,0.605572,1.02647,0.944683,1.13862,0.900323,0.587012,0.532828,0.264021,1.89305,1.78019,1.54477,1.48116,0.430353,0.695265,1.25865,1.93089,1.31384,1.2165,1.3884
2010-04-16,2.05537,2.20987,1.97544,1.88091,1.38172,0.990786,3.3533,2.0665,1.32239,1.77597,1.31876,1.39857,2.44093,2.57058,2.12346,1.01564,1.32908,0.763699,0.604044,0.940454,0.655992,1.02944,1.1571,0.851859,0.776447,0.94458,0.759138,1.03232,0.725864,0.60411,1.02614,0.944732,1.12013,0.89278,0.582849,0.532828,0.262153,1.89082,1.7723,1.5425,1.48669,0.433538,0.696523,1.26797,1.95336,1.34714,1.21456,1.40256
2010-04-23,2.10054,2.27967,1.99998,1.97335,1.42877,1.04261,3.44705,2.10234,1.36971,1.75471,1.31812,1.4128,2.4858,2.67826,2.16885,1.0475,1.33267,0.787615,0.62625,0.964899,0.684883,1.05396,1.17911,0.868311,0.809246,1.00646,0.774275,1.09503,0.734325,0.618923,1.03673,0.964713,1.15206,0.917255,0.582971,0.537365,0.261033,1.977,1.83282,1.61122,1.53712,0.455606,0.731506,1.33251,2.02824,1.37558,1.23949,1.4306
2010-04-30,2.06439,2.25521,1.9575,1.94543,1.41801,1.02147,3.33307,2.05199,1.37726,1.70936,1.28394,1.37335,2.50471,2.59211,2.12758,1.02065,1.30407,0.74918,0.607083,0.959062,0.659282,1.02053,1.14297,0.851276,0.769306,0.963951,0.729808,1.06107,0.687579,0.59715,1.01629,0.947607,1.12553,0.880894,0.555475,0.515007,0.246673,1.89059,1.79427,1.5597,1.50429,0.420863,0.680715,1.2309,1.88874,1.30397,1.20897,1.39435
2010-05-07,1.97361,2.15271,1.8465,1.83214,1.34354,0.760968,3.17283,2.02978,1.34303,1.59616,1.22133,1.26613,2.31591,2.39016,1.99683,0.951692,1.17291,0.69883,0.557495,0.887914,0.607653,0.969229,1.05545,0.810858,0.678462,0.855999,0.667573,0.998844,0.623413,0.561717,0.991938,0.854862,1.0121,0.815516,0.499698,0.46164,0.227337,1.68883,1.68483,1.4503,1.38939,0.353995,0.593555,1.03533,1.60022,1.09393,1.13214,1.28589
2010-05-14,2.09832,2.2717,1.90583,1.90835,1.38281,0.796218,3.27979,2.11386,1.38894,1.66181,1.28953,1.31838,2.42505,2.4662,2.10427,1.0037,1.25425,0.720457,0.556928,0.887474,0.618926,1.00009,1.10548,0.804082,0.691285,0.879409,0.651058,1.07852,0.622291,0.566777,0.979642,0.898647,1.08063,0.819469,0.53146,0.494555,0.243119,1.74428,1.7268,1.45926,1.44985,0.371867,0.623979,1.0876,1.65602,1.15631,1.1589,1.32894
2010-05-21,2.04588,2.21859,1.84838,1.82985,1.32619,0.7682,3.06937,2.00484,1.35007,1.55622,1.19956,1.2333,2.38177,2.3969,2.06306,0.933759,1.17227,0.681086,0.509541,0.80827,0.583641,0.946721,1.05181,0.738251,0.653542,0.820366,0.622208,1.01135,0.582227,0.572511,0.978123,0.880079,1.0367,0.772011,0.515033,0.510142,0.238089,1.6255,1.61135,1.42561,1.38272,0.339082,0.56999,0.991711,1.51861,1.05113,1.11026,1.26975
2010-05-28,2.0734,2.24965,1.88175,1.87087,1.3294,0.782176,3.14899,2.03826,1.37439,1.60752,1.20544,1.24502,2.50711,2.52579,2.09096,0.937946,1.19045,0.68168,0.511193,0.803894,0.597471,0.933889,1.07697,0.742685,0.677196,0.842982,0.634215,1.02911,0.594702,0.597322,1.01694,0.92851,1.05298,0.788207,0.534802,0.535068,0.247341,1.61608,1.64305,1.45126,1.39181,0.359301,0.596151,1.05085,1.59529,1.09245,1.11291,1.29127
2010-06-04,2.06838,2.24972,1.87498,1.85387,1.30938,0.781861,3.15895,2.03826,1.37439,1.59492,1.19703,1.19403,2.52086,2.51384,2.07859,0.921021,1.18418,0.657764,0.506443,0.797569,0.581609,0.901789,1.05358,0.7301,0.660549,0.807791,0.613755,1.00009,0.578441,0.592764,1.00883,0.929254,1.04186,0.766674,0.506753,0.516048,0.237186,1.56945,1.59416,1.41009,1.36283,0.349059,0.565599,1.03291,1.5639,1.07063,1.08696,1.27683
2010-06-11,2.14314,2.33103,1.91046,1.88953,1.33512,0.804672,3.26323,2.06651,1.38172,1.71139,1.251,1.19627,2.52967,2.50689,2.12708,0.940263,1.23112,0.67309,0.533914,0.836514,0.606224,0.928958,1.07603,0.749366,0.688845,0.831431,0.636894,1.01748,0.605857,0.597468,1.01594,0.925354,1.06676,0.788117,0.497994,0.503447,0.23995,1.58205,1.6441,1.44514,1.3866,0.356474,0.583481,1.03291,1.5639,1.07063,1.11606,1.28844
2010-06-18,2.14459,2.33261,1.91175,1.8908,1.33251,0.805657,3.2679,2.06651,1.38172,1.7312,1.28708,1.18613,2.51695,2.4793,2.12825,0.945941,1.23534,0.689706,0.548674,0.857853,0.638368,0.950991,1.10136,0.76364,0.726716,0.883796,0.662417,1.03813,0.639605,0.601769,1.01948,0.927342,1.07817,0.798781,0.502143,0.50741,0.240794,1.60967,1.6841,1.48418,1.43752,0.385938,0.613621,1.03291,1.5639,1.07063,1.14233,1.33344
2010-06-25,2.11196,2.29712,1.82911,1.80907,1.28651,0.773782,3.11225,1.97106,1.35939,1.62923,1.23999,1.16563,2.40209,2.40196,2.0245,0.912318,1.23319,0.66808,0.510142,0.81396,0.618453,0.91186,1.04772,0.73232,0.694951,0.853077,0.645941,1.01111,0.622858,0.598365,1.01786,0.923085,1.0721,0.770325,0.492507,0.503972,0.236261,1.53346,1.61973,1.41733,1.38154,0.359264,0.575494,1.03291,1.5639,1.07063,1.10287,1.28689
2010-07-02,1.96052,2.14186,1.72925,1.72302,1.21909,0.709801,2.92988,1.8706,1.30641,1.52989,1.17262,1.0993,2.26277,2.27754,1.94391,0.847136,1.16179,0.632816,0.492486,0.788756,0.58848,0.896473,0.976932,0.705812,0.65482,0.800619,0.618411,0.95447,0.582178,0.597747,1.01681,0.882512,1.0119,0.7318,0.435861,0.487572,0.210531,1.42354,1.52603,1.31377,1.30047,0.309707,0.50335,1.03291,1.5639,1.07063,1.0449,1.20729
2010-07-09,2.09644,2.23836,1.79981,1.78091,1.265,0.737794,3.09211,1.90852,1.35173,1.61717,1.24043,1.14998,2.34257,2.36454,1.999,0.898178,1.25132,0.65869,0.497569,0.79617,0.601137,0.89949,1.02987,0.713513,0.704739,0.82468,0.649698,1.00317,0.61328,0.599225,1.02105,0.922745,1.01622,0.759166,0.4699,0.516294,0.222417,1.53227,1.59251,1.3919,1.36553,0.349128,0.55415,1.03291,1.5639,1.07063,1.10379,1.26841
2010-07-16,2.09474,2.23677,1.79961,1.78072,1.2593,0.737713,3.07268,1.89711,1.35173,1.58814,1.23272,1.16959,2.31935,2.30168,1.999,0.895107,1.25045,0.653236,0.497084,0.780276,0.59631,0.882,1.01734,0.706431,0.69316,0.807615,0.64242,0.984107,0.602291,0.59078,1.02105,0.919273,1.00362,0.748881,0.463538,0.516975,0.216094,1.49033,1.51573,1.37229,1.34894,0.334387,0.533514,1.03291,1.5639,1.07063,1.0905,1.26045
2010-07-23,2.21591,2.36615,1.85018,1.83076,1.29862,0.758445,3.12598,1.96697,1.35055,1.63319,1.29072,1.19096,2.35732,2.41755,2.08843,0.923525,1.26311,0.664582,0.511233,0.794322,0.620492,0.906168,1.04093,0.721385,0.748307,0.841833,0.679774,1.05008,0.641321,0.596594,1.02983,0.927448,1.02546,0.787424,0.496265,0.517331,0.223732,1.56309,1.57094,1.41482,1.39786,0.37831,0.587992,1.03291,1.5639,1.07063,1.12884,1.30934
2010-07-30,2.20012,2.36307,1.85671,1.83917,1.31001,0.761854,3.15344,1.98608,1.35513,1.64615,1.3403,1.19602,2.33758,2.41995,2.0938,0.924521,1.26617,0.67268,0.507216,0.79775,0.614818,0.90703,1.04454,0.721341,0.751747,0.841827,0.682032,1.05727,0.649757,0.60479,1.03253,0.93513,1.02358,0.782306,0.494597,0.518366,0.227444,1.5939,1.5577,1.42498,1.39165,0.381894,0.594136,1.03291,1.5639,1.07063,1.12741,1.30224
2010-08-06,2.23555,2.40843,1.85842,1.84449,1.32421,0.764552,3.20686,1.96963,1.36044,1.68848,1.32649,1.20091,2.40222,2.50763,2.12223,0.922313,1.26912,0.686131,0.516648,0.814444,0.623596,0.923055,1.05493,0.727918,0.742751,0.861462,0.690023,1.07468,0.64787,0.608071,1.03383,0.946809,1.06622,0.7978,0.488009,0.519165,0.230309,1.59883,1.60572,1.45035,1.39684,0.390113,0.595901,1.03291,1.5639,1.07063,1.14908,1.32924
2010-08-13,2.13798,2.31339,1.78126,1.77455,1.26083,0.733721,3.09597,1.91014,1.36556,1.62057,1.27604,1.17495,2.2418,2.3215,2.05121,0.87813,1.22358,0.663853,0.497685,0.784672,0.596068,0.903463,0.997072,0.696686,0.713706,0.838533,0.672823,1.04371,0.631602,0.601222,1.02693,0.913178,1.02405,0.75646,0.471345,0.514265,0.217548,1.51762,1.57809,1.3761,1.32897,0.366679,0.559107,1.03291,1.5639,1.07063,1.10737,1.27125
2010-08-20,2.17344,2.35495,1.81062,1.82704,1.26388,0.750247,3.1466,1.91667,1.39046,1.61946,1.28379,1.21551,2.24274,2.31075,2.08983,0.90515,1.25393,0.663512,0.502989,0.776473,0.598432,0.888089,1.00165,0.699387,0.715184,0.841776,0.682261,1.0821,0.630879,0.606252,1.03088,0.931182,1.02949,0.763426,0.482124,0.518947,0.220802,1.51336,1.58711,1.38219,1.33726,0.364216,0.558764,1.03291,1.5639,1.07063,1.09939,1.27694
2010-08-27,2.21281,2.39166,1.80802,1.83631,1.2487,0.755951,3.17453,1.95419,1.42482,1.62644,1.31134,1.19519,2.27622,2.32946,2.11029,0.931727,1.25462,0.65833,0.504974,0.775491,0.611761,0.860392,1.00252,0.701055,0.704969,0.82731,0.672471,1.08177,0.626929,0.611046,1.03088,0.946131,1.03331,0.755901,0.483909,0.518947,0.21713,1.53065,1.57055,1.37306,1.35718,0.362404,0.553117,1.03291,1.5639,1.07063,1.09254,1.25277
2010-09-03,2.2151,2.38865,1.8306,1.8616,1.28266,0.763733,3.19265,1.94686,1.42293,1.66113,1.31372,1.23148,2.35461,2.41136,2.13444,0.936797,1.25309,0.685944,0.516026,0.783356,0.624741,0.881224,1.02703,0.731639,0.742558,0.859128,0.697668,1.11376,0.656693,0.608987,1.03088,0.94416,1.06604,0.78071,0.481081,0.518947,0.227467,1.61246,1.62111,1.40822,1.41306,0.385005,0.583238,1.03291,1.5639,1.07063,1.13374,1.30792
2010-09-10,2.2151,2.38865,1.81215,1.84283,1.27581,0.755953,3.15555,1.94698,1.42293,1.64297,1.31474,1.20256,2.36499,2.412,2.11455,0.925291,1.24308,0.683716,0.515628,0.779416,0.616214,0.876629,1.01484,0.720117,0.724423,0.854823,0.687259,1.10584,0.64758,0.612205,1.03088,0.947372,1.05267,0.776087,0.475072,0.514802,0.227092,1.59397,1.63305,1.40423,1.42637,0.361573,0.567621,1.03291,1.5639,1.07063,1.13978,1.32469
2010-09-17,2.24148,2.4171,1.84383,1.87502,1.30604,0.764427,3.17384,1.94389,1.42517,1.66019,1.31973,1.22102,2.40736,2.48368,2.1404,0.933677,1.25241,0.693119,0.523924,0.790541,0.631134,0.881931,1.03781,0.722214,0.741774,0.861952,0.700951,1.14769,0.658804,0.613479,1.02753,0.945429,1.08453,0.78908,0.483872,0.518112,0.233123,1.59529,1.66616,1.42561,1.45236,0.376384,0.582672,1.03291,1.5639,1.07063,1.15626,1.3674
2010-09-24,2.26257,2.43984,1.90387,1.93365,1.34567,0.789357,3.25091,1.99727,1.43153,1.68357,1.3501,1.24533,2.47523,2.54043,2.18826,0.935535,1.25235,0.70653,0.533194,0.800704,0.635465,0.894261,1.04378,0.729696,0.75275,0.877229,0.71054,1.14985,0.66392,0.619825,1.03561,0.954696,1.0717,0.799649,0.487347,0.516234,0.234239,1.6169,1.71594,1.45412,1.50249,0.38532,0.606465,1.03291,1.5639,1.07063,1.18021,1.41499
2010-10-01,2.28745,2.46861,1.93127,1.96508,1.36594,0.796683,3.28783,1.99895,1.43135,1.71207,1.34068,1.24442,2.49908,2.57002,2.21977,0.936711,1.25235,0.706433,0.533388,0.797788,0.632092,0.907226,1.03049,0.725108,0.763457,0.883228,0.705596,1.15534,0.666357,0.614116,1.02561,0.941908,1.05071,0.810189,0.484322,0.516234,0.229785,1.60613,1.75685,1.49287,1.49493,0.396907,0.617434,1.02298,1.54936,1.05953,1.17805,1.39646
2010-10-08,2.32265,2.50503,1.96272,2.0012,1.37444,0.81358,3.28125,2.01814,1.43802,1.72732,1.3597,1.23669,2.53656,2.63467,2.25033,0.93365,1.25087,0.718661,0.528529,0.813412,0.642737,0.924494,1.00994,0.734283,0.7613,0.886153,0.697406,1.12948,0.668818,0.615261,1.02185,0.947058,1.06951,0.827366,0.484038,0.515002,0.228736,1.64977,1.7604,1.52785,1.53589,0.393653,0.620191,1.01459,1.51663,1.09936,1.19789,1.41755
2010-10-15,2.30174,2.49424,1.97171,2.0201,1.37358,0.818487,3.2977,2.03166,1.43548,1.73181,1.35141,1.24407,2.61507,2.72167,2.2991,0.938424,1.26476,0.717267,0.54534,0.827337,0.652141,0.916152,1.03279,0.734948,0.768752,0.890415,0.701668,1.14341,0.667698,0.61678,1.02185,0.931623,1.05755,0.829491,0.485816,0.515292,0.22615,1.7018,1.80077,1.5469,1.5303,0.398416,0.627107,1.02687,1.54314,1.14217,1.20981,1.46713
2010-10-22,2.29373,2.48994,1.92441,1.97188,1.37935,0.791108,3.25963,2.01142,1.4219,1.69628,1.30652,1.23936,2.62212,2.72914,2.23969,0.929541,1.2646,0.723527,0.53981,0.832097,0.648915,0.911707,1.0108,0.744653,0.765236,0.889357,0.703332,1.13632,0.665436,0.616701,1.02236,0.940251,1.05435,0.818169,0.484776,0.513179,0.229948,1.6956,1.8234,1.50571,1.50754,0.395494,0.621822,1.01933,1.4987,1.13932,1.21649,1.4714
2010-10-29,2.26188,2.46646,1.90751,1.96617,1.35606,0.786142,3.25835,2.00499,1.42001,1.70222,1.3055,1.2373,2.67917,2.79623,2.22684,0.932512,1.25114,0.722913,0.547872,0.85489,0.663186,0.911437,1.03716,0.751762,0.781149,0.894631,0.711487,1.19769,0.675233,0.616794,1.01502,0.93684,1.04023,0.823611,0.481912,0.504993,0.225759,1.72557,1.88234,1.5361,1.51599,0.417526,0.651602,1.07612,1.61081,1.2083,1.21793,1.48679
2010-11-05,2.29212,2.50191,1.94035,2.01462,1.38976,0.803015,3.33222,2.04535,1.43541,1.76023,1.3413,1.29038,2.69709,2.8397,2.24553,0.952344,1.25306,0.743159,0.572087,0.883615,0.695011,0.943853,1.07523,0.775993,0.813578,0.918172,0.725517,1.24984,0.691755,0.635255,1.03154,0.960034,1.07945,0.837669,0.495403,0.508122,0.239601,1.7997,1.98291,1.57875,1.57486,0.429129,0.681795,1.10603,1.67416,1.24244,1.26141,1.52924
2010-11-12,2.28423,2.49925,1.91498,2.01005,1.3847,0.801678,3.28491,2.04191,1.43182,1.73467,1.32768,1.26736,2.66748,2.7927,2.2378,0.942986,1.25306,0.720279,0.570079,0.878346,0.685953,0.921353,1.05563,0.776751,0.808209,0.904486,0.714283,1.237,0.671181,0.623004,1.02341,0.944285,1.05093,0.828736,0.482078,0.5093,0.232012,1.74327,1.91963,1.55362,1.54639,0.417305,0.667251,1.07555,1.63667,1.24048,1.23551,1.49619
2010-11-19,2.31687,2.52524,1.92685,2.03101,1.3864,0.810029,3.30098,2.05065,1.42925,1.7335,1.33316,1.27584,2.71016,2.76145,2.23824,0.949412,1.2794,0.717563,0.567914,0.866779,0.688685,0.922559,1.06206,0.781444,0.811084,0.905813,0.72236,1.2464,0.659852,0.623756,1.02328,0.937401,1.05489,0.828264,0.48472,0.512204,0.223376,1.69464,1.90713,1.5422,1.57329,0.422248,0.680603,1.08829,1.65002,1.24959,1.23643,1.49505
2010-11-26,2.30667,2.52325,1.9101,2.02368,1.37969,0.804211,3.29585,2.04929,1.432,1.71877,1.32702,1.27242,2.70653,2.78909,2.22745,0.955726,1.27683,0.715388,0.578132,0.887777,0.700605,0.936416,1.07509,0.789097,0.820497,0.900375,0.731668,1.29493,0.666577,0.626721,1.02465,0.946597,1.04851,0.825566,0.487657,0.51195,0.223575,1.66816,1.89604,1.51739,1.56104,0.437543,0.702562,1.12771,1.68915,1.27611,1.22112,1.5036
2010-12-03,2.32564,2.54459,1.98427,2.08627,1.40756,0.828391,3.32678,2.06096,1.43491,1.75231,1.34925,1.30778,2.72482,2.81064,2.24726,0.954208,1.27683,0.740981,0.595684,0.907463,0.73073,0.96266,1.10336,0.80986,0.84397,0.916437,0.756444,1.34177,0.681245,0.635718,1.02355,0.956073,1.06878,0.855636,0.486708,0.510775,0.221102,1.75162,1.96026,1.59203,1.60786,0.431811,0.715668,1.11294,1.75201,1.29291,1.26316,1.53494
2010-12-10,2.33319,2.55617,1.96188,2.0565,1.41597,0.813853,3.34068,2.06178,1.43055,1.75813,1.35011,1.31625,2.80416,2.89678,2.22333,0.956507,1.28227,0.743477,0.589152,0.910154,0.722783,0.968035,1.11245,0.815517,0.850472,0.917231,0.758516,1.33904,0.689317,0.638234,1.02355,0.955059,1.08805,0.847992,0.494301,0.516467,0.223524,1.75564,1.95882,1.60943,1.62798,0.430152,0.720674,1.10866,1.73671,1.33798,1.2795,1.55261
2010-12-17,2.33878,2.57215,1.9477,2.05894,1.42328,0.803494,3.3193,2.07597,1.43351,1.75395,1.37139,1.25953,2.7882,2.88249,2.23477,0.946159,1.26465,0.739291,0.586247,0.913512,0.718971,0.977605,1.11978,0.825477,0.843741,0.925663,0.76809,1.33888,0.700913,0.643411,1.02355,0.952321,1.09351,0.854999,0.476848,0.501055,0.214256,1.7712,1.98222,1.65406,1.65944,0.422348,0.712751,1.08855,1.71401,1.33539,1.28437,1.55654
2010-12-24,2.35122,2.59947,1.93899,2.06479,1.42317,0.804448,3.37536,2.09748,1.45105,1.77829,1.39569,1.26644,2.81384,2.93164,2.24548,0.95824,1.2757,0.739531,0.592818,0.912104,0.722945,0.988484,1.09378,0.830835,0.844559,0.926242,0.765172,1.33791,0.706199,0.649668,1.02355,0.954837,1.09055,0.871513,0.480194,0.500451,0.212843,1.79851,2.00772,1.66972,1.66792,0.423181,0.719526,1.09069,1.74028,1.34479,1.2978,1.56282
2010-12-31,2.34428,2.59888,1.9241,2.05194,1.41589,0.803781,3.37576,2.09514,1.44181,1.78556,1.38385,1.26908,2.88158,2.98425,2.22915,0.957782,1.2757,0.742826,0.593945,0.906864,0.727733,0.985793,1.08407,0.824266,0.84056,0.923852,0.761075,1.31965,0.704138,0.64945,1.02355,0.953011,1.08518,0.86688,0.478666,0.500451,0.212321,1.80419,1.99872,1.67376,1.6661,0.417724,0.713567,1.07663,1.72729,1.35073,1.29935,1.55483
2011-01-07,2.34628,2.59266,1.91775,2.03236,1.42069,0.801661,3.33729,2.08575,1.4609,1.80559,1.43707,1.25437,2.87171,2.96684,2.22284,0.949937,1.27655,0.738314,0.595748,0.917888,0.70923,1.00722,1.1323,0.820268,0.836678,0.918041,0.738932,1.33079,0.69617,0.645688,1.02024,0.948695,1.11396,0.860228,0.472099,0.501297,0.209882,1.79795,1.98542,1.67324,1.66912,0.421295,0.738795,1.08583,1.75886,1.36343,1.31372,1.59509
2011-01-14,2.40221,2.64723,1.9657,2.09702,1.45909,0.81945,3.40738,2.15533,1.49596,1.85853,1.44985,1.28171,2.9102,2.99958,2.26986,0.986328,1.28775,0.759465,0.605629,0.924817,0.716541,1.04295,1.1456,0.827024,0.856025,0.921912,0.752539,1.35845,0.714036,0.64776,1.0204,0.965683,1.14255,0.877753,0.48985,0.50025,0.218413,1.80704,2.05573,1.69779,1.68045,0.4248,0.753524,1.09487,1.78572,1.38919,1.33604,1.62735
2011-01-21,2.34631,2.58157,1.92076,2.02015,1.42206,0.798988,3.36565,2.18183,1.49029,1.84864,1.43428,1.2729,2.82301,2.90873,2.20704,0.940294,1.26274,0.751447,0.5825,0.897541,0.691492,1.00278,1.11598,0.811447,0.836675,0.922879,0.730087,1.26414,0.691266,0.637473,1.01434,0.943347,1.10291,0.865829,0.468016,0.494073,0.206897,1.73778,1.94971,1.64984,1.64628,0.39301,0.706544,1.01293,1.70009,1.31597,1.32643,1.58966
2011-01-28,2.3491,2.60476,1.94572,2.05066,1.4395,0.806417,3.29208,2.21983,1.54494,1.82772,1.43768,1.27186,2.78978,2.89314,2.23767,0.943142,1.28891,0.736116,0.581864,0.877222,0.69744,1.00012,1.12611,0.796726,0.856455,0.938694,0.720558,1.25968,0.70506,0.624138,1.01269,0.930213,1.11202,0.861595,0.469046,0.497041,0.202743,1.74042,1.99881,1.65716,1.66023,0.395238,0.729238,1.01868,1.71479,1.34815,1.31971,1.59109
2011-02-04,2.3941,2.68204,1.99018,2.11646,1.48734,0.824988,3.38868,2.28601,1.56768,1.86281,1.47249,1.2994,2.87631,2.9813,2.2636,0.966591,1.30895,0.747116,0.592728,0.941052,0.719747,1.01444,1.21424,0.839181,0.885518,0.967009,0.750663,1.2872,0.730981,0.636906,1.01898,0.95787,1.15896,0.904392,0.495504,0.491404,0.213814,1.78541,2.11005,1.71654,1.72705,0.42248,0.778436,1.08889,1.85232,1.4507,1.35515,1.6382
2011-02-11,2.45868,2.75584,2.05839,2.1865,1.52684,0.8539,3.44295,2.31058,1.57048,1.9216,1.49449,1.3268,2.95091,3.10215,2.32832,0.98591,1.31217,0.754051,0.618189,0.971171,0.735769,1.02256,1.27924,0.849279,0.90006,0.98647,0.777562,1.33091,0.742554,0.652703,1.02852,0.9928,1.2046,0.9209,0.508622,0.496798,0.2166,1.82263,2.14535,1.75884,1.75569,0.438156,0.811162,1.12929,1.92614,1.55052,1.3754,1.66846
2011-02-18,2.45877,2.75593,2.08984,2.21075,1.55022,0.866455,3.48216,2.3043,1.56486,1.97722,1.51185,1.34992,2.97079,3.13454,2.3178,0.98511,1.315,0.766043,0.619429,0.983515,0.732404,1.06033,1.30144,0.867825,0.903212,1.00584,0.764136,1.34137,0.744786,0.65925,1.02306,1.00268,1.20159,0.932797,0.512854,0.497125,0.219338,1.83182,2.1515,1.75556,1.78463,0.44672,0.82413,1.15137,1.96043,1.52037,1.39008,1.67674
2011-02-25,2.42158,2.69824,2.04315,2.1463,1.5144,0.843302,3.40523,2.27663,1.58247,1.95422,1.50124,1.35376,2.92986,3.07324,2.27015,0.990891,1.35277,0.736944,0.593062,0.941064,0.71298,1.02586,1.26491,0.842834,0.888682,0.996205,0.745685,1.29724,0.716295,0.655359,1.02922,1.00525,1.17874,0.908903,0.50971,0.492032,0.214512,1.83004,2.08662,1.71622,1.77473,0.434137,0.806242,1.11893,1.91031,1.47082,1.36734,1.6459
2011-03-04,2.46493,2.73494,2.05839,2.16887,1.51834,0.849227,3.52994,2.29782,1.58318,2.00351,1.47626,1.3527,2.96418,3.02877,2.24432,0.999529,1.35035,0.742323,0.60012,0.947853,0.720317,1.04134,1.27642,0.850375,0.902193,1.01686,0.752443,1.31091,0.726169,0.653154,1.0264,1.00183,1.18121,0.923824,0.507979,0.485468,0.214599,1.85703,2.08167,1.72555,1.77942,0.44161,0.811901,1.13819,1.89886,1.47312,1.36879,1.65504
2011-03-11,2.49598,2.76583,2.09203,2.19434,1.53913,0.853815,3.55484,2.30143,1.61089,2.03391,1.48471,1.36363,2.90407,2.9745,2.26589,0.988763,1.38843,0.739174,0.58465,0.895926,0.683322,1.02366,1.24851,0.815324,0.850662,1.00354,0.75397,1.29288,0.704154,0.658236,1.02666,1.01692,1.16809,0.909734,0.491954,0.485771,0.209497,1.80808,2.07295,1.70303,1.78183,0.427113,0.772935,1.10083,1.7095,1.34962,1.35195,1.61279
2011-03-18,2.50032,2.8178,2.05671,2.18172,1.53128,0.842766,3.45855,2.35993,1.59112,2.02893,1.45856,1.34653,2.89163,2.96876,2.29401,1.01377,1.42172,0.735444,0.565882,0.868514,0.663157,0.98412,1.22495,0.790201,0.839411,0.988004,0.733997,1.24874,0.680953,0.65734,1.03662,0.993175,1.11878,0.897757,0.495408,0.493781,0.213914,1.7819,2.03634,1.68486,1.74987,0.409497,0.740003,1.05543,1.70437,1.31841,1.32586,1.55674
2011-03-25,2.58423,2.91211,2.14908,2.25132,1.58013,0.881157,3.57549,2.4271,1.63426,2.11672,1.49094,1.4487,2.95641,3.03996,2.36376,1.07469,1.47661,0.743873,0.578493,0.907524,0.685516,1.01363,1.2471,0.826138,0.865721,1.02391,0.759626,1.31261,0.705636,0.68388,1.08236,1.03702,1.13582,0.939726,0.515655,0.503302,0.223983,1.81051,2.08576,1.72347,1.80466,0.439756,0.789572,1.13342,1.82685,1.38343,1.3626,1.62507
2011-04-01,2.59079,2.9195,2.18708,2.29145,1.59847,0.897409,3.64189,2.44978,1.6453,2.11351,1.52663,1.44097,3.06291,3.14258,2.38006,1.08474,1.47566,0.763848,0.588687,0.922722,0.693771,1.02421,1.27901,0.852185,0.885768,1.06761,0.772876,1.35123,0.725599,0.692782,1.08752,1.04967,1.14927,0.975458,0.525305,0.502374,0.227817,1.84725,2.12881,1.78397,1.86933,0.45583,0.810932,1.17484,1.93248,1.42957,1.38179,1.64279
2011-04-08,2.57461,2.89261,2.14912,2.23798,1.55392,0.876388,3.54918,2.42586,1.60871,2.11553,1.53382,1.44796,3.04527,3.10125,2.36774,1.08596,1.47062,0.759943,0.602083,0.94748,0.700885,1.01857,1.27352,0.847379,0.891377,1.05956,0.77056,1.35184,0.725835,0.690016,1.089,1.04529,1.16508,0.966471,0.523571,0.502227,0.22559,1.81528,2.11234,1.75566,1.85633,0.473585,0.825769,1.22061,2.00668,1.44166,1.37878,1.62821
2011-04-15,2.54124,2.85273,2.12918,2.18978,1.52968,0.86928,3.49203,2.41399,1.60912,2.10781,1.51807,1.42125,3.00861,3.04316,2.3349,1.06231,1.50114,0.756363,0.588107,0.935943,0.704876,1.02991,1.27431,0.840718,0.882762,1.05073,0.765666,1.31971,0.709656,0.690191,1.089,1.04229,1.17001,0.984021,0.533311,0.512271,0.226817,1.83212,2.09125,1.74357,1.85589,0.458199,0.810286,1.18095,1.97899,1.41985,1.37028,1.61964
2011-04-22,2.55098,2.86662,2.15384,2.20678,1.48033,0.872073,3.53889,2.42176,1.62536,2.16949,1.55475,1.45856,3.06021,3.08394,2.39451,1.07041,1.51248,0.767574,0.588349,0.96001,0.717801,1.02502,1.28867,0.837624,0.89009,1.08594,0.769099,1.34871,0.727706,0.700769,1.089,1.06717,1.19914,1.00467,0.524659,0.510448,0.226981,1.85842,2.14212,1.75892,1.90362,0.472412,0.839753,1.21758,2.04264,1.48431,1.38833,1.66795
2011-04-29,2.59509,2.91833,2.19244,2.2405,1.52035,0.885681,3.6323,2.44028,1.62452,2.20959,1.57737,1.50294,3.09308,3.1311,2.43984,1.08166,1.5118,0.777968,0.586895,0.979121,0.737825,1.05434,1.30023,0.850968,0.911304,1.08387,0.788065,1.36488,0.743588,0.711222,1.08748,1.081,1.21114,1.00237,0.523734,0.502051,0.226189,1.86966,2.19919,1.80911,1.96566,0.459341,0.823652,1.18389,1.97322,1.44545,1.41583,1.68911
2011-05-06,2.56206,2.91376,2.09777,2.16382,1.49276,0.866562,3.46718,2.36254,1.61378,2.14495,1.54176,1.44847,3.0316,3.08166,2.3964,1.05556,1.48093,0.770859,0.570157,0.969618,0.723558,1.03298,1.26052,0.846098,0.894053,1.05348,0.749635,1.30997,0.691049,0.702689,1.08049,1.06675,1.18683,0.981723,0.482203,0.490903,0.214101,1.8014,2.15785,1.73603,1.91987,0.422166,0.770126,1.08808,1.80345,1.3197,1.39269,1.67167
2011-05-13,2.5876,2.95365,2.08805,2.18307,1.51851,0.862802,3.50353,2.38246,1.65432,2.139,1.53696,1.42829,2.9852,3.01711,2.40315,1.08613,1.50472,0.76124,0.582033,1.01084,0.759269,1.04718,1.25999,0.851361,0.898336,1.04673,0.761314,1.29678,0.701267,0.701779,1.08681,1.07111,1.20287,0.981119,0.48456,0.503261,0.216177,1.81896,2.15412,1.73066,1.91369,0.411927,0.755906,1.06169,1.71498,1.25771,1.39103,1.66996
2011-05-20,2.61682,2.96611,2.06494,2.14923,1.49501,0.85335,3.58045,2.4275,1.71156,2.13603,1.54785,1.42999,3.03177,3.07976,2.41456,1.10185,1.53846,0.760715,0.576084,0.986253,0.738961,1.04759,1.22944,0.842691,0.900713,1.03245,0.755675,1.29535,0.692413,0.69147,1.08126,1.07576,1.19336,0.981882,0.492704,0.501191,0.218331,1.82031,2.15024,1.74033,1.92668,0.416375,0.759621,1.07315,1.72538,1.27546,1.38657,1.65166
2011-05-27,2.59095,2.94041,2.06464,2.11071,1.48749,0.859753,3.56851,2.44453,1.69792,2.12989,1.53831,1.44646,2.94558,2.98945,2.39217,1.14262,1.55191,0.760841,0.574172,1.00077,0.743603,1.04037,1.22993,0.840977,0.894777,1.03543,0.756576,1.30875,0.691077,0.693236,1.07806,1.07717,1.19577,0.982144,0.49462,0.505572,0.220489,1.78485,2.20136,1.73484,1.91518,0.433919,0.785975,1.11837,1.7778,1.33549,1.38553,1.64194
2011-06-03,2.53711,2.87863,2.03224,2.07352,1.45373,0.842844,3.54149,2.44863,1.71191,2.07459,1.53532,1.40603,2.88089,2.8628,2.32751,1.14398,1.54949,0.749258,0.556364,0.966743,0.712605,1.02349,1.18985,0.823562,0.868761,1.00464,0.73673,1.29651,0.666258,0.692222,1.07806,1.08244,1.14563,0.953566,0.473186,0.50154,0.213543,1.74632,2.14938,1.6963,1.87125,0.420367,0.753497,1.08344,1.70473,1.29308,1.35346,1.61106
2011-06-10,2.47746,2.8424,1.96896,2.0176,1.44662,0.827369,3.44675,2.3867,1.6631,2.01822,1.47558,1.37122,2.80996,2.778,2.24255,1.07105,1.47793,0.717989,0.539201,0.932678,0.693751,0.994688,1.14616,0.789951,0.854016,0.973292,0.718136,1.2564,0.648218,0.678095,1.06328,1.04236,1.10448,0.912191,0.448171,0.493809,0.211002,1.6962,2.09287,1.65629,1.82178,0.384168,0.711153,0.990146,1.58136,1.25985,1.3242,1.56217
2011-06-17,2.46464,2.80436,1.95248,1.99532,1.44164,0.812438,3.39779,2.36686,1.6459,1.99975,1.4257,1.34696,2.81959,2.79539,2.18988,1.04186,1.4466,0.716809,0.53587,0.931781,0.691732,0.985741,1.12633,0.786623,0.839806,0.955099,0.718815,1.24157,0.648547,0.678169,1.06219,1.01965,1.0951,0.897728,0.433375,0.485461,0.203246,1.67689,2.05973,1.65228,1.80687,0.367363,0.686992,0.946832,1.52271,1.25363,1.32503,1.54132
2011-06-24,2.50346,2.85108,1.98216,2.03462,1.46809,0.823725,3.42291,2.40663,1.64897,2.03188,1.46761,1.39945,2.87603,2.83309,2.23977,1.0745,1.47277,0.722526,0.54541,0.927435,0.70601,1.00694,1.12084,0.777454,0.859278,0.959633,0.732496,1.25721,0.64277,0.676341,1.06219,1.02234,1.08415,0.921468,0.440015,0.486847,0.207738,1.69079,2.06943,1.66008,1.82178,0.385088,0.713176,0.992517,1.59266,1.31055,1.32252,1.55822
2011-07-01,2.55349,2.90806,2.02644,2.08008,1.51037,0.84213,3.52589,2.45412,1.65145,2.10113,1.55119,1.4364,3.01919,2.98606,2.29052,1.08847,1.47277,0.748581,0.583909,0.995917,0.749106,1.0672,1.18548,0.817899,0.915836,1.01249,0.76857,1.30384,0.678745,0.680359,1.06219,1.03024,1.14248,0.965759,0.448165,0.49701,0.219536,1.77288,2.18137,1.74941,1.93198,0.417804,0.775957,1.07684,1.75284,1.3818,1.39668,1.65937
2011-07-08,2.55349,2.90806,2.02246,2.07599,1.50669,0.840472,3.5154,2.45208,1.65145,2.09583,1.55041,1.43727,3.00969,2.97237,2.28601,1.08395,1.47277,0.752354,0.593117,1.01633,0.759088,1.08604,1.19626,0.827892,0.928433,1.02677,0.778721,1.32861,0.683052,0.680359,1.06219,1.0317,1.15265,0.975097,0.449624,0.495346,0.219968,1.78188,2.22629,1.74573,1.92806,0.431239,0.797271,1.11147,1.79542,1.43174,1.40168,1.69147
2011-07-15,2.54994,2.90401,1.98376,2.03673,1.46223,0.824579,3.40681,2.40497,1.63596,2.05063,1.54101,1.43297,2.98452,2.94662,2.25559,1.05328,1.43942,0.732787,0.583892,0.97947,0.739676,1.06366,1.13487,0.79083,0.906112,1.00499,0.767227,1.30103,0.671644,0.680621,1.06219,1.04399,1.1073,0.972231,0.44673,0.486779,0.213073,1.75557,2.19291,1.72453,1.8393,0.41799,0.777838,1.07732,1.74294,1.39756,1.37342,1.65765
2011-07-22,2.54411,2.9155,2.01162,2.05091,1.47703,0.821937,3.41128,2.41218,1.64526,2.0861,1.56316,1.47069,3.05606,3.01504,2.26633,1.08302,1.4663,0.743814,0.592078,0.998223,0.754114,1.06909,1.11803,0.792648,0.923482,0.951009,0.768487,1.30707,0.683527,0.682943,1.0639,1.10868,1.16767,1.01113,0.459781,0.496773,0.222332,1.80583,2.23773,1.75125,1.87917,0.412263,0.779459,1.06256,1.74549,1.42395,1.40356,1.7078
2011-07-29,2.45781,2.81656,1.92158,1.96094,1.40695,0.783715,3.25209,2.32917,1.63402,1.99063,1.48489,1.41361,2.8759,2.83578,2.1732,1.03072,1.44954,0.713894,0.564565,0.963209,0.725748,1.01459,1.06162,0.758821,0.90227,0.89767,0.728301,1.24812,0.670656,0.662337,1.05344,1.06895,1.10913,0.93941,0.433477,0.487328,0.205136,1.73459,2.13454,1.68466,1.79451,0.389886,0.730865,1.00488,1.68665,1.41483,1.34881,1.66195
2011-08-05,2.23873,2.60208,1.73096,1.8517,1.32126,0.694615,2.93989,2.12563,1.4843,1.81182,1.36478,1.32481,2.76899,2.6806,2.05585,0.948196,1.35515,0.670143,0.532993,0.91425,0.666652,0.932877,0.97004,0.685833,0.835634,0.826351,0.667019,1.125,0.623198,0.617359,1.03077,0.987593,0.998919,0.880465,0.401601,0.457649,0.18247,1.58903,1.91172,1.5268,1.64213,0.345765,0.652715,0.891167,1.54349,1.31478,1.25234,1.54246
2011-08-12,2.12903,2.5059,1.73539,1.83863,1.3089,0.653897,2.82604,2.0364,1.43556,1.80852,1.3099,1.32626,2.8457,2.76418,2.05561,0.947588,1.32465,0.678998,0.534369,0.916611,0.65971,0.911876,0.974535,0.682446,0.820471,0.82346,0.661244,1.09384,0.615754,0.603629,1.01795,1.01102,0.97973,0.871186,0.388414,0.45606,0.186734,1.56102,1.97023,1.54491,1.63864,0.353744,0.656868,0.911731,1.57905,1.29268,1.23189,1.53501
2011-08-19,2.12461,2.50941,1.70829,1.81317,1.26375,0.643685,2.78684,2.03333,1.43556,1.80188,1.30955,1.27705,2.52465,2.4951,2.02501,0.909175,1.31639,0.64396,0.53227,0.915691,0.648024,0.888959,0.932484,0.681034,0.816192,0.817074,0.649562,1.04886,0.61448,0.594425,1.0149,0.989991,0.985556,0.797924,0.337234,0.448097,0.170482,1.49132,1.86179,1.48042,1.51844,0.310022,0.585333,0.799042,1.37816,1.11769,1.17474,1.43358
2011-08-26,2.23093,2.63499,1.83567,1.94838,1.36331,0.691683,2.86775,2.07945,1.48959,1.86904,1.39136,1.31848,2.77582,2.76052,2.13934,0.976517,1.40352,0.670534,0.542568,0.932504,0.664059,0.901711,0.9447,0.687123,0.851999,0.840351,0.665916,1.08222,0.619974,0.615556,1.02853,1.04307,1.00611,0.834652,0.358161,0.463569,0.186433,1.5795,1.99858,1.56095,1.61188,0.337841,0.639239,0.870742,1.53367,1.24159,1.23033,1.52241
2011-09-02,2.23093,2.63499,1.84217,1.95527,1.39319,0.694132,2.86892,2.08677,1.48959,1.89405,1.41762,1.38112,2.78726,2.7304,2.14587,0.976517,1.40352,0.678103,0.556515,0.959288,0.684981,0.899472,0.947261,0.688988,0.859294,0.848419,0.674248,1.09828,0.621656,0.625269,1.02853,1.04987,0.995879,0.829345,0.360527,0.464407,0.188917,1.56574,2.0323,1.58539,1.60707,0.348494,0.657985,0.923424,1.61879,1.28927,1.22908,1.5267
2011-09-09,2.21478,2.61591,1.90766,2.02478,1.43981,0.718807,2.90802,2.1418,1.49183,1.87429,1.41717,1.38112,2.77288,2.73851,2.18093,0.991931,1.40352,0.675376,0.557975,0.959918,0.682293,0.891884,0.945943,0.688056,0.855063,0.840559,0.670473,1.09999,0.620815,0.630561,1.02853,1.06863,0.976758,0.829081,0.362027,0.464407,0.186156,1.54216,1.96757,1.54378,1.60425,0.349327,0.657948,0.923424,1.61879,1.28927,1.20895,1.52384
2011-09-16,2.22189,2.63468,1.96024,2.08606,1.49683,0.738912,2.9729,2.14912,1.49183,1.91014,1.43193,1.38977,2.76957,2.70347,2.19078,0.980817,1.38756,0.685972,0.554651,0.954882,0.685022,0.893073,0.949635,0.689289,0.876189,0.875094,0.693131,1.14922,0.62247,0.646046,1.02853,1.06805,0.991009,0.851327,0.36726,0.462041,0.190121,1.65133,2.07274,1.62841,1.6604,0.349912,0.6779,0.923424,1.61879,1.28927,1.27391,1.62456
2011-09-23,2.15252,2.55819,1.82168,1.94201,1.35232,0.689074,2.78753,2.08243,1.46096,1.80916,1.36492,1.33896,2.64851,2.51158,2.08863,0.944053,1.40997,0.639111,0.525473,0.901365,0.643129,0.87079,0.925205,0.654533,0.822882,0.818855,0.669707,1.11868,0.593016,0.647573,1.03776,1.0603,0.943868,0.786458,0.352513,0.458901,0.16647,1.52226,1.88511,1.48672,1.53979,0.307842,0.612826,0.923424,1.61879,1.28927,1.19025,1.55451
2011-09-30,2.17871,2.57107,1.82899,1.93072,1.33404,0.681858,2.83138,2.08494,1.45771,1.80048,1.34321,1.27025,2.53716,2.37027,2.0382,0.92676,1.35046,0.619658,0.509488,0.88565,0.626311,0.850751,0.911205,0.638181,0.809254,0.797322,0.662336,1.09664,0.576968,0.631337,1.02947,1.04361,0.928107,0.759828,0.342045,0.454746,0.161735,1.52641,1.86768,1.47465,1.50171,0.277031,0.561319,0.923424,1.61879,1.28927,1.18617,1.50686
2011-10-07,2.22816,2.63275,1.89354,1.97532,1.37456,0.69161,2.82522,2.12374,1.48015,1.81539,1.3836,1.32245,2.46756,2.26995,2.07321,0.95137,1.38102,0.599342,0.498515,0.883946,0.613039,0.829627,0.913723,0.625949,0.798324,0.800917,0.657253,1.10374,0.570517,0.636002,1.02947,1.06721,0.924393,0.765038,0.367842,0.469156,0.167909,1.56497,1.89246,1.55076,1.51477,0.285827,0.577092,0.923424,1.61879,1.28927,1.213,1.55221
2011-10-14,2.23244,2.64314,1.8986,1.98463,1.39111,0.694892,2.82819,2.12374,1.48015,1.84432,1.41147,1.38359,2.51163,2.31039,2.07321,0.949269,1.38102,0.622418,0.501695,0.892006,0.633497,0.86301,0.942411,0.634084,0.828044,0.834119,0.663284,1.12769,0.590327,0.641981,1.02947,1.06721,0.935122,0.801599,0.373554,0.47177,0.17632,1.71467,2.06165,1.68704,1.58763,0.310494,0.633723,0.923424,1.61879,1.28927,1.28492,1.6702
2011-10-21,2.25095,2.66505,1.94202,2.03002,1.38684,0.710784,2.89661,2.13906,1.48282,1.87745,1.42775,1.37217,2.54155,2.30797,2.11755,0.946156,1.38856,0.617738,0.508248,0.90008,0.64223,0.87021,0.940802,0.639505,0.829368,0.818289,0.6737,1.14007,0.584411,0.643564,1.03226,1.07116,0.95038,0.803557,0.373255,0.468362,0.177656,1.75207,2.08762,1.72614,1.61021,0.280085,0.60224,0.923424,1.61879,1.28927,1.29959,1.64494
2011-10-28,2.26152,2.67757,1.96244,2.05136,1.48055,0.718325,2.92555,2.15021,1.49033,1.91999,1.45693,1.38208,2.56279,2.32902,2.15177,0.947728,1.39384,0.628378,0.515844,0.911182,0.651577,0.888522,0.945107,0.643295,0.844342,0.835421,0.668253,1.14911,0.571193,0.64439,1.02952,1.08322,0.992141,0.828061,0.369833,0.470159,0.203466,1.87545,2.27971,1.87084,1.66489,0.291755,0.642498,0.923424,1.61879,1.28927,1.34813,1.69202
2011-11-04,2.24916,2.66293,1.96189,2.07824,1.46998,0.724375,2.94486,2.17875,1.51937,1.90917,1.49045,1.37564,2.54955,2.32393,2.17034,0.978227,1.38753,0.619707,0.50893,0.906575,0.647493,0.870017,0.939524,0.634263,0.823918,0.839742,0.670678,1.1442,0.568572,0.647313,1.04023,1.09038,0.979448,0.81294,0.374788,0.469415,0.193724,1.8392,2.23119,1.8236,1.62437,0.289983,0.628109,0.923424,1.61879,1.28927,1.31542,1.65929
2011-11-11,2.27193,2.68532,1.98079,2.09075,1.46579,0.731928,2.94051,2.185,1.52224,1.90027,1.47978,1.38722,2.5699,2.34106,2.18544,0.98411,1.39171,0.628187,0.508219,0.914787,0.644955,0.87093,0.957116,0.64099,0.829703,0.841466,0.680111,1.15472,0.574027,0.633627,1.01696,1.0915,0.97536,0.801546,0.379428,0.473318,0.192402,1.84622,2.21246,1.79361,1.61417,0.279603,0.607842,0.923424,1.61879,1.28927,1.32779,1.66073
2011-11-18,2.26893,2.67955,1.95552,2.06432,1.46696,0.722715,2.88008,2.18661,1.52175,1.85209,1.45461,1.36947,2.46185,2.25653,2.18329,0.967618,1.39258,0.606083,0.498224,0.888999,0.62647,0.830847,0.940308,0.626178,0.813563,0.81309,0.665238,1.12308,0.558262,0.626535,1.01452,1.07697,0.9536,0.768952,0.372183,0.473908,0.19058,1.75242,2.17385,1.6745,1.56005,0.268872,0.583849,0.923424,1.61879,1.28927,1.27873,1.5904
2011-11-25,2.15981,2.55069,1.89595,2.01643,1.38306,0.704662,2.80396,2.13151,1.49172,1.80937,1.40563,1.30668,2.33669,2.12999,2.11003,0.89111,1.36318,0.577353,0.485538,0.867992,0.618737,0.811089,0.935474,0.603279,0.792822,0.776135,0.650821,1.09488,0.545466,0.621547,1.01452,1.05932,0.921678,0.72522,0.354443,0.467804,0.181439,1.64141,2.05698,1.59026,1.49866,0.254597,0.545247,0.923424,1.61879,1.28927,1.21961,1.51805
2011-12-02,2.2717,2.69559,1.95723,2.07618,1.43926,0.722746,2.89473,2.17135,1.53703,1.9136,1.4638,1.38939,2.43402,2.26005,2.19462,0.941883,1.38559,0.612335,0.493017,0.897049,0.634233,0.819703,0.938297,0.612328,0.828847,0.819667,0.674823,1.14971,0.580069,0.637335,1.01452,1.09376,0.944254,0.757292,0.36368,0.468317,0.202153,1.79476,2.20289,1.70154,1.5908,0.272527,0.584566,0.923424,1.61879,1.28927,1.30892,1.62542
2011-12-09,2.28663,2.7133,1.97337,2.09331,1.44131,0.728707,2.92374,2.17606,1.53908,1.92955,1.47797,1.39033,2.42752,2.24085,2.22279,0.946019,1.38559,0.613068,0.495495,0.896678,0.637663,0.818128,0.943099,0.61409,0.837345,0.823638,0.681672,1.15867,0.58018,0.636368,1.012,1.09207,0.952917,0.762259,0.362316,0.468317,0.199698,1.82158,2.21496,1.73152,1.59259,0.264752,0.575899,0.923424,1.61879,1.28927,1.3214,1.6369
2011-12-16,2.28218,2.70571,1.9137,2.03867,1.39853,0.708223,2.86804,2.14564,1.53642,1.89667,1.43434,1.38608,2.42041,2.19625,2.22239,0.94858,1.38454,0.590224,0.487434,0.877654,0.623966,0.804904,0.943986,0.610139,0.826106,0.806216,0.680004,1.13967,0.569407,0.636476,1.01217,1.0778,0.925055,0.746148,0.355909,0.468317,0.18647,1.72823,2.11724,1.66285,1.50955,0.249359,0.545783,0.923424,1.61879,1.28927,1.28273,1.57954
2011-12-23,2.30921,2.73164,1.9414,2.07166,1.41451,0.719732,2.90566,2.16598,1.54822,1.95607,1.48158,1.40279,2.45651,2.23296,2.2593,0.952849,1.39124,0.600518,0.499236,0.906969,0.641553,0.833712,0.972119,0.629331,0.837524,0.829066,0.700927,1.16367,0.584566,0.636476,1.01217,1.08212,0.935517,0.769738,0.357365,0.468798,0.192171,1.81138,2.19347,1.71896,1.54907,0.255091,0.558636,0.923424,1.61879,1.28927,1.33337,1.61466
2011-12-30,2.30913,2.73052,1.95616,2.08668,1.39825,0.724951,2.93249,2.1867,1.54822,1.96819,1.49052,1.39961,2.46721,2.23692,2.2637,0.956205,1.39641,0.594303,0.495106,0.902823,0.640744,0.833317,0.973982,0.627144,0.833621,0.824295,0.698854,1.1573,0.577998,0.636476,1.01217,1.08372,0.926831,0.771059,0.359421,0.470998,0.189527,1.79347,2.1887,1.70307,1.54871,0.253856,0.556112,0.923424,1.61879,1.28927,1.32398,1.60887
2012-01-06,2.31765,2.7406,1.92567,2.05514,1.43604,0.713991,2.91182,2.17324,1.54809,2.00942,1.51939,1.40192,2.45825,2.24576,2.23966,0.955146,1.39439,0.591096,0.487379,0.911799,0.63947,0.826968,0.979423,0.63004,0.816446,0.827174,0.696371,1.16333,0.588185,0.637171,1.01105,1.0849,0.925612,0.772938,0.359023,0.470316,0.194757,1.82207,2.22777,1.74403,1.55353,0.261939,0.569106,0.939274,1.61025,1.30875,1.34729,1.66593
2012-01-13,2.31634,2.738,1.94833,2.06861,1.41448,0.71867,2.93421,2.15137,1.54114,2.02907,1.5242,1.40593,2.47637,2.28062,2.25345,0.951873,1.38998,0.600731,0.493901,0.908602,0.643312,0.842622,0.983957,0.640999,0.82635,0.849263,0.697601,1.16627,0.593971,0.641707,1.01264,1.08927,0.959183,0.77826,0.359834,0.469081,0.198697,1.84819,2.24073,1.77738,1.55457,0.274556,0.588182,0.984515,1.59464,1.37624,1.35921,1.67659
2012-01-20,2.34814,2.78263,1.97848,2.10265,1.42612,0.730499,3.03964,2.19739,1.5502,2.08327,1.55616,1.41751,2.53062,2.33918,2.30747,0.971886,1.39382,0.611603,0.504507,0.927699,0.659243,0.856785,0.996156,0.643658,0.83592,0.867674,0.702197,1.17937,0.604428,0.643915,1.01338,1.10149,0.961409,0.783431,0.361027,0.469081,0.198985,1.90411,2.34313,1.81636,1.59732,0.281494,0.595325,1.00939,1.58715,1.44207,1.39202,1.72241
2012-01-27,2.37688,2.81664,2.00604,2.13648,1.45443,0.742251,3.08647,2.21286,1.55301,2.09837,1.54216,1.43555,2.61531,2.38328,2.29948,0.986427,1.3918,0.604827,0.497498,0.906128,0.664576,0.876161,0.9906,0.648185,0.833738,0.855928,0.697991,1.1726,0.605376,0.650704,1.01648,1.11732,0.98451,0.767397,0.367697,0.467394,0.201811,1.92254,2.38182,1.87157,1.66882,0.290837,0.614372,1.0429,1.6241,1.51446,1.39065,1.74057
2012-02-03,2.41501,2.87191,2.03888,2.17684,1.48221,0.756272,3.13595,2.23937,1.56178,2.15715,1.60215,1.45199,2.65195,2.43666,2.37818,1.01208,1.39991,0.615953,0.522685,0.937682,0.682756,0.913837,1.00344,0.663921,0.846822,0.872498,0.713813,1.18814,0.614282,0.666012,1.02098,1.14754,1.03977,0.787976,0.377504,0.473653,0.207674,1.93925,2.4522,1.93703,1.72863,0.298957,0.63385,1.07201,1.72488,1.61239,1.41935,1.78812
2012-02-10,2.41065,2.86085,2.00858,2.14283,1.47309,0.744455,3.11731,2.22274,1.55658,2.13939,1.58403,1.45184,2.62359,2.3876,2.36182,1.00072,1.39991,0.620665,0.521272,0.9387,0.675621,0.916938,1.00312,0.670829,0.849162,0.875394,0.714303,1.21158,0.615602,0.666475,1.02169,1.14271,1.0207,0.777689,0.375444,0.47323,0.210343,1.90085,2.49706,1.90434,1.71935,0.305408,0.64007,1.09514,1.7313,1.60772,1.41745,1.80022
2012-02-17,2.45917,2.92212,2.03005,2.16263,1.50241,0.751335,3.18966,2.28565,1.58312,2.13955,1.60266,1.47692,2.69093,2.40555,2.42465,1.01323,1.40537,0.631225,0.530038,0.950989,0.69294,0.92796,1.01405,0.673996,0.86029,0.897204,0.725363,1.22476,0.623065,0.670301,1.02465,1.14812,1.01994,0.784456,0.382976,0.475076,0.218419,1.92421,2.52132,1.94604,1.75886,0.311751,0.651094,1.11789,1.77087,1.63608,1.43907,1.82788
2012-02-24,2.47045,2.93611,2.02502,2.15007,1.51299,0.74401,3.17622,2.26905,1.6106,2.17886,1.60663,1.45444,2.69606,2.39298,2.40276,0.982006,1.37343,0.632305,0.533001,0.958564,0.694261,0.942372,1.02071,0.679386,0.858672,0.897136,0.729674,1.23063,0.62419,0.664332,1.02176,1.13938,1.02371,0.789419,0.36702,0.461417,0.214225,1.93933,2.54306,1.95063,1.75661,0.317722,0.656669,1.1393,1.80639,1.62691,1.44456,1.84316
2012-03-02,2.53871,3.01995,2.07447,2.2183,1.56216,0.759221,3.19424,2.31527,1.62989,2.18397,1.61115,1.47845,2.68593,2.363,2.42666,1.00206,1.39604,0.637954,0.537797,0.97338,0.697654,0.932437,1.01901,0.683169,0.857572,0.901226,0.731664,1.24529,0.637953,0.655249,1.01953,1.14716,1.02306,0.799961,0.3745,0.465792,0.21022,1.91364,2.51312,1.95364,1.75439,0.326436,0.669624,1.17055,1.81092,1.6495,1.44857,1.86938
2012-03-09,2.52149,2.99824,2.06382,2.20392,1.5593,0.752724,3.18009,2.33813,1.65052,2.18671,1.63905,1.46131,2.71176,2.38093,2.41988,1.02871,1.40918,0.644293,0.548856,0.979784,0.707124,0.932923,1.02714,0.692696,0.85465,0.912781,0.748549,1.25751,0.651404,0.65973,1.01919,1.17558,1.02216,0.800034,0.381589,0.466508,0.205879,1.90714,2.50505,1.96757,1.77458,0.332847,0.682978,1.19354,1.84324,1.64136,1.45131,1.8737
2012-03-16,2.52069,2.99644,2.09123,2.21967,1.57767,0.760126,3.19434,2.34499,1.65083,2.21936,1.64677,1.50611,2.76626,2.42004,2.44133,1.02174,1.40002,0.652024,0.552577,0.990846,0.71035,0.942525,1.0308,0.697192,0.86899,0.921483,0.751803,1.25525,0.657088,0.664921,1.01919,1.18019,1.04183,0.826429,0.387737,0.466283,0.206928,1.91804,2.53647,2.01103,1.80982,0.331344,0.682743,1.18815,1.87138,1.69447,1.4866,1.92018
2012-03-23,2.53324,3.00728,2.10316,2.22377,1.57743,0.761268,3.19873,2.36972,1.67249,2.21617,1.65876,1.49711,2.7794,2.41973,2.4605,1.01478,1.38925,0.647073,0.556439,0.995905,0.707734,0.941769,1.04337,0.702886,0.851326,0.916046,0.746321,1.23329,0.66559,0.659981,1.01919,1.18701,1.02106,0.824482,0.388474,0.466751,0.203954,1.88165,2.52775,2.00028,1.77206,0.337404,0.694239,1.20988,1.79967,1.64852,1.47971,1.93231
2012-03-30,2.54025,3.02207,2.16431,2.29014,1.62622,0.769754,3.23445,2.38788,1.68739,2.16519,1.66184,1.51875,2.79354,2.39391,2.50713,0.995885,1.37536,0.651315,0.553172,1.00683,0.715807,0.963787,1.04291,0.706462,0.851438,0.917045,0.745501,1.22678,0.669623,0.645057,1.00386,1.17618,1.02613,0.829724,0.388514,0.460055,0.199739,1.89549,2.54487,2.00803,1.7848,0.335641,0.693457,1.20356,1.77389,1.59756,1.492,1.94992
2012-04-06,2.53267,2.98616,2.15325,2.27572,1.6105,0.761576,3.21439,2.35165,1.66759,2.14039,1.63281,1.51183,2.77884,2.36332,2.49707,0.979118,1.36432,0.652681,0.534886,0.983109,0.714194,0.950166,1.04531,0.697287,0.848917,0.91369,0.743907,1.24039,0.678144,0.639976,1.00333,1.15553,1.01719,0.821901,0.383282,0.459921,0.191756,1.85221,2.52539,1.97935,1.79909,0.340656,0.705313,1.22154,1.75665,1.59306,1.48119,1.95482
2012-04-13,2.48647,2.92613,2.10418,2.21512,1.55749,0.736436,3.20583,2.32704,1.65858,2.09064,1.60482,1.45445,2.68669,2.27821,2.48559,0.972894,1.37594,0.647207,0.525298,0.957985,0.682446,0.939209,1.0272,0.691391,0.828448,0.902263,0.720823,1.23016,0.67125,0.636983,1.00333,1.14101,0.990025,0.814237,0.390689,0.461675,0.196666,1.81735,2.46392,1.93587,1.75863,0.342476,0.696655,1.22807,1.76033,1.54846,1.45311,1.91066
2012-04-20,2.46496,2.89077,2.09079,2.21575,1.55063,0.726717,3.18221,2.31478,1.6697,2.07832,1.59448,1.43291,2.68886,2.2806,2.46422,0.972989,1.37145,0.653541,0.540206,0.96555,0.694355,0.941591,1.04442,0.699041,0.852695,0.900759,0.719043,1.24428,0.685822,0.637807,1.00333,1.145,0.992846,0.820684,0.38399,0.460058,0.194782,1.82368,2.49328,1.93192,1.72385,0.34574,0.69526,1.23977,1.81874,1.54023,1.4617,1.89594
2012-04-27,2.46967,2.90005,2.05818,2.17796,1.54282,0.730409,3.27436,2.37316,1.70614,2.12702,1.63483,1.47928,2.70855,2.3239,2.43889,0.993079,1.37997,0.680483,0.561884,0.998712,0.721032,0.941228,1.04718,0.703982,0.877117,0.920959,0.731257,1.27388,0.685479,0.652635,1.00784,1.13956,1.00839,0.840667,0.389816,0.469919,0.198908,1.8883,2.51183,1.94699,1.75246,0.353265,0.712622,1.26675,1.91905,1.62372,1.48755,1.94097
2012-05-04,2.39024,2.79986,1.97444,2.10481,1.48585,0.704144,3.16146,2.30121,1.67272,2.00486,1.58005,1.43629,2.64785,2.25212,2.3434,0.962453,1.36763,0.667558,0.542734,0.985895,0.71515,0.926155,1.03686,0.692831,0.869746,0.909671,0.724115,1.25576,0.671866,0.624209,0.972375,1.10749,1.00945,0.80876,0.369194,0.457464,0.195567,1.81645,2.42439,1.87184,1.72171,0.334155,0.667368,1.19823,1.83242,1.55642,1.45163,1.86765
2012-05-11,2.37148,2.76195,1.95689,2.08143,1.48484,0.697806,3.09924,2.2555,1.64626,1.96699,1.5602,1.42772,2.57144,2.20634,2.30228,0.97483,1.36581,0.669677,0.540206,0.981802,0.71632,0.926083,1.05022,0.694038,0.877198,0.90193,0.706841,1.23326,0.670545,0.615817,0.946798,1.09572,1.00832,0.808257,0.365475,0.452473,0.195446,1.83419,2.3773,1.86857,1.69446,0.331545,0.664213,1.18887,1.86294,1.47499,1.4369,1.85264
2012-05-18,2.20983,2.57179,1.83448,1.9357,1.37488,0.638647,2.91191,2.14138,1.53163,1.83494,1.4647,1.35228,2.39749,2.07798,2.14057,0.901356,1.2337,0.6473,0.508442,0.940264,0.671071,0.895714,1.00401,0.672332,0.806536,0.863809,0.676191,1.19747,0.637601,0.593924,0.940113,1.02076,0.964238,0.771444,0.327521,0.440303,0.176409,1.72206,2.2724,1.77111,1.58295,0.31064,0.618582,1.11391,1.63217,1.34792,1.37471,1.75536
2012-05-25,2.26818,2.63393,1.84526,2.00964,1.43652,0.662429,3.00926,2.20262,1.59044,1.88237,1.54252,1.38724,2.47717,2.15278,2.17958,0.931314,1.2879,0.666898,0.515463,0.959156,0.689531,0.9003,1.02635,0.690583,0.872741,0.896597,0.701422,1.2252,0.657432,0.591737,0.940988,1.0404,0.982165,0.782184,0.353586,0.475933,0.18878,1.7564,2.33153,1.8276,1.62129,0.329987,0.650728,1.18328,1.782,1.43438,1.39971,1.79173
2012-06-01,2.18178,2.55251,1.80106,1.95615,1.40924,0.645855,2.87701,2.16265,1.58775,1.84054,1.49126,1.30239,2.37015,2.07879,2.13476,0.913081,1.24997,0.650307,0.494249,0.91,0.668572,0.872782,0.992631,0.658847,0.856379,0.87845,0.676897,1.20208,0.624674,0.5905,0.940379,1.02019,0.973028,0.755399,0.338521,0.471402,0.181468,1.65349,2.26126,1.76036,1.55984,0.314817,0.615598,1.12888,1.62962,1.32205,1.35796,1.74381
2012-06-08,2.27675,2.64172,1.87055,2.01779,1.45604,0.660447,3.02674,2.23351,1.609,1.88943,1.5538,1.36207,2.46212,2.15311,2.20085,0.952489,1.31062,0.676149,0.494686,0.906301,0.683086,0.875868,1.00252,0.66534,0.865059,0.907894,0.683131,1.2451,0.632488,0.599383,0.942461,1.07121,0.979336,0.778989,0.350092,0.493027,0.194655,1.72094,2.31578,1.818,1.60693,0.327888,0.643372,1.17576,1.6963,1.35794,1.41031,1.81482
2012-06-15,2.27728,2.63998,1.88689,2.02858,1.47749,0.659465,3.08923,2.24137,1.61668,1.94433,1.55389,1.3431,2.54236,2.19722,2.20513,0.96246,1.30634,0.681685,0.494038,0.907349,0.682779,0.893209,1.01271,0.673458,0.861814,0.909117,0.68386,1.25475,0.646683,0.594337,0.934081,1.06786,0.991751,0.769878,0.359829,0.495383,0.196243,1.73383,2.38054,1.83774,1.63548,0.323029,0.645611,1.15833,1.66219,1.35419,1.42869,1.82247
2012-06-22,2.27085,2.63253,1.88371,2.02515,1.47442,0.656161,3.08601,2.23736,1.61599,1.9498,1.56551,1.34369,2.46714,2.19062,2.20046,0.976459,1.3096,0.667717,0.487383,0.895378,0.690854,0.873685,1.00738,0.662773,0.876801,0.906223,0.693149,1.25758,0.656714,0.596997,0.937745,1.07702,0.982752,0.759045,0.361443,0.495504,0.19611,1.70433,2.40236,1.82035,1.63103,0.319308,0.638242,1.14499,1.66214,1.34426,1.42145,1.83288
2012-06-29,2.32544,2.71757,1.90685,2.05685,1.51706,0.667289,3.10577,2.27948,1.63144,1.99012,1.60534,1.33431,2.4927,2.21105,2.22669,1.00539,1.3225,0.671337,0.499013,0.911694,0.718295,0.891629,1.02859,0.685013,0.89616,0.92622,0.709336,1.23958,0.669042,0.600846,0.938438,1.10098,1.02828,0.783548,0.373447,0.504301,0.199119,1.70635,2.45552,1.87813,1.64174,0.313616,0.637605,1.12458,1.71537,1.3586,1.44957,1.85632
2012-07-06,2.33212,2.72268,1.90961,2.05982,1.53212,0.670698,3.10497,2.27791,1.63313,1.9957,1.60216,1.31704,2.4625,2.17922,2.22807,1.01457,1.32146,0.672715,0.507735,0.915423,0.734263,0.895254,1.03067,0.691462,0.909169,0.943158,0.712543,1.252,0.677623,0.59913,0.937372,1.09832,1.04411,0.800154,0.364486,0.503119,0.196901,1.68436,2.45721,1.84809,1.63694,0.315613,0.647013,1.13174,1.7233,1.37844,1.44307,1.85516
2012-07-13,2.34695,2.74,1.90748,2.05752,1.51535,0.670875,3.09456,2.25641,1.64529,1.98534,1.59735,1.31279,2.47397,2.16271,2.23611,1.02514,1.32986,0.678276,0.503355,0.918204,0.731605,0.89901,1.04334,0.692858,0.904735,0.942319,0.696955,1.26883,0.679293,0.594191,0.937372,1.09151,1.04416,0.815501,0.368474,0.504509,0.195664,1.70727,2.45383,1.83296,1.64495,0.312942,0.641024,1.12216,1.66872,1.33336,1.44584,1.83375
2012-07-20,2.3092,2.71859,1.85526,2.01051,1.50029,0.655936,3.01576,2.23475,1.64356,1.98091,1.57487,1.31647,2.39764,2.11826,2.23989,1.02345,1.32698,0.677245,0.488583,0.882172,0.715303,0.891381,1.02026,0.673677,0.857577,0.933445,0.687992,1.24471,0.663978,0.587877,0.938275,1.08537,1.04169,0.783629,0.365135,0.503671,0.193472,1.72208,2.45166,1.85052,1.67169,0.308298,0.62979,1.10551,1.66699,1.32126,1.45351,1.85863
2012-07-27,2.25594,2.66548,1.86182,1.95739,1.54608,0.642539,3.07264,2.24369,1.67663,1.9824,1.56072,1.33516,2.443,2.17878,2.18526,1.01268,1.31758,0.703204,0.494078,0.894577,0.738297,0.898252,1.02012,0.68056,0.877827,0.962232,0.710268,1.25181,0.671915,0.601932,0.94469,1.109,1.05401,0.801662,0.363154,0.505467,0.194128,1.73492,2.52027,1.88079,1.72186,0.320783,0.650825,1.15028,1.70853,1.35683,1.47705,1.87686
2012-08-03,2.25968,2.6497,1.83136,1.95669,1.50308,0.648107,3.10534,2.27252,1.6777,1.96503,1.56907,1.32345,2.40901,2.15138,2.19273,1.0354,1.31774,0.695882,0.492025,0.891028,0.742949,0.88833,0.994907,0.675766,0.879041,0.959965,0.717707,1.24203,0.66342,0.598471,0.948334,1.10196,1.05845,0.782204,0.352724,0.503749,0.193323,1.71115,2.52159,1.86473,1.71216,0.327142,0.655738,1.17308,1.79749,1.41938,1.48418,1.89798
2012-08-10,2.25044,2.63519,1.81215,1.93347,1.51934,0.634902,3.12416,2.308,1.68405,1.98223,1.59198,1.33595,2.39247,2.14223,2.17619,1.04341,1.31822,0.699938,0.498406,0.908068,0.749507,0.885258,0.990315,0.679668,0.881975,0.959021,0.726958,1.23423,0.664004,0.60122,0.952617,1.09617,1.10305,0.792255,0.349086,0.499881,0.200758,1.71435,2.61724,1.89889,1.74953,0.329708,0.663213,1.18228,1.85871,1.42597,1.50005,1.93443
2012-08-17,2.24836,2.6479,1.83357,1.9636,1.52931,0.646078,3.17211,2.30928,1.70105,2.02401,1.59796,1.36674,2.39401,2.13263,2.17804,1.04436,1.32268,0.710252,0.505495,0.926122,0.764255,0.889645,0.995487,0.683757,0.880249,0.966839,0.734112,1.23403,0.672751,0.600894,0.952617,1.09199,1.1326,0.804754,0.353504,0.501276,0.196398,1.73642,2.64494,1.9178,1.78215,0.341554,0.686299,1.22476,1.89496,1.48413,1.51432,1.97668
2012-08-24,2.25046,2.64819,1.84073,1.98579,1.54602,0.65312,3.17417,2.30105,1.71587,2.0293,1.59469,1.37523,2.38086,2.11297,2.21948,1.04326,1.31969,0.710389,0.507381,0.915075,0.762491,0.885037,1.00311,0.682055,0.873753,0.990528,0.721497,1.23575,0.660303,0.599401,0.952617,1.09174,1.12772,0.796903,0.349874,0.50059,0.194585,1.73046,2.65886,1.94249,1.75967,0.34199,0.697448,1.22632,1.85931,1.48093,1.50719,1.97581
2012-08-31,2.22439,2.62952,1.82912,1.92428,1.53482,0.637991,3.15423,2.28978,1.713,2.01527,1.59284,1.36668,2.39858,2.15913,2.21383,1.06309,1.32622,0.713857,0.513262,0.915537,0.775226,0.880302,1.00264,0.686738,0.895561,0.994199,0.733183,1.23357,0.665094,0.599093,0.952617,1.09518,1.12851,0.801251,0.351616,0.501823,0.19166,1.72847,2.66228,1.9464,1.75008,0.343017,0.701887,1.23001,1.88847,1.48882,1.50346,1.97205
2012-09-07,2.23791,2.64254,1.83288,1.95271,1.59283,0.641469,3.18393,2.31518,1.714,2.04559,1.63655,1.3982,2.45652,2.23118,2.22336,1.07038,1.32622,0.719664,0.524123,0.934617,0.791588,0.909685,1.0185,0.702888,0.901315,1.02261,0.744105,1.24715,0.685661,0.595732,0.953128,1.08728,1.16578,0.821486,0.352856,0.501404,0.200836,1.752,2.75093,2.03867,1.80687,0.350157,0.719914,1.25561,1.95836,1.54001,1.53722,2.00879
2012-09-14,2.24447,2.64271,1.85407,1.98364,1.60693,0.647909,3.21411,2.33071,1.71418,2.08587,1.6563,1.40985,2.4541,2.217,2.24009,1.07455,1.32377,0.726961,0.528236,0.933174,0.784592,0.930389,1.03159,0.707592,0.917507,1.03023,0.745956,1.24682,0.68982,0.601508,0.953531,1.08792,1.19492,0.83936,0.35952,0.504815,0.201597,1.79508,2.85122,2.09005,1.84515,0.349882,0.728682,1.25462,1.97135,1.62298,1.56822,2.03049
2012-09-21,2.25684,2.65952,1.84659,1.98416,1.59814,0.647889,3.207,2.33517,1.70977,2.08515,1.65721,1.4238,2.50747,2.21736,2.24999,1.07885,1.32662,0.735297,0.524547,0.931711,0.772007,0.916568,1.04068,0.702199,0.898344,1.00988,0.739431,1.23572,0.686172,0.597198,0.953531,1.08048,1.19279,0.834431,0.368293,0.505733,0.204313,1.76447,2.80703,2.03138,1.8382,0.345446,0.719546,1.23872,1.92703,1.57679,1.56192,2.03541
2012-09-28,2.19557,2.59035,1.78985,1.94675,1.54513,0.637135,3.16092,2.28235,1.68357,2.05346,1.63199,1.40215,2.4935,2.16733,2.20922,1.04737,1.32502,0.735671,0.520739,0.924478,0.763107,0.909813,1.0356,0.691929,0.896006,0.997723,0.729223,1.22892,0.680167,0.58086,0.947208,1.04302,1.16955,0.796904,0.36042,0.502907,0.202151,1.73388,2.71301,1.95412,1.82391,0.333732,0.694952,1.19671,1.82528,1.50758,1.54157,1.98957
2012-10-05,2.25161,2.64397,1.83827,1.99114,1.56016,0.64914,3.19708,2.30153,1.69477,2.11606,1.63387,1.45237,2.52538,2.19745,2.23809,1.06318,1.34359,0.742398,0.528781,0.923705,0.781443,0.918258,1.03591,0.689626,0.884813,1.02616,0.836382,1.25132,0.699438,0.577944,0.944724,1.05529,1.17861,0.807468,0.363391,0.502706,0.203243,1.77832,2.77296,1.98461,1.86423,0.34506,0.759091,1.23733,2.18067,1.76577,1.56481,2.00146
2012-10-12,2.23392,2.61485,1.77816,1.93902,1.52593,0.628012,3.08933,2.23168,1.67078,2.05008,1.58207,1.41848,2.48492,2.16452,2.18128,1.05645,1.35581,0.717128,0.514285,0.907484,0.739168,0.896218,1.01407,0.667698,0.855515,1.00492,0.789945,1.22246,0.68119,0.572434,0.94564,1.06495,1.14274,0.790503,0.349295,0.488819,0.196267,1.72987,2.75203,1.955,1.80817,0.339415,0.719467,1.21709,2.01834,1.64224,1.53001,1.93473
2012-10-19,2.22412,2.60817,1.75204,1.91584,1.52784,0.617919,3.13547,2.2749,1.71197,2.08952,1.56798,1.42574,2.50224,2.1686,2.14562,1.03212,1.33371,0.7188,0.521789,0.917687,0.745774,0.907866,1.0039,0.668525,0.852081,1.01589,0.792691,1.23701,0.659048,0.554145,0.932359,1.04473,1.13025,0.79401,0.341507,0.477236,0.193268,1.71853,2.7924,1.94264,1.81349,0.350866,0.735004,1.25815,2.10076,1.65952,1.53536,1.90571
2012-10-26,2.20003,2.58157,1.71073,1.89477,1.48061,0.598517,3.07954,2.29391,1.70091,2.05924,1.58618,1.40502,2.44661,2.15162,2.14467,1.04023,1.3229,0.715935,0.511777,0.898106,0.732913,0.872999,0.985726,0.659228,0.824272,1.00622,0.771429,1.22792,0.63288,0.551384,0.929651,1.03114,1.11234,0.77897,0.334301,0.473474,0.190459,1.6993,2.76903,1.94852,1.78931,0.358123,0.728758,1.28417,2.12989,1.65189,1.51352,1.89614
2012-11-02,2.2113,2.59602,1.70128,1.90419,1.46223,0.599361,3.08159,2.30515,1.68353,2.06389,1.58456,1.38977,2.57383,2.27024,2.14661,1.02839,1.33291,0.717472,0.516186,0.914478,0.740458,0.885249,0.996686,0.667529,0.814985,1.02085,0.772922,1.2365,0.632524,0.555307,0.931959,1.03561,1.12652,0.782674,0.329444,0.469935,0.195091,1.68961,2.77162,1.96574,1.78146,0.362173,0.722229,1.2987,2.10082,1.64605,1.51577,1.89092
2012-11-09,2.20425,2.60258,1.67601,1.88168,1.44534,0.598381,3.04984,2.26948,1.66779,2.06602,1.55804,1.35242,2.47278,2.16959,2.10709,1.05532,1.3441,0.701214,0.509613,0.895355,0.711613,0.861764,0.969385,0.647303,0.807076,1.00395,0.767773,1.22418,0.61204,0.543342,0.919456,1.01277,1.09682,0.753683,0.327916,0.466383,0.197768,1.62057,2.72026,1.95531,1.73794,0.37053,0.736483,1.32866,2.10195,1.62823,1.47936,1.84043
2012-11-16,2.16221,2.53412,1.63951,1.82069,1.40664,0.583263,2.96011,2.25501,1.66592,2.04,1.53825,1.35164,2.42455,2.15517,2.08013,1.03544,1.33576,0.693173,0.488854,0.870788,0.702173,0.841435,0.943413,0.627433,0.793302,0.985855,0.744483,1.20481,0.593357,0.540238,0.920937,0.980643,1.079,0.724577,0.3238,0.465258,0.194888,1.57215,2.68325,1.91543,1.70619,0.370135,0.715439,1.32725,2.04493,1.5594,1.4602,1.80764
2012-11-23,2.21661,2.58576,1.67009,1.87478,1.43309,0.59744,3.02202,2.30757,1.6977,2.10131,1.58703,1.39476,2.50596,2.24367,2.11413,1.06056,1.37375,0.720604,0.506133,0.909899,0.736146,0.871428,0.981476,0.647582,0.818412,1.0339,0.77315,1.24792,0.611783,0.559568,0.924262,1.00762,1.11901,0.749664,0.33573,0.473315,0.200558,1.64286,2.80255,2.0003,1.78235,0.402031,0.7654,1.44162,2.17504,1.66983,1.51352,1.88308
2012-11-30,2.21599,2.58504,1.67069,1.87656,1.43136,0.598008,3.03885,2.31253,1.6977,2.13684,1.59225,1.38855,2.50901,2.24167,2.11498,1.07123,1.37296,0.719151,0.509133,0.918301,0.731983,0.889319,0.984567,0.650853,0.829027,1.03166,0.77439,1.25333,0.61551,0.555296,0.924708,0.994968,1.13613,0.745762,0.339329,0.477688,0.20209,1.64552,2.8061,1.96937,1.83732,0.394624,0.758023,1.41506,2.17264,1.6817,1.52209,1.9092
2012-12-07,2.22882,2.59692,1.67648,1.87691,1.45234,0.59812,3.0145,2.34019,1.7058,2.13415,1.58238,1.38807,2.47477,2.20637,2.13924,1.06939,1.37693,0.724649,0.498056,0.915239,0.724603,0.87667,0.977853,0.650654,0.819253,1.04745,0.762676,1.26958,0.609355,0.5563,0.927739,0.999663,1.13839,0.74801,0.341942,0.479045,0.210055,1.66409,2.87885,1.98633,1.84857,0.383802,0.741959,1.37625,2.15172,1.67199,1.52487,1.88395
2012-12-14,2.21,2.58271,1.66959,1.86944,1.4589,0.595738,3.03222,2.33607,1.71397,2.1257,1.57017,1.37412,2.46823,2.21595,2.12924,1.06707,1.37418,0.732552,0.503194,0.923336,0.727335,0.864345,0.982833,0.649744,0.820213,1.04816,0.762056,1.25839,0.604544,0.553852,0.924716,0.999467,1.12046,0.744878,0.341128,0.475165,0.205648,1.64821,2.85724,2.0029,1.88054,0.387419,0.746865,1.38923,2.21101,1.73462,1.52155,1.87699
2012-12-21,2.24922,2.63203,1.66881,1.84663,1.47963,0.593516,3.02727,2.35976,1.73379,2.11015,1.59495,1.38359,2.47619,2.22797,2.12891,1.05609,1.36411,0.726445,0.504592,0.94126,0.738769,0.874056,0.995829,0.652502,0.830442,1.0612,0.768865,1.2696,0.612442,0.556827,0.925053,1.00418,1.12125,0.750971,0.344098,0.475592,0.199701,1.67342,2.93614,2.03325,1.89612,0.41084,0.783255,1.47321,2.30101,1.7727,1.53978,1.90232
2012-12-28,2.21549,2.60025,1.64016,1.81566,1.45549,0.584457,2.973,2.3068,1.71438,2.10399,1.56889,1.35799,2.45885,2.20486,2.09585,1.05843,1.37729,0.718567,0.491338,0.911543,0.727661,0.865687,0.982766,0.647764,0.81633,1.04389,0.758363,1.25589,0.605101,0.544706,0.925053,0.992516,1.10869,0.728923,0.345642,0.480081,0.200789,1.64505,2.86348,2.00235,1.85986,0.400464,0.766335,1.436,2.24975,1.74534,1.51002,1.86089
2013-01-04,2.29873,2.6917,1.68704,1.87061,1.5063,0.605147,3.07913,2.37541,1.76704,2.22955,1.64604,1.41003,2.54565,2.29825,2.15302,1.08182,1.37773,0.752105,0.510564,0.953699,0.760003,0.905738,1.0134,0.680062,0.86183,1.10096,0.804905,1.30969,0.641921,0.577116,0.923701,1.0164,1.14478,0.776677,0.351816,0.482403,0.206145,1.74038,3.06939,2.11398,1.96778,0.437792,0.821092,1.56985,2.42035,1.88497,1.57839,1.94405
2013-01-11,2.29947,2.69256,1.71381,1.90029,1.5231,0.614749,3.08886,2.3576,1.75344,2.23075,1.65118,1.44565,2.53721,2.31739,2.16692,1.09202,1.37773,0.752011,0.514985,0.95126,0.773832,0.911882,1.01913,0.684528,0.870579,1.10933,0.823541,1.32258,0.64225,0.574523,0.926177,1.01474,1.15258,0.786008,0.353922,0.482403,0.207069,1.73908,3.11882,2.10046,1.9679,0.435087,0.825479,1.56016,2.39799,1.87305,1.58594,1.96243
2013-01-18,2.3267,2.72368,1.72667,1.91785,1.53272,0.621189,3.12832,2.38326,1.76292,2.24697,1.65634,1.44333,2.55791,2.33695,2.16846,1.0875,1.37198,0.763043,0.517248,0.962081,0.797997,0.923854,1.04018,0.690055,0.880713,1.12953,0.844446,1.34154,0.65515,0.581714,0.927139,1.02492,1.16009,0.793038,0.354012,0.482403,0.205249,1.78772,3.27829,2.1534,2.00747,0.440322,0.829514,1.57892,2.38604,1.95155,1.59952,1.95688
2013-01-25,2.37512,2.77982,1.75537,1.93634,1.54729,0.62734,3.2282,2.39738,1.77531,2.31938,1.70324,1.45572,2.5973,2.37933,2.22674,1.08684,1.37434,0.769603,0.526713,1.00025,0.817234,0.958441,1.04784,0.696216,0.894892,1.15469,0.844511,1.36667,0.667105,0.58132,0.926785,1.02342,1.17699,0.794669,0.353573,0.482403,0.204817,1.81575,3.31071,2.21387,2.02597,0.456618,0.860637,1.63736,2.47423,2.02106,1.62023,1.95484
2013-02-01,2.3866,2.80621,1.76207,1.95878,1.5516,0.637311,3.14091,2.41438,1.7836,2.33563,1.70473,1.45953,2.62133,2.38465,2.23538,1.07309,1.35447,0.77855,0.531658,0.993896,0.816998,0.938006,1.02317,0.693191,0.891188,1.1475,0.837211,1.38467,0.66588,0.56781,0.925514,1.02965,1.17971,0.798301,0.34689,0.486538,0.204709,1.83164,3.29402,2.24156,2.01277,0.439532,0.844743,1.57609,2.42019,1.85865,1.6309,1.9741
2013-02-08,2.46836,2.90869,1.79021,2.0047,1.58234,0.661125,3.10915,2.42167,1.78781,2.35617,1.71477,1.47589,2.61433,2.37182,2.28263,1.05963,1.34609,0.791549,0.54251,1.00323,0.834481,0.94037,1.01289,0.690984,0.907461,1.16593,0.847173,1.39201,0.672238,0.566875,0.949219,1.051,1.18526,0.808084,0.3421,0.487679,0.200556,1.87346,3.27368,2.2397,2.07348,0.442412,0.850032,1.58642,2.49754,1.90287,1.63694,1.98373
2013-02-15,2.48826,2.93788,1.77992,1.98944,1.54345,0.661111,3.15644,2.49274,1.80828,2.34706,1.74203,1.51015,2.57361,2.34892,2.28918,1.05881,1.3701,0.790398,0.526784,0.994959,0.850802,0.938507,1.02203,0.708479,0.914108,1.18145,0.866064,1.40249,0.67895,0.561001,0.946082,1.04687,1.19125,0.807887,0.34213,0.490893,0.20293,1.86044,3.27939,2.24372,2.07861,0.439839,0.871885,1.5772,2.54771,1.87583,1.64029,1.97672
2013-02-22,2.47089,2.9011,1.75225,1.93443,1.53446,0.644178,3.05703,2.43153,1.78919,2.32207,1.73029,1.51466,2.51055,2.28277,2.25711,1.04583,1.36163,0.782091,0.520425,0.972049,0.830686,0.920718,1.00413,0.686024,0.906035,1.16117,0.848714,1.37792,0.659997,0.546047,0.928888,1.01842,1.17517,0.800463,0.337657,0.492195,0.200055,1.80782,3.20731,2.19583,2.01842,0.423277,0.840955,1.5178,2.44165,1.80485,1.63792,1.95893
2013-03-01,2.47301,2.89294,1.754,1.93469,1.53572,0.637797,3.00597,2.39551,1.76453,2.34404,1.74028,1.51157,2.50943,2.26462,2.25317,1.04501,1.37537,0.783025,0.524538,0.958315,0.835356,0.913425,0.995116,0.692654,0.903031,1.13572,0.854987,1.36853,0.660239,0.540663,0.924933,1.00363,1.1738,0.809493,0.331566,0.490476,0.200685,1.84232,3.25452,2.20129,1.96346,0.432578,0.862505,1.55116,2.43357,1.87478,1.64029,1.96593
2013-03-08,2.51087,2.93618,1.80712,1.99328,1.54424,0.656021,3.07647,2.41627,1.76774,2.39426,1.77375,1.57789,2.54638,2.30808,2.28902,1.05247,1.39282,0.807968,0.548728,0.999321,0.858477,0.935193,1.02043,0.708697,0.927013,1.17332,0.874033,1.41615,0.689083,0.557074,0.931289,1.03466,1.19826,0.836913,0.338806,0.493585,0.203286,1.9137,3.31635,2.25728,1.97669,0.449696,0.897543,1.61254,2.51713,1.98637,1.6762,2.00648
2013-03-15,2.50595,2.90955,1.80771,1.97342,1.48589,0.651775,3.02852,2.394,1.76255,2.41071,1.75855,1.57629,2.57212,2.33077,2.25482,1.0412,1.39204,0.812081,0.548115,1.01262,0.862772,0.945253,1.0303,0.70552,0.929548,1.18381,0.891889,1.44191,0.699816,0.559673,0.928769,1.03424,1.20755,0.841024,0.341199,0.493268,0.204842,1.90479,3.33735,2.28723,1.96785,0.446985,0.903783,1.60282,2.5772,2.03608,1.68787,2.00352
2013-03-22,2.526,2.91923,1.80208,1.97515,1.51113,0.654641,2.9659,2.35549,1.76045,2.41333,1.74066,1.5818,2.56577,2.32169,2.25567,1.03444,1.38985,0.814356,0.554029,1.03754,0.878469,0.961666,1.03211,0.717742,0.933521,1.17873,0.899918,1.47038,0.708852,0.559422,0.923777,1.02162,1.18764,0.831087,0.338058,0.492301,0.205704,1.87607,3.31395,2.26344,1.94147,0.448428,0.909603,1.60799,2.64556,2.0769,1.68538,2.00586
2013-03-29,2.53391,2.92839,1.82672,1.98781,1.52901,0.664093,2.97573,2.37633,1.76456,2.43659,1.74838,1.60099,2.59654,2.33751,2.24868,1.03682,1.39671,0.830098,0.561446,1.0602,0.905568,0.977632,1.04528,0.728094,0.959505,1.20926,0.907321,1.49011,0.718045,0.555533,0.921799,1.01499,1.20082,0.842593,0.339875,0.492685,0.205307,1.93933,3.34035,2.3048,1.98366,0.444854,0.917273,1.59518,2.65348,2.12906,1.69697,2.01698
2013-04-05,2.47179,2.86937,1.81159,1.94836,1.50314,0.643271,2.89044,2.30062,1.76281,2.39866,1.67815,1.56865,2.53298,2.25573,2.20948,1.04667,1.40002,0.819012,0.542688,1.03604,0.882076,0.96508,1.01752,0.718361,0.937419,1.16561,0.871838,1.47672,0.694736,0.557887,0.925231,1.02292,1.18205,0.821799,0.342702,0.492035,0.206429,1.9147,3.32033,2.27912,1.98323,0.426622,0.875262,1.5298,2.50945,2.06025,1.68062,1.98452
2013-04-12,2.53369,2.96787,1.87057,2.02793,1.55564,0.669384,2.94572,2.33753,1.77046,2.45582,1.74459,1.60974,2.55904,2.30171,2.29763,1.07365,1.41224,0.833263,0.561024,1.07929,0.913024,0.986085,1.04871,0.733847,0.972487,1.20281,0.883614,1.50754,0.70304,0.576182,0.923809,1.05581,1.20175,0.833514,0.344991,0.49364,0.20642,1.96903,3.34213,2.32714,2.04677,0.438659,0.89869,1.57296,2.57766,2.10784,1.72004,2.04534
2013-04-19,2.46622,2.89159,1.79483,1.95233,1.4593,0.642014,2.81233,2.29706,1.77261,2.35734,1.71824,1.55139,2.52509,2.29803,2.2023,1.0554,1.39745,0.827415,0.555687,1.0498,0.897994,0.982426,1.04621,0.727104,0.955153,1.16053,0.871326,1.48486,0.702337,0.571062,0.921879,1.04681,1.20873,0.818532,0.334884,0.489117,0.192728,1.92767,3.22329,2.25189,2.01789,0.405322,0.852825,1.45342,2.46909,2.06234,1.68408,1.99124
2013-04-26,2.52756,2.9706,1.82651,2.02213,1.53402,0.654505,2.82218,2.29731,1.75809,2.39731,1.75449,1.58149,2.54149,2.3418,2.21696,1.08432,1.42063,0.838165,0.558877,1.05935,0.91773,0.972259,1.05442,0.737685,0.957983,1.17402,0.899788,1.48238,0.711356,0.571047,0.925729,1.04776,1.22212,0.842042,0.344056,0.488668,0.200235,1.94128,3.26811,2.29087,2.0939,0.427604,0.889153,1.53332,2.56737,2.13995,1.71398,2.03452
2013-05-03,2.56617,3.02307,1.87218,2.07036,1.57682,0.672073,2.88312,2.3255,1.78334,2.45877,1.7941,1.63337,2.58326,2.40229,2.25461,1.11655,1.44878,0.852083,0.568111,1.07382,0.936539,0.978464,1.07001,0.740389,0.973265,1.19963,0.918575,1.50364,0.728972,0.58495,0.941102,1.07951,1.24727,0.873633,0.356302,0.49856,0.207997,1.97957,3.38036,2.37117,2.12658,0.43605,0.918316,1.56361,2.5985,2.17763,1.74788,2.1091
2013-05-10,2.59891,3.04784,1.90374,2.09978,1.58765,0.68705,2.90285,2.37388,1.81708,2.48165,1.79892,1.68059,2.6873,2.45881,2.28666,1.15011,1.47162,0.858123,0.581528,1.09566,0.973446,0.995041,1.094,0.755209,0.986661,1.22477,0.96273,1.53771,0.748874,0.599638,0.945504,1.0904,1.30221,0.893986,0.3671,0.505672,0.220379,2.03222,3.45402,2.44006,2.14728,0.45603,0.947789,1.63525,2.71669,2.23952,1.76998,2.13629
2013-05-17,2.69742,3.17806,1.9814,2.19511,1.62478,0.715661,3.00093,2.44954,1.85167,2.5882,1.90108,1.70093,2.70239,2.53538,2.34102,1.1807,1.49645,0.875046,0.598217,1.12539,0.99972,1.0007,1.11334,0.776433,1.01176,1.28184,0.985293,1.5667,0.763801,0.600153,0.953782,1.10709,1.32523,0.890468,0.381401,0.513356,0.230322,2.11411,3.46911,2.42633,2.18624,0.471603,0.977717,1.69109,2.75199,2.32196,1.80821,2.17285
2013-05-24,2.64699,3.10883,1.96064,2.171,1.63368,0.707803,3.00557,2.44535,1.87424,2.53968,1.8939,1.68255,2.62964,2.47756,2.30686,1.17992,1.49962,0.853399,0.575588,1.08468,0.970781,0.975213,1.10041,0.748251,0.974487,1.24982,0.974512,1.54914,0.754605,0.596907,0.95332,1.10226,1.2949,0.871976,0.377325,0.513727,0.232787,2.07806,3.43743,2.39239,2.15547,0.464377,0.958679,1.66518,2.73118,2.27582,1.79056,2.14682
2013-05-31,2.622,3.09608,1.93363,2.14513,1.62814,0.699224,2.99656,2.39219,1.84249,2.5095,1.86665,1.65921,2.58766,2.42724,2.30289,1.19222,1.48444,0.837718,0.575196,1.08947,0.967106,0.950914,1.09534,0.751681,0.965046,1.23437,0.980732,1.52369,0.747213,0.589103,0.947642,1.11387,1.2858,0.868145,0.373625,0.512318,0.230761,2.05591,3.41856,2.43534,2.13871,0.460652,0.960288,1.65183,2.73994,2.2929,1.77041,2.14214
2013-06-07,2.64447,3.14109,1.9593,2.15757,1.62908,0.704577,3.08204,2.42528,1.8763,2.56561,1.88366,1.68805,2.61454,2.43242,2.29376,1.17983,1.52476,0.840651,0.581159,1.12117,0.96955,0.949721,1.10994,0.753038,0.982092,1.2462,0.975729,1.52933,0.752007,0.59011,0.949024,1.11436,1.29654,0.863386,0.372661,0.513799,0.229642,2.06739,3.48613,2.40528,2.12371,0.468855,0.973479,1.68124,2.8263,2.38599,1.78503,2.14624
2013-06-14,2.68349,3.19188,1.95706,2.15329,1.61242,0.701631,3.07194,2.49699,1.87236,2.50694,1.91077,1.68401,2.62347,2.42044,2.33288,1.19464,1.52555,0.835468,0.590797,1.14976,0.94596,0.93345,1.10763,0.751292,0.988598,1.2336,0.945491,1.50376,0.732467,0.594328,0.944418,1.11969,1.30817,0.864085,0.36711,0.513302,0.225041,2.06069,3.42987,2.37679,2.1127,0.47228,0.973536,1.69352,2.86302,2.38589,1.76749,2.11378
2013-06-21,2.64478,3.14896,1.918,2.11633,1.55135,0.689475,2.98358,2.4821,1.87049,2.45361,1.84411,1.6165,2.54036,2.35009,2.28977,1.17044,1.51548,0.818666,0.560571,1.09241,0.903655,0.899232,1.09007,0.740408,0.947827,1.22304,0.907959,1.46674,0.719112,0.587955,0.936626,1.11267,1.28367,0.835937,0.352211,0.510521,0.220538,1.99336,3.3532,2.32076,2.05981,0.437535,0.906039,1.56893,2.73975,2.30289,1.73209,2.06619
2013-06-28,2.67447,3.19698,1.92989,2.1569,1.608,0.702736,2.98394,2.49629,1.89637,2.49355,1.85922,1.65109,2.56703,2.38923,2.32983,1.20754,1.56655,0.825536,0.560822,1.10009,0.914607,0.893626,1.10455,0.746546,0.954262,1.23431,0.916808,1.5053,0.725274,0.59914,0.936664,1.13342,1.28265,0.844629,0.361498,0.507458,0.212703,2.01542,3.42887,2.32984,2.07926,0.445667,0.925414,1.59809,2.85867,2.37971,1.74679,2.09083
2013-07-05,2.69192,3.21321,1.93829,2.17834,1.60396,0.711321,2.9936,2.51705,1.89602,2.51006,1.86815,1.68337,2.61609,2.43229,2.32247,1.20754,1.56655,0.837682,0.583947,1.14411,0.945819,0.938182,1.13347,0.76398,0.987153,1.28051,0.960463,1.53451,0.741152,0.601308,0.936664,1.13173,1.33562,0.859324,0.363311,0.507458,0.21344,2.09479,3.43302,2.36092,2.13007,0.456568,0.943708,1.63718,2.98468,2.4573,1.7751,2.12926
2013-07-12,2.71435,3.24,1.98173,2.22565,1.68609,0.726771,3.06604,2.55956,1.8989,2.58008,1.92185,1.71032,2.6737,2.48171,2.3485,1.22172,1.57871,0.86567,0.604423,1.17814,0.964283,0.958352,1.14502,0.773538,1.01428,1.31427,0.974052,1.57312,0.759158,0.605273,0.936664,1.1514,1.33876,0.888022,0.368432,0.512135,0.223492,2.14564,3.50106,2.41692,2.1599,0.472242,0.982106,1.69338,3.03939,2.50749,1.82399,2.20906
2013-07-19,2.73857,3.2689,2.02896,2.27868,1.69788,0.744087,3.12554,2.58796,1.90182,2.6135,1.94856,1.7331,2.71774,2.53462,2.43389,1.24579,1.61538,0.869735,0.59909,1.18969,0.947327,0.948499,1.14991,0.778141,0.998245,1.32451,0.996212,1.59711,0.771053,0.61224,0.937346,1.15027,1.34574,0.906136,0.3839,0.533135,0.230993,2.16209,3.56482,2.44919,2.20248,0.483341,0.989811,1.73318,3.10062,2.53552,1.84206,2.18823
2013-07-26,2.70637,3.21985,2.04083,2.27839,1.69108,0.741722,3.14037,2.59417,1.89982,2.66093,1.94325,1.75299,2.70736,2.51517,2.40812,1.22865,1.62128,0.867578,0.604657,1.1923,0.948123,0.939154,1.1603,0.786098,1.02011,1.27996,0.98374,1.58271,0.76641,0.616535,0.944129,1.1599,1.33855,0.90855,0.384615,0.538555,0.231674,2.1604,3.55479,2.47637,2.18552,0.480915,0.973597,1.72449,3.16591,2.49707,1.84141,2.21111
2013-08-02,2.73562,3.29098,2.07142,2.33091,1.73536,0.765172,3.19824,2.59488,1.89975,2.74875,2.00197,1.79329,2.75682,2.5684,2.49767,1.24814,1.61934,0.887047,0.632713,1.26825,0.975092,0.965651,1.20471,0.798982,1.07202,1.33434,1.02021,1.64356,0.79026,0.621414,0.955439,1.17475,1.36762,0.912998,0.38772,0.538567,0.232865,2.23074,3.67666,2.54404,2.28036,0.503359,1.01371,1.80497,3.37745,2.73939,1.86145,2.25805
2013-08-09,2.75495,3.30588,2.08246,2.34859,1.7444,0.771324,3.25402,2.5798,1.89281,2.75219,1.97802,1.7862,2.74868,2.55857,2.51193,1.25499,1.62008,0.882578,0.649915,1.28557,0.954792,0.932128,1.19826,0.800504,1.0337,1.29569,0.982287,1.60663,0.775541,0.616042,0.951362,1.16765,1.35561,0.906694,0.389237,0.540109,0.232786,2.17152,3.71812,2.52178,2.27044,0.479105,0.976074,1.71799,3.34014,2.6509,1.84359,2.24397
2013-08-16,2.6685,3.21914,2.04117,2.29019,1.7071,0.739257,3.17669,2.46712,1.86492,2.65854,1.91554,1.73691,2.69217,2.50365,2.46276,1.21156,1.57037,0.859354,0.637197,1.23827,0.929723,0.892509,1.16675,0.783775,1.00113,1.28131,0.945204,1.57729,0.750937,0.609444,0.949484,1.11849,1.3077,0.873368,0.38361,0.525413,0.229805,2.12648,3.63021,2.46995,2.20516,0.445432,0.928864,1.59725,3.12611,2.51769,1.80569,2.21434
2013-08-23,2.69249,3.24113,2.0612,2.29855,1.71765,0.74947,3.18221,2.48849,1.8904,2.67136,1.92185,1.74699,2.63905,2.47622,2.47945,1.21262,1.56567,0.858057,0.649672,1.27192,0.943079,0.893229,1.19131,0.798993,0.99503,1.31879,0.972253,1.6015,0.763072,0.615939,0.956196,1.12829,1.3235,0.885803,0.391734,0.525474,0.235988,2.15036,3.68365,2.49366,2.227,0.472849,0.963619,1.69556,3.22876,2.67475,1.8143,2.24925
2013-08-30,2.65877,3.25513,2.0635,2.30975,1.72151,0.752624,3.1655,2.53414,1.89289,2.63306,1.938,1.75092,2.61239,2.43203,2.48841,1.21853,1.56905,0.836938,0.639484,1.25047,0.916519,0.879953,1.16446,0.780341,0.978774,1.27505,0.944408,1.55397,0.741302,0.614386,0.953918,1.13702,1.29323,0.873867,0.396805,0.525519,0.237345,2.09319,3.62223,2.46741,2.1882,0.468188,0.946845,1.67885,3.24282,2.62878,1.78196,2.21405
2013-09-06,2.66398,3.25763,2.05834,2.31741,1.71977,0.751431,3.23091,2.55002,1.89648,2.67282,1.95039,1.75941,2.65145,2.43998,2.51109,1.2292,1.57043,0.844166,0.649339,1.27244,0.928588,0.909751,1.18129,0.793138,1.00135,1.31122,0.967388,1.58818,0.758795,0.612873,0.953918,1.13974,1.31526,0.877342,0.413056,0.525519,0.243529,2.16018,3.7104,2.50055,2.24853,0.491651,0.98622,1.76298,3.41294,2.7834,1.80798,2.25688
2013-09-13,2.66331,3.25637,2.07782,2.35361,1.70293,0.762352,3.22664,2.51793,1.87895,2.70854,1.94692,1.7877,2.6845,2.48808,2.55796,1.23788,1.57667,0.862382,0.663087,1.29841,0.953022,0.932907,1.2032,0.808366,1.02198,1.36398,0.995253,1.61578,0.778103,0.618617,0.953138,1.15174,1.32682,0.899573,0.414539,0.527609,0.236743,2.19123,3.77185,2.57008,2.28637,0.50144,1.02351,1.79809,3.49904,2.85132,1.8438,2.29003
2013-09-20,2.7033,3.30856,2.13048,2.40593,1.73112,0.773722,3.24021,2.53933,1.89253,2.83607,1.99455,1.79864,2.67838,2.47799,2.60852,1.23206,1.56792,0.867921,0.679845,1.3322,0.95128,0.949454,1.21917,0.821574,1.02172,1.41718,1.02926,1.63191,0.791041,0.620859,0.95427,1.14335,1.35367,0.896498,0.418082,0.524228,0.237331,2.24095,3.81969,2.58089,2.32977,0.539227,1.07895,1.93358,3.67539,3.00662,1.868,2.32427
2013-09-27,2.7382,3.35129,2.12974,2.41326,1.73453,0.781541,3.23402,2.58378,1.90216,2.85098,1.98127,1.84107,2.69242,2.49771,2.61647,1.23713,1.57356,0.856208,0.673788,1.32587,0.953977,0.960653,1.22431,0.829052,1.02978,1.47393,1.0691,1.62694,0.786382,0.620719,0.953508,1.15129,1.35318,0.890495,0.416831,0.523983,0.231212,2.26192,3.79009,2.57721,2.35365,0.570212,1.12671,2.04469,3.86849,3.20848,1.8482,2.32662
2013-10-04,2.71203,3.32801,2.11352,2.41359,1.7266,0.774954,3.2376,2.56504,1.89824,2.83877,1.97073,1.85763,2.698,2.48815,2.6321,1.23858,1.56943,0.861643,0.673536,1.35352,0.960909,0.956681,1.28472,0.844648,1.04587,1.47766,1.06737,1.64384,0.806653,0.623935,0.949712,1.17877,1.39013,0.892103,0.417654,0.525172,0.226885,2.2828,3.83528,2.56547,2.39061,0.582721,1.14829,2.08955,3.93529,3.23896,1.84798,2.33633
2013-10-11,2.68955,3.31163,2.11318,2.39858,1.73215,0.770239,3.19397,2.5231,1.90142,2.79287,1.93986,1.87146,2.64644,2.43094,2.61882,1.20545,1.56705,0.866627,0.657544,1.30343,0.936226,0.928289,1.22044,0.791014,1.02355,1.42984,1.03958,1.64229,0.794574,0.620856,0.949712,1.18462,1.35643,0.88576,0.399878,0.515719,0.215227,2.27678,3.85916,2.58278,2.40738,0.548007,1.0994,1.96507,3.59657,3.01207,1.86297,2.33133
2013-10-18,2.68158,3.30372,2.11371,2.41419,1.76211,0.775252,3.22623,2.51372,1.89255,2.82717,1.93965,1.92034,2.68953,2.49531,2.61621,1.22458,1.58283,0.889086,0.67667,1.33954,0.958536,0.947677,1.25977,0.821945,1.05855,1.46945,1.08074,1.70469,0.836298,0.618818,0.949712,1.1987,1.41713,0.901614,0.406342,0.521093,0.220308,2.33158,3.9032,2.60644,2.44917,0.574144,1.14089,2.05879,3.79644,3.15398,1.90816,2.41725
2013-10-25,2.76142,3.3711,2.19098,2.47682,1.80384,0.795365,3.30834,2.59389,1.91509,2.93075,1.97273,1.94848,2.74384,2.47146,2.7162,1.2408,1.59447,0.901876,0.677287,1.32069,0.96833,0.969743,1.27356,0.805744,1.07005,1.46977,1.06607,1.70015,0.823863,0.625381,0.951468,1.21767,1.40871,0.911404,0.401169,0.521433,0.220204,2.36033,3.96774,2.6618,2.42194,0.573242,1.14504,2.05555,3.77705,3.12558,1.92523,2.43932
2013-11-01,2.74061,3.40009,2.17685,2.46201,1.80363,0.77928,3.34799,2.60538,1.90262,2.92183,1.97369,1.93359,2.74672,2.47011,2.74319,1.22735,1.58905,0.889215,0.681441,1.32592,0.960974,0.965069,1.26521,0.799391,1.08065,1.4882,1.05761,1.6905,0.824466,0.631902,0.966221,1.22438,1.38756,0.898538,0.404595,0.523869,0.22179,2.31073,3.88685,2.64347,2.42175,0.562446,1.14558,2.01684,3.65475,3.07367,1.92807,2.43667
2013-11-08,2.75302,3.43079,2.22243,2.51784,1.82206,0.783495,3.41767,2.64184,1.92997,2.93414,2.0086,1.92305,2.79026,2.50766,2.77484,1.21501,1.593,0.88712,0.679597,1.35081,0.960469,0.963711,1.26054,0.796426,1.07105,1.4762,1.05352,1.68155,0.828398,0.626858,0.959046,1.21088,1.38156,0.893472,0.398299,0.511218,0.219339,2.31486,3.92602,2.65247,2.34007,0.553486,1.1291,1.98471,3.63238,3.07167,1.93989,2.42873
2013-11-15,2.7691,3.45162,2.27388,2.58302,1.87973,0.797653,3.45353,2.69199,1.93796,2.97669,2.03678,1.93467,2.81872,2.53577,2.8118,1.2092,1.50947,0.897182,0.688011,1.38515,0.976488,0.985993,1.29691,0.836887,1.11097,1.52363,1.07568,1.69021,0.87574,0.642328,0.972951,1.22185,1.42595,0.915997,0.403408,0.517577,0.222459,2.33321,3.95252,2.68237,2.38157,0.573172,1.19241,2.05531,3.76555,3.23525,1.97009,2.47051
2013-11-22,2.77749,3.47197,2.25843,2.56941,1.86565,0.790717,3.45408,2.69022,1.94477,2.99101,2.08686,1.92717,2.82585,2.54559,2.83092,1.19098,1.48246,0.905631,0.68705,1.39141,0.964796,0.986706,1.29849,0.838422,1.09355,1.5248,1.02671,1.68612,0.875129,0.644137,0.972954,1.20689,1.43422,0.907351,0.396597,0.513958,0.219486,2.32094,3.92515,2.65013,2.37999,0.581253,1.17045,2.08428,3.76871,3.19574,1.97841,2.47139
2013-11-29,2.76747,3.48008,2.24312,2.55154,1.85699,0.791991,3.46572,2.69033,1.9337,2.96931,2.07385,1.93093,2.82466,2.55761,2.84901,1.25937,1.54187,0.900696,0.695192,1.3788,0.970812,0.981619,1.29861,0.830031,1.09815,1.51761,1.02764,1.67753,0.85357,0.641666,0.970509,1.25054,1.4425,0.904037,0.397738,0.518703,0.220577,2.30878,3.93676,2.63474,2.35962,0.592293,1.18971,2.12387,3.79231,3.18692,1.98048,2.52259
2013-12-06,2.78905,3.4916,2.19749,2.49473,1.81724,0.7687,3.47049,2.66985,1.88795,2.95597,2.08165,1.9518,2.78561,2.54401,2.90143,1.29586,1.53387,0.905883,0.699022,1.36111,0.971335,0.963546,1.29193,0.824855,1.07456,1.46185,1.01811,1.65556,0.848442,0.652835,0.979873,1.25559,1.44198,0.886391,0.392745,0.515751,0.217694,2.3003,3.99751,2.66353,2.39733,0.601966,1.19541,2.15856,3.82094,3.23159,1.97983,2.53054
2013-12-13,2.75068,3.44983,2.18054,2.44844,1.78178,0.74524,3.45481,2.63994,1.89291,2.94647,2.08203,1.89229,2.74799,2.53235,2.84943,1.25742,1.50093,0.895385,0.693621,1.33097,0.950835,0.948891,1.28337,0.807785,1.0664,1.43285,0.994249,1.62468,0.846279,0.645788,0.97993,1.21054,1.39253,0.87976,0.375564,0.51008,0.210063,2.30284,3.87685,2.63354,2.39021,0.591861,1.17802,2.12232,3.77604,3.13519,1.94886,2.4967
2013-12-20,2.79372,3.51789,2.23522,2.53673,1.83797,0.767644,3.53937,2.69247,1.92606,3.06123,2.14355,1.95165,2.80645,2.59069,2.92366,1.27476,1.51221,0.901532,0.712851,1.37492,0.971982,0.975112,1.30892,0.828093,1.10876,1.45108,1.01414,1.68386,0.880918,0.647526,0.981142,1.2125,1.41825,0.906003,0.372991,0.503975,0.20626,2.33772,3.9928,2.70245,2.45938,0.614311,1.21524,2.20282,3.95476,3.06107,1.9974,2.55334
2013-12-27,2.80908,3.54629,2.26396,2.56296,1.89481,0.775612,3.58576,2.70196,1.92845,3.06795,2.17254,1.95572,2.84423,2.62644,2.92734,1.27814,1.51631,0.913893,0.724224,1.40167,0.981419,0.977497,1.31587,0.83013,1.12794,1.51961,1.02509,1.72325,0.887012,0.649708,0.981606,1.21704,1.43235,0.916147,0.373182,0.503975,0.211575,2.36747,4.04118,2.7228,2.48289,0.615965,1.22313,2.20875,3.94594,3.0655,2.02259,2.58345
2014-01-03,2.82083,3.56031,2.28161,2.58294,1.91456,0.78166,3.62822,2.71326,1.92807,3.15346,2.18508,1.9496,2.86673,2.64025,2.93008,1.27814,1.51631,0.910078,0.718851,1.38623,0.970892,0.9748,1.31285,0.833889,1.12731,1.51004,1.02202,1.73419,0.915484,0.651154,0.981606,1.21724,1.42388,0.915058,0.376909,0.503975,0.214962,2.34658,4.02775,2.71602,2.46952,0.637327,1.25282,2.28535,4.11956,3.1324,2.01203,2.55747
2014-01-10,2.85352,3.59062,2.34435,2.64333,1.93378,0.798392,3.68298,2.70129,1.91244,3.24535,2.19244,1.96604,2.91444,2.70154,2.94285,1.27107,1.51631,0.919174,0.745971,1.43278,0.978257,0.993071,1.32045,0.846786,1.16322,1.517,1.04729,1.756,0.955955,0.64918,0.979422,1.20999,1.42521,0.93546,0.380371,0.504518,0.215644,2.35148,3.96649,2.7078,2.50855,0.65831,1.31765,2.3606,4.40266,3.17545,2.02578,2.57695
2014-01-17,2.70648,3.39889,2.24246,2.55259,1.88306,0.756726,3.6529,2.73652,1.90258,3.24481,2.13208,1.91482,2.91237,2.66571,2.81811,1.25671,1.51094,0.924949,0.773142,1.46378,0.964224,1.01963,1.31835,0.84217,1.17875,1.522,1.04198,1.74084,0.983212,0.658559,0.99013,1.20857,1.43642,0.92602,0.377455,0.490726,0.211673,2.35665,4.0483,2.74116,2.46917,0.653084,1.30747,2.34186,4.42879,3.10027,2.02028,2.59407
2014-01-24,2.59928,3.29519,2.1385,2.45408,1.82848,0.727027,3.51853,2.63911,1.84492,3.15274,2.06782,1.86183,2.81867,2.5705,2.72296,1.18239,1.45772,0.89049,0.738226,1.38966,0.919144,0.97408,1.28559,0.822913,1.15667,1.46963,1.01473,1.69751,0.942972,0.652095,0.991389,1.1455,1.38371,0.899064,0.367678,0.47169,0.206067,2.25985,3.98788,2.64786,2.38672,0.646636,1.28412,2.31873,4.21417,2.95188,1.96802,2.56042
2014-01-31,2.59667,3.35174,2.11498,2.42943,1.82544,0.717248,3.53017,2.67481,1.84801,3.15353,2.07808,1.91904,2.81891,2.59507,2.72164,1.17705,1.48841,0.899106,0.749729,1.43723,0.908774,0.98963,1.29638,0.829766,1.16832,1.45098,1.02498,1.70223,0.966406,0.652885,0.983538,1.14508,1.38126,0.900175,0.375001,0.479494,0.208955,2.23806,3.9479,2.62711,2.43396,0.66067,1.30323,2.36906,4.32345,2.97416,1.96021,2.54655
2014-02-07,2.59821,3.40063,2.1327,2.45674,1.85998,0.720864,3.47334,2.70798,1.87064,3.17916,2.11336,1.88856,2.88441,2.62084,2.79162,1.20827,1.52136,0.889227,0.768201,1.47453,0.923302,0.992968,1.31345,0.845961,1.17454,1.46614,1.04024,1.70036,0.968874,0.645215,0.994423,1.16853,1.38445,0.904679,0.39514,0.497344,0.212096,2.25464,3.97544,2.63944,2.47275,0.660377,1.30143,2.36801,4.31401,2.97184,1.97672,2.57695
2014-02-14,2.62382,3.43044,2.15252,2.47289,1.86451,0.72653,3.51062,2.71473,1.87776,3.2675,2.12486,1.94305,2.9025,2.65879,2.79123,1.20205,1.51991,0.906532,0.784377,1.51847,0.943606,0.979477,1.33929,0.852751,1.19933,1.54123,1.06129,1.71836,0.989351,0.646302,0.988957,1.18189,1.43067,0.921496,0.396132,0.496516,0.213088,2.34628,4.06842,2.69809,2.5574,0.661643,1.32049,2.37255,4.25028,2.98309,2.02446,2.65104
2014-02-21,2.64553,3.45883,2.18374,2.50847,1.90333,0.737065,3.52901,2.73162,1.87269,3.30974,2.1395,1.9423,2.88538,2.64776,2.79114,1.21552,1.52915,0.908848,0.799188,1.55341,0.963756,0.985162,1.36936,0.862527,1.23788,1.54896,1.05839,1.73194,0.992981,0.651626,0.994781,1.19258,1.43934,0.93157,0.400126,0.498459,0.21233,2.36917,4.05976,2.72443,2.56528,0.690211,1.38476,2.47499,4.48847,3.16312,2.02303,2.65458
2014-02-28,2.67355,3.49983,2.20314,2.54002,1.93344,0.746336,3.60918,2.74822,1.87981,3.357,2.19218,1.94992,2.91366,2.67792,2.82731,1.23545,1.53297,0.913399,0.814837,1.59824,0.979791,0.984075,1.39118,0.878326,1.24175,1.58778,1.07112,1.74597,1.02989,0.66262,1.01172,1.20748,1.45174,0.949996,0.405302,0.504406,0.218454,2.40525,4.1207,2.75948,2.57474,0.709542,1.38421,2.54431,4.47278,3.08842,2.04943,2.67776
2014-03-07,2.64237,3.46058,2.16143,2.48773,1.91392,0.727712,3.58939,2.77041,1.88733,3.37211,2.16548,1.95971,2.96517,2.70937,2.76577,1.23588,1.55052,0.925719,0.822402,1.6272,0.98657,0.970643,1.381,0.889693,1.23439,1.59616,1.07993,1.7766,1.02398,0.651875,1.01708,1.23665,1.49557,0.945303,0.41177,0.504854,0.226184,2.37439,4.17352,2.77106,2.61347,0.679019,1.34242,2.43486,4.4728,3.12591,2.07111,2.68339
2014-03-14,2.57195,3.36971,2.10649,2.4219,1.87435,0.70236,3.46336,2.70174,1.85138,3.24204,2.09833,1.93186,2.88593,2.63402,2.72576,1.23101,1.56604,0.918639,0.749587,1.48938,0.93662,0.95644,1.33606,0.866515,1.21409,1.47051,1.0555,1.65694,0.975125,0.630242,1.00068,1.19565,1.34684,0.935158,0.404604,0.515875,0.225155,2.32181,4.03392,2.73112,2.54732,0.645608,1.27785,2.31505,4.16995,3.01897,2.0315,2.62826
2014-03-21,2.6239,3.48643,2.1873,2.51677,1.94206,0.741506,3.53202,2.75888,1.89523,3.25603,2.1141,1.93653,2.87473,2.6324,2.82502,1.2055,1.51808,0.936721,0.756783,1.4587,0.907131,0.950912,1.33447,0.866201,1.20939,1.44768,1.05426,1.68861,0.988121,0.622232,0.987373,1.21586,1.30609,0.942022,0.40666,0.505147,0.223011,2.35278,4.05643,2.7497,2.56126,0.632753,1.25318,2.26895,4.08727,2.97049,2.05748,2.64407
2014-03-28,2.62019,3.50603,2.13839,2.50603,1.93249,0.722277,3.45728,2.75448,1.82306,3.28041,2.05136,1.92334,2.77315,2.55165,2.75787,1.10425,1.44699,0.929089,0.736156,1.42069,0.873045,0.943103,1.29667,0.839627,1.16524,1.38283,1.01806,1.63518,0.930933,0.622612,0.987373,1.2281,1.27046,0.919094,0.36081,0.474714,0.197992,2.29865,4.01161,2.74878,2.52658,0.554049,1.14681,1.98673,3.74967,2.78846,2.04964,2.58614
2014-04-04,2.68343,3.5954,2.17135,2.54421,1.96597,0.754221,3.54908,2.80589,1.86986,3.32904,2.1039,1.97077,2.84471,2.58951,2.8038,1.10374,1.5067,0.919379,0.740526,1.44733,0.87426,0.937171,1.32861,0.844156,1.17018,1.37209,1.0264,1.6351,0.946042,0.606344,0.974145,1.24904,1.26531,0.918653,0.348056,0.474351,0.200182,2.26015,4.02116,2.75854,2.49378,0.54368,1.10266,1.94955,3.94916,2.90934,2.05969,2.56594
2014-04-11,2.70802,3.62835,2.164,2.54561,1.97295,0.750128,3.60681,2.8162,1.89369,3.3214,2.07255,1.93021,2.8526,2.58895,2.80685,1.14596,1.56813,0.908164,0.722804,1.42392,0.85251,0.913894,1.28168,0.818055,1.139,1.32711,1.00109,1.57141,0.921456,0.589125,0.970903,1.28691,1.22521,0.890134,0.32934,0.457499,0.189829,2.19782,3.90645,2.65344,2.43907,0.495475,1.02223,1.7767,3.64481,2.74363,2.00566,2.49879
2014-04-18,2.74898,3.67789,2.20966,2.58592,2.00354,0.767632,3.69464,2.85317,1.88403,3.27246,2.13646,2.00495,2.91083,2.62159,2.8287,1.16765,1.5728,0.931459,0.739791,1.45417,0.862618,0.934472,1.32546,0.833711,1.15069,1.32757,1.01991,1.59332,0.943653,0.568842,0.965367,1.25085,1.24282,0.915845,0.34625,0.469904,0.199897,2.24716,4.02437,2.72009,2.49972,0.501451,1.04477,1.79813,3.65683,2.70642,2.05958,2.56089
2014-04-25,2.73107,3.6423,2.17604,2.55456,1.97963,0.763691,3.65193,2.80954,1.85167,3.20462,2.1757,1.96434,2.85307,2.60866,2.78076,1.1537,1.53042,0.935663,0.739789,1.45836,0.85903,0.938898,1.32741,0.834635,1.15811,1.31868,1.0191,1.56433,0.940896,0.553568,0.946046,1.20248,1.24608,0.911727,0.332268,0.468945,0.187901,2.22667,4.00241,2.66406,2.48114,0.479368,1.01047,1.71894,3.56348,2.59133,2.05848,2.56059
2014-05-02,2.7358,3.64425,2.18947,2.57613,2.01687,0.776819,3.67293,2.82064,1.85428,3.29332,2.20658,1.96655,2.83679,2.64095,2.79663,1.17258,1.54976,0.952097,0.743862,1.45896,0.862045,0.93488,1.35794,0.839483,1.19443,1.32795,1.01915,1.59362,0.948646,0.554491,0.938088,1.19556,1.27569,0.928207,0.336324,0.469866,0.196672,2.23583,4.0608,2.65457,2.50762,0.481363,1.01431,1.72609,3.42582,2.57372,2.07804,2.59921
2014-05-09,2.76696,3.62831,2.17991,2.56532,2.02222,0.778944,3.66959,2.77947,1.84905,3.27934,2.18835,1.94674,2.84211,2.64426,2.82028,1.14893,1.53339,0.934276,0.735036,1.47155,0.87009,0.927952,1.35139,0.841025,1.1874,1.34752,1.01926,1.59955,0.949682,0.553215,0.934984,1.17679,1.27491,0.922022,0.332531,0.46773,0.195774,2.22397,4.03641,2.61206,2.51376,0.454991,0.972362,1.63153,3.35158,2.50841,2.07693,2.57871
2014-05-16,2.82149,3.70022,2.19451,2.61972,2.04325,0.794218,3.76907,2.85846,1.87989,3.37109,2.21721,1.9908,2.80643,2.61113,2.90304,1.18349,1.56935,0.928435,0.734965,1.47626,0.866382,0.933527,1.35411,0.841453,1.17415,1.35231,1.01523,1.60988,0.948827,0.553857,0.932496,1.19607,1.28279,0.911935,0.334419,0.473414,0.196534,2.25532,3.9722,2.63367,2.51609,0.451523,0.978306,1.61909,3.38967,2.51373,2.07793,2.60574
2014-05-23,2.84558,3.73397,2.20646,2.64117,2.05829,0.80072,3.87353,2.92397,1.88438,3.38428,2.2346,1.98388,2.83659,2.64824,2.9302,1.19644,1.56188,0.930147,0.741277,1.47907,0.869657,0.953477,1.34881,0.842254,1.19254,1.34442,1.01808,1.63604,0.959124,0.552452,0.92975,1.19382,1.30388,0.916036,0.333691,0.472228,0.198918,2.24542,4.06096,2.66614,2.54365,0.474331,1.0226,1.70088,3.50324,2.54994,2.10334,2.67021
2014-05-30,2.87252,3.77276,2.22279,2.66007,2.10309,0.80645,3.91321,2.92799,1.88575,3.4259,2.24332,2.01844,2.86619,2.69588,2.94287,1.20379,1.56613,0.934924,0.748922,1.49823,0.874396,0.957562,1.3553,0.85046,1.20635,1.35326,1.01908,1.66375,0.979292,0.552303,0.92975,1.19653,1.30622,0.915305,0.333426,0.471561,0.200616,2.26144,4.07237,2.68528,2.58667,0.490321,1.0606,1.75821,3.60636,2.57912,2.12909,2.7127
2014-06-06,2.89619,3.80385,2.26035,2.70502,2.12385,0.820077,3.9669,2.93817,1.89518,3.53591,2.27275,2.0333,2.89271,2.71631,2.96507,1.20732,1.56613,0.93866,0.76697,1.53555,0.892498,0.9832,1.3768,0.866093,1.22569,1.36387,1.02461,1.68724,0.998209,0.555245,0.932012,1.20248,1.33225,0.928937,0.334683,0.471561,0.202113,2.30423,4.2059,2.77208,2.62809,0.504398,1.08405,1.80869,3.7549,2.64317,2.15892,2.75756
2014-06-13,2.93749,3.85809,2.23703,2.67619,2.09589,0.814341,3.90267,2.92907,1.88539,3.49153,2.26338,2.03173,2.80232,2.62243,2.9653,1.21031,1.56021,0.919262,0.754817,1.52741,0.892232,0.981151,1.37082,0.858027,1.21839,1.35223,1.01203,1.66961,0.989803,0.551364,0.928414,1.19892,1.3179,0.91407,0.33407,0.470056,0.204018,2.2223,4.1679,2.72467,2.61388,0.514625,1.10305,1.84537,3.66426,2.66178,2.14511,2.7427
2014-06-20,2.96704,3.89946,2.24586,2.69717,2.0953,0.820505,3.9566,2.97681,1.89401,3.57052,2.32724,2.07947,2.84226,2.66071,3.01878,1.2228,1.56246,0.944173,0.772499,1.54967,0.913561,0.985569,1.3926,0.862702,1.22917,1.37777,1.02012,1.70961,1.0033,0.551357,0.928054,1.20045,1.33867,0.92763,0.334927,0.470016,0.203711,2.28245,4.22082,2.78292,2.65071,0.53744,1.15569,1.92718,3.77806,2.70391,2.17549,2.76348
2014-06-27,2.96748,3.89615,2.24342,2.67457,2.19632,0.813211,3.93177,2.97368,1.88661,3.54503,2.30195,2.07716,2.82488,2.67204,2.98956,1.21741,1.55553,0.945471,0.764682,1.51425,0.910585,0.980752,1.3955,0.871888,1.2263,1.38716,1.02663,1.71145,1.00341,0.550033,0.926906,1.19423,1.35357,0.935033,0.332584,0.467415,0.211797,2.23889,4.21849,2.81241,2.59732,0.537864,1.15603,1.9287,3.74068,2.72496,2.17415,2.79267
2014-07-04,2.97051,3.89657,2.24888,2.6905,2.22679,0.812351,3.98338,2.97024,1.889,3.55612,2.35924,2.08674,2.85648,2.69139,3.00427,1.21689,1.55975,0.971034,0.783469,1.52901,0.935866,0.990255,1.42023,0.881633,1.24197,1.41534,1.04152,1.71404,1.00336,0.549764,0.926824,1.19788,1.35631,0.945016,0.328951,0.467634,0.210938,2.25591,4.23448,2.84469,2.62289,0.542446,1.19042,1.94513,3.7659,2.7756,2.20058,2.85076
2014-07-11,2.98229,3.91458,2.25761,2.68378,2.20102,0.811374,3.93188,2.92363,1.8594,3.4825,2.32246,2.05932,2.82156,2.68253,2.99693,1.21519,1.55287,0.979869,0.772477,1.48316,0.917788,0.972913,1.40237,0.875084,1.23696,1.41151,1.00632,1.72044,1.00283,0.549416,0.926748,1.19298,1.31186,0.938411,0.323947,0.467634,0.20493,2.21653,4.2117,2.79683,2.58273,0.522763,1.14194,1.87455,3.64395,2.7022,2.18292,2.83795
2014-07-18,2.97533,3.88769,2.26753,2.66819,2.17644,0.806533,4.00853,2.93445,1.85986,3.47648,2.29725,2.06494,2.82301,2.63485,2.99671,1.2215,1.55502,0.981923,0.766044,1.50039,0.917386,0.972123,1.40924,0.878002,1.2374,1.42009,1.01611,1.70368,1.0052,0.548623,0.919752,1.18871,1.31891,0.942907,0.325149,0.470108,0.202853,2.21293,4.21157,2.79363,2.59479,0.523085,1.14588,1.8757,3.65061,2.71401,2.19514,2.86327
2014-07-25,3.04103,3.97724,2.23354,2.68367,2.19347,0.810089,3.9654,2.91709,1.85857,3.49387,2.31983,2.03986,2.80052,2.60121,3.03338,1.20711,1.55127,0.960324,0.764612,1.51261,0.904045,0.975028,1.40689,0.847854,1.22433,1.4079,1.02061,1.69691,0.989275,0.546283,0.915843,1.18846,1.29965,0.940811,0.317352,0.463259,0.203329,2.20804,4.16402,2.78291,2.61093,0.528124,1.1617,1.89377,3.65937,2.72912,2.19525,2.88174
2014-08-01,2.91042,3.84154,2.19691,2.64711,2.16874,0.802359,3.7824,2.8218,1.76844,3.3585,2.21432,1.98288,2.72128,2.54257,2.96045,1.17977,1.54752,0.930433,0.747283,1.47587,0.908644,0.936002,1.39711,0.828021,1.19017,1.38478,1.00322,1.6654,0.965206,0.518338,0.899742,1.1486,1.26643,0.921583,0.308523,0.460411,0.194933,2.17776,4.06273,2.71822,2.49775,0.508111,1.11823,1.822,3.5954,2.60631,2.13729,2.82008
2014-08-08,2.94242,3.90803,2.21531,2.64839,2.19388,0.802682,3.83742,2.84481,1.78551,3.38066,2.19348,1.99134,2.73098,2.5554,2.95891,1.18526,1.54811,0.951265,0.760131,1.46764,0.919518,0.940999,1.41125,0.848158,1.18978,1.39665,0.992235,1.65976,0.985477,0.509195,0.887952,1.13831,1.27824,0.918961,0.303779,0.459708,0.193991,2.18403,4.06533,2.69887,2.50291,0.512829,1.13139,1.83893,3.60874,2.65282,2.14551,2.82693
2014-08-15,2.96416,3.93305,2.23231,2.67965,2.24313,0.81201,3.90171,2.87012,1.78743,3.47161,2.25222,2.02366,2.82287,2.65284,2.97133,1.17935,1.53551,0.955778,0.779322,1.49024,0.937931,0.970622,1.43744,0.865794,1.20381,1.41783,1.01715,1.67716,1.01188,0.516015,0.885656,1.14659,1.28007,0.964162,0.301622,0.455574,0.192843,2.23385,4.08038,2.73295,2.5695,0.525928,1.19443,1.8859,3.67619,2.65602,2.17304,2.9014
2014-08-22,2.9989,3.97915,2.26665,2.7211,2.29151,0.824571,4.01748,2.90657,1.78554,3.50433,2.27385,2.05038,2.84492,2.66792,3.01863,1.21334,1.57115,0.966276,0.796446,1.50638,0.949066,0.983892,1.42871,0.882471,1.23323,1.44469,1.03663,1.71795,1.01993,0.517843,0.88498,1.16675,1.28586,0.961129,0.308245,0.466215,0.199332,2.29226,4.19256,2.79135,2.63692,0.54166,1.23663,1.94231,3.74574,2.69329,2.21157,2.95055
2014-08-29,3.01446,3.99979,2.29808,2.75534,2.33072,0.834947,4.03823,2.91244,1.79378,3.52718,2.28899,2.05506,2.87101,2.70328,3.04972,1.25018,1.60878,0.972131,0.806464,1.53296,0.963977,0.982721,1.42938,0.893517,1.23677,1.47016,1.03558,1.74916,1.03449,0.516388,0.883211,1.19235,1.29124,0.969775,0.327138,0.48162,0.214506,2.28898,4.23658,2.8386,2.64783,0.547108,1.25267,1.96184,3.8182,2.69196,2.22845,2.97229
2014-09-05,3.00036,3.98515,2.27639,2.7504,2.30355,0.833448,4.02027,2.91528,1.78798,3.51764,2.29889,2.04193,2.89595,2.71908,3.06868,1.23107,1.59367,0.965482,0.812624,1.53501,0.963489,0.966529,1.42289,0.903376,1.2334,1.47915,1.03881,1.75261,1.03763,0.514788,0.881257,1.17487,1.32536,0.965414,0.337635,0.500591,0.220312,2.28222,4.3092,2.8665,2.66871,0.543975,1.25387,1.95061,3.7937,2.69571,2.23289,2.97557
2014-09-12,2.93667,3.92445,2.2552,2.71361,2.3125,0.816763,3.95538,2.89093,1.77545,3.54686,2.2992,2.02195,2.83293,2.68803,3.02425,1.20752,1.59079,0.949149,0.816372,1.53312,0.96613,0.961344,1.4461,0.911229,1.21257,1.45923,1.01974,1.71862,1.03491,0.517106,0.875733,1.17121,1.34538,0.940103,0.338529,0.500611,0.225899,2.2601,4.19847,2.79442,2.61813,0.537832,1.2385,1.92858,3.76416,2.67593,2.2109,2.96336
2014-09-19,2.95424,3.93571,2.24516,2.71676,2.27964,0.81548,3.91834,2.88764,1.76983,3.57947,2.28196,2.00693,2.80134,2.65511,3.02644,1.18812,1.54103,0.956892,0.825094,1.55699,0.96048,0.963052,1.4735,0.922623,1.21424,1.46437,1.01602,1.72492,1.04884,0.51463,0.873691,1.13751,1.3382,0.944828,0.339115,0.497466,0.224758,2.28712,4.20951,2.81789,2.66056,0.516878,1.21692,1.85345,3.76604,2.58834,2.23875,2.98534
2014-09-26,2.94816,3.91252,2.21369,2.67313,2.23655,0.802373,3.88307,2.87326,1.77804,3.47953,2.24229,1.96408,2.77671,2.61854,2.9718,1.19028,1.53429,0.934963,0.785515,1.52355,0.931117,0.928572,1.46623,0.895178,1.18248,1.44054,1.00042,1.68587,1.02628,0.513532,0.873817,1.14399,1.32019,0.928873,0.329054,0.494671,0.214487,2.23403,4.15576,2.74953,2.59835,0.510781,1.18972,1.83158,3.60494,2.55706,2.20752,2.94951
2014-10-03,2.84265,3.76178,2.19405,2.63906,2.20823,0.787553,3.90924,2.86783,1.77147,3.55683,2.29543,1.9135,2.83499,2.68423,2.89293,1.19166,1.54149,0.918418,0.80188,1.50823,0.921046,0.935095,1.4427,0.872931,1.16497,1.44894,0.993279,1.69278,1.01561,0.501361,0.860016,1.12951,1.30172,0.917294,0.326553,0.49609,0.211561,2.21,4.08164,2.69954,2.57047,0.510692,1.15736,1.83126,3.45178,2.50975,2.19212,2.93129
2014-10-10,2.67438,3.75824,2.0111,2.50909,2.06007,0.706641,3.68817,2.83572,1.75212,3.28049,2.15788,1.79383,2.74474,2.60466,2.76551,1.09167,1.46099,0.880574,0.75029,1.46372,0.868187,0.894091,1.3725,0.843648,1.10291,1.38914,0.945213,1.63551,0.979878,0.498092,0.862905,1.06469,1.24842,0.878978,0.310591,0.491106,0.190695,2.10331,3.93434,2.55842,2.4803,0.429951,0.999303,1.54174,3.15283,2.28151,2.12542,2.81992
2014-10-17,2.65079,3.76058,1.98252,2.52723,2.17774,0.693595,3.50498,2.65291,1.68123,3.17326,2.16408,1.8278,2.68951,2.56313,2.73713,1.06081,1.40533,0.881078,0.746269,1.45575,0.847038,0.886468,1.343,0.853458,1.07536,1.35618,0.921577,1.59937,0.976301,0.517056,0.862905,1.10396,1.22542,0.865416,0.295259,0.470581,0.180314,2.0884,3.87764,2.58076,2.42131,0.440629,1.03002,1.58003,3.23649,2.30028,2.10233,2.77692
2014-10-24,2.72863,3.85676,2.02696,2.58441,2.28008,0.717499,3.56954,2.64816,1.68118,3.25877,2.16975,1.88361,2.76946,2.69631,2.80556,1.03783,1.39582,0.911914,0.770921,1.50735,0.858109,0.929738,1.36158,0.883362,1.12351,1.38689,0.963493,1.60938,1.02162,0.538529,0.853363,1.14458,1.29113,0.905142,0.295895,0.46272,0.187322,2.183,4.04441,2.70076,2.45777,0.466201,1.09916,1.67172,3.48031,2.37165,2.19112,2.94473
2014-10-31,2.73337,3.86345,2.00591,2.55974,2.38359,0.71078,3.71159,2.64327,1.68118,3.33758,2.15154,1.87375,2.80154,2.71345,2.78035,1.03559,1.39278,0.944563,0.784233,1.51317,0.887112,0.944347,1.38169,0.887024,1.15243,1.41067,0.979104,1.63381,1.03981,0.541558,0.845902,1.14577,1.31232,0.938873,0.304239,0.471729,0.195453,2.28861,4.12336,2.75988,2.52731,0.470488,1.11653,1.6871,3.50265,2.41051,2.24946,3.02774
2014-11-07,2.74375,3.85369,2.01921,2.56647,2.42215,0.711055,3.7459,2.67471,1.68593,3.29048,2.13006,1.84852,2.85572,2.76259,2.77623,1.02211,1.38305,0.95434,0.778579,1.50672,0.891179,0.924457,1.37339,0.885164,1.1408,1.42627,0.987685,1.63474,1.02735,0.538974,0.847389,1.13535,1.31214,0.946632,0.299255,0.470252,0.193173,2.32793,4.17492,2.75543,2.52935,0.465762,1.10775,1.67015,3.45467,2.43288,2.2682,3.03371
2014-11-14,2.76406,3.89593,2.06327,2.6266,2.49834,0.722698,3.77547,2.69993,1.68677,3.36082,2.1652,1.8191,2.87572,2.76579,2.80167,1.02842,1.39424,0.95749,0.77964,1.49064,0.875497,0.925937,1.37209,0.873805,1.14302,1.40789,0.99424,1.62759,1.02198,0.537645,0.851489,1.14315,1.31182,0.956262,0.304015,0.477231,0.193646,2.37519,4.17293,2.75077,2.53238,0.467574,1.11276,1.67665,3.37456,2.40189,2.27824,3.08208
2014-11-21,2.82482,4.01487,2.11913,2.68569,2.57595,0.744478,3.78587,2.71732,1.70614,3.35852,2.19305,1.87687,2.90781,2.80041,2.8833,1.03323,1.41317,0.971761,0.791295,1.49839,0.886495,0.946653,1.41235,0.894553,1.15869,1.42949,1.0114,1.64201,1.03828,0.5364,0.851483,1.14297,1.34693,0.969586,0.304688,0.479491,0.199159,2.43521,4.1758,2.79817,2.58099,0.477251,1.13097,1.71135,3.41961,2.38612,2.30545,3.10149
2014-11-28,2.85448,4.05775,2.15492,2.73278,2.57542,0.757403,3.71856,2.72791,1.71436,3.30311,2.2807,1.8846,2.94546,2.81575,2.99778,1.03688,1.41715,0.995262,0.812229,1.54574,0.9083,0.957186,1.43692,0.90866,1.17579,1.45394,1.03696,1.66366,1.0528,0.5367,0.85196,1.16628,1.36807,0.999469,0.307905,0.479815,0.198943,2.38678,4.11599,2.82035,2.61457,0.482372,1.13662,1.72971,3.62895,2.53442,2.31126,3.16539
2014-12-05,2.91388,4.14218,2.15613,2.74595,2.50164,0.765542,3.70257,2.75758,1.72064,3.33199,2.3267,1.87639,2.96646,2.85834,3.05581,1.05337,1.4237,0.998781,0.816164,1.57788,0.909414,0.957714,1.42693,0.924463,1.17728,1.44999,1.03897,1.67668,1.0662,0.548256,0.851827,1.1818,1.36675,0.997467,0.31351,0.482031,0.188294,2.39241,4.12621,2.8678,2.62379,0.485542,1.14757,1.74108,3.64238,2.55836,2.32018,3.14658
2014-12-12,2.84966,4.05089,2.11208,2.67235,2.28294,0.740982,3.6438,2.72355,1.71731,3.25039,2.24957,1.78244,2.87912,2.76088,2.98413,1.02268,1.41506,0.987009,0.80887,1.52784,0.903989,0.943232,1.39575,0.933092,1.17477,1.44384,1.01172,1.65513,1.08631,0.520491,0.831597,1.1506,1.33929,0.976374,0.302526,0.480125,0.179505,2.27173,3.90545,2.77076,2.54233,0.475005,1.09785,1.70329,3.64951,2.45864,2.24087,3.06566
2014-12-19,2.92658,4.15997,2.16358,2.72821,2.35174,0.759584,3.72175,2.77207,1.73985,3.34281,2.33903,1.87188,2.93229,2.81532,3.05117,1.06852,1.43799,1.01116,0.821755,1.54364,0.885908,0.945564,1.43334,0.950575,1.18507,1.46803,1.03289,1.6941,1.10571,0.524151,0.831993,1.18553,1.37298,1.01167,0.317836,0.488343,0.188152,2.34631,4.10658,2.88471,2.58871,0.49734,1.13757,1.78338,3.75205,2.48403,2.31639,3.12653
2014-12-26,2.92367,4.16074,2.18712,2.75788,2.39435,0.767847,3.75584,2.77438,1.73985,3.38968,2.37195,1.93948,2.922,2.80611,3.08436,1.10288,1.43816,1.02122,0.827993,1.58326,0.89837,0.963448,1.43701,0.967886,1.18814,1.48696,1.06586,1.7226,1.1263,0.522174,0.83862,1.19424,1.37026,1.01598,0.323993,0.501022,0.19174,2.38236,4.16989,2.90251,2.62668,0.49269,1.14938,1.76671,3.75939,2.5913,2.33792,3.14811
2015-01-02,2.90642,4.13619,2.15716,2.72011,2.42479,0.757331,3.71213,2.73154,1.72387,3.3642,2.33418,1.93065,2.89925,2.78134,3.03668,1.10378,1.44344,1.00303,0.826374,1.57014,0.893479,0.950773,1.40694,0.950756,1.18682,1.46975,1.03551,1.69159,1.10456,0.518618,0.83412,1.19272,1.34972,1.00028,0.323536,0.500603,0.1924,2.33542,4.11259,2.91256,2.58235,0.478145,1.12414,1.71455,3.66255,2.52989,2.30416,3.08517
2015-01-09,2.89139,4.14477,2.14087,2.73199,2.41449,0.760638,3.71734,2.71978,1.72438,3.39796,2.31093,1.95707,2.8956,2.77304,3.03372,1.13106,1.45061,1.00668,0.847803,1.60563,0.919496,0.975263,1.44891,0.970958,1.23096,1.48976,1.08327,1.71211,1.13642,0.525625,0.838009,1.21648,1.34953,1.0007,0.324382,0.500603,0.189849,2.34281,4.0295,2.88631,2.58772,0.489917,1.13873,1.75677,3.9244,2.56809,2.29092,3.07558
2015-01-16,2.88478,4.13977,2.13333,2.7462,2.36633,0.764185,3.72717,2.74225,1.74505,3.41894,2.27792,1.91835,2.91266,2.78196,3.03581,1.15658,1.46295,0.995384,0.862222,1.6169,0.946455,0.970722,1.4449,0.977067,1.26228,1.50866,1.07269,1.72911,1.16312,0.512177,0.833855,1.18949,1.34208,0.997344,0.324353,0.50202,0.173322,2.30563,3.94876,2.84155,2.57446,0.487802,1.12384,1.74918,3.92273,2.5615,2.26154,3.02164
2015-01-23,2.94529,4.23551,2.18495,2.85648,2.45508,0.789574,3.79504,2.76776,1.76247,3.43151,2.32355,1.98065,2.96546,2.84239,3.11423,1.20383,1.49055,0.995873,0.873578,1.66443,0.961579,0.985839,1.45628,0.970553,1.27552,1.51924,1.08613,1.75275,1.17522,0.517052,0.836002,1.23599,1.37451,1.01555,0.330361,0.513341,0.171516,2.3483,3.98585,2.89952,2.6213,0.511301,1.17327,1.83345,4.01836,2.72277,2.299,3.12474
2015-01-30,2.87152,4.12941,2.14368,2.80251,2.36064,0.774658,3.73632,2.76361,1.7574,3.3675,2.29538,1.92593,2.95093,2.83572,3.05385,1.17715,1.49184,0.958002,0.862056,1.65017,0.960396,0.988927,1.43078,0.94445,1.27864,1.51431,1.07721,1.71244,1.14246,0.512996,0.828268,1.20425,1.34623,0.991674,0.324681,0.507662,0.170626,2.31437,3.94282,2.80281,2.55875,0.498957,1.14357,1.78918,3.92769,2.63457,2.23709,3.03003
2015-02-06,2.91478,4.19163,2.21143,2.89795,2.48518,0.793096,3.86367,2.78287,1.78414,3.527,2.33722,1.9735,3.01407,2.91123,3.07923,1.18207,1.48761,0.98147,0.86364,1.65049,0.961672,1.00635,1.45436,0.946308,1.26091,1.47855,1.06884,1.70906,1.08875,0.514731,0.832174,1.21332,1.35641,1.00723,0.316857,0.505251,0.179184,2.38626,3.97862,2.92079,2.62388,0.494358,1.14749,1.77269,3.78615,2.54424,2.30551,3.09087
2015-02-13,2.92044,4.20716,2.22504,2.94476,2.61661,0.804051,3.95938,2.82472,1.78875,3.61637,2.38486,1.99216,3.03255,2.9661,3.05799,1.20076,1.49205,0.985725,0.885545,1.67957,0.982233,1.01867,1.47291,0.967225,1.26351,1.48683,1.05877,1.70946,1.10173,0.520893,0.832174,1.21639,1.40003,1.03738,0.31278,0.506831,0.189204,2.42525,4.01434,3.01819,2.64182,0.51007,1.17175,1.82903,3.96348,2.62441,2.35295,3.20416
2015-02-20,2.95415,4.27231,2.29632,3.03318,2.67892,0.832093,4.05908,2.87157,1.79223,3.71915,2.4056,2.01793,3.12026,3.02993,3.15473,1.20604,1.49205,1.01127,0.896324,1.73171,0.999773,1.02996,1.49117,0.977853,1.29472,1.53378,1.08201,1.75073,1.09695,0.525342,0.832174,1.23176,1.39521,1.06262,0.311408,0.507538,0.187933,2.41887,3.96962,3.0434,2.68374,0.512587,1.18339,1.83806,4.07046,2.68309,2.36933,3.24911
2015-02-27,2.96958,4.29511,2.28927,3.02099,2.63836,0.827664,4.05483,2.84067,1.78855,3.74965,2.39517,2.04983,3.10135,2.9947,3.18062,1.2072,1.49205,1.01419,0.898248,1.73126,0.995243,1.04084,1.48521,0.964518,1.28942,1.51555,1.08972,1.7931,1.0935,0.524908,0.832174,1.239,1.40115,1.08084,0.309514,0.510782,0.181191,2.41876,3.99485,3.02141,2.638,0.522866,1.18584,1.87492,4.18952,2.62049,2.36282,3.24881
2015-03-06,2.93417,4.22265,2.26513,2.99589,2.6649,0.817942,4.02108,2.8239,1.79198,3.74306,2.37019,2.00326,3.05446,2.95779,3.1341,1.19859,1.48561,1.0262,0.893976,1.7099,1.00014,1.03425,1.47463,0.965394,1.28756,1.51137,1.11589,1.79925,1.06041,0.529625,0.832174,1.22424,1.38232,1.06207,0.306412,0.508716,0.177114,2.33626,3.91561,2.93504,2.57148,0.514483,1.18678,1.84486,4.18119,2.6267,2.32738,3.21914
2015-03-13,2.94232,4.2437,2.27355,3.01715,2.63589,0.823768,4.0368,2.87309,1.79139,3.70466,2.39654,2.02845,3.04758,2.9836,3.13362,1.19072,1.48688,1.00521,0.906048,1.7223,0.973682,1.03679,1.45561,0.951964,1.31431,1.51798,1.1206,1.81563,1.06841,0.527122,0.830403,1.23123,1.39622,1.05547,0.305979,0.508466,0.172048,2.31213,3.89658,2.93195,2.56127,0.516268,1.19358,1.85126,4.16119,2.61266,2.30865,3.1571
2015-03-20,2.98433,4.31503,2.31071,3.0657,2.70435,0.837011,4.13713,2.88975,1.78962,3.82068,2.46101,2.08658,3.10273,3.04344,3.1889,1.2043,1.49019,1.02897,0.928149,1.75033,0.997934,1.08596,1.47153,0.972089,1.33837,1.55689,1.14856,1.89675,1.07803,0.530888,0.832793,1.24109,1.40907,1.08793,0.309537,0.509598,0.175245,2.38053,3.95607,2.99754,2.66515,0.542938,1.23826,1.94689,4.28533,2.67984,2.37055,3.26019
2015-03-27,2.96072,4.28083,2.31764,3.05527,2.66943,0.833116,4.07167,2.87749,1.83905,3.78489,2.43454,2.02092,3.07444,2.99277,3.12823,1.16997,1.56586,1.00868,0.896845,1.6848,0.965797,1.04209,1.43753,0.951133,1.32252,1.50402,1.12258,1.80636,1.05234,0.537184,0.829212,1.24841,1.35389,1.06797,0.297613,0.51496,0.172265,2.31583,3.85115,2.91327,2.5796,0.517977,1.19194,1.85738,4.09173,2.57905,2.31794,3.16977
2015-04-03,2.96102,4.28125,2.33786,3.0714,2.70247,0.835309,4.09492,2.94111,1.87041,3.74741,2.43239,2.02777,3.06836,3.01305,3.16655,1.21381,1.62211,1.01143,0.894959,1.68768,0.968508,1.04718,1.42492,0.946769,1.32177,1.48441,1.1229,1.79047,1.04942,0.517942,0.825942,1.27374,1.35344,1.06729,0.303336,0.516074,0.175873,2.34007,3.81942,2.8957,2.598,0.507691,1.18216,1.8205,3.92614,2.52145,2.32582,3.15776
2015-04-10,3.01946,4.34062,2.39087,3.12115,2.73355,0.845191,4.18841,2.96251,1.88391,3.95911,2.51797,2.11164,3.12117,3.04929,3.20493,1.22603,1.63155,1.03681,0.89895,1.70523,0.97563,1.06493,1.44136,0.955817,1.33618,1.52653,1.13801,1.80522,1.05681,0.514313,0.821737,1.26778,1.37265,1.08586,0.307507,0.518054,0.182314,2.35906,3.79772,2.92818,2.63887,0.527361,1.21904,1.89104,4.09097,2.59905,2.36638,3.23676
2015-04-17,2.98837,4.29596,2.36717,3.09214,2.74087,0.837981,4.11389,2.90411,1.87435,3.88081,2.48785,2.09715,3.0836,3.03791,3.18089,1.22689,1.63278,1.02509,0.88374,1.67662,0.950534,1.05554,1.42544,0.928713,1.30826,1.51348,1.11719,1.80417,1.0402,0.51389,0.821673,1.26436,1.35407,1.07014,0.308503,0.518179,0.18268,2.35236,3.76099,2.90819,2.59077,0.530005,1.21618,1.90051,4.14272,2.61822,2.34284,3.18449
2015-04-24,3.0163,4.35064,2.39037,3.14696,2.76486,0.849687,4.16901,2.96653,1.90765,3.9201,2.52225,2.11535,3.12804,3.11794,3.20752,1.23582,1.63278,1.02786,0.887799,1.69536,0.949871,1.07369,1.41985,0.935116,1.33925,1.52573,1.14369,1.81962,1.05812,0.510909,0.821707,1.26436,1.37136,1.07795,0.30863,0.519783,0.181316,2.40529,3.8466,2.9251,2.61725,0.527811,1.2323,1.89265,4.24058,2.68085,2.38452,3.32057
2015-05-01,2.99728,4.33009,2.37595,3.12303,2.73676,0.844975,4.18681,2.94157,1.92359,3.93143,2.50671,2.09222,3.01834,3.02054,3.17804,1.19684,1.62715,1.01575,0.880297,1.6678,0.944414,1.06041,1.39817,0.924443,1.31912,1.51172,1.12378,1.74143,1.041,0.507505,0.817697,1.24631,1.34022,1.06264,0.301243,0.512842,0.175734,2.37757,3.80921,2.90334,2.53081,0.489329,1.16141,1.75466,3.89043,2.42072,2.37404,3.27581
2015-05-08,3.01531,4.33504,2.36853,3.14047,2.69009,0.836064,4.21963,2.92708,1.92786,3.97194,2.51903,2.10897,3.02037,2.99552,3.14071,1.19392,1.62839,1.04344,0.873713,1.67314,0.948062,1.05497,1.42275,0.923094,1.31509,1.54108,1.11479,1.78564,1.03672,0.511761,0.820235,1.25087,1.29827,1.07801,0.30418,0.513043,0.182258,2.34534,3.77465,2.89953,2.52637,0.50008,1.18544,1.79321,3.92421,2.4626,2.38418,3.265
2015-05-15,3.0331,4.36514,2.40151,3.18072,2.76978,0.849926,4.30463,2.95192,1.93166,4.07939,2.52537,2.10383,3.05317,3.03552,3.20864,1.21062,1.61243,1.05641,0.878371,1.71133,0.957134,1.07249,1.43003,0.936723,1.34852,1.55402,1.14229,1.78105,1.06406,0.513956,0.820235,1.28006,1.31915,1.07922,0.30393,0.512374,0.185736,2.37035,3.75817,2.89131,2.53673,0.496373,1.19146,1.77992,3.96682,2.41552,2.39342,3.29173
2015-05-22,3.00828,4.32948,2.36444,3.14449,2.75393,0.840061,4.3876,2.97926,1.93726,4.15287,2.53778,2.10782,2.99449,3.01464,3.13871,1.22222,1.62289,1.0579,0.89465,1.72598,0.972284,1.09058,1.44524,0.947048,1.37839,1.57803,1.15671,1.78651,1.08313,0.514254,0.822361,1.29653,1.33914,1.08934,0.312632,0.524776,0.191387,2.36217,3.73718,2.90844,2.56277,0.520577,1.22719,1.86671,4.09226,2.41884,2.39962,3.31847
2015-05-29,3.00273,4.32447,2.37021,3.14189,2.71635,0.836518,4.36724,2.98545,1.94467,4.09365,2.50547,2.09834,2.95243,2.95078,3.12423,1.23393,1.62697,1.06398,0.898048,1.71675,0.980463,1.06411,1.43658,0.93463,1.3541,1.55629,1.15068,1.82116,1.07027,0.512643,0.82114,1.30045,1.34854,1.08977,0.313061,0.524776,0.187997,2.36821,3.73772,2.85603,2.55629,0.531781,1.25978,1.90689,4.20541,2.35321,2.37878,3.30585
2015-06-05,2.97704,4.28513,2.36511,3.1017,2.66212,0.824424,4.37745,2.98358,1.94972,4.08696,2.47377,2.09108,2.95211,2.92992,3.1234,1.22571,1.61321,1.05976,0.904241,1.7146,0.982574,1.05771,1.43362,0.9329,1.33641,1.54723,1.18706,1.82641,1.05564,0.513356,0.822282,1.29744,1.34747,1.08766,0.30981,0.520334,0.186147,2.38302,3.72328,2.84784,2.55311,0.524677,1.25324,1.88141,4.26402,2.37881,2.36334,3.28332
2015-06-12,3.01191,4.33812,2.37645,3.14757,2.66387,0.836623,4.46299,2.98233,1.96137,4.09596,2.45099,2.08303,2.96879,2.93092,3.17503,1.22845,1.61281,1.05412,0.90048,1.71888,0.972956,1.05026,1.43477,0.931284,1.35438,1.5481,1.22619,1.81875,1.07438,0.51025,0.820705,1.28671,1.34104,1.0959,0.308796,0.52319,0.185657,2.35957,3.7121,2.8285,2.58569,0.524794,1.247,1.88183,4.35572,2.42851,2.36604,3.2668
2015-06-19,3.02423,4.35644,2.3871,3.15297,2.69475,0.835394,4.56232,2.98379,1.9757,4.15552,2.46072,2.08382,3.02566,2.96531,3.25059,1.23362,1.61209,1.06246,0.917988,1.76546,0.987888,1.04722,1.43341,0.930019,1.38082,1.57828,1.23572,1.79896,1.08699,0.511837,0.818159,1.28381,1.37567,1.10053,0.307325,0.519821,0.184167,2.35615,3.76296,2.82877,2.5771,0.538664,1.28529,1.93157,4.45648,2.43557,2.38661,3.30864
2015-06-26,3.03342,4.36408,2.40015,3.18067,2.66147,0.842469,4.57066,2.99725,1.97448,4.11799,2.4299,2.02538,3.02468,2.96701,3.31525,1.24789,1.64048,1.06486,0.917956,1.73762,0.96862,1.04481,1.42401,0.935176,1.35666,1.55975,1.1903,1.81538,1.07979,0.51061,0.817183,1.29658,1.32232,1.10621,0.301037,0.522019,0.179294,2.34919,3.73253,2.77352,2.56032,0.516408,1.2536,1.85176,4.24926,2.35426,2.3754,3.28997
2015-07-03,3.00903,4.33269,2.37113,3.1289,2.62868,0.829266,4.51571,2.94868,1.98487,4.03146,2.39938,1.99303,3.00415,2.93414,3.31208,1.24759,1.65864,1.04962,0.906885,1.72135,0.956991,1.04714,1.39075,0.906687,1.32756,1.55388,1.17124,1.77003,1.0583,0.506792,0.813354,1.28287,1.31002,1.07845,0.299273,0.524017,0.176731,2.28189,3.68351,2.7125,2.47329,0.502379,1.21679,1.80145,4.15172,2.26859,2.34699,3.25023
2015-07-10,3.01199,4.34208,2.35097,3.10237,2.61716,0.810605,4.40096,2.95774,1.96643,3.98042,2.40689,1.98655,2.95208,2.87931,3.30153,1.22084,1.65877,1.05739,0.903611,1.72658,0.949668,1.03784,1.40126,0.911945,1.33385,1.56288,1.19057,1.79356,1.07004,0.499524,0.807199,1.27599,1.30647,1.05373,0.301027,0.524048,0.172422,2.25946,3.62657,2.70619,2.49487,0.498647,1.22784,1.78807,4.27989,2.2556,2.34891,3.24119
2015-07-17,3.02819,4.35012,2.3802,3.13437,2.62069,0.8167,4.42263,2.99107,1.98039,4.06048,2.4475,1.99319,2.97798,2.89317,3.32137,1.23112,1.66222,1.09224,0.919245,1.76098,0.983867,1.06319,1.43676,0.928996,1.36283,1.62504,1.26095,1.84415,1.09875,0.500386,0.808169,1.28701,1.33013,1.0633,0.308031,0.525114,0.169297,2.274,3.67518,2.69781,2.50423,0.527876,1.30547,1.89288,4.74057,2.40648,2.40552,3.42004
2015-07-24,3.01599,4.3376,2.37286,3.11101,2.50349,0.815162,4.29367,2.92693,1.96127,4.06043,2.42386,1.95233,2.92781,2.8575,3.18726,1.2277,1.65762,1.07747,0.9234,1.75651,0.983443,1.04941,1.42319,0.926856,1.32912,1.56456,1.24239,1.8147,1.08347,0.492445,0.794012,1.27414,1.32101,1.04312,0.304734,0.52548,0.16198,2.24642,3.52846,2.64746,2.46947,0.510918,1.25538,1.83207,4.70426,2.34971,2.3548,3.34507
2015-07-31,3.04654,4.39024,2.3987,3.177,2.5942,0.847199,4.41726,2.96241,1.9863,4.13368,2.47543,1.95028,2.97361,2.93792,3.28679,1.23666,1.6588,1.09229,0.947019,1.7391,0.984908,1.05552,1.42117,0.928826,1.34386,1.53907,1.26696,1.84134,1.10845,0.494653,0.796599,1.27151,1.32107,1.04907,0.302679,0.522178,0.16133,2.32576,3.58094,2.67042,2.43004,0.490159,1.22132,1.75763,4.77209,2.25708,2.3831,3.37066
2015-08-07,3.02287,4.34982,2.35627,3.13701,2.59779,0.833693,4.31215,2.89613,1.97658,4.03278,2.38514,1.9097,2.912,2.95745,3.20257,1.20786,1.62704,1.05078,0.959185,1.74066,0.979165,1.0561,1.42161,0.926647,1.32779,1.49574,1.24522,1.81809,1.10871,0.487734,0.794158,1.25008,1.32907,1.05035,0.293447,0.513611,0.157312,2.34832,3.51175,2.67381,2.38484,0.459839,1.14947,1.64891,4.66765,2.15397,2.35423,3.32128
2015-08-14,3.04456,4.377,2.37348,3.15718,2.64704,0.840481,4.39378,2.95677,1.98171,4.03719,2.40538,1.91126,2.8765,2.91917,3.20936,1.22183,1.62624,1.0411,0.983313,1.77811,1.00193,1.08114,1.41976,0.943888,1.33801,1.51807,1.22359,1.83634,1.13004,0.496475,0.796009,1.26773,1.30407,1.0624,0.300371,0.512371,0.157336,2.44747,3.59182,2.72729,2.42732,0.464118,1.14865,1.66425,4.52694,2.14797,2.37087,3.3273
2015-08-21,2.8946,4.13669,2.24092,2.97326,2.49099,0.791843,4.18516,2.85887,1.94159,3.73725,2.33172,1.79471,2.69943,2.7444,3.0108,1.17972,1.5946,0.973075,0.938835,1.71459,0.955589,1.0511,1.36556,0.912004,1.30574,1.43326,1.12305,1.69884,1.08356,0.478438,0.789196,1.21493,1.20852,1.0038,0.282987,0.494176,0.145461,2.32443,3.40138,2.48103,2.32457,0.422506,1.05205,1.51504,4.10839,1.93829,2.23966,3.08312
2015-08-28,2.86193,4.13881,2.18192,3.00297,2.53745,0.777501,4.07368,2.81689,2.03632,3.73662,2.27524,1.82829,2.65695,2.69134,3.01376,1.17656,1.69453,0.981004,0.92805,1.69006,0.93359,1.01597,1.35977,0.891649,1.25363,1.41589,1.08408,1.61872,1.05141,0.508772,0.829268,1.32213,1.19809,0.966538,0.287572,0.496244,0.141104,2.34986,3.46069,2.52039,2.31133,0.442851,1.11046,1.588,4.38907,2.03676,2.25608,3.18007
2015-09-04,2.86311,4.14299,2.16609,2.98354,2.45224,0.772286,4.05701,2.81876,2.03791,3.70201,2.26742,1.79252,2.74391,2.77415,3.02772,1.14153,1.6817,0.949816,0.91905,1.66907,0.927394,0.995053,1.31584,0.88415,1.25493,1.39177,1.05888,1.60302,1.04127,0.488385,0.786175,1.28668,1.17709,0.925962,0.278183,0.479985,0.135623,2.28813,3.40446,2.44785,2.2083,0.408341,1.04821,1.49903,4.18407,1.92236,2.18034,3.0759
2015-09-11,2.87451,4.15949,2.21299,3.03128,2.48826,0.782748,4.10598,2.84539,2.04441,3.79834,2.24673,1.78127,2.83247,2.86568,3.11252,1.15302,1.67208,0.976781,0.937707,1.70598,0.945867,1.01376,1.33451,0.893286,1.27972,1.42389,1.07848,1.63142,1.05231,0.487962,0.787841,1.31126,1.17773,0.953959,0.286858,0.484224,0.139722,2.32025,3.45549,2.45723,2.24109,0.420077,1.09439,1.49903,4.18407,1.92236,2.22732,3.17857
2015-09-18,2.88168,4.16986,2.22893,3.07806,2.50033,0.783239,4.09505,2.87563,2.04388,3.82088,2.29241,1.7846,2.87476,2.90356,3.11898,1.16678,1.68068,0.977428,0.943741,1.70806,0.948126,1.00803,1.33149,0.894284,1.27953,1.4203,1.08071,1.65682,1.05214,0.487716,0.786958,1.32279,1.17284,0.954828,0.286327,0.48437,0.142538,2.34935,3.49059,2.47657,2.2777,0.445067,1.13316,1.49903,4.18407,1.92236,2.22422,3.17966
2015-09-25,2.77307,4.0127,2.1092,2.91271,2.37113,0.733438,3.79803,2.7358,1.948,3.62303,2.16275,1.75592,2.79189,2.78972,2.92659,1.06184,1.58284,0.942081,0.912083,1.6622,0.920138,0.990591,1.28866,0.868806,1.18517,1.37627,1.05621,1.58964,0.99275,0.487139,0.786958,1.32236,1.14386,0.92072,0.257391,0.455061,0.126171,2.26223,3.43407,2.43368,2.23719,0.373726,0.993448,1.49903,4.18407,1.92236,2.19463,3.10632
2015-10-02,2.64861,3.93164,2.02874,2.88257,2.35476,0.705254,3.58578,2.56951,1.88478,3.54934,2.03041,1.74228,2.73888,2.72992,2.8539,0.999734,1.52335,0.940164,0.89327,1.6259,0.891536,0.990346,1.29485,0.851041,1.17973,1.36459,1.05241,1.56052,0.963606,0.486912,0.786958,1.32214,1.14928,0.923443,0.239918,0.43648,0.123851,2.22156,3.46572,2.42192,2.21153,0.359493,0.970525,1.49903,4.18407,1.92236,2.2191,3.13922
2015-10-09,2.65107,3.931,2.03404,2.88551,2.37898,0.706015,3.5921,2.57236,1.88608,3.58632,2.02893,1.74742,2.79735,2.73603,2.86455,0.989911,1.53432,0.945885,0.897568,1.63665,0.902409,1.02149,1.2889,0.850534,1.19408,1.3804,1.05458,1.57989,0.963464,0.487496,0.786958,1.32437,1.16872,0.942362,0.240784,0.439187,0.129354,2.32914,3.55212,2.52514,2.22179,0.355147,0.958377,1.49903,4.18407,1.92236,2.29114,3.21527
2015-10-16,2.62954,3.92855,2.00676,2.86787,2.34215,0.698167,3.51478,2.50638,1.85002,3.57055,2.00693,1.73242,2.74215,2.68149,2.89832,0.953969,1.4711,0.956656,0.903987,1.64329,0.910906,1.03394,1.2942,0.852958,1.19631,1.38405,1.02876,1.52254,0.966157,0.489481,0.788614,1.29876,1.16439,0.951021,0.232811,0.428654,0.122373,2.32996,3.62932,2.5076,2.22677,0.346205,0.934021,1.49903,4.18407,1.92236,2.31321,3.26326
2015-10-23,2.60338,3.92409,2.00506,2.87791,2.30049,0.699388,3.5526,2.51032,1.84338,3.61759,1.98631,1.71446,2.79152,2.73756,2.90552,0.948037,1.45364,0.971275,0.915841,1.66212,0.93077,1.07244,1.32047,0.878611,1.21043,1.40593,1.0567,1.51407,0.971526,0.483202,0.787234,1.29923,1.1897,0.954861,0.232216,0.425354,0.118807,2.29759,3.59896,2.53031,2.27596,0.343759,0.896878,1.49903,4.18407,1.92236,2.36146,3.40391
2015-10-30,2.60445,3.93177,2.00258,2.87451,2.30305,0.699213,3.5813,2.49425,1.83718,3.64736,1.98889,1.71494,2.8044,2.79427,2.87895,0.942749,1.45551,0.972543,0.937033,1.64854,0.918321,1.07633,1.30973,0.873638,1.22679,1.41346,1.0596,1.51615,0.986666,0.48066,0.787234,1.30078,1.18542,0.937097,0.231516,0.422417,0.118943,2.29321,3.58861,2.53579,2.24676,0.35332,0.914633,1.49903,4.18407,1.92236,2.36624,3.42051
2015-11-06,2.64002,3.9495,1.99906,2.85352,2.3009,0.692816,3.6599,2.51952,1.83527,3.64071,1.99267,1.72754,2.83469,2.84124,2.85605,0.954642,1.45885,0.954914,0.935488,1.63319,0.917926,1.09298,1.33042,0.880324,1.21814,1.41316,1.05513,1.52326,0.983438,0.494563,0.78717,1.33363,1.19047,0.955109,0.234316,0.424419,0.122639,2.27315,3.59585,2.63733,2.2595,0.369726,0.947877,1.55808,4.33053,1.92796,2.39026,3.46458
2015-11-13,2.52916,3.78171,1.94073,2.74921,2.22509,0.665878,3.50064,2.42524,1.79345,3.555,1.93452,1.718,2.72688,2.73708,2.81753,0.939517,1.4432,0.929512,0.899269,1.57999,0.875298,1.04799,1.29862,0.873217,1.17008,1.35581,1.01927,1.48079,0.961309,0.490315,0.782743,1.32173,1.1329,0.927407,0.229882,0.419827,0.113685,2.16271,3.52533,2.518,2.20322,0.358874,0.901554,1.51235,4.21869,1.87415,2.30491,3.31518
2015-11-20,2.56287,3.83171,1.96395,2.7802,2.2679,0.676688,3.54273,2.46222,1.82048,3.66267,1.96692,1.77385,2.77157,2.77751,2.86963,0.947652,1.44066,0.957921,0.949513,1.64632,0.899642,1.05386,1.34286,0.896556,1.209,1.4192,1.07027,1.5395,0.99216,0.487915,0.781599,1.32214,1.1818,0.959675,0.228605,0.418194,0.115345,2.22489,3.66854,2.59873,2.26993,0.380333,0.951263,1.60278,4.49499,1.89741,2.38195,3.45522
2015-11-27,2.56017,3.83772,1.96712,2.78797,2.29984,0.678025,3.60544,2.47401,1.82567,3.71233,1.95311,1.78157,2.7897,2.79529,2.87604,0.950119,1.4447,0.959883,0.956479,1.66952,0.918555,1.05352,1.35997,0.916031,1.2095,1.41765,1.05704,1.5471,0.994025,0.488121,0.781929,1.32521,1.21076,0.962731,0.229573,0.418194,0.117111,2.22442,3.74225,2.61706,2.27778,0.39666,0.978875,1.67159,4.61918,1.91998,2.38479,3.45009
2015-12-04,2.63443,3.94817,2.02558,2.87329,2.20108,0.698762,3.6076,2.50286,1.83697,3.68204,1.94289,1.77077,2.79565,2.80922,2.9086,0.969993,1.46047,0.961743,0.970198,1.68405,0.920678,1.04828,1.37364,0.927948,1.20993,1.41146,1.07554,1.55864,1.0048,0.485242,0.777318,1.32806,1.21381,0.969728,0.229173,0.42215,0.111984,2.2238,3.67768,2.60583,2.27193,0.397875,0.976593,1.67671,4.53756,1.94921,2.38548,3.47514
2015-12-11,2.59407,3.89258,1.95935,2.79501,2.10377,0.679724,3.52689,2.47856,1.83527,3.57792,1.90678,1.71561,2.75047,2.75176,2.8434,0.946227,1.46047,0.941906,0.931407,1.61588,0.896208,1.00589,1.32705,0.899624,1.15449,1.35393,1.01396,1.48553,0.953016,0.478947,0.778688,1.29204,1.16875,0.940227,0.224104,0.42295,0.109077,2.12996,3.53044,2.51652,2.18046,0.380588,0.945623,1.60385,4.3531,1.85498,2.29739,3.34385
2015-12-18,2.65502,3.997,2.00691,2.84966,2.08966,0.694027,3.5543,2.53559,1.86819,3.63363,1.95033,1.71172,2.78798,2.79557,2.89417,0.965382,1.46837,0.953979,0.916717,1.57226,0.895095,1.0032,1.32849,0.887119,1.14878,1.33984,0.997357,1.46735,0.936424,0.483102,0.79211,1.30565,1.15451,0.955669,0.230955,0.422441,0.108889,2.1376,3.49823,2.52577,2.18888,0.384627,0.951154,1.62088,4.33835,1.80894,2.28978,3.325
2015-12-25,2.67068,4.01887,2.03186,2.88522,2.17364,0.702686,3.5934,2.5463,1.86876,3.68452,1.95978,1.74018,2.84225,2.85177,2.94281,0.97927,1.47398,0.980333,0.94192,1.61437,0.914179,1.0316,1.35308,0.904121,1.16938,1.36792,1.01379,1.4884,0.944792,0.482717,0.794075,1.31472,1.19318,0.960415,0.233012,0.425279,0.11209,2.23683,3.63925,2.62443,2.22428,0.380161,0.952006,1.60205,4.31541,1.85413,2.35457,3.40855
2016-01-01,2.65843,4.00116,2.03249,2.88201,2.18275,0.701905,3.60398,2.54179,1.86768,3.69379,1.95084,1.72887,2.85224,2.85146,2.93048,0.974043,1.47398,0.980332,0.932617,1.60015,0.909218,1.02965,1.35044,0.90219,1.16191,1.35467,1.00227,1.46396,0.942681,0.48272,0.794075,1.3162,1.18998,0.960963,0.232867,0.425279,0.110646,2.21884,3.55893,2.58216,2.2096,0.365552,0.928452,1.54049,4.19434,1.84581,2.33385,3.38646
2016-01-08,2.50241,3.77041,1.90544,2.68154,2.04447,0.652937,3.33298,2.37638,1.78963,3.42936,1.82576,1.63957,2.66027,2.6742,2.74239,0.95754,1.46995,0.942529,0.881311,1.52323,0.863773,0.997285,1.29455,0.867705,1.08509,1.29785,0.951005,1.38116,0.905184,0.472496,0.794075,1.29762,1.1243,0.890844,0.22506,0.424736,0.105803,2.03246,3.33415,2.48098,2.12709,0.342702,0.874188,1.49954,4.09533,1.80972,2.19705,3.1488
2016-01-15,2.48469,3.74351,1.85741,2.64028,1.96938,0.634721,3.33177,2.33722,1.76058,3.22281,1.79287,1.63372,2.61558,2.63229,2.73467,0.933425,1.44947,0.919392,0.864071,1.50978,0.841282,0.968381,1.24493,0.852051,1.05681,1.27389,0.941745,1.35242,0.887316,0.465414,0.794075,1.25986,1.08974,0.878593,0.219841,0.424274,0.0936704,1.99647,3.16111,2.38567,2.07814,0.320045,0.822919,1.49954,4.09533,1.80972,2.15,3.05284
2016-01-22,2.56508,3.89811,1.85429,2.73546,2.08002,0.644368,3.35422,2.36451,1.7569,3.25784,1.78939,1.67313,2.62177,2.64624,2.81114,0.939406,1.4487,0.930988,0.862351,1.50791,0.847148,0.968882,1.25141,0.854781,1.066,1.27732,0.95087,1.36298,0.883827,0.46452,0.797249,1.24602,1.10462,0.878004,0.222081,0.423977,0.0961098,2.0149,3.21334,2.42501,2.08586,0.324663,0.836513,1.49954,4.09533,1.80972,2.18102,3.14154
2016-01-29,2.56961,3.91648,1.86746,2.75875,2.0663,0.649792,3.36737,2.37196,1.75574,3.27915,1.81806,1.7042,2.66485,2.68373,2.82946,0.939599,1.4487,0.944818,0.883867,1.54861,0.867878,1.00981,1.27811,0.861962,1.09601,1.32781,0.968034,1.38288,0.896958,0.459918,0.794569,1.25419,1.13236,0.8864,0.223367,0.423977,0.0973856,2.00099,3.2087,2.32555,2.12155,0.325425,0.838207,1.49954,4.09533,1.80972,2.21765,3.15244
2016-02-05,2.56652,3.91176,1.80015,2.66164,2.06295,0.626389,3.2601,2.34788,1.75574,3.19684,1.8046,1.68464,2.58674,2.57206,2.78572,0.928369,1.43519,0.91677,0.877118,1.56674,0.869241,1.03898,1.24651,0.847818,1.08256,1.32422,0.970468,1.38481,0.877863,0.459343,0.784087,1.2406,1.09074,0.870053,0.219568,0.423977,0.0934986,1.87089,3.02703,2.25105,2.01719,0.294611,0.772463,1.49954,4.09533,1.80972,2.1516,2.97049
2016-02-12,2.58077,3.93348,1.77601,2.64577,2.02983,0.608084,3.18691,2.33949,1.76472,3.17678,1.83268,1.69647,2.66696,2.61147,2.80853,0.948466,1.45835,0.906668,0.888717,1.54141,0.876847,1.03498,1.23987,0.856083,1.09068,1.30297,0.971653,1.39662,0.887214,0.457314,0.781902,1.24849,1.08896,0.842502,0.223834,0.423977,0.0915264,1.85911,2.99697,2.23127,2.00892,0.295063,0.772431,1.49954,4.09533,1.80972,2.13649,2.96746
2016-02-19,2.61684,3.98846,1.80871,2.70687,2.10481,0.622546,3.24063,2.35902,1.78095,3.25703,1.86643,1.732,2.72044,2.69202,2.87179,0.956615,1.46009,0.936059,0.911304,1.56908,0.889112,1.0433,1.26203,0.879047,1.11619,1.32602,0.987906,1.4273,0.90783,0.462427,0.787393,1.25686,1.12651,0.859989,0.224877,0.423977,0.0922662,1.92827,3.10133,2.31235,2.06794,0.313592,0.820008,1.49954,4.09533,1.80972,2.19796,3.07675
2016-02-26,2.62699,4.00393,1.81923,2.72261,2.23612,0.626165,3.27662,2.35996,1.78095,3.29362,1.86817,1.73723,2.77615,2.72909,2.87262,0.956615,1.46009,0.953385,0.934665,1.57031,0.899357,1.08447,1.27816,0.889091,1.14706,1.33857,0.982487,1.43674,0.918491,0.473142,0.796408,1.27624,1.15909,0.87865,0.224877,0.423977,0.0968755,1.95824,3.19816,2.38626,2.10049,0.338678,0.864285,1.49954,4.09533,1.80972,2.23334,3.13125
2016-03-04,2.62699,4.00393,1.83103,2.74027,2.31455,0.630228,3.30708,2.35996,1.78095,3.38642,1.86968,1.74322,2.78886,2.76677,2.89503,0.964041,1.46009,0.970092,0.93767,1.55773,0.909821,1.10913,1.26666,0.891266,1.15429,1.35292,0.999559,1.45154,0.928323,0.472815,0.796408,1.27307,1.18039,0.903143,0.227359,0.423977,0.0997631,2.0198,3.39475,2.55491,2.14951,0.352478,0.889635,1.49954,4.09533,1.80972,2.29447,3.19906
2016-03-11,2.67605,4.07871,1.87877,2.81172,2.38153,0.646659,3.32889,2.40082,1.78518,3.4842,1.91876,1.74932,2.82817,2.76689,2.96701,0.964487,1.45759,0.992446,0.955619,1.59251,0.923853,1.14092,1.2801,0.908854,1.17543,1.38041,1.0214,1.47019,0.944067,0.467938,0.796408,1.28242,1.18968,0.915924,0.228078,0.423646,0.103835,2.04891,3.39838,2.6086,2.1723,0.353664,0.896268,1.49954,4.09533,1.80972,2.32114,3.22388
2016-03-18,2.6694,4.08669,1.91824,2.88331,2.36944,0.65737,3.35232,2.40447,1.78111,3.51756,1.92637,1.75404,2.88563,2.8233,2.97909,0.977679,1.46822,1.00562,0.966239,1.60044,0.93871,1.17811,1.30293,0.916491,1.17894,1.39344,1.03631,1.48652,0.957093,0.47213,0.796408,1.31284,1.21912,0.926161,0.231199,0.424953,0.106864,2.09814,3.42818,2.68945,2.20442,0.358648,0.916709,1.49954,4.09533,1.80972,2.35175,3.26017
2016-03-25,2.69673,4.12853,1.93217,2.90161,2.46911,0.66152,3.32697,2.40757,1.78772,3.48895,1.93872,1.75668,2.85998,2.78924,3.00096,0.990146,1.48307,0.995973,0.946551,1.58891,0.918012,1.15239,1.28101,0.910909,1.15461,1.39111,1.03374,1.49078,0.957795,0.469169,0.795842,1.3263,1.21225,0.916336,0.236419,0.431409,0.112844,2.06561,3.34264,2.65181,2.20533,0.359912,0.913261,1.49954,4.09533,1.80972,2.33726,3.25683
2016-04-01,2.74574,4.20356,1.96487,2.95342,2.54036,0.67334,3.39744,2.44512,1.79453,3.55354,1.97433,1.7767,2.94066,2.90265,3.04639,1.00122,1.49554,1.02052,0.958966,1.63406,0.932515,1.16949,1.30013,0.929832,1.18767,1.42461,1.05718,1.51787,0.973596,0.471953,0.798735,1.35788,1.25492,0.928828,0.23879,0.431759,0.11282,2.12036,3.4103,2.73975,2.25308,0.373215,0.944577,1.52484,4.19081,1.8368,2.38098,3.35096
2016-04-08,2.72413,4.17049,1.92855,2.89856,2.4625,0.662281,3.3407,2.42113,1.78832,3.53333,1.98131,1.76687,2.8833,2.85024,3.03773,0.996249,1.49855,1.00948,0.934702,1.60405,0.937797,1.15229,1.26132,0.905228,1.17308,1.40278,1.04796,1.51498,0.951562,0.472333,0.79848,1.35537,1.26262,0.926556,0.235595,0.429974,0.111595,2.09922,3.34476,2.66348,2.22366,0.363246,0.930075,1.48411,4.07809,1.80789,2.35314,3.30966
2016-04-15,2.74754,4.21998,1.94564,2.92064,2.508,0.669535,3.38532,2.41529,1.78595,3.61081,1.99327,1.78269,2.89998,2.84988,3.08821,1.0103,1.48996,1.01084,0.942819,1.61679,0.944886,1.16056,1.26988,0.906268,1.19188,1.40503,1.04677,1.50603,0.940963,0.474859,0.79848,1.35685,1.2693,0.938377,0.238235,0.434608,0.11361,2.18592,3.46054,2.75635,2.25314,0.365101,0.932357,1.49169,4.13989,1.92351,2.39088,3.35946
2016-04-22,2.71575,4.1626,1.93477,2.89307,2.44443,0.663225,3.41818,2.39408,1.77453,3.61529,1.97437,1.77911,2.88474,2.80776,3.0478,1.01701,1.49284,0.992304,0.935933,1.59318,0.944396,1.1876,1.25049,0.884934,1.18331,1.38036,1.02183,1.47637,0.92534,0.497075,0.797416,1.40417,1.28235,0.934355,0.243238,0.434355,0.116649,2.2311,3.55356,2.81414,2.2981,0.352538,0.902986,1.44036,4.2293,2.02336,2.40457,3.30905
2016-04-29,2.65756,4.08522,1.8852,2.85574,2.4231,0.654669,3.41068,2.37046,1.75887,3.59607,1.9575,1.75334,2.89312,2.83529,3.00689,1.01934,1.49254,1.03084,0.934432,1.60166,0.986236,1.15189,1.24136,0.879434,1.22323,1.40136,1.03466,1.50427,0.937901,0.49389,0.792582,1.37773,1.28401,0.931749,0.240358,0.432161,0.109157,2.19208,3.52462,2.72393,2.25844,0.349465,0.899206,1.4278,4.37481,2.20808,2.37419,3.21007
2016-05-06,2.6382,3.99048,1.84975,2.77606,2.37356,0.640007,3.32312,2.37158,1.74711,3.57139,1.96009,1.71633,2.81613,2.79896,2.94123,1.00204,1.45858,1.03082,0.917401,1.58139,0.97336,1.15851,1.2355,0.880281,1.21028,1.40953,1.03939,1.51992,0.935247,0.479274,0.786916,1.39121,1.2705,0.926659,0.234688,0.432142,0.10604,2.17488,3.31469,2.61496,2.2194,0.364401,0.919,1.48883,4.11815,2.00615,2.36717,3.20582
2016-05-13,2.65041,4.04942,1.8295,2.77599,2.34078,0.630689,3.32238,2.37542,1.75522,3.58064,1.91357,1.71181,2.7355,2.73271,2.91824,0.994378,1.44815,1.0344,0.920562,1.58728,0.965894,1.1597,1.22725,0.879589,1.18677,1.41189,1.04537,1.52732,0.931397,0.472545,0.783538,1.3712,1.26368,0.916391,0.229252,0.438879,0.104006,2.14249,3.30179,2.55539,2.19533,0.363541,0.912186,1.48532,3.93951,1.92103,2.35613,3.20339
2016-05-20,2.67318,4.07805,1.89385,2.87224,2.40583,0.649799,3.37741,2.3805,1.75128,3.5721,1.91539,1.73357,2.83264,2.82295,3.00587,1.04151,1.46498,1.01718,0.913463,1.58158,0.952157,1.16666,1.23698,0.866292,1.1651,1.39187,1.0297,1.49916,0.917916,0.470334,0.781974,1.4132,1.26223,0.921099,0.242239,0.454066,0.107342,2.15642,3.32217,2.55325,2.19781,0.35394,0.895989,1.44609,3.92392,1.94286,2.36453,3.23284
2016-05-27,2.67449,4.09528,1.93023,2.91107,2.47728,0.659542,3.43192,2.40222,1.75524,3.60364,1.93072,1.79376,2.94929,2.93924,3.03219,1.04238,1.46741,1.01861,0.924462,1.60662,0.927407,1.18371,1.25953,0.873799,1.16897,1.408,1.05341,1.51994,0.928779,0.473525,0.786719,1.40251,1.28707,0.945623,0.240472,0.456903,0.112075,2.20159,3.37438,2.58276,2.25137,0.366063,0.91376,1.49562,3.88679,1.94782,2.41918,3.34397
2016-06-03,2.66827,4.08285,1.94265,2.99451,2.56167,0.678423,3.46869,2.42964,1.75374,3.63053,1.9491,1.81069,3.01045,2.99881,3.10455,1.07616,1.49769,1.05801,0.93637,1.61787,0.956554,1.19447,1.27325,0.886699,1.2114,1.43092,1.06783,1.54219,0.943973,0.475976,0.787406,1.43461,1.29465,0.956556,0.244437,0.456446,0.114099,2.20352,3.36801,2.61423,2.26185,0.383917,0.939892,1.56856,4.22613,2.02525,2.41964,3.34185
2016-06-10,2.70127,4.1346,1.94759,2.97815,2.52617,0.674727,3.43653,2.41397,1.76644,3.65305,1.95499,1.80744,2.99949,2.97818,3.08976,1.08144,1.50139,1.07621,0.94551,1.63997,0.960142,1.18562,1.2879,0.887417,1.22912,1.45787,1.07684,1.5627,0.953617,0.473137,0.789062,1.40447,1.30162,0.957235,0.24076,0.456446,0.11069,2.13795,3.38153,2.59606,2.26793,0.387829,0.949413,1.58455,4.29224,2.04067,2.41723,3.30784
2016-06-17,2.69704,4.09091,1.92468,2.91552,2.45673,0.668046,3.39004,2.39456,1.75673,3.63466,1.9351,1.8126,2.99597,2.9676,3.0613,1.11273,1.50761,1.08577,0.924852,1.6383,0.953573,1.15848,1.27338,0.871817,1.22472,1.47206,1.07341,1.55206,0.940986,0.471042,0.789062,1.38434,1.29358,0.942177,0.24681,0.461811,0.111006,2.12079,3.34598,2.53626,2.26649,0.377909,0.932484,1.54402,4.34713,2.05531,2.38874,3.24206
2016-06-24,2.70145,4.06567,1.91491,2.91414,2.4199,0.66728,3.36413,2.38728,1.77768,3.61983,1.92535,1.78784,2.86263,2.81061,3.05331,1.13138,1.50887,1.08553,0.919979,1.60317,0.958959,1.12593,1.26292,0.878938,1.22798,1.46326,1.0664,1.55148,0.940391,0.478658,0.789062,1.39318,1.25021,0.926453,0.248825,0.466958,0.108217,2.02846,3.19712,2.50579,2.22501,0.388776,0.945841,1.58842,4.3692,2.01257,2.3508,3.17508
2016-07-01,2.77253,4.16261,1.96622,2.99048,2.48492,0.685556,3.42586,2.41821,1.78066,3.67765,1.94615,1.86374,2.96173,2.96734,3.15322,1.18554,1.58799,1.14451,0.967863,1.68997,1.01324,1.16053,1.30849,0.915878,1.29064,1.53213,1.10552,1.60571,0.978745,0.514002,0.842246,1.46563,1.29693,0.967439,0.257874,0.487741,0.111796,2.06818,3.24797,2.64553,2.28222,0.421432,1.00226,1.72184,4.81841,2.14115,2.42806,3.29047
2016-07-08,2.77651,4.16859,1.98244,3.01516,2.5882,0.691214,3.48454,2.42377,1.78066,3.78785,1.93892,1.88199,3.02198,3.00165,3.16197,1.17666,1.58528,1.15023,0.988347,1.71613,1.0391,1.17321,1.32652,0.93462,1.3162,1.56109,1.10944,1.62314,1.00783,0.502773,0.830121,1.47641,1.30778,0.975058,0.261614,0.481201,0.115246,2.1099,3.27111,2.6201,2.30489,0.433089,1.02955,1.76946,4.97785,2.13316,2.45964,3.35805
2016-07-15,2.77853,4.17161,1.97719,3.00716,2.63547,0.689381,3.44894,2.41738,1.78023,3.83892,1.94523,1.89343,3.03479,2.99062,3.14843,1.20649,1.58693,1.14093,0.987264,1.74244,1.05097,1.15562,1.31499,0.935327,1.31998,1.56495,1.10796,1.6166,1.00426,0.50698,0.830121,1.49804,1.30142,0.982289,0.275247,0.482033,0.123781,2.16292,3.29873,2.65978,2.30903,0.436192,1.03325,1.78214,5.20747,2.24689,2.49642,3.40372
2016-07-22,2.81676,4.22901,2.00308,3.0559,2.66834,0.700552,3.4334,2.43631,1.78892,3.85862,1.94849,1.89445,3.0546,3.01639,3.21135,1.22085,1.58693,1.13885,0.979778,1.71319,1.03526,1.15822,1.31675,0.923615,1.31109,1.58726,1.0947,1.63622,0.993725,0.506085,0.830121,1.51717,1.33333,0.992296,0.282563,0.485954,0.128518,2.14908,3.34172,2.71001,2.29848,0.43435,1.03648,1.77462,5.02926,2.21007,2.51273,3.46004
2016-07-29,2.87796,4.30159,2.03547,3.05616,2.698,0.694069,3.40061,2.44435,1.79311,3.82916,1.92263,1.91055,2.98259,3.01021,3.24651,1.24406,1.58508,1.13883,1.00379,1.77668,1.06135,1.16765,1.3495,0.923408,1.34958,1.61045,1.08691,1.65041,1.01115,0.510047,0.827328,1.54603,1.34044,0.992967,0.304698,0.494905,0.133466,2.11511,3.33428,2.66819,2.27857,0.461603,1.07214,1.88597,5.44844,2.37019,2.51134,3.50815
2016-08-05,2.89148,4.33535,2.05101,3.0453,2.73891,0.693267,3.35266,2.40938,1.79385,3.79563,1.90882,1.92968,3.01096,3.03933,3.2638,1.26807,1.57727,1.11761,1.00186,1.78541,1.04536,1.1666,1.34205,0.916429,1.37167,1.59739,1.0608,1.64167,0.993163,0.504793,0.820769,1.54587,1.32528,0.990481,0.313509,0.500487,0.137745,2.16133,3.32208,2.65322,2.28679,0.463608,1.06696,1.89416,5.46352,2.39524,2.5236,3.55534
2016-08-12,2.81298,4.22227,1.98353,2.94741,2.67232,0.677918,3.33226,2.38772,1.77191,3.73448,1.89592,1.90583,3.0054,3.02026,3.24324,1.22711,1.55032,1.12642,0.992407,1.79008,1.03879,1.15409,1.34253,0.922185,1.37132,1.58856,1.05981,1.64995,1.0048,0.492752,0.815298,1.49216,1.30191,0.972475,0.301167,0.487822,0.133415,2.13171,3.32165,2.64765,2.27061,0.454216,1.06036,1.85578,5.26791,2.38863,2.52684,3.56812
2016-08-19,2.86432,4.24901,2.0107,2.98078,2.67837,0.681992,3.322,2.39442,1.77373,3.7745,1.90689,1.90097,3.06854,3.08879,3.30173,1.20726,1.54566,1.10587,0.988755,1.78923,1.05691,1.15516,1.36744,0.907312,1.31715,1.56897,1.08117,1.64541,0.975234,0.493503,0.824264,1.5127,1.28552,0.972653,0.301934,0.48786,0.134071,2.11313,3.2984,2.60952,2.27043,0.434104,1.02954,1.77361,5.20251,2.39583,2.52777,3.56995
2016-08-26,2.79085,4.16086,1.93117,2.94636,2.6436,0.6681,3.33928,2.41272,1.7626,3.79219,1.92544,1.84657,3.07191,3.09748,3.19874,1.17541,1.55292,1.07184,0.969649,1.75221,1.02943,1.14324,1.35415,0.90296,1.26119,1.51678,1.06902,1.6196,0.950006,0.485944,0.813799,1.48229,1.27507,0.968103,0.301103,0.494996,0.131915,2.10537,3.26126,2.60033,2.24869,0.398166,0.979929,1.62678,4.82218,2.35712,2.51331,3.55534
2016-09-02,2.73404,4.21223,1.8629,2.91136,2.56737,0.657938,3.37253,2.40524,1.75387,3.78447,1.92481,1.83164,3.04731,3.08562,3.17491,1.20466,1.57514,1.06725,0.962847,1.76935,1.04085,1.16398,1.34946,0.92154,1.27748,1.53021,1.0799,1.63631,0.96925,0.485637,0.81272,1.46835,1.28358,0.968752,0.291203,0.476257,0.128936,2.11459,3.26777,2.62998,2.2575,0.402627,0.990628,1.64501,4.75589,2.30893,2.5258,3.56569
2016-09-09,2.68069,4.13205,1.79333,2.85859,2.54599,0.639899,3.28997,2.3409,1.74167,3.65536,1.82691,1.81288,2.97825,3.02702,3.09587,1.20475,1.56705,1.03728,0.935157,1.70913,1.01443,1.11933,1.32391,0.899476,1.24431,1.47632,1.05943,1.61075,0.945976,0.480393,0.808702,1.4402,1.25992,0.939387,0.292067,0.472701,0.131378,2.03314,3.15786,2.55322,2.16262,0.382038,0.947919,1.56089,4.57243,2.21911,2.46693,3.47922
2016-09-16,2.68295,4.18118,1.80367,2.91098,2.55803,0.643683,3.29103,2.35385,1.76391,3.72469,1.83346,1.80218,3.02345,3.0847,3.11157,1.2346,1.57527,1.04616,0.943872,1.70244,1.02609,1.08553,1.34345,0.904553,1.26947,1.45102,1.05438,1.60989,0.950937,0.476046,0.808645,1.4336,1.23757,0.933056,0.291339,0.476876,0.130582,2.05297,3.14829,2.6145,2.17443,0.375496,0.946267,1.53416,4.58381,2.291,2.48043,3.57981
2016-09-23,2.745,4.27667,1.84051,2.97618,2.72729,0.659449,3.36176,2.34943,1.76712,3.84859,1.85547,1.85174,3.05019,3.1008,3.20812,1.35855,1.76934,1.07479,0.93915,1.67648,1.02749,1.18931,1.35421,0.922823,1.40296,1.46012,1.06801,1.64063,0.968466,0.477453,0.808645,1.58021,1.36193,0.951211,0.302314,0.482664,0.140778,2.11681,3.20478,2.61441,2.22517,0.391234,0.983301,1.59846,5.27104,2.60095,2.51089,3.61155
2016-09-30,2.75126,4.29692,1.81173,2.95442,2.69058,0.654628,3.38412,2.41435,1.76534,3.82803,1.83345,1.86322,3.03327,3.05718,3.20535,1.37591,1.75996,1.04295,0.94596,1.694,1.02971,1.20472,1.37075,0.939934,1.39003,1.48116,1.06295,1.66152,0.98424,0.478164,0.808645,1.58283,1.36468,0.941357,0.317522,0.479361,0.15055,2.16357,3.19581,2.66031,2.21908,0.382254,0.968103,1.56177,5.2523,2.59935,2.5145,3.62345
2016-10-07,2.68021,4.16497,1.72714,2.82492,2.66095,0.628183,3.1903,2.32296,1.69828,3.61052,1.74154,1.84986,2.91344,2.90286,3.13225,1.27689,1.68702,0.998702,0.944964,1.70418,1.01881,1.19982,1.36287,0.934188,1.34495,1.49201,1.05746,1.63246,0.972234,0.470593,0.808524,1.55637,1.35286,0.911228,0.312767,0.473009,0.146994,2.1446,3.20563,2.65779,2.19325,0.346745,0.912097,1.41669,5.01433,2.5136,2.49985,3.61582
2016-10-14,2.59885,4.06606,1.68974,2.75665,2.62903,0.619757,3.07697,2.29945,1.68443,3.49139,1.72784,1.86135,2.82652,2.81468,3.04884,1.23738,1.63682,0.99926,0.930914,1.69705,0.995316,1.18759,1.32656,0.897693,1.26436,1.44787,1.04572,1.62371,0.937343,0.464267,0.809215,1.54306,1.33673,0.903752,0.308277,0.47261,0.142792,2.09567,3.17456,2.65261,2.13442,0.343859,0.887422,1.4049,4.79201,2.25643,2.47753,3.57523
2016-10-21,2.64809,4.08554,1.66729,2.75162,2.62845,0.620736,3.12315,2.35367,1.70744,3.5232,1.7508,1.87167,2.81942,2.81024,3.06897,1.23793,1.61694,1.00954,0.952088,1.75406,0.997948,1.1952,1.32341,0.892586,1.25064,1.46883,1.05342,1.63556,0.931018,0.469338,0.810978,1.55249,1.36259,0.899268,0.308518,0.473359,0.144708,2.10991,3.18659,2.73739,2.13952,0.36599,0.922412,1.49532,4.83873,2.21447,2.48753,3.60606
2016-10-28,2.6468,4.10399,1.65541,2.72628,2.62926,0.617097,3.12806,2.3751,1.69701,3.49789,1.71711,1.85881,2.71634,2.71342,3.05715,1.20888,1.61877,1.01131,0.945075,1.72482,0.994872,1.22165,1.3133,0.868837,1.23836,1.449,1.02808,1.58491,0.916121,0.467881,0.808114,1.5427,1.33334,0.896331,0.304515,0.471957,0.143197,2.13975,3.19955,2.68143,2.13358,0.363834,0.90826,1.48651,4.69164,2.08092,2.47079,3.57401
2016-11-04,2.60056,4.04752,1.5788,2.62749,2.58512,0.608303,3.06505,2.32805,1.66973,3.44514,1.68836,1.83335,2.69321,2.69149,3.02627,1.19015,1.61256,1.00966,0.910834,1.66595,0.967563,1.21387,1.28586,0.85253,1.18937,1.43476,0.997721,1.55262,0.887138,0.46812,0.808521,1.51036,1.29636,0.875149,0.300831,0.463088,0.141474,2.09695,3.08962,2.56997,2.08415,0.377481,0.923368,1.54227,4.68679,1.97892,2.4244,3.46871
2016-11-11,2.65759,4.03905,1.58628,2.63151,2.61194,0.619682,3.06067,2.34624,1.69061,3.45461,1.71601,1.80342,2.77166,2.73095,3.08112,1.22335,1.60395,1.02032,0.938556,1.70804,1.00725,1.28047,1.32769,0.899492,1.22175,1.50151,1.07088,1.64033,0.942458,0.484367,0.801827,1.51008,1.30062,0.872285,0.312484,0.46766,0.140543,2.19312,3.26836,2.75062,2.22042,0.381598,0.934639,1.55909,5.1305,2.07467,2.51589,3.53433
2016-11-18,2.71083,4.12959,1.61771,2.6846,2.70414,0.63009,3.09964,2.35718,1.69374,3.54094,1.74844,1.84067,2.78199,2.76895,3.15739,1.2453,1.62007,1.03913,0.940094,1.73192,1.01268,1.3176,1.35118,0.911729,1.28338,1.53827,1.1013,1.68689,0.970346,0.493369,0.811953,1.55057,1.34091,0.889174,0.325542,0.484986,0.145034,2.23378,3.33518,2.76363,2.23257,0.39889,0.972624,1.62974,5.37069,2.16899,2.54007,3.58072
2016-11-25,2.7297,4.15834,1.63125,2.71551,2.73552,0.637339,3.20141,2.37654,1.69958,3.7577,1.82196,1.8566,2.85137,2.83908,3.18508,1.26222,1.62295,1.05755,1.00429,1.84422,1.04814,1.34708,1.38489,0.924628,1.31085,1.60312,1.12492,1.72852,0.977588,0.51412,0.816852,1.57628,1.3595,0.909825,0.329688,0.483687,0.147857,2.26284,3.39394,2.80091,2.26098,0.418849,1.00478,1.71129,5.45281,2.22004,2.57518,3.6259
2016-12-02,2.77427,4.22274,1.67529,2.78064,2.69499,0.652026,3.25593,2.39465,1.70236,3.72361,1.77813,1.86486,2.76706,2.77107,3.2625,1.35332,1.66153,1.06353,0.992942,1.75488,1.04232,1.3332,1.36435,0.937774,1.27833,1.57292,1.15452,1.77984,0.989816,0.522368,0.814934,1.59999,1.30899,0.89978,0.348366,0.482362,0.153787,2.24577,3.39026,2.76574,2.21814,0.421158,0.99016,1.72072,5.32435,2.33532,2.55379,3.53128
2016-12-09,2.87433,4.3738,1.73396,2.88096,2.77716,0.674381,3.32668,2.43855,1.72527,3.82896,1.82398,1.92941,2.83421,2.86079,3.29421,1.40529,1.70899,1.09582,1.00406,1.76549,1.06258,1.42732,1.43656,0.960395,1.35981,1.64856,1.1825,1.81544,1.01303,0.526947,0.824341,1.65714,1.35266,0.943253,0.360045,0.497682,0.158704,2.32276,3.46925,2.88097,2.2877,0.421414,1.00786,1.72176,5.51568,2.36734,2.63319,3.64726
2016-12-16,2.80765,4.2856,1.72143,2.86089,2.77806,0.675249,3.26899,2.38484,1.72315,3.77232,1.76361,1.87475,2.74167,2.80545,3.24358,1.36974,1.71499,1.09027,0.975533,1.73184,1.02313,1.39409,1.40891,0.942644,1.34678,1.61594,1.16672,1.76451,1.0126,0.518857,0.824906,1.66323,1.32377,0.91357,0.354428,0.496896,0.155446,2.27251,3.47572,2.83554,2.23837,0.397868,0.974583,1.62557,5.43285,2.29211,2.63152,3.66111
2016-12-23,2.79509,4.31741,1.71257,2.85954,2.76384,0.66844,3.29281,2.41091,1.74061,3.80059,1.77595,1.86492,2.77004,2.81519,3.26919,1.37817,1.72562,1.10005,0.984235,1.7426,1.02346,1.40602,1.41841,0.955736,1.35653,1.60662,1.1664,1.78209,1.02311,0.516669,0.824906,1.67245,1.32833,0.916704,0.352433,0.498468,0.154083,2.25451,3.46552,2.85334,2.24612,0.39739,0.973612,1.62361,5.45148,2.27036,2.63935,3.67947
2016-12-30,2.75182,4.2664,1.68514,2.8289,2.7286,0.659895,3.25131,2.37149,1.72796,3.74506,1.74271,1.85088,2.73723,2.79892,3.23388,1.3716,1.72838,1.08696,0.964653,1.70579,1.00215,1.37528,1.39893,0.944639,1.33707,1.57259,1.15025,1.75136,1.00516,0.516669,0.824906,1.6746,1.31392,0.903656,0.350533,0.496804,0.150702,2.24074,3.40334,2.80691,2.22508,0.399748,0.966369,1.63325,5.2143,2.15877,2.61386,3.62682
2017-01-06,2.80928,4.36591,1.71553,2.85983,2.94529,0.663032,3.28707,2.42377,1.7385,3.77931,1.75941,1.81787,2.80528,2.8707,3.32229,1.38008,1.73303,1.08829,0.979833,1.73475,1.01704,1.39651,1.39952,0.95438,1.34663,1.59243,1.18078,1.80223,1.02122,0.517401,0.824906,1.67579,1.31641,0.933218,0.352712,0.497544,0.154715,2.25184,3.51344,2.84444,2.25223,0.410987,0.990822,1.67916,5.2306,2.18227,2.65689,3.73243
2017-01-13,2.80441,4.35159,1.69509,2.85822,2.9265,0.661351,3.30431,2.43157,1.74077,3.79279,1.77662,1.8537,2.81552,2.85343,3.31552,1.37,1.73288,1.10003,0.986277,1.7148,1.02204,1.40869,1.38463,0.965172,1.34756,1.61587,1.18828,1.81289,1.01958,0.51588,0.824906,1.67479,1.30423,0.957842,0.354523,0.497477,0.153901,2.25548,3.54753,2.83064,2.24819,0.435161,1.01726,1.77793,5.43352,2.18773,2.65502,3.77008
2017-01-20,2.81383,4.39703,1.67178,2.88964,2.88876,0.669481,3.31248,2.42124,1.74773,3.75368,1.76484,1.84539,2.78248,2.83782,3.35319,1.38592,1.76042,1.09675,0.972178,1.71116,1.0126,1.4027,1.38125,0.958607,1.32284,1.6191,1.19317,1.81697,1.01679,0.516802,0.824139,1.70048,1.29472,0.967429,0.359162,0.503533,0.15585,2.23778,3.54015,2.83654,2.22679,0.429469,1.00898,1.75467,5.3174,2.12134,2.6514,3.77284
2017-01-27,2.79352,4.3622,1.6574,2.85646,2.85693,0.662624,3.36728,2.42745,1.75247,3.74741,1.81038,1.85651,2.7926,2.84847,3.39292,1.40719,1.76458,1.10796,1.00625,1.74938,1.03401,1.43686,1.39219,0.972642,1.33464,1.67176,1.22313,1.85762,1.04359,0.523354,0.824249,1.7219,1.30925,0.982387,0.374684,0.512163,0.160255,2.26558,3.57682,2.87197,2.24528,0.443591,1.03951,1.81237,5.44586,2.18811,2.67747,3.8509
2017-02-03,2.82962,4.40726,1.66874,2.88132,2.83843,0.665382,3.42032,2.45871,1.74839,3.75231,1.84634,1.87413,2.68089,2.74329,3.40263,1.41142,1.75618,1.1015,1.01865,1.73941,1.05558,1.43804,1.38675,0.973271,1.33476,1.65129,1.22516,1.83686,1.05173,0.525484,0.8279,1.73118,1.31046,0.988557,0.366398,0.510046,0.158132,2.25604,3.62243,2.86809,2.22971,0.451364,1.04582,1.84413,5.57495,2.16935,2.6818,3.84722
2017-02-10,2.84569,4.44617,1.68287,2.90057,2.87762,0.673505,3.43192,2.46089,1.7171,3.81879,1.83264,1.90095,2.68424,2.75736,3.46203,1.41577,1.75757,1.12812,1.04689,1.73839,1.07635,1.44894,1.40344,0.989512,1.3483,1.7126,1.24031,1.85534,1.05325,0.525867,0.829467,1.74285,1.33867,1.01294,0.365089,0.510732,0.162562,2.29968,3.74335,2.90615,2.26715,0.47085,1.06899,1.92375,5.6027,2.25869,2.70717,3.89926
2017-02-17,2.8396,4.43497,1.69395,2.9118,2.87751,0.673569,3.43211,2.47242,1.72279,3.78355,1.86922,1.91065,2.66589,2.75643,3.48902,1.40308,1.74762,1.14152,1.06066,1.7508,1.0863,1.45863,1.41272,1.01322,1.35639,1.76075,1.23522,1.89629,1.06918,0.529377,0.833738,1.75139,1.33658,1.02643,0.366308,0.506423,0.164444,2.30087,3.71315,2.92743,2.33851,0.466923,1.06276,1.9077,5.65416,2.2666,2.74904,3.97365
2017-02-24,2.8109,4.40906,1.67651,2.89566,2.85071,0.666691,3.34018,2.42319,1.7144,3.69748,1.82805,1.90325,2.63036,2.73093,3.4664,1.37019,1.72327,1.14992,1.04349,1.74758,1.08749,1.49085,1.41463,1.00614,1.33611,1.76483,1.23246,1.85783,1.06,0.533012,0.834213,1.74581,1.35513,1.02596,0.364477,0.505984,0.163392,2.29436,3.68963,2.9419,2.34656,0.454938,1.03823,1.85873,5.55417,2.14517,2.76833,3.98742
2017-03-03,2.84825,4.45772,1.71936,2.9544,2.84299,0.682776,3.3617,2.4255,1.70572,3.7655,1.82248,1.92474,2.62873,2.75023,3.54728,1.40843,1.75001,1.15954,1.0475,1.74821,1.08914,1.48276,1.41871,1.00398,1.33239,1.77078,1.2478,1.88019,1.07858,0.532139,0.837281,1.79752,1.36298,1.02904,0.362703,0.503811,0.15956,2.28811,3.72168,2.94779,2.36345,0.456017,1.0585,1.86314,5.60245,2.18463,2.78798,4.01069
2017-03-10,2.81807,4.44089,1.66845,2.90047,2.81822,0.66431,3.31392,2.41126,1.70091,3.72865,1.80628,1.91957,2.59461,2.73934,3.49659,1.36975,1.71916,1.15444,1.04091,1.74069,1.04315,1.4563,1.38875,0.998845,1.3198,1.72388,1.22505,1.8466,1.06394,0.524016,0.835607,1.76084,1.35357,1.01548,0.352786,0.493044,0.151725,2.28789,3.70586,2.92148,2.33446,0.434718,1.01763,1.77612,5.39704,2.15255,2.77944,4.02201
2017-03-17,2.84327,4.44923,1.65802,2.91565,2.83043,0.66735,3.2865,2.42056,1.7121,3.77332,1.83459,1.92945,2.59006,2.72965,3.52795,1.40378,1.73822,1.151,1.04984,1.76181,1.04524,1.4666,1.39897,1.00367,1.33449,1.74004,1.22788,1.86175,1.05555,0.52566,0.836338,1.75203,1.36643,1.01485,0.357454,0.491807,0.151534,2.30553,3.69285,2.91962,2.32075,0.439984,1.0227,1.79764,5.3949,2.19647,2.78378,4.03958
2017-03-24,2.71017,4.28238,1.62086,2.83433,2.7765,0.646037,3.31212,2.45917,1.69735,3.69196,1.80572,1.87995,2.5284,2.64309,3.41522,1.44462,1.7709,1.12562,1.0127,1.69526,1.02106,1.42563,1.3904,0.994101,1.28532,1.66237,1.1897,1.79786,1.04202,0.524149,0.834474,1.77753,1.36729,1.00721,0.358765,0.49384,0.152586,2.29409,3.6558,2.85586,2.28982,0.429717,1.00819,1.75569,5.29143,2.17312,2.74655,4.00707
2017-03-31,2.73048,4.35558,1.65025,2.85481,2.79669,0.652852,3.3134,2.45572,1.69297,3.71675,1.80955,1.90304,2.53204,2.63705,3.43008,1.43081,1.78075,1.13299,1.00817,1.72187,1.04591,1.42063,1.41267,1.00309,1.29783,1.68116,1.20543,1.84103,1.05083,0.532535,0.833956,1.80182,1.37034,1.02014,0.363731,0.494133,0.15421,2.34159,3.67406,2.92144,2.32152,0.456223,1.05538,1.86399,5.48425,2.22863,2.76863,4.06075
2017-04-07,2.70959,4.32328,1.62992,2.80708,2.76717,0.641291,3.30949,2.43787,1.693,3.61318,1.78198,1.88459,2.54847,2.63888,3.39184,1.40488,1.75128,1.11978,1.01333,1.72523,1.01011,1.42167,1.41241,0.997613,1.277,1.61619,1.18713,1.83379,1.0262,0.528206,0.833956,1.79776,1.33655,1.01839,0.361421,0.49402,0.151779,2.30401,3.65211,2.89128,2.30905,0.441415,1.0428,1.80349,5.22771,2.09227,2.76229,4.04817
2017-04-14,2.68814,4.29232,1.58941,2.77182,2.71342,0.625988,3.30797,2.37814,1.66679,3.58387,1.7556,1.85528,2.54869,2.66494,3.36063,1.35585,1.74188,1.09606,0.99399,1.66337,0.994058,1.40893,1.38154,0.983085,1.24404,1.58907,1.17525,1.79362,1.01553,0.526844,0.833956,1.74576,1.33574,1.00979,0.354355,0.499388,0.148704,2.27854,3.65291,2.85326,2.26701,0.419243,1.00176,1.7129,5.06746,2.04239,2.7307,4.00001
2017-04-21,2.65124,4.25229,1.57699,2.79156,2.70158,0.633097,3.32298,2.39427,1.66709,3.6314,1.77869,1.88904,2.58504,2.65694,3.3919,1.35255,1.74092,1.10707,1.0112,1.70736,1.01419,1.4228,1.39911,0.996041,1.25305,1.60654,1.21514,1.85329,1.0353,0.525489,0.833541,1.7571,1.35566,1.02093,0.353114,0.498458,0.147558,2.29893,3.70315,2.90465,2.2857,0.420268,1.00266,1.71709,5.16202,2.05068,2.75513,4.06627
2017-04-28,2.67729,4.2937,1.58401,2.79627,2.7109,0.639016,3.35594,2.41978,1.67201,3.7225,1.81499,1.94009,2.63727,2.71594,3.46033,1.36838,1.74294,1.11647,1.02308,1.72983,1.04209,1.43372,1.4217,1.00654,1.28512,1.65196,1.22685,1.88418,1.0449,0.530256,0.83848,1.78919,1.37207,1.04094,0.351533,0.497041,0.147637,2.29051,3.75699,2.91826,2.28154,0.432145,1.01882,1.76561,5.39101,2.16031,2.79611,4.17148
2017-05-05,2.72409,4.35208,1.6001,2.79465,2.71699,0.641293,3.42364,2.46864,1.68475,3.72422,1.82547,1.94971,2.58202,2.66575,3.4766,1.3726,1.74561,1.1246,1.04744,1.79331,1.07687,1.44001,1.42716,1.03593,1.29378,1.68409,1.27031,1.95045,1.05348,0.533443,0.841737,1.78217,1.41516,1.03392,0.35226,0.501547,0.146444,2.29289,3.78709,2.93916,2.27934,0.425362,1.01614,1.73789,5.38033,2.20953,2.81514,4.21903
2017-05-12,2.66426,4.27293,1.59629,2.80602,2.70615,0.643898,3.43372,2.46376,1.6837,3.69233,1.81225,1.93255,2.56901,2.64756,3.45739,1.40797,1.75021,1.12479,1.05883,1.81272,1.07792,1.44151,1.43205,1.05349,1.30005,1.71534,1.27612,1.93981,1.05598,0.536901,0.845172,1.7801,1.43742,1.02475,0.359262,0.502827,0.145635,2.28184,3.72886,2.90463,2.26172,0.446573,1.04371,1.82456,5.59312,2.27431,2.80668,4.25155
2017-05-19,2.6571,4.24277,1.58093,2.78204,2.67747,0.635951,3.40064,2.44169,1.69181,3.64608,1.81574,1.9623,2.58236,2.63812,3.45158,1.37713,1.75885,1.11288,1.04534,1.82043,1.06288,1.42109,1.44137,1.0515,1.31195,1.73891,1.26787,1.92527,1.04988,0.537653,0.838544,1.81444,1.41416,1.03445,0.361131,0.504723,0.143696,2.27026,3.73899,2.92522,2.23041,0.436337,1.03296,1.78274,5.49641,2.24961,2.79882,4.22823
2017-05-26,2.70256,4.32045,1.61909,2.84361,2.73052,0.650123,3.4572,2.46952,1.7013,3.72787,1.85277,1.95166,2.69322,2.7333,3.54252,1.37456,1.74729,1.1373,1.05358,1.81203,1.10016,1.43195,1.4765,1.08094,1.35284,1.77132,1.32621,1.95878,1.0853,0.547873,0.848601,1.82089,1.50109,1.07945,0.363121,0.496051,0.13891,2.31121,3.74695,3.02888,2.31752,0.441175,1.05345,1.8025,5.63956,2.26007,2.83875,4.33191
2017-06-02,2.73943,4.37939,1.626,2.85783,2.78214,0.649479,3.48194,2.48927,1.70608,3.79504,1.87856,1.96917,2.68813,2.73031,3.5812,1.39898,1.76505,1.14933,1.06806,1.82939,1.11552,1.44986,1.50555,1.09556,1.38131,1.82369,1.3138,1.9616,1.10252,0.5453,0.845577,1.83642,1.51656,1.09349,0.367848,0.49685,0.139085,2.34458,3.7919,3.06401,2.35568,0.442203,1.06018,1.8067,5.58698,2.27725,2.86764,4.40063
2017-06-09,2.76717,4.41808,1.66383,2.92068,2.84757,0.664211,3.48132,2.49585,1.71131,3.72156,1.86431,1.94491,2.67164,2.71432,3.62455,1.41659,1.79462,1.14655,1.04648,1.82311,1.09926,1.42445,1.48253,1.07552,1.39179,1.80541,1.28481,1.95126,1.09388,0.542691,0.845577,1.85935,1.4759,1.05214,0.374462,0.506621,0.145335,2.33549,3.76277,3.06176,2.3506,0.438629,1.04618,1.7921,5.54933,2.26439,2.85871,4.29388
2017-06-16,2.79183,4.46232,1.65405,2.89764,2.8581,0.654863,3.48855,2.55453,1.71186,3.7487,1.8856,1.93491,2.65895,2.6935,3.61229,1.39637,1.79414,1.15105,1.04315,1.80013,1.09589,1.41603,1.47726,1.0633,1.37132,1.7915,1.29122,1.94939,1.10175,0.540164,0.845577,1.8432,1.48447,1.04638,0.372283,0.50581,0.14426,2.29205,3.69122,2.97471,2.32805,0.418064,1.01283,1.70808,5.54916,2.29255,2.86357,4.24929
2017-06-23,2.77533,4.44068,1.64947,2.89553,2.879,0.648613,3.48036,2.58138,1.72834,3.72491,1.94701,1.96217,2.61552,2.66333,3.61226,1.40524,1.80059,1.17371,1.03326,1.81565,1.09003,1.40539,1.46372,1.06079,1.3903,1.84943,1.28428,1.94727,1.10448,0.541308,0.844929,1.83736,1.49118,1.04894,0.372872,0.50612,0.146452,2.33516,3.84183,3.00022,2.35274,0.456366,1.07943,1.86457,5.82445,2.40099,2.86935,4.34433
2017-06-30,2.8061,4.49215,1.64987,2.91363,2.91049,0.653378,3.43496,2.58227,1.73488,3.75355,1.95262,1.98636,2.61096,2.6765,3.65399,1.41441,1.80642,1.17722,1.04389,1.79639,1.06496,1.3775,1.45294,1.06432,1.37251,1.82767,1.28192,1.97199,1.09868,0.539649,0.84501,1.8503,1.47371,1.0506,0.367084,0.50815,0.147412,2.34677,3.8259,2.95269,2.38014,0.440809,1.03348,1.80101,5.58995,2.34614,2.85365,4.2336
2017-07-07,2.79805,4.44764,1.63239,2.86656,2.87185,0.642199,3.4535,2.60044,1.74289,3.75454,1.95464,1.97195,2.61432,2.67798,3.63031,1.40258,1.7878,1.19552,1.05597,1.83139,1.0685,1.37885,1.46802,1.07314,1.35377,1.84977,1.29204,1.99933,1.10273,0.539649,0.84501,1.82271,1.46993,1.04738,0.363481,0.501542,0.14371,2.35466,3.86978,2.97059,2.4029,0.44849,1.05006,1.83239,5.50539,2.30901,2.85731,4.23729
2017-07-14,2.92366,4.64466,1.6922,2.99201,2.97479,0.669789,3.57089,2.66312,1.77934,3.97021,2.06012,1.9913,2.64942,2.73713,3.67214,1.43895,1.79451,1.20106,1.05783,1.80706,1.07171,1.39349,1.50125,1.08299,1.37044,1.89633,1.32616,2.00957,1.11551,0.539649,0.84501,1.8378,1.49866,1.06218,0.370506,0.49632,0.152098,2.3608,3.97164,3.02663,2.43522,0.488699,1.11074,1.99667,5.88224,2.37628,2.89803,4.3714
2017-07-21,2.921,4.63639,1.69166,3.00079,2.99582,0.671799,3.56388,2.6321,1.76526,4.01451,2.07,2.014,2.65294,2.751,3.67038,1.43853,1.79451,1.19736,1.0308,1.81842,1.08194,1.38736,1.516,1.08621,1.37006,1.94156,1.33126,1.97984,1.11666,0.544404,0.84501,1.86417,1.53797,1.0588,0.370068,0.4967,0.152018,2.37422,4.01983,3.01579,2.45338,0.496716,1.1255,2.02943,6.22304,2.41105,2.9136,4.43261
2017-07-28,2.88935,4.57976,1.6804,2.97582,2.97668,0.664562,3.57867,2.61296,1.74839,3.96992,2.02795,2.00786,2.59987,2.70361,3.63746,1.41454,1.79422,1.17368,1.00598,1.80953,1.05115,1.36671,1.53795,1.07845,1.38482,1.94246,1.32247,1.96156,1.13297,0.539599,0.846074,1.85988,1.51028,1.05415,0.363183,0.491505,0.151067,2.36827,3.99499,3.009,2.47755,0.495993,1.12299,2.02647,6.18718,2.43,2.91396,4.4243
2017-08-04,2.79884,4.51711,1.6333,2.91063,2.94503,0.645423,3.6664,2.60574,1.74965,3.9806,2.00485,2.00999,2.59069,2.69917,3.66991,1.3771,1.76591,1.17277,0.991637,1.83357,1.04011,1.37215,1.46802,1.06654,1.37689,1.82997,1.32719,1.96537,1.13691,0.508794,0.835127,1.8212,1.46716,1.04898,0.34381,0.488186,0.147904,2.31476,4.00067,2.92478,2.49146,0.472098,1.09138,1.92885,5.71967,2.23948,2.91986,4.41846
2017-08-11,2.79333,4.45767,1.5947,2.85935,2.87499,0.625173,3.62923,2.55615,1.72975,3.95729,2.00197,1.94414,2.57655,2.67708,3.60985,1.34512,1.72878,1.14461,0.977458,1.7597,1.02861,1.35147,1.44324,1.04338,1.3451,1.78204,1.30629,1.92265,1.12745,0.488326,0.823807,1.77011,1.44514,1.0285,0.326626,0.485476,0.14464,2.25269,3.9732,2.85854,2.48412,0.462295,1.06237,1.88879,5.40818,2.13083,2.88103,4.37078
2017-08-18,2.79154,4.4672,1.58552,2.83755,2.84626,0.615938,3.65532,2.57555,1.75045,3.94477,1.99028,1.93206,2.58444,2.68513,3.61297,1.35378,1.73565,1.12495,0.983216,1.75382,1.01911,1.35887,1.43245,1.03313,1.33705,1.78239,1.30284,1.92143,1.13646,0.4824,0.816398,1.77644,1.43228,1.00131,0.324085,0.47928,0.139857,2.24127,3.95745,2.81295,2.50104,0.464156,1.07006,1.8964,5.31672,2.13329,2.86439,4.34402
2017-08-25,2.79242,4.44079,1.59543,2.87339,2.86975,0.625653,3.63535,2.55086,1.74524,3.92945,1.96894,1.93613,2.59197,2.70049,3.59328,1.35152,1.73372,1.14239,0.996234,1.7801,1.0312,1.3843,1.46289,1.05187,1.36935,1.82218,1.3232,1.94423,1.15695,0.481365,0.815225,1.78266,1.4616,1.02892,0.327944,0.475724,0.139182,2.26308,4.00231,2.82466,2.505,0.471692,1.08996,1.92719,5.41111,2.13273,2.88622,4.36678
2017-09-01,2.79686,4.41759,1.61178,2.90471,2.87561,0.634015,3.69128,2.57808,1.75121,3.97155,2.0213,1.96259,2.57663,2.68946,3.61507,1.35216,1.75356,1.16593,1.01221,1.80171,1.06143,1.38,1.49761,1.08383,1.39371,1.85879,1.35324,1.99472,1.16751,0.48688,0.815601,1.81626,1.46501,1.05404,0.329984,0.478206,0.138675,2.27419,4.06479,2.82918,2.57187,0.485658,1.12572,1.98425,5.71122,2.18734,2.92493,4.49074
2017-09-08,2.80819,4.42016,1.60996,2.89833,2.90255,0.632625,3.69899,2.59257,1.75524,3.93202,2.02694,1.95328,2.56369,2.66156,3.62711,1.35901,1.75727,1.17018,1.01032,1.77633,1.03838,1.37911,1.50469,1.07595,1.38753,1.85282,1.34358,1.95517,1.16596,0.485949,0.815601,1.81942,1.45577,1.05217,0.331746,0.477941,0.140307,2.29342,4.11256,2.80523,2.55994,0.474883,1.11267,1.94022,5.71346,2.11892,2.91006,4.43568
2017-09-15,2.81793,4.40851,1.61696,2.89963,2.88786,0.632907,3.75569,2.64115,1.77238,3.96286,2.03473,1.95566,2.59659,2.68719,3.64758,1.34718,1.7668,1.1869,1.01261,1.77556,1.03885,1.41234,1.49473,1.06887,1.39378,1.86833,1.3658,1.9796,1.18069,0.482345,0.815601,1.80583,1.46092,1.05459,0.33116,0.480693,0.138319,2.32508,4.17957,2.87503,2.6362,0.487541,1.14214,1.99194,5.81063,2.09904,2.95546,4.49259
2017-09-22,2.81673,4.39447,1.61679,2.90252,2.92314,0.633537,3.91205,2.64519,1.74903,4.10494,2.0203,2.04977,2.5754,2.66415,3.61774,1.35924,1.78804,1.20238,1.01316,1.78921,1.04955,1.42544,1.51673,1.06686,1.38547,1.89383,1.37348,2.09695,1.18303,0.482511,0.815601,1.81862,1.45026,1.05831,0.337526,0.483018,0.140411,2.3547,4.18109,2.85672,2.66326,0.491762,1.15786,2.00919,6.05441,2.11564,2.95843,4.44878
2017-09-29,2.82068,4.39205,1.64407,2.93801,2.97396,0.641284,3.93061,2.67244,1.73707,4.1221,2.03229,2.04433,2.61031,2.70511,3.65985,1.35131,1.79493,1.21977,1.01695,1.83779,1.06387,1.44283,1.54302,1.07492,1.38554,1.93269,1.39287,2.11929,1.18401,0.483405,0.815601,1.81985,1.48835,1.05085,0.334083,0.476651,0.142938,2.35324,4.27128,2.87639,2.68976,0.489683,1.14282,2.00069,6.08927,2.1428,2.97966,4.48362
2017-10-06,2.8597,4.44429,1.65961,2.96915,2.99048,0.64812,3.97783,2.6879,1.74022,4.16687,2.09485,2.11143,2.6329,2.72428,3.64816,1.36132,1.80867,1.24719,1.03689,1.86574,1.07979,1.45182,1.55692,1.09019,1.39699,1.94952,1.41665,2.15669,1.21465,0.483457,0.815601,1.81773,1.493,1.08105,0.33377,0.477868,0.140718,2.39497,4.32063,2.93077,2.72937,0.499412,1.17298,2.04044,6.29414,2.13133,3.0169,4.55174
2017-10-13,2.84843,4.41623,1.66296,2.97355,3.01578,0.648922,3.96757,2.66653,1.73662,4.16719,2.07821,2.11746,2.60794,2.70273,3.62845,1.3742,1.81162,1.2352,1.05472,1.8621,1.07197,1.45626,1.56496,1.08994,1.38106,1.96125,1.43099,2.16676,1.21977,0.481967,0.814947,1.82884,1.49884,1.08293,0.334712,0.480004,0.140259,2.42012,4.32526,2.95783,2.76161,0.498996,1.18264,2.03874,6.33991,2.11107,3.02378,4.5727
2017-10-20,2.94491,4.5566,1.68405,3.0229,3.11719,0.659657,3.98093,2.6841,1.74859,4.1871,2.08789,2.15723,2.62997,2.72911,3.67532,1.33804,1.7683,1.24887,1.04628,1.87175,1.05936,1.47563,1.55612,1.07753,1.40094,1.99239,1.42901,2.15507,1.23,0.477536,0.807345,1.80322,1.46149,1.0917,0.325506,0.46531,0.135379,2.42193,4.36947,2.98678,2.77269,0.498771,1.18218,2.03782,6.24855,2.08808,3.04939,4.58411
2017-10-27,2.94484,4.56837,1.6747,2.99781,3.04779,0.653993,3.89856,2.64254,1.73904,4.16641,2.01254,2.14773,2.59604,2.70147,3.66574,1.31624,1.74699,1.26881,1.03086,1.90858,1.05404,1.48674,1.56074,1.08383,1.40228,2.03189,1.46203,2.17114,1.2501,0.479512,0.810157,1.78788,1.43945,1.0812,0.337021,0.466619,0.138704,2.34885,4.39076,2.9818,2.80047,0.514195,1.20363,2.10084,6.59863,2.15576,3.05651,4.6621
2017-11-03,2.95176,4.65594,1.68314,3.03802,3.0814,0.658956,3.95564,2.67222,1.73826,4.12501,2.01668,2.1871,2.61916,2.69536,3.66355,1.35251,1.76527,1.27513,1.03194,1.95831,1.06846,1.48687,1.54426,1.09604,1.41332,2.10541,1.49074,2.18176,1.25838,0.476831,0.813682,1.79343,1.45254,1.08883,0.348497,0.47605,0.139491,2.3115,4.40814,2.98837,2.81699,0.52911,1.22214,2.16178,6.72827,2.16977,3.06529,4.72467
2017-11-10,2.93519,4.62383,1.65161,2.99028,3.10304,0.641528,3.9419,2.67838,1.73044,4.08937,2.00031,2.15614,2.56736,2.66322,3.64812,1.34884,1.77512,1.28704,1.03992,1.9583,1.04147,1.48137,1.5585,1.10307,1.43049,2.06993,1.52159,2.16667,1.26611,0.467709,0.79383,1.75671,1.48287,1.10112,0.347289,0.481801,0.136103,2.31489,4.46503,3.04612,2.82342,0.538106,1.24591,2.19853,6.88967,2.21631,3.06102,4.73731
2017-11-17,2.92669,4.6248,1.6299,2.96967,3.12118,0.63695,3.9376,2.69867,1.73289,4.12538,2.00097,2.18735,2.57391,2.64898,3.64776,1.36194,1.75786,1.33425,1.05424,1.99632,1.04463,1.50171,1.53626,1.12242,1.45261,2.14563,1.55302,2.15658,1.27501,0.468452,0.793753,1.73386,1.54508,1.10803,0.343893,0.483655,0.137722,2.30632,4.494,3.0159,2.79968,0.561738,1.28843,2.29509,7.09871,2.25796,3.05829,4.74564
2017-11-24,2.94737,4.67132,1.63693,2.97975,3.11215,0.636408,3.94356,2.71357,1.73911,4.16983,2.02858,2.19763,2.5838,2.66396,3.66522,1.3589,1.75816,1.38506,1.0765,2.06325,1.05785,1.53562,1.53736,1.1687,1.48623,2.18216,1.59868,2.20049,1.28743,0.469268,0.792974,1.74397,1.58566,1.12307,0.351415,0.491831,0.139121,2.33136,4.61563,3.06304,2.87737,0.570409,1.32401,2.33051,7.4205,2.31769,3.08794,4.81684
2017-12-01,2.97515,4.71064,1.66967,3.049,3.20928,0.646747,4.04777,2.7272,1.73841,4.22337,2.03174,2.17939,2.54186,2.61486,3.729,1.30249,1.70149,1.41102,1.05839,2.06908,1.06411,1.51947,1.5626,1.16314,1.47008,2.17389,1.53351,2.19768,1.26249,0.465836,0.794214,1.69017,1.58475,1.11103,0.334093,0.464214,0.136736,2.39284,4.74161,3.11946,2.93727,0.540017,1.24436,2.20634,6.8468,2.17935,3.13657,4.76228
2017-12-08,2.96959,4.7357,1.65022,3.03327,3.159,0.656259,4.03248,2.74607,1.73672,4.16246,2.07383,2.1867,2.56696,2.65088,3.77237,1.35874,1.77794,1.41785,1.05988,2.09653,1.07199,1.53644,1.56269,1.16653,1.46909,2.16115,1.51081,2.21615,1.25119,0.46612,0.793717,1.73608,1.59921,1.10966,0.350122,0.474217,0.141669,2.40452,4.79447,3.10042,2.93866,0.531453,1.22587,2.17135,6.91841,2.19271,3.14902,4.76876
2017-12-15,2.98872,4.75252,1.65272,3.03155,3.19804,0.656387,4.01871,2.74526,1.73841,4.14137,2.06622,2.21847,2.54853,2.62263,3.76446,1.38249,1.80064,1.43217,1.05754,2.08722,1.07687,1.53187,1.56261,1.1727,1.4609,2.14435,1.50187,2.19878,1.28218,0.46791,0.792599,1.7617,1.63939,1.11929,0.369255,0.480872,0.146088,2.4598,4.84335,3.09692,2.93349,0.595589,1.30706,2.43339,7.80606,2.44219,3.17704,4.85969
2017-12-22,3.06015,4.8661,1.68547,3.07886,3.2368,0.666621,4.05248,2.75732,1.7435,4.1203,2.07715,2.20691,2.55711,2.61818,3.7829,1.41297,1.83634,1.45323,1.08565,2.12181,1.10028,1.53805,1.59647,1.20344,1.5147,2.17407,1.53099,2.23755,1.25675,0.453629,0.776991,1.7296,1.61906,1.12355,0.400024,0.490247,0.158922,2.48866,4.90921,3.12663,2.98817,0.572566,1.29043,2.33933,7.5875,2.38269,3.18896,4.86121
2017-12-29,3.06224,4.86219,1.66878,3.07133,3.21785,0.664991,4.06243,2.75731,1.74035,4.10086,2.08364,2.19276,2.56795,2.62934,3.75021,1.42423,1.85488,1.46266,1.06724,2.13113,1.10217,1.53482,1.54378,1.20785,1.5165,2.15888,1.53459,2.22569,1.2768,0.453011,0.774272,1.71821,1.57114,1.11953,0.400357,0.50026,0.159076,2.47228,4.91512,3.11873,3.02443,0.581644,1.29909,2.37642,7.74783,2.41217,3.18121,4.81147
2018-01-05,3.12219,4.94921,1.725,3.12869,3.34929,0.681467,4.08496,2.77647,1.7422,4.13548,2.15735,2.21656,2.58541,2.66764,3.82337,1.42254,1.84494,1.47656,1.09665,2.17505,1.12972,1.54048,1.58023,1.2357,1.56391,2.28502,1.55748,2.3356,1.28285,0.467756,0.775179,1.76913,1.61449,1.14462,0.402236,0.499757,0.163055,2.55861,5.05184,3.23234,3.10692,0.613182,1.36606,2.50527,7.95511,2.48817,3.25941,5.00176
2018-01-12,3.1341,4.97112,1.73221,3.17323,3.37515,0.693936,4.12074,2.8076,1.7657,4.21211,2.18749,2.23285,2.60883,2.69555,3.90714,1.44463,1.83415,1.56131,1.11355,2.28982,1.15555,1.56008,1.59322,1.28997,1.58262,2.28537,1.59405,2.44924,1.2778,0.474786,0.781332,1.79018,1.62795,1.16285,0.410725,0.501549,0.167424,2.60982,5.17544,3.27892,3.15317,0.633742,1.40874,2.58927,8.21916,2.52872,3.31306,5.08114
2018-01-19,3.14814,4.96719,1.73805,3.2088,3.35202,0.692684,4.15045,2.82735,1.76937,4.26086,2.17343,2.25393,2.64885,2.66802,3.9027,1.40405,1.81007,1.57229,1.1161,2.28117,1.15955,1.59103,1.58759,1.29442,1.60363,2.26267,1.6025,2.46721,1.27339,0.470163,0.774278,1.72717,1.63382,1.1667,0.402385,0.497556,0.163326,2.59826,5.20541,3.23964,3.18295,0.635496,1.42105,2.59644,8.03679,2.44501,3.34274,5.13829
2018-01-26,3.19149,5.04876,1.68121,3.10941,3.34875,0.692596,4.21632,2.83745,1.77714,4.33636,2.19639,2.29443,2.73022,2.8375,3.9759,1.41251,1.81525,1.64567,1.14631,2.34604,1.17672,1.63389,1.61848,1.33024,1.61603,2.26552,1.60538,2.55751,1.30605,0.464759,0.773416,1.69675,1.65646,1.19708,0.399366,0.498559,0.170052,2.61612,5.29065,3.30704,3.22039,0.622372,1.40351,2.54282,7.92532,2.40931,3.41629,5.28008
2018-02-02,3.02678,4.77292,1.58791,2.94253,3.18099,0.647509,3.95724,2.66302,1.73904,3.97035,2.05539,2.17243,2.57915,2.70131,3.84345,1.23823,1.66067,1.63471,1.06177,2.27776,1.11184,1.58763,1.51715,1.27909,1.54176,2.09621,1.54833,2.41592,1.20947,0.43302,0.759043,1.64742,1.5849,1.12881,0.377825,0.463166,0.168128,2.53875,5.09398,3.18392,3.08597,0.561189,1.30066,2.29284,7.16183,2.15404,3.28361,5.08485
2018-02-09,2.89973,4.58233,1.51769,2.88278,3.06844,0.616117,3.82492,2.61283,1.71635,3.82117,1.92037,2.0929,2.43051,2.55553,3.68893,1.23969,1.7329,1.49717,0.994393,2.10113,1.04966,1.51871,1.42243,1.14466,1.46925,1.96251,1.46385,2.29399,1.11669,0.415956,0.719562,1.57021,1.49861,1.07343,0.365139,0.45333,0.161866,2.43832,4.86475,3.03722,2.92257,0.537651,1.23595,2.19667,6.9309,2.086,3.11731,4.82198
2018-02-16,2.94192,4.69231,1.56197,2.95916,3.15273,0.639168,3.91307,2.67543,1.74081,4.05363,1.95274,2.18252,2.48512,2.70018,3.7021,1.27526,1.75246,1.58682,0.987645,2.05531,1.08737,1.5629,1.48266,1.13299,1.51126,2.02647,1.43855,2.38625,1.11573,0.429897,0.722669,1.60794,1.56405,1.13811,0.375886,0.456623,0.17083,2.5589,5.08466,3.16772,3.0427,0.569493,1.31213,2.32677,7.23673,2.27148,3.25571,5.09566
2018-02-23,2.94781,4.70569,1.57248,2.98296,3.18645,0.643164,3.93724,2.69548,1.73919,4.03565,1.94338,2.1767,2.52162,2.67051,3.74237,1.27246,1.76304,1.64567,0.98221,1.98877,1.08307,1.56053,1.49857,1.13943,1.49519,1.99115,1.44584,2.35484,1.12265,0.440344,0.736434,1.59636,1.55502,1.149,0.370726,0.457191,0.168516,2.60051,5.11196,3.17751,3.08213,0.559744,1.28508,2.28694,7.3303,2.27779,3.27479,5.19482
2018-03-02,2.93939,4.6912,1.5262,2.90597,3.0697,0.623653,3.93689,2.69706,1.73501,3.92551,1.91736,2.15337,2.44531,2.60088,3.71254,1.28624,1.7666,1.69516,0.978083,1.96888,1.07367,1.55137,1.49346,1.13548,1.48808,1.94303,1.42573,2.32557,1.11525,0.438683,0.730952,1.57695,1.57686,1.12531,0.368953,0.455287,0.164813,2.59708,4.98002,3.11018,3.02175,0.560084,1.28052,2.28833,7.42574,2.25037,3.20767,5.12748
2018-03-09,2.95063,4.71867,1.54005,2.93303,3.14937,0.626186,4.04156,2.72513,1.75026,4.0269,1.93393,2.20914,2.42007,2.61302,3.72991,1.31153,1.77429,1.76806,1.02163,2.05431,1.15268,1.63078,1.57834,1.17446,1.55147,2.08214,1.47893,2.41903,1.1629,0.44707,0.735861,1.59649,1.65584,1.1848,0.374933,0.457563,0.168746,2.64593,5.10051,3.20211,3.12373,0.590769,1.34869,2.4137,7.91326,2.30453,3.32438,5.34896
2018-03-16,2.90534,4.6462,1.51039,2.89146,3.04445,0.619538,3.98693,2.71346,1.76851,3.99659,1.91261,2.23175,2.38534,2.598,3.69176,1.28598,1.75664,1.72384,1.01892,2.0489,1.13814,1.60701,1.60328,1.16016,1.5437,2.06589,1.43193,2.45183,1.15325,0.44468,0.739892,1.61178,1.64918,1.16771,0.365691,0.452262,0.167452,2.6147,5.03417,3.1625,3.08532,0.580831,1.32948,2.37309,7.80649,2.20661,3.2818,5.28286
2018-03-23,2.79035,4.47062,1.44914,2.75432,2.9121,0.58947,3.80426,2.55386,1.7101,3.74238,1.81516,2.12897,2.27274,2.4386,3.5198,1.23869,1.7594,1.66839,0.98081,1.9604,1.09629,1.539,1.53041,1.12004,1.46445,1.97847,1.38327,2.34496,1.10335,0.433233,0.729954,1.53207,1.55692,1.11561,0.351163,0.452401,0.156996,2.47941,4.86217,3.05213,2.92397,0.546782,1.25054,2.23398,7.54288,2.10644,3.08851,4.90436
2018-03-30,2.84114,4.53984,1.4851,2.7812,2.92813,0.5887,3.8368,2.64685,1.78104,3.82525,1.82672,2.12505,2.3783,2.5513,3.57764,1.26202,1.78024,1.70777,0.994866,1.98983,1.09231,1.53,1.53131,1.12065,1.48058,1.97785,1.35929,2.32919,1.08805,0.438374,0.734734,1.49329,1.59555,1.14072,0.356556,0.451156,0.160729,2.49697,4.98793,3.10944,2.98962,0.53345,1.22934,2.17951,7.58432,2.13809,3.14955,4.95449
2018-04-06,2.80629,4.46035,1.43504,2.7454,2.88703,0.576235,3.68307,2.62117,1.77046,3.70818,1.80177,2.11063,2.36947,2.56613,3.53376,1.21568,1.69559,1.63459,0.986042,2.00022,1.09025,1.52139,1.51203,1.11052,1.46461,1.9518,1.32166,2.23962,1.06907,0.420372,0.729737,1.43271,1.58033,1.13577,0.350832,0.442348,0.161774,2.48827,4.95374,3.08573,2.93262,0.499773,1.17104,2.04192,7.29578,2.03754,3.1085,4.8462
2018-04-13,2.82835,4.50612,1.4786,2.79746,2.95097,0.593953,3.76434,2.63306,1.76957,3.78098,1.82788,2.17648,2.42362,2.65128,3.64206,1.24344,1.71082,1.71182,1.00462,2.03549,1.11609,1.54358,1.51026,1.11954,1.49591,2.01498,1.35503,2.27496,1.09747,0.435818,0.734436,1.46374,1.57564,1.16283,0.361222,0.442741,0.16721,2.54771,5.00717,3.12525,3.00432,0.522222,1.21625,2.13364,7.79167,2.16125,3.17348,4.99285
2018-04-20,2.78102,4.43071,1.46421,2.77027,2.92977,0.589189,3.75114,2.62541,1.7738,3.81036,1.85474,2.18092,2.44087,2.67477,3.62793,1.23686,1.70524,1.66885,0.997276,2.03961,1.14196,1.55841,1.51312,1.12374,1.52571,2.02812,1.3511,2.32244,1.11894,0.431453,0.727079,1.45053,1.59181,1.21259,0.358808,0.44388,0.165868,2.5511,4.98226,3.11692,3.00964,0.52161,1.23765,2.13114,7.88265,2.18543,3.19096,5.02163
2018-04-27,2.78002,4.41305,1.42594,2.74681,2.95292,0.584323,3.77073,2.62317,1.79539,3.78159,1.88624,2.19039,2.43602,2.67476,3.65937,1.19911,1.73668,1.64762,1.00889,2.0233,1.12463,1.58115,1.5292,1.1375,1.51179,1.96335,1.33333,2.31049,1.09869,0.430061,0.725053,1.44128,1.54796,1.20348,0.353768,0.443999,0.163049,2.50843,4.84681,3.11028,2.95528,0.50636,1.20288,2.06883,7.64182,2.12378,3.19036,5.01513
2018-05-04,2.6883,4.37104,1.41842,2.75914,2.97318,0.582456,3.69206,2.59593,1.77812,3.68748,1.84672,2.14627,2.37479,2.63584,3.57249,1.22694,1.73577,1.63497,0.995487,1.98567,1.14343,1.55557,1.53958,1.12076,1.46814,1.93791,1.30985,2.20081,1.06941,0.430836,0.72812,1.44806,1.53406,1.20476,0.351244,0.439812,0.159614,2.51466,4.76604,2.98185,2.96737,0.505384,1.21521,2.06484,7.89568,2.16352,3.1839,5.10114
2018-05-11,2.75221,4.44963,1.45385,2.82554,3.0095,0.586319,3.76518,2.61328,1.7904,3.72276,1.87979,2.22929,2.42727,2.71286,3.70395,1.24987,1.74958,1.66007,1.00806,2.01115,1.17966,1.537,1.58237,1.15058,1.52292,2.032,1.33349,2.23781,1.10172,0.440859,0.736859,1.46422,1.58771,1.23665,0.36272,0.447402,0.16573,2.55743,4.89019,3.06088,3.11554,0.532311,1.2871,2.17486,8.18197,2.22071,3.26564,5.24316
2018-05-18,2.74602,4.43962,1.45069,2.80335,3.00203,0.585395,3.79128,2.62128,1.79843,3.75284,1.89426,2.22967,2.44654,2.74056,3.67025,1.26186,1.74989,1.70985,1.01528,2.02298,1.17613,1.54851,1.56464,1.16412,1.55483,2.05171,1.36388,2.31397,1.11976,0.439279,0.733314,1.48005,1.60942,1.24884,0.371439,0.447112,0.170892,2.60845,4.88059,3.09207,3.16295,0.53591,1.28982,2.18956,8.31516,2.21632,3.24745,5.18128
2018-05-25,2.73153,4.44981,1.45221,2.81656,3.00168,0.589042,3.77587,2.63177,1.81589,3.73206,1.89459,2.24785,2.41134,2.69613,3.62963,1.25487,1.7541,1.69177,1.00848,1.98463,1.17219,1.54472,1.58591,1.19714,1.52988,2.00332,1.36486,2.31845,1.13535,0.438349,0.730645,1.46346,1.58986,1.25825,0.369396,0.448634,0.173517,2.66282,4.93928,3.09205,3.19077,0.513979,1.29069,2.09996,8.30571,2.19503,3.25727,5.2512
2018-06-01,2.76434,4.49215,1.47764,2.86686,3.00339,0.602726,3.85172,2.68753,1.83892,3.77582,1.93275,2.23176,2.38186,2.69344,3.73836,1.26863,1.748,1.75467,1.02368,2.03905,1.19393,1.55573,1.62181,1.24177,1.57412,2.08033,1.38542,2.39852,1.17206,0.43815,0.727217,1.48277,1.59589,1.2628,0.372504,0.446532,0.174588,2.73356,4.94533,3.09005,3.17255,0.527198,1.32176,2.15397,8.47056,2.26004,3.27462,5.34465
2018-06-08,2.7722,4.48935,1.50409,2.88821,3.00535,0.611326,3.82642,2.69811,1.83804,3.80889,1.95526,2.34338,2.44324,2.73752,3.73475,1.31578,1.7864,1.58212,1.05898,2.09611,1.20091,1.57103,1.66846,1.24502,1.57752,2.18229,1.46203,2.43739,1.20978,0.438266,0.726385,1.52355,1.62738,1.29492,0.393162,0.461606,0.181479,2.6843,5.08812,3.20175,3.2214,0.511939,1.30457,2.09162,8.634,2.29337,3.32956,5.39724
2018-06-15,2.81246,4.56644,1.50554,2.91065,2.99795,0.621138,3.80555,2.67655,1.83389,3.7911,1.97769,2.33123,2.48522,2.78229,3.75104,1.32719,1.81109,1.58952,1.09859,2.09423,1.22211,1.56573,1.72482,1.24356,1.59102,2.20869,1.43276,2.40317,1.19189,0.438951,0.727855,1.5302,1.68243,1.32836,0.395011,0.46238,0.182551,2.69883,5.16783,3.29795,3.30754,0.526395,1.33087,2.15068,8.98642,2.32517,3.33176,5.47583
2018-06-22,2.79674,4.56781,1.4904,2.90211,3.00757,0.615863,3.74074,2.61299,1.81029,3.78966,1.96186,2.32016,2.49284,2.77596,3.7587,1.35101,1.83092,1.53645,1.09032,2.11216,1.21085,1.55306,1.64911,1.21481,1.60293,2.16869,1.43051,2.40448,1.18464,0.434417,0.72629,1.52892,1.64707,1.34641,0.402554,0.468548,0.185553,2.63266,5.12204,3.27993,3.23217,0.541669,1.34646,2.21309,9.07325,2.34856,3.30303,5.43608
2018-06-29,2.71716,4.51343,1.45032,2.85495,2.91316,0.602841,3.69799,2.56092,1.784,3.71171,1.94175,2.26494,2.44523,2.72503,3.71201,1.2928,1.77935,1.49665,1.05741,2.07638,1.20303,1.54044,1.60418,1.18071,1.55138,2.12829,1.37595,2.31995,1.13405,0.430364,0.726512,1.51055,1.59657,1.31916,0.381159,0.457025,0.17738,2.60167,5.06706,3.21353,3.19579,0.515886,1.28945,2.10775,8.88278,2.27817,3.26143,5.32229
2018-07-06,2.75197,4.54989,1.47536,2.88692,2.97104,0.607168,3.76814,2.55348,1.78016,3.79962,1.94526,2.27336,2.49397,2.79241,3.73558,1.32508,1.79464,1.50423,1.0675,2.11496,1.22256,1.55372,1.60752,1.20335,1.58583,2.16833,1.39312,2.35638,1.15201,0.433633,0.730546,1.52899,1.61959,1.35698,0.388871,0.456729,0.181689,2.65343,5.15177,3.26881,3.25802,0.540646,1.33914,2.20891,9.36658,2.37356,3.31121,5.44507
2018-07-13,2.76166,4.57037,1.49018,2.89396,3.03016,0.607337,3.85182,2.54744,1.77817,3.84475,1.93501,2.31504,2.50714,2.81052,3.79769,1.32701,1.79464,1.51456,1.05002,2.05942,1.21497,1.56287,1.63946,1.22015,1.59769,2.19247,1.39795,2.34739,1.16186,0.433756,0.730754,1.52531,1.65443,1.35836,0.388464,0.456729,0.183332,2.64976,5.19009,3.29482,3.27985,0.546269,1.33661,2.23188,9.34914,2.37697,3.36134,5.5691
2018-07-20,2.74483,4.54221,1.493,2.90234,3.08616,0.609818,3.85535,2.564,1.7974,3.85518,1.96966,2.34016,2.56829,2.89269,3.73499,1.30992,1.78836,1.50805,1.045,2.06213,1.21,1.54884,1.66102,1.21481,1.60117,2.1896,1.41359,2.37859,1.1765,0.429628,0.72685,1.50974,1.68851,1.33691,0.386296,0.456729,0.185135,2.63128,5.16485,3.31271,3.30314,0.534918,1.32776,2.18551,9.30167,2.38211,3.36242,5.54988
2018-07-27,2.76548,4.61075,1.50403,2.89554,3.22779,0.60634,3.86944,2.50884,1.78573,3.83869,1.97367,2.32768,2.56502,2.87223,3.78876,1.29769,1.78141,1.53457,1.02492,1.97818,1.21424,1.54162,1.65808,1.18759,1.60211,2.13291,1.35245,2.38605,1.16548,0.418518,0.723305,1.47248,1.68628,1.31261,0.380523,0.452056,0.18453,2.6519,5.18928,3.28426,3.28637,0.517934,1.29581,2.11611,8.69881,2.31537,3.38334,5.5074
2018-08-03,2.79888,4.69988,1.4989,2.89753,3.24629,0.611939,3.91438,2.54343,1.81632,3.90786,1.99719,2.39075,2.58489,2.92707,3.85584,1.34026,1.86229,1.55794,1.0435,1.99894,1.22015,1.57311,1.65239,1.1822,1.63409,2.11251,1.35248,2.38421,1.16387,0.422093,0.731388,1.5133,1.68496,1.31422,0.386394,0.457009,0.189604,2.6082,5.17279,3.26672,3.28683,0.51122,1.31109,2.08868,8.87169,2.26515,3.40955,5.58367
2018-08-10,2.79701,4.70586,1.51537,2.94251,3.24127,0.617664,3.95229,2.56426,1.82989,3.90269,2.03752,2.45365,2.62316,2.96973,3.86011,1.35097,1.86051,1.5545,1.04874,1.99927,1.22004,1.56674,1.67331,1.20261,1.67829,2.14325,1.45455,2.3606,1.17748,0.430484,0.735762,1.54352,1.71132,1.30405,0.395398,0.461255,0.190132,2.58144,5.22126,3.20529,3.35514,0.540751,1.41529,2.20934,9.5901,2.40594,3.40426,5.59732
2018-08-17,2.75026,4.63421,1.49472,2.90354,3.2183,0.609485,3.90435,2.54609,1.8284,3.92021,2.04458,2.44327,2.58641,2.9271,3.85672,1.31681,1.83296,1.54345,1.07514,2.0257,1.22777,1.56582,1.67379,1.21468,1.66199,2.155,1.46781,2.34409,1.1885,0.427279,0.730003,1.53197,1.70938,1.32149,0.389293,0.458131,0.183564,2.62086,5.27632,3.23804,3.38584,0.547956,1.42407,2.23878,9.62967,2.40852,3.4271,5.57685
2018-08-24,2.81775,4.74433,1.53758,2.97953,3.27359,0.621993,3.94835,2.57228,1.84927,3.99103,2.09692,2.467,2.6418,2.99714,3.94615,1.36598,1.87019,1.56893,1.14486,2.17269,1.284,1.61945,1.74475,1.25957,1.72549,2.21652,1.52297,2.42471,1.19925,0.432047,0.731696,1.56025,1.78307,1.34043,0.401455,0.462391,0.187034,2.69932,5.38015,3.22232,3.47362,0.60158,1.52241,2.45787,10.0355,2.51641,3.45656,5.65809
2018-08-31,2.79543,4.68248,1.54969,2.97966,3.23474,0.62066,3.92015,2.56615,1.85784,4.02761,2.08402,2.51528,2.65489,2.99825,3.91039,1.3646,1.87956,1.5776,1.19407,2.26654,1.29268,1.67479,1.74807,1.26021,1.76218,2.2402,1.53232,2.46375,1.18952,0.437332,0.739291,1.56935,1.88076,1.35553,0.404548,0.464103,0.190774,2.66635,5.42311,3.23919,3.47499,0.621724,1.55492,2.54017,10.2798,2.60151,3.49022,5.78739
2018-09-07,2.83243,4.7087,1.54983,2.94911,3.18131,0.618793,3.86269,2.54422,1.8732,3.97186,2.0779,2.48392,2.60062,2.93336,3.85434,1.33209,1.88572,1.56118,1.18976,2.29543,1.33119,1.64718,1.75694,1.27572,1.74153,2.26076,1.55609,2.36005,1.19468,0.43717,0.741238,1.55566,1.9513,1.3071,0.398974,0.459515,0.186428,2.68351,5.35103,3.20393,3.35451,0.615544,1.51824,2.51492,10.1027,2.55863,3.45764,5.61561
2018-09-14,2.90995,4.86653,1.6032,3.02963,3.25537,0.638613,3.98587,2.58918,1.90374,4.12602,2.1297,2.49637,2.65913,3.00044,3.93566,1.38721,1.96285,1.57353,1.24519,2.38649,1.30002,1.69559,1.77547,1.32955,1.77665,2.30933,1.58064,2.38011,1.19302,0.441569,0.741238,1.5899,1.94049,1.35485,0.414712,0.46931,0.202336,2.69891,5.5184,3.26047,3.40608,0.61494,1.538,2.51245,10.4802,2.76286,3.49707,5.70491
2018-09-21,2.98094,4.97839,1.63571,3.10702,3.30784,0.651503,3.86099,2.54901,1.91554,4.0902,2.11397,2.5161,2.67736,3.0382,3.99896,1.40908,1.98624,1.58249,1.18233,2.28296,1.27985,1.64344,1.78162,1.30257,1.7378,2.29334,1.54894,2.33871,1.16539,0.441215,0.740048,1.57831,1.93675,1.32421,0.407894,0.479648,0.200652,2.70161,5.48093,3.2703,3.32401,0.596933,1.49221,2.43888,10.0711,2.62853,3.52631,5.69623
2018-09-28,2.95555,4.97518,1.60677,3.1156,3.2846,0.660028,3.89793,2.5531,1.93212,4.06327,2.10366,2.52312,2.69588,3.0499,4.00806,1.46275,1.99109,1.57859,1.20998,2.32404,1.27478,1.62071,1.79488,1.30447,1.83265,2.32538,1.56547,2.35807,1.16437,0.441614,0.737365,1.59674,1.91972,1.33745,0.4083,0.483678,0.201776,2.72568,5.45844,3.21477,3.31662,0.613012,1.52511,2.50457,10.2157,2.66437,3.51097,5.77109
2018-10-05,2.91205,4.84686,1.6017,3.04439,3.2479,0.640526,3.75398,2.47749,1.90695,3.98696,2.04059,2.51865,2.66172,2.9727,3.86458,1.33371,1.87581,1.5679,1.15154,2.17087,1.18155,1.58331,1.73906,1.24654,1.77107,2.24587,1.47679,2.19754,1.14184,0.436161,0.734914,1.48924,1.82867,1.30256,0.367555,0.45914,0.184633,2.62938,5.38452,3.14169,3.26418,0.534596,1.3547,2.18419,8.70258,2.30677,3.47595,5.5959
2018-10-12,2.7666,4.71344,1.53942,2.93781,3.17397,0.601594,3.61766,2.3924,1.83473,3.89767,1.96226,2.46641,2.53003,2.83007,3.75974,1.30781,1.83875,1.49035,1.07708,2.03882,1.16032,1.51372,1.66902,1.21012,1.64987,2.13632,1.41086,2.11822,1.0967,0.43158,0.731662,1.45495,1.81098,1.2402,0.36065,0.474352,0.175043,2.50173,5.18441,3.00579,3.1177,0.522244,1.29809,2.13373,8.33048,2.22911,3.33259,5.4148
2018-10-19,2.82195,4.75409,1.55397,2.9723,3.178,0.608076,3.58389,2.40942,1.83587,3.94721,1.93364,2.47271,2.53146,2.82965,3.80147,1.28314,1.8312,1.47536,1.07597,2.02081,1.10864,1.49092,1.68066,1.19188,1.62534,2.1605,1.38771,2.06426,1.10129,0.411247,0.694435,1.44009,1.81421,1.2265,0.354313,0.480299,0.17473,2.50903,5.18034,2.98248,3.1463,0.492825,1.22757,2.01353,7.63249,2.08759,3.33622,5.37442
2018-10-26,2.60903,4.40912,1.47808,2.85123,3.07602,0.572284,3.28165,2.26224,1.76568,3.62254,1.80792,2.35871,2.4273,2.68246,3.51869,1.14742,1.63865,1.4309,1.04081,1.92121,1.04743,1.43369,1.61774,1.15424,1.56762,2.09932,1.32879,1.95978,1.06247,0.369311,0.645535,1.32898,1.769,1.17743,0.321204,0.458098,0.160477,2.41831,4.98147,2.84869,2.97071,0.447916,1.13583,1.83004,7.07716,1.92594,3.20434,5.17686
2018-11-02,2.64203,4.49709,1.49454,2.93408,3.27979,0.578179,3.28097,2.24204,1.78494,3.70516,1.78111,2.43374,2.51853,2.77853,3.62264,1.17166,1.65466,1.47576,1.0551,1.94173,1.06019,1.44559,1.65077,1.16353,1.58124,2.12869,1.351,1.99935,1.06699,0.38629,0.670924,1.36443,1.76787,1.21051,0.329122,0.455615,0.171334,2.54443,5.24337,2.98867,3.13953,0.463674,1.19689,1.85162,7.26324,2.00193,3.28356,5.26135
2018-11-09,2.63902,4.49196,1.52323,2.99024,3.32738,0.586202,3.48818,2.25935,1.78494,3.84848,1.83119,2.48583,2.58784,2.90862,3.62794,1.18699,1.67721,1.5256,1.06703,1.97528,1.09623,1.49957,1.68846,1.21182,1.59677,2.18145,1.40048,2.07356,1.10856,0.400481,0.677244,1.37594,1.79064,1.23656,0.330119,0.458558,0.169692,2.529,5.31544,3.05196,3.20708,0.462768,1.20156,1.85162,7.26324,2.00193,3.35445,5.32783
2018-11-16,2.68115,4.56368,1.53229,3.00659,3.18659,0.591612,3.49233,2.24374,1.8103,3.88534,1.8273,2.44773,2.51627,2.83185,3.71244,1.12479,1.71453,1.52195,1.06358,1.97278,1.09071,1.47468,1.68662,1.21892,1.55679,2.18443,1.41111,2.07997,1.11779,0.391154,0.672489,1.32605,1.76479,1.22572,0.327925,0.472086,0.166852,2.51979,5.23475,3.04424,3.27399,0.435548,1.16266,1.85162,7.26324,2.00193,3.30578,5.20295
2018-11-23,2.60635,4.40821,1.47124,2.87512,3.05376,0.55991,3.32716,2.1835,1.69907,3.66701,1.77048,2.2988,2.50093,2.8206,3.64784,1.0686,1.7525,1.4864,0.996991,1.91628,1.05689,1.42319,1.642,1.18436,1.50588,2.15574,1.39245,2.03387,1.08933,0.392192,0.674985,1.29998,1.72458,1.18044,0.325221,0.448606,0.16166,2.39673,4.98846,2.94394,3.09456,0.407268,1.07878,1.85162,7.26324,2.00193,3.17922,4.94545
2018-11-30,2.64403,4.46944,1.48847,2.96342,3.1369,0.576657,3.36695,2.21373,1.70336,3.75127,1.81194,2.41865,2.56083,2.92803,3.75399,1.09163,1.80216,1.53375,1.02504,1.96386,1.0736,1.48378,1.69148,1.21616,1.52661,2.20967,1.41905,2.08082,1.13015,0.419983,0.706668,1.30981,1.73242,1.21127,0.33481,0.456467,0.165311,2.43403,5.1595,3.06683,3.16835,0.439675,1.17525,1.85162,7.26324,2.00193,3.32897,5.26104
2018-12-07,2.62073,4.42394,1.47455,2.92476,3.01802,0.569109,3.27947,2.21245,1.69601,3.68921,1.78672,2.367,2.46352,2.79372,3.73068,1.06677,1.80216,1.48792,1.02151,1.97829,1.06515,1.43696,1.63035,1.20862,1.51887,2.18612,1.39604,2.0455,1.11407,0.404628,0.706668,1.26373,1.61164,1.16026,0.32412,0.446074,0.152406,2.31306,4.966,2.91904,3.06987,0.416324,1.105,1.68963,6.882,1.94243,3.18308,5.01285
2018-12-14,2.65186,4.4759,1.49577,2.94542,2.8897,0.571035,3.26522,2.2179,1.68692,3.61435,1.75863,2.36355,2.45783,2.74814,3.74563,1.07658,1.8197,1.46568,1.0118,1.98442,1.06862,1.44777,1.63127,1.2196,1.50881,2.14755,1.40797,2.06255,1.12117,0.408523,0.706668,1.30772,1.59425,1.14314,0.336786,0.448586,0.15113,2.297,4.93005,2.90326,3.08592,0.417114,1.11735,1.69284,6.93279,1.89925,3.14565,5.00354
2018-12-21,2.5139,4.28209,1.41492,2.76531,2.72863,0.529027,3.12747,2.08893,1.622,3.47316,1.6668,2.21302,2.30691,2.56153,3.53249,0.987202,1.70668,1.3887,0.965536,1.90227,1.03839,1.39721,1.54645,1.1718,1.41854,2.05088,1.32873,1.94615,1.07232,0.401308,0.698138,1.25951,1.55377,1.07448,0.307404,0.426075,0.140736,2.11052,4.62675,2.68034,2.85518,0.359016,0.983987,1.45705,6.06413,1.80014,2.92386,4.58388
2018-12-28,2.55302,4.29805,1.42263,2.76946,2.77179,0.531276,3.1162,2.10313,1.62759,3.45222,1.69669,2.23529,2.30489,2.58171,3.53205,1.01149,1.77848,1.41101,0.977843,1.90942,1.02439,1.39135,1.57414,1.16891,1.4084,2.04412,1.32429,1.93701,1.05488,0.406766,0.695012,1.27803,1.55691,1.09114,0.31989,0.43026,0.145335,2.19213,4.78593,2.77947,2.86382,0.38773,1.05891,1.57359,6.35374,1.82421,3.0095,4.76521
2019-01-04,2.56041,4.30627,1.43763,2.79794,2.81302,0.536759,3.13424,2.10313,1.62759,3.4603,1.68667,2.24801,2.34373,2.60143,3.55485,1.02375,1.77965,1.41005,0.978676,1.90606,1.02866,1.40144,1.57329,1.16891,1.41719,2.0361,1.32594,1.94545,1.04904,0.407115,0.695012,1.28677,1.55408,1.08151,0.32167,0.428453,0.149802,2.22889,4.80152,2.88364,2.83936,0.400814,1.07955,1.56121,6.33078,1.81864,3.06586,4.86677
2019-01-11,2.56034,4.30615,1.44895,2.81996,2.83674,0.540984,3.13498,2.10313,1.62759,3.47222,1.68667,2.24939,2.40047,2.65657,3.57936,1.03465,1.77785,1.45877,0.995511,1.92872,1.04401,1.41983,1.58424,1.16671,1.42623,2.03272,1.33617,1.96911,1.04772,0.417966,0.695012,1.30366,1.54959,1.09719,0.330177,0.428022,0.159781,2.3731,4.99141,3.03055,2.87538,0.42897,1.16,1.56121,6.33078,1.81864,3.14592,5.0057
2019-01-18,2.56301,4.31064,1.45248,2.82675,2.69201,0.542285,3.17291,2.12328,1.63062,3.56272,1.72664,2.24403,2.51422,2.76396,3.59664,1.0389,1.7948,1.48434,1.01385,1.9223,1.07529,1.41101,1.59853,1.17763,1.4577,2.05009,1.35628,1.98573,1.05268,0.428714,0.695012,1.32398,1.59375,1.12336,0.331534,0.427356,0.164598,2.38698,5.10217,3.12749,2.91059,0.459817,1.22665,1.56121,6.33078,1.81864,3.23678,5.14775
2019-01-25,2.55588,4.29865,1.45694,2.83397,2.7131,0.54367,3.17166,2.12287,1.63062,3.61964,1.74083,2.24868,2.51661,2.78037,3.60993,1.04707,1.7948,1.50479,1.0281,1.9384,1.09088,1.3993,1.59267,1.17655,1.47425,2.03415,1.33504,2.00077,1.05039,0.426745,0.695012,1.32941,1.61854,1.10564,0.341421,0.429152,0.166911,2.41244,5.14765,3.1731,2.91355,0.467406,1.2439,1.56121,6.33078,1.81864,3.22852,5.14464
2019-02-01,2.60395,4.37949,1.4842,2.88698,2.79814,0.553841,3.19023,2.13689,1.63268,3.66311,1.76804,2.30033,2.58929,2.92532,3.68995,1.05491,1.79418,1.53093,1.05389,1.96465,1.10194,1.42342,1.63619,1.20456,1.4712,2.05847,1.36784,2.0481,1.07335,0.426682,0.694105,1.35365,1.65569,1.11885,0.348079,0.428598,0.171441,2.41768,5.23155,3.28039,3.00845,0.48388,1.27121,1.56121,6.33078,1.81864,3.28051,5.21628
2019-02-08,2.60918,4.39317,1.4801,2.87815,2.74798,0.552573,3.17354,2.15623,1.63561,3.68038,1.78375,2.33108,2.57995,2.91372,3.69133,1.06436,1.79964,1.54881,1.07464,1.96084,1.1171,1.43178,1.66685,1.23166,1.49274,2.05191,1.37253,2.06273,1.095,0.430105,0.697632,1.36644,1.67241,1.13606,0.347739,0.429487,0.171929,2.41099,5.27126,3.31799,3.017,0.4855,1.27471,1.56121,6.33078,1.81864,3.28549,5.25086
2019-02-15,2.70904,4.57872,1.52696,2.96584,2.88566,0.572431,3.25142,2.17762,1.63437,3.75992,1.79397,2.37691,2.65755,2.97807,3.76888,1.08625,1.81906,1.56225,1.09654,1.96109,1.14537,1.46809,1.70843,1.24648,1.51871,2.08223,1.39716,2.10228,1.11806,0.435849,0.700981,1.36642,1.70789,1.16667,0.36005,0.428955,0.176929,2.50229,5.47141,3.3873,3.12154,0.498563,1.30165,1.56121,6.33078,1.81864,3.36931,5.35615
2019-02-22,2.72136,4.59953,1.55744,3.02503,2.93129,0.582809,3.25258,2.18925,1.63958,3.78492,1.82115,2.36375,2.69622,3.03275,3.79945,1.08257,1.82508,1.5863,1.09392,1.98386,1.1349,1.48941,1.75799,1.26027,1.50568,2.05622,1.40609,2.12062,1.11889,0.436589,0.700872,1.40593,1.72151,1.1844,0.369695,0.427662,0.176544,2.53267,5.44173,3.42811,3.14833,0.520778,1.32877,1.56121,6.33078,1.81864,3.39081,5.38575
2019-03-01,2.64218,4.48131,1.52672,2.96704,2.84418,0.57863,3.29309,2.19203,1.66449,3.86501,1.80299,2.37311,2.64468,2.98117,3.73517,1.09045,1.82737,1.57215,1.09197,2.01137,1.15816,1.49105,1.78739,1.29521,1.49515,2.12326,1.43764,2.15651,1.13348,0.436971,0.702372,1.41478,1.7552,1.18588,0.374823,0.43094,0.176065,2.53312,5.42963,3.43825,3.1919,0.542509,1.3638,1.56576,6.31484,1.82588,3.40635,5.43248
2019-03-08,2.59756,4.41314,1.49943,2.96791,2.87968,0.571886,3.23933,2.14356,1.62113,3.74869,1.76633,2.34293,2.57686,2.90012,3.65569,1.06842,1.8229,1.55136,1.04452,1.93543,1.10839,1.42128,1.73474,1.23826,1.45855,2.12441,1.38465,2.14211,1.09332,0.434038,0.702372,1.39047,1.68667,1.15424,0.366018,0.428629,0.168299,2.48099,5.23125,3.34486,3.10857,0.517446,1.3007,1.49343,6.0138,1.75496,3.33396,5.33217
2019-03-15,2.63233,4.46235,1.53695,3.03514,2.96237,0.585372,3.28746,2.17698,1.64535,3.83236,1.80723,2.42331,2.60783,2.94785,3.72646,1.09526,1.83164,1.59641,1.05808,2.00392,1.14545,1.43129,1.80629,1.2993,1.46514,2.19333,1.43873,2.18493,1.12134,0.43537,0.701665,1.4326,1.69957,1.21597,0.377604,0.429893,0.175648,2.58875,5.37422,3.41483,3.24995,0.558123,1.38011,1.61083,6.50677,1.86248,3.43222,5.55583
2019-03-22,2.65603,4.49856,1.53983,3.05823,2.9415,0.586959,3.26733,2.1562,1.64883,3.79613,1.82077,2.43487,2.57299,2.93213,3.76667,1.08357,1.83374,1.59974,1.06325,1.99952,1.1497,1.43117,1.79336,1.2871,1.49438,2.19412,1.42106,2.18344,1.12993,0.437242,0.70367,1.44438,1.69348,1.20839,0.374793,0.431364,0.173302,2.57385,5.38483,3.36654,3.21608,0.552034,1.35863,1.59326,6.54184,1.81523,3.40708,5.5725
2019-03-29,2.71508,4.59599,1.57245,3.14301,3.03588,0.60209,3.22664,2.17114,1.65199,3.77818,1.86344,2.43492,2.59964,3.02886,3.86043,1.10045,1.83824,1.6112,1.0854,2.01287,1.1638,1.43836,1.80377,1.29533,1.5413,2.26346,1.43977,2.21951,1.14856,0.437805,0.70367,1.45315,1.65582,1.22147,0.37537,0.431101,0.171483,2.58791,5.50327,3.40028,3.28193,0.550743,1.35224,1.58953,6.58808,1.83973,3.44649,5.60683
2019-04-05,2.77219,4.68736,1.59414,3.17803,3.0848,0.609778,3.27296,2.21554,1.665,3.83976,1.944,2.45449,2.58757,3.03543,3.94037,1.11013,1.85001,1.6072,1.09706,1.99646,1.17383,1.45897,1.81108,1.29012,1.55725,2.23282,1.43971,2.23729,1.15203,0.440629,0.702379,1.45085,1.67946,1.23933,0.379366,0.430602,0.172797,2.6378,5.58097,3.46467,3.35691,0.550393,1.3474,1.58852,6.42035,1.78729,3.5208,5.76287
2019-04-12,2.76777,4.68519,1.58731,3.15909,3.1112,0.600535,3.29297,2.21193,1.67033,3.84733,1.92582,2.45439,2.58754,3.02923,3.90212,1.10844,1.83918,1.62713,1.10822,2.01001,1.17842,1.48673,1.83779,1.29694,1.56713,2.23233,1.4579,2.2353,1.15249,0.437902,0.702989,1.44019,1.68166,1.27363,0.381309,0.434085,0.172175,2.6754,5.59641,3.48845,3.35541,0.548894,1.35407,1.58419,6.52583,1.79018,3.54019,5.79938
2019-04-19,2.6485,4.49641,1.52614,3.0596,3.01237,0.574204,3.16982,2.12674,1.66324,3.71948,1.90601,2.36939,2.52388,2.92658,3.73447,1.09201,1.84114,1.61014,1.10301,2.01816,1.1315,1.46959,1.84229,1.27212,1.57004,2.20939,1.43188,2.21394,1.13231,0.436506,0.703626,1.44292,1.65202,1.27333,0.382618,0.433115,0.169409,2.6502,5.57626,3.41223,3.33085,0.52311,1.31871,1.50978,6.16496,1.68058,3.53849,5.84807
2019-04-26,2.69336,4.52109,1.56625,3.06687,3.0387,0.582445,3.1806,2.16841,1.67326,3.73481,1.92992,2.43111,2.52519,2.94935,3.74358,1.13735,1.87525,1.63716,1.13076,2.0674,1.1649,1.50544,1.8698,1.28335,1.58805,2.26138,1.47012,2.2077,1.10616,0.436264,0.705816,1.46047,1.69929,1.28603,0.395732,0.441101,0.174793,2.6768,5.57046,3.38311,3.42289,0.569501,1.41112,1.64367,6.46139,1.73882,3.57985,5.9498
2019-05-03,2.70411,4.50312,1.55173,3.06192,3.03223,0.576847,3.21229,2.20105,1.67529,3.78943,1.8964,2.48013,2.53041,2.9314,3.79838,1.14892,1.89673,1.6509,1.13219,2.08695,1.16151,1.4945,1.88302,1.26992,1.58531,2.28516,1.4355,2.21032,1.09366,0.43016,0.703746,1.47166,1.70877,1.30415,0.403271,0.443344,0.17807,2.71636,5.49614,3.34222,3.41569,0.576894,1.4171,1.665,6.74469,1.77782,3.58741,5.96416
2019-05-10,2.65679,4.37822,1.52901,3.02141,2.98786,0.56285,3.088,2.14375,1.65296,3.68207,1.84888,2.41081,2.45415,2.83809,3.6514,1.13079,1.86046,1.63777,1.15077,2.04329,1.15905,1.4811,1.87454,1.25916,1.58076,2.30603,1.41177,2.20298,1.09823,0.426704,0.702334,1.44242,1.64856,1.28648,0.395166,0.437899,0.173791,2.67414,5.38256,3.24991,3.39486,0.554658,1.41427,1.60083,6.61204,1.68598,3.51506,5.77348
2019-05-17,2.55925,4.20635,1.51091,3.01117,2.9336,0.55563,3.04305,2.12102,1.61097,3.65492,1.84368,2.31678,2.49423,2.91436,3.63227,1.09474,1.86575,1.65245,1.17187,2.07901,1.15062,1.48854,1.8646,1.27017,1.5965,2.31843,1.42429,2.20187,1.09723,0.419973,0.692953,1.42502,1.6315,1.27976,0.40364,0.447883,0.170365,2.65022,5.29789,3.23839,3.38852,0.571991,1.42969,1.65086,6.93255,1.72655,3.48749,5.71231
2019-05-24,2.458,4.05261,1.46689,2.90201,2.93393,0.540049,2.98579,2.09766,1.59595,3.59666,1.81959,2.24274,2.47098,2.87974,3.56602,1.05619,1.84937,1.6317,1.15597,2.03857,1.15875,1.47776,1.8376,1.26934,1.58337,2.28116,1.40917,2.17284,1.08955,0.413311,0.687649,1.36354,1.61435,1.25377,0.38521,0.445305,0.16866,2.60146,5.29512,3.14716,3.38386,0.547231,1.4031,1.57939,6.77967,1.66583,3.45015,5.56002
2019-05-31,2.43251,4.0183,1.43362,2.87829,2.8491,0.535338,2.92995,2.08693,1.57065,3.51985,1.7907,2.20506,2.39571,2.79017,3.47364,1.0694,1.85356,1.61884,1.11764,1.9979,1.1344,1.46498,1.83959,1.24864,1.5636,2.23626,1.39555,2.15953,1.07853,0.411734,0.684857,1.37769,1.60153,1.22101,0.381748,0.444295,0.162487,2.56439,5.24707,3.08889,3.31819,0.542623,1.39121,1.56609,6.77268,1.63575,3.35852,5.42863
2019-06-07,2.55139,4.21533,1.51437,3.00579,2.96235,0.556743,3.01899,2.15536,1.62583,3.63986,1.85355,2.30933,2.48978,2.9212,3.60186,1.11752,1.86178,1.68094,1.18608,2.07649,1.18621,1.54921,1.93634,1.30573,1.61442,2.3474,1.45392,2.22959,1.11931,0.416576,0.689374,1.38598,1.67045,1.27786,0.396099,0.436789,0.169319,2.71483,5.48182,3.22142,3.52744,0.598357,1.50079,1.57253,6.77872,1.63803,3.50957,5.64989
2019-06-14,2.55757,4.22881,1.5249,3.0244,2.95678,0.56019,3.03727,2.16698,1.62829,3.71378,1.86153,2.33231,2.48585,2.86781,3.61482,1.11906,1.8614,1.68523,1.19406,2.08935,1.18385,1.52137,1.94492,1.29752,1.61857,2.35377,1.43397,2.26281,1.11609,0.417323,0.689743,1.38581,1.68942,1.26804,0.393256,0.437482,0.17102,2.75664,5.47299,3.19971,3.4862,0.588381,1.49163,1.57253,6.77872,1.63803,3.52921,5.69983
2019-06-21,2.60042,4.30423,1.53694,3.05545,3.00973,0.56594,3.11865,2.20855,1.63836,3.72102,1.89425,2.34744,2.52238,2.91301,3.6621,1.13418,1.87046,1.7163,1.20326,2.11024,1.2109,1.52496,1.96829,1.31244,1.62043,2.39098,1.45362,2.26424,1.12199,0.423743,0.692774,1.41306,1.69106,1.30826,0.401286,0.437482,0.177659,2.85066,5.57948,3.30563,3.55325,0.594092,1.50592,1.57253,6.77872,1.63803,3.60449,5.88489
2019-06-28,2.63066,4.35427,1.55137,3.08704,3.03909,0.571793,3.14547,2.22041,1.65513,3.73041,1.89523,2.37238,2.52239,2.91521,3.66384,1.13014,1.87226,1.71364,1.17623,2.09343,1.19624,1.52506,1.95786,1.29057,1.59352,2.36333,1.41606,2.22628,1.11102,0.425152,0.694891,1.41727,1.69441,1.3252,0.401689,0.43971,0.178817,2.8957,5.54895,3.29776,3.57737,0.570116,1.44859,1.57253,6.77872,1.63803,3.59223,5.84067
2019-07-05,2.66219,4.41736,1.58645,3.16234,3.12824,0.589584,3.13662,2.22517,1.66565,3.77487,1.93014,2.42396,2.59422,3.0027,3.69172,1.15078,1.89226,1.74261,1.18267,2.11404,1.20612,1.5407,1.98236,1.30208,1.62597,2.43446,1.45583,2.29497,1.12847,0.427368,0.69706,1.42252,1.69227,1.34928,0.412686,0.444715,0.181034,2.94244,5.67515,3.37894,3.63067,0.598276,1.50233,1.60792,6.84685,1.67605,3.65917,5.97547
2019-07-12,2.68675,4.46984,1.59917,3.20821,3.15727,0.598152,3.11621,2.24801,1.66722,3.7842,1.95915,2.39297,2.55718,2.9242,3.75843,1.14468,1.88627,1.76796,1.18709,2.13395,1.21165,1.54062,1.98252,1.31104,1.63305,2.44857,1.44697,2.32081,1.1299,0.425539,0.697106,1.41794,1.71703,1.33332,0.41472,0.444492,0.186085,2.96432,5.70817,3.41615,3.68283,0.608356,1.52657,1.63501,6.95344,1.70261,3.68602,6.05304
2019-07-19,2.69135,4.48443,1.58134,3.16888,3.16882,0.59348,3.11236,2.2406,1.66756,3.74009,1.93745,2.41024,2.52274,2.84431,3.79383,1.14127,1.88367,1.74852,1.15764,2.11704,1.20382,1.50909,1.94143,1.29256,1.61677,2.42761,1.42606,2.29514,1.1205,0.424169,0.696811,1.41693,1.66681,1.29781,0.409926,0.443084,0.182895,2.92202,5.5397,3.39836,3.65389,0.609725,1.52158,1.63869,6.91582,1.68986,3.64336,5.97422
2019-07-26,2.79823,4.69282,1.58869,3.23938,3.23607,0.606278,3.10417,2.24327,1.68681,3.711,1.92318,2.44758,2.54697,2.88559,3.77325,1.18482,1.90334,1.77905,1.19806,2.12535,1.22141,1.54389,1.97266,1.31601,1.63063,2.4528,1.4036,2.31274,1.15537,0.426785,0.700416,1.43141,1.73452,1.30697,0.419398,0.447981,0.188544,2.99887,5.67511,3.39992,3.69581,0.63315,1.55632,1.70165,7.35607,1.7547,3.7027,6.10808
2019-08-02,2.75467,4.57891,1.53679,3.10646,3.11221,0.584651,2.9998,2.17054,1.63671,3.58723,1.8415,2.31286,2.4575,2.7736,3.68451,1.1344,1.85917,1.77262,1.196,2.04293,1.24373,1.53741,1.91941,1.28066,1.6052,2.47763,1.35294,2.25811,1.11776,0.409249,0.675076,1.37796,1.64419,1.27728,0.41369,0.43151,0.183635,2.93256,5.57109,3.31179,3.55667,0.59957,1.4845,1.6114,6.90239,1.6917,3.58757,5.85974
2019-08-09,2.79255,4.54916,1.53648,3.07537,3.03689,0.57687,2.95795,2.18527,1.61528,3.57229,1.8764,2.24938,2.39195,2.81232,3.63577,1.12921,1.87973,1.78702,1.21639,2.03213,1.26409,1.53147,1.98526,1.2708,1.67212,2.50493,1.37033,2.2898,1.13515,0.410488,0.667865,1.34075,1.62164,1.28123,0.405765,0.428362,0.179617,2.93438,5.66944,3.31132,3.57778,0.627259,1.54596,1.68581,7.49905,1.79095,3.57531,5.83285
2019-08-16,2.79284,4.55109,1.53377,3.07623,2.92503,0.580947,2.97861,2.22679,1.6259,3.61231,1.89573,2.18222,2.3851,2.80756,3.6513,1.11402,1.86213,1.78634,1.23167,2.04351,1.25594,1.54863,1.99867,1.27614,1.68261,2.51283,1.38911,2.31327,1.15098,0.399149,0.656516,1.30595,1.6017,1.26521,0.400499,0.420301,0.168723,2.89289,5.55301,3.26489,3.5173,0.608463,1.50921,1.6353,7.40408,1.73434,3.54135,5.80126
2019-08-23,2.78416,4.52566,1.52808,3.05321,2.8522,0.575561,2.95367,2.2586,1.62532,3.59697,1.92023,2.14447,2.3477,2.80904,3.61747,1.13263,1.88288,1.78877,1.24168,2.04091,1.24284,1.54932,1.96437,1.28941,1.67633,2.4807,1.38109,2.31018,1.14181,0.400435,0.653686,1.32624,1.57433,1.24997,0.405178,0.421997,0.161933,2.81656,5.41472,3.23067,3.444,0.618038,1.51615,1.66103,7.28841,1.74273,3.49231,5.6946
2019-08-30,2.79663,4.52367,1.52589,3.03864,2.85089,0.57267,3.01271,2.26773,1.62732,3.7243,1.9466,2.14016,2.37433,2.92914,3.62073,1.11834,1.86448,1.80993,1.24254,2.0681,1.2461,1.59159,1.9964,1.31764,1.68946,2.4774,1.39986,2.38859,1.15415,0.401915,0.656103,1.33827,1.61773,1.27047,0.40313,0.421716,0.163168,2.87552,5.50703,3.31338,3.49004,0.626384,1.52786,1.68346,7.35381,1.72355,3.58549,5.8635
2019-09-06,2.77174,4.49119,1.51629,3.03495,2.82357,0.571226,3.09499,2.27046,1.62873,3.74421,1.93577,2.14583,2.43198,2.99312,3.63617,1.0957,1.84169,1.80286,1.23896,2.0647,1.24901,1.60751,2.05204,1.29479,1.6915,2.50318,1.42725,2.44379,1.16273,0.4009,0.654446,1.33581,1.62506,1.28468,0.391809,0.420951,0.164019,2.91185,5.64355,3.35447,3.48496,0.595376,1.50096,1.60013,7.34429,1.73965,3.65415,5.99236
2019-09-13,2.52859,4.17142,1.42193,2.86769,2.71864,0.517151,3.03527,2.2875,1.61741,3.60832,1.92223,2.0362,2.35569,2.89924,3.47197,1.06095,1.82418,1.78034,1.18748,2.01197,1.23616,1.59315,1.97719,1.24306,1.63498,2.42615,1.36323,2.39831,1.11388,0.410575,0.666074,1.35987,1.60578,1.27987,0.379428,0.408598,0.15654,2.87415,6.00073,3.47429,3.51086,0.517394,1.33492,1.39054,6.61297,1.7801,3.69142,6.02207
2019-09-20,2.53232,4.19904,1.4174,2.83943,2.77418,0.514943,3.00229,2.29596,1.63181,3.66914,1.95569,2.09221,2.39091,2.93543,3.44576,1.0302,1.78115,1.79786,1.16811,1.97638,1.22096,1.57161,1.90736,1.22179,1.6472,2.4274,1.38123,2.42005,1.12012,0.394548,0.642823,1.30833,1.61753,1.29217,0.3831,0.404398,0.148382,2.81119,5.96876,3.40144,3.47287,0.543463,1.36651,1.4606,6.80517,1.68547,3.67385,5.96765
2019-09-27,2.4828,4.14491,1.40959,2.82807,2.67307,0.514046,2.93558,2.29089,1.62542,3.6222,1.96087,2.02208,2.35258,2.91259,3.34421,0.971767,1.72903,1.76832,1.13305,1.91561,1.21939,1.55039,1.88425,1.17347,1.60818,2.33196,1.35884,2.42205,1.08858,0.392209,0.642823,1.26086,1.59391,1.25844,0.367572,0.393489,0.141454,2.73852,5.83729,3.36851,3.44915,0.498942,1.28432,1.34095,6.28842,1.5507,3.63838,5.86153
2019-10-04,2.48868,4.17575,1.40598,2.84333,2.67513,0.516473,2.95233,2.36698,1.6337,3.6227,1.99364,2.0661,2.3169,2.86744,3.37718,0.984905,1.74219,1.83974,1.12208,1.89815,1.21245,1.51699,1.88831,1.17401,1.60697,2.32663,1.36436,2.41912,1.09323,0.389215,0.642823,1.2724,1.57687,1.26478,0.368182,0.393282,0.142119,2.72611,5.70998,3.33855,3.41252,0.522401,1.32383,1.404,6.30722,1.56368,3.62545,5.91732
2019-10-11,2.48433,4.20358,1.41669,2.86712,2.70795,0.523491,2.92691,2.34759,1.63233,3.60343,1.9853,2.10477,2.36173,2.89422,3.42251,0.986369,1.73998,1.83795,1.1219,1.89632,1.21894,1.50524,1.89239,1.1764,1.61448,2.34858,1.37214,2.39422,1.10017,0.38936,0.642823,1.27045,1.56554,1.26301,0.37503,0.393033,0.142257,2.70076,5.69096,3.38457,3.4024,0.53302,1.33271,1.43254,6.48558,1.59061,3.64922,5.9894
2019-10-18,2.46546,4.17105,1.40694,2.85789,2.65728,0.522224,2.91891,2.35809,1.62819,3.64198,1.9859,2.10612,2.35273,2.9198,3.4245,0.977856,1.73275,1.83075,1.12709,1.88899,1.21196,1.51115,1.91843,1.18828,1.59996,2.36254,1.37396,2.40128,1.11619,0.38936,0.642823,1.26156,1.57676,1.27493,0.370502,0.388676,0.140925,2.69156,5.73315,3.41519,3.43822,0.521025,1.31581,1.4003,6.50042,1.57572,3.67003,6.00758
2019-10-25,2.44144,4.12543,1.39521,2.84409,2.63885,0.517002,2.97736,2.36215,1.63784,3.71681,1.97791,2.0978,2.37327,2.96641,3.38961,0.992936,1.73622,1.84498,1.11497,1.88674,1.19453,1.49505,1.92623,1.17794,1.58703,2.37819,1.37296,2.3743,1.11993,0.38948,0.643524,1.25929,1.58906,1.29047,0.374083,0.388516,0.139119,2.74478,5.79894,3.44229,3.45177,0.535503,1.32934,1.43921,6.56984,1.57895,3.71474,6.13137
2019-11-01,2.49921,4.22161,1.41665,2.90216,2.65763,0.526008,3.02431,2.37666,1.63994,3.81889,1.95756,2.09727,2.43868,3.03934,3.4671,1.00713,1.74279,1.85797,1.13012,1.92238,1.19808,1.5138,1.93786,1.17633,1.62276,2.39896,1.38432,2.38895,1.11526,0.385904,0.640861,1.2546,1.64081,1.30406,0.370764,0.38635,0.13781,2.78144,5.85965,3.55036,3.52802,0.536478,1.33962,1.44183,6.38432,1.5232,3.77066,6.2326
2019-11-08,2.48814,4.24698,1.38,2.81892,2.62401,0.508193,2.98093,2.36549,1.61418,3.76513,1.96359,2.05835,2.42735,3.00937,3.42606,1.00803,1.74153,1.8643,1.12947,1.92699,1.19747,1.52471,1.96318,1.18306,1.60445,2.4074,1.37149,2.37597,1.10421,0.382632,0.630165,1.25327,1.66759,1.30071,0.365954,0.381541,0.13514,2.83804,5.8231,3.67176,3.53122,0.520618,1.30525,1.39921,6.3261,1.46575,3.80515,6.30656
2019-11-15,2.51641,4.28195,1.38353,2.83181,2.6275,0.514272,3.00557,2.37751,1.62145,3.7966,1.96791,2.10223,2.4854,3.10543,3.49784,1.02106,1.76195,1.87559,1.14734,1.958,1.21438,1.5415,1.97569,1.19078,1.63428,2.46843,1.40625,2.39569,1.1285,0.385079,0.631637,1.27249,1.70617,1.33261,0.377803,0.390677,0.140913,2.82553,5.91469,3.74552,3.54884,0.55343,1.38147,1.48739,6.65828,1.54708,3.84025,6.35921
2019-11-22,2.48413,4.25779,1.38175,2.81501,2.63224,0.510896,2.95489,2.3615,1.61943,3.73054,1.94756,2.09225,2.46957,3.06002,3.47554,1.02138,1.77004,1.86244,1.10048,1.93114,1.19935,1.47949,1.95282,1.16139,1.64704,2.47248,1.39611,2.39669,1.12119,0.385289,0.62989,1.27441,1.72117,1.3471,0.377247,0.39247,0.144227,2.86202,5.95993,3.7947,3.47455,0.561855,1.37664,1.51004,6.72194,1.55337,3.83003,6.32537
2019-11-29,2.55333,4.38561,1.42079,2.89766,2.68808,0.525048,3.01358,2.41883,1.64154,3.8132,2.00352,2.11705,2.5006,3.08408,3.57051,1.04248,1.78417,1.86989,1.12748,1.95895,1.2343,1.48247,2.02062,1.16746,1.65847,2.48542,1.40091,2.41886,1.12656,0.386776,0.62989,1.2918,1.7845,1.3555,0.393477,0.39841,0.150866,2.89483,6.01689,3.86322,3.50935,0.585273,1.42266,1.57297,7.00375,1.6231,3.87129,6.42785
2019-12-06,2.55497,4.37362,1.40227,2.85401,2.67522,0.518606,2.96545,2.4669,1.65358,3.85727,2.04857,2.08269,2.49966,3.05914,3.58264,1.07919,1.81918,1.85846,1.10595,1.95032,1.2109,1.47999,1.98744,1.16561,1.68335,2.49857,1.41487,2.42558,1.13586,0.387672,0.63107,1.30399,1.73434,1.3524,0.413073,0.408823,0.152967,2.85114,6.06657,3.80939,3.47898,0.567268,1.37739,1.52458,7.07749,1.62633,3.87819,6.42471
2019-12-13,2.52151,4.33773,1.38953,2.84889,2.63817,0.516965,2.94698,2.4795,1.65321,3.86118,2.04522,2.06581,2.4874,3.08094,3.55498,1.06655,1.81604,1.8476,1.11636,1.90929,1.21215,1.5125,2.00046,1.16354,1.65058,2.45138,1.40173,2.43695,1.12908,0.382856,0.632001,1.29725,1.76871,1.36771,0.407182,0.410241,0.14855,2.8978,6.05612,3.80539,3.52975,0.572289,1.39531,1.53808,6.82908,1.57597,3.90837,6.49335
2019-12-20,2.58859,4.42782,1.41668,2.89965,2.75972,0.527913,3.05099,2.52711,1.6578,3.98131,2.09422,2.09925,2.49525,3.09467,3.6068,1.08574,1.82345,1.87227,1.13688,1.9335,1.24039,1.55737,2.04247,1.17844,1.68094,2.52224,1.425,2.46452,1.1459,0.381381,0.632001,1.29667,1.82202,1.38861,0.409901,0.410241,0.154941,2.92327,6.17787,3.92568,3.6171,0.595694,1.43654,1.60098,7.09804,1.60832,3.96979,6.63501
2019-12-27,2.58935,4.44141,1.43339,2.93037,2.73507,0.533191,3.04726,2.53791,1.66188,3.98139,2.10577,2.09534,2.49274,3.07806,3.65057,1.08605,1.82345,1.8795,1.14091,1.94758,1.25251,1.5614,2.05403,1.1815,1.69439,2.51864,1.42484,2.48316,1.14613,0.381308,0.632001,1.29823,1.8253,1.39167,0.410392,0.410241,0.152553,2.93515,6.20162,3.9177,3.60545,0.606953,1.45104,1.63124,7.16585,1.61812,3.99615,6.70906
2020-01-03,2.59049,4.43581,1.4432,2.95496,2.79348,0.536602,2.99355,2.46916,1.67236,3.94697,2.07474,2.05235,2.47435,3.0111,3.66472,1.08641,1.82278,1.87985,1.15754,1.9651,1.27143,1.54099,2.03826,1.18314,1.67997,2.47822,1.43601,2.47146,1.14636,0.381262,0.632001,1.29823,1.82331,1.36632,0.421437,0.41009,0.157311,2.93839,6.12143,3.95848,3.61532,0.594475,1.44469,1.5977,6.88324,1.5792,3.99058,6.72697
2020-01-10,2.59349,4.44383,1.45856,2.96012,2.80654,0.538855,2.97531,2.44334,1.65116,3.93094,2.07724,2.05229,2.50355,3.03404,3.65348,1.08518,1.83215,1.91091,1.17747,1.98243,1.2637,1.53825,2.0143,1.19075,1.69724,2.50004,1.44115,2.46865,1.1394,0.380517,0.632001,1.30622,1.84155,1.38958,0.425801,0.413508,0.159126,2.98551,6.14274,4.04351,3.71674,0.598546,1.47029,1.60865,6.91318,1.60011,4.03143,6.86045
2020-01-17,2.63884,4.53578,1.46811,3.00142,2.8383,0.54068,3.02296,2.50551,1.67078,4.02682,2.09496,2.08213,2.51948,3.06633,3.67635,1.15415,1.87744,1.95829,1.19916,2.01483,1.27718,1.56296,2.06352,1.21538,1.74361,2.52381,1.48721,2.54212,1.17707,0.382384,0.634138,1.36412,1.85015,1.40254,0.450161,0.422555,0.167917,3.05179,6.23266,4.06398,3.78643,0.599878,1.49224,1.61223,6.9818,1.61742,4.10866,7.01592
2020-01-24,2.55992,4.47387,1.39547,2.94709,2.78324,0.530045,2.91809,2.44921,1.66417,3.80383,2.04835,2.03429,2.44835,2.92923,3.63797,1.09553,1.82754,1.96586,1.20033,2.01366,1.25862,1.55645,2.06552,1.20805,1.7658,2.49472,1.49645,2.52754,1.18636,0.378745,0.623127,1.33114,1.77486,1.37976,0.427966,0.414812,0.158696,3.05174,6.02486,4.0052,3.78816,0.576726,1.47172,1.55,6.76555,1.57009,4.0693,6.99456
2020-01-31,2.44455,4.22727,1.37749,2.87666,2.69293,0.514978,2.85486,2.38043,1.66197,3.69116,1.98612,1.96086,2.39496,2.85701,3.5762,1.07651,1.81156,1.95465,1.16139,1.93251,1.21302,1.51223,2.08318,1.1573,1.74919,2.42619,1.45849,2.4598,1.1392,0.363407,0.601136,1.26464,1.71294,1.34577,0.420167,0.415676,0.154969,2.94752,5.81287,3.90063,3.63836,0.560679,1.41613,1.50688,6.72153,1.54543,3.98216,6.88055
2020-02-07,2.52772,4.38399,1.4173,2.97061,2.80647,0.533375,2.89665,2.37735,1.68334,3.7114,2.02051,1.99485,2.43304,2.90819,3.65693,1.11319,1.84718,1.96891,1.20025,2.01529,1.23462,1.57979,2.03571,1.17747,1.78104,2.47801,1.49554,2.48589,1.10821,0.3625,0.597714,1.3088,1.73136,1.37968,0.432599,0.416421,0.15701,3.00245,5.87287,3.96274,3.76603,0.584142,1.45796,1.56993,6.91061,1.5698,4.11176,7.19872
2020-02-14,2.55628,4.43328,1.46032,3.06537,2.94731,0.548235,2.96716,2.37179,1.69449,3.85116,2.03464,2.04694,2.44452,2.92252,3.70843,1.14197,1.85935,2.05428,1.21011,2.05342,1.27434,1.59645,2.09893,1.19465,1.84499,2.57228,1.52567,2.56817,1.14573,0.373437,0.602587,1.327,1.78989,1.403,0.433952,0.418434,0.157516,3.04877,6.00825,4.04295,3.78687,0.611714,1.52337,1.64404,7.50036,1.75663,4.17859,7.36958
2020-02-21,2.56531,4.44895,1.44047,3.0247,2.96681,0.540846,2.9673,2.4233,1.70012,3.82708,2.02632,2.02302,2.42775,2.89208,3.67214,1.12532,1.85009,2.04898,1.21718,2.05505,1.26278,1.58145,2.08905,1.16553,1.82434,2.5703,1.50227,2.60676,1.12932,0.376886,0.586013,1.2891,1.81998,1.40473,0.424847,0.419567,0.154532,2.97553,5.99595,4.00634,3.79492,0.658339,1.55765,1.76934,7.94398,1.93928,4.1276,7.23232
2020-02-28,2.27623,3.91983,1.39835,2.90478,2.69165,0.49776,2.62941,2.33431,1.52566,3.41342,1.80765,1.80874,2.10811,2.49211,3.49821,1.10449,1.83935,1.8218,1.04034,1.74905,1.05826,1.48717,1.96909,1.01251,1.55055,2.14782,1.19432,2.05049,0.942691,0.357088,0.530487,1.26638,1.5215,1.25011,0.381603,0.425217,0.139816,2.76783,5.1594,3.58783,3.34224,0.569752,1.38785,1.53126,6.91979,1.66611,3.66691,6.46377
2020-03-06,2.39108,4.03564,1.41403,2.95477,2.59154,0.510386,2.74189,2.43566,1.59721,3.52433,1.82041,1.80258,2.12782,2.35721,3.60436,1.00591,1.6943,1.79996,1.11949,1.87523,1.11698,1.48687,2.12584,1.07896,1.63247,2.32617,1.28918,2.26739,1.05261,0.359624,0.530198,1.29189,1.63696,1.2708,0.370542,0.417967,0.127882,2.74009,5.14111,3.47345,3.35139,0.564301,1.34676,1.5494,7.18561,1.7222,3.68177,6.53349
2020-03-13,2.06184,3.68462,1.33053,2.64839,1.9511,0.477147,3.01523,2.34753,1.6104,3.41595,1.70613,1.5992,2.0364,2.14023,3.34194,0.86706,1.49283,1.5283,0.98388,1.6609,0.89539,1.36913,1.78894,0.920494,1.34378,1.926,1.05074,1.75576,0.848625,0.302067,0.457801,1.17542,1.41637,1.09721,0.32799,0.356883,0.0977791,2.33438,4.51376,3.02685,2.98437,0.461662,1.11024,1.5494,7.18561,1.7222,3.33347,6.04102
2020-03-20,1.82792,3.13377,1.23797,2.23391,1.62234,0.432573,2.81063,2.14685,1.56985,3.2087,1.53579,1.28339,1.86544,1.91,2.93693,0.772741,1.316,1.40718,0.934354,1.57065,0.846402,1.25376,1.54497,0.872851,1.26243,1.81043,1.06508,1.63181,0.835108,0.276801,0.382763,1.06465,1.38355,0.940531,0.295065,0.358629,0.0732406,1.84722,3.88516,2.58012,2.53678,0.410665,0.908525,1.5494,7.18561,1.7222,2.84859,5.36135
2020-03-27,1.92839,3.35091,1.25487,2.2999,2.10387,0.442157,2.75561,2.1938,1.5633,3.39792,1.64095,1.41727,1.99154,2.03275,3.16701,0.831382,1.49406,1.6126,0.920349,1.52934,0.835028,1.24542,1.64468,0.85361,1.26044,1.80807,1.06811,1.7244,0.826263,0.278924,0.413251,1.08936,1.37173,1.02344,0.347897,0.384059,0.0946042,2.08297,4.25542,2.85368,2.61946,0.483539,1.09509,1.5494,7.18561,1.7222,3.15511,5.83231
2020-04-03,1.98397,3.44612,1.29117,2.36559,2.02119,0.448597,2.76176,2.2035,1.5633,3.35247,1.66521,1.40868,2.03339,2.08783,3.24774,0.8302,1.46897,1.57804,0.871911,1.51523,0.829046,1.24341,1.62641,0.849679,1.26148,1.82047,1.09594,1.74375,0.85923,0.269773,0.412522,1.10284,1.35633,1.0051,0.342115,0.364939,0.0827871,1.9211,3.93273,2.69338,2.57955,0.449047,1.0141,1.5494,7.18561,1.7222,3.09,5.77156
2020-04-10,1.9993,3.47275,1.41712,2.59635,2.52809,0.488554,2.81921,2.19312,1.57115,3.69103,1.74688,1.40868,2.17309,2.22256,3.34644,0.948578,1.64897,1.60666,0.912927,1.53641,0.853906,1.23374,1.65562,0.860328,1.3564,1.87507,1.11611,1.75807,0.869637,0.284463,0.419019,1.17937,1.38733,1.05753,0.381256,0.384244,0.100368,2.19762,4.62857,3.08711,2.80369,0.494064,1.14726,1.5494,7.18561,1.7222,3.46363,6.32206
2020-04-17,2.03245,3.53033,1.4582,2.67162,2.72949,0.501887,2.90464,2.20926,1.57489,3.91269,1.78251,1.40868,2.33249,2.40146,3.40462,0.989719,1.67582,1.69728,0.984298,1.6675,0.950726,1.35094,1.72168,0.884305,1.43954,2.01447,1.28864,1.96014,0.972535,0.304759,0.430701,1.24376,1.42652,1.15853,0.413956,0.40122,0.105969,2.32451,4.68165,3.14123,3.10433,0.581939,1.30427,1.5494,7.18561,1.7222,3.56871,6.77624
2020-04-24,2.03172,3.52906,1.48664,2.72372,2.71238,0.511674,2.94485,2.22074,1.57489,4.13165,1.91252,1.40868,2.36303,2.39888,3.45092,1.01481,1.68173,1.72704,1.00515,1.6968,1.04617,1.39026,1.75557,0.898172,1.45725,2.02665,1.31514,2.117,0.989404,0.316103,0.448704,1.25586,1.52349,1.15383,0.402702,0.392356,0.103551,2.25243,4.66941,3.08851,3.12991,0.584541,1.30851,1.5494,7.18561,1.7222,3.52301,6.7306
2020-05-01,2.06515,3.58712,1.49722,2.74311,2.92267,0.518219,2.98807,2.2555,1.57112,4.13213,1.87819,1.40868,2.32977,2.36512,3.50599,1.03466,1.73029,1.66445,0.977186,1.63713,0.967777,1.31205,1.69903,0.863762,1.43434,1.99318,1.25717,1.926,0.952183,0.311972,0.449452,1.26491,1.39999,1.16317,0.402467,0.39493,0.107367,2.27382,4.74922,3.10001,3.0525,0.572363,1.27835,1.5494,7.18561,1.7222,3.52077,6.69598
2020-05-08,2.16206,3.75545,1.60424,2.92984,3.00102,0.558052,3.17345,2.37627,1.59287,4.37283,1.98055,1.40868,2.45795,2.51439,3.75221,1.12977,1.83552,1.77422,1.01425,1.64685,1.03513,1.37524,1.83019,0.924061,1.47212,2.0112,1.3727,2.07888,1.03297,0.351679,0.474576,1.35081,1.56111,1.2184,0.418418,0.40725,0.114596,2.37291,4.95588,3.34615,3.18861,0.642872,1.41871,1.5494,7.18561,1.7222,3.64092,7.07745
2020-05-15,2.1471,3.73721,1.62897,2.98311,2.9277,0.567806,3.20346,2.39629,1.59287,4.38978,2.00469,1.40687,2.48678,2.57719,3.76423,1.10222,1.79934,1.81993,1.02012,1.59707,1.0824,1.44334,1.76646,0.93391,1.50748,2.04935,1.51774,2.36446,1.21087,0.340229,0.457414,1.33751,1.62915,1.2065,0.42712,0.410122,0.115036,2.28047,4.75244,3.2336,3.24639,0.672669,1.49645,1.5494,7.18561,1.7222,3.56422,7.02741
2020-05-22,2.16746,3.76931,1.70407,3.11466,3.12146,0.588111,3.32043,2.47184,1.57814,4.6194,2.09564,1.41762,2.42987,2.54775,3.92563,1.08798,1.79551,1.74769,1.0185,1.5742,1.09364,1.47861,1.75118,0.929285,1.51152,2.03479,1.54512,2.43734,1.21987,0.356024,0.465328,1.34637,1.67056,1.25805,0.424079,0.407149,0.122819,2.42859,4.97481,3.52651,3.25417,0.676017,1.48507,1.5494,7.18561,1.7222,3.67827,7.22853
2020-05-29,2.21028,3.84381,1.76109,3.22375,3.26139,0.608564,3.45833,2.52803,1.58775,4.68427,2.11216,1.47618,2.50691,2.62738,3.98358,1.1078,1.8135,1.77177,1.10808,1.57621,1.10667,1.49894,1.73488,0.925893,1.61569,2.08389,1.5003,2.46932,1.18452,0.375634,0.473966,1.36695,1.66822,1.26289,0.419311,0.399281,0.127111,2.58249,5.31245,3.79233,3.37626,0.674191,1.49068,1.5494,7.18561,1.7222,3.78882,7.34499
2020-06-05,2.28572,3.98017,1.72792,3.15849,3.4597,0.599792,3.63237,2.61781,1.60205,4.81398,2.17207,1.4824,2.5863,2.71636,4.00272,1.12979,1.86425,1.68545,1.08131,1.5668,1.06523,1.578,1.6778,0.904368,1.59645,2.01973,1.46277,2.33141,1.16228,0.369813,0.470776,1.39671,1.69052,1.25826,0.430739,0.398098,0.138426,2.71183,5.50543,4.16081,3.42889,0.640594,1.41813,1.46927,6.89266,1.66938,3.97583,7.54423
2020-06-12,2.29674,3.99538,1.74183,3.19505,3.48991,0.611761,3.5142,2.56055,1.6137,4.78937,2.13777,1.4922,2.38187,2.49003,4.03844,1.16445,1.95104,1.71049,1.05108,1.50492,1.02284,1.46849,1.65361,0.892813,1.60644,2.00497,1.45436,2.36424,1.16731,0.375601,0.466132,1.36824,1.56386,1.20016,0.411378,0.386996,0.136996,2.49731,5.10833,4.07086,3.21866,0.651269,1.42613,1.49376,6.90363,1.69801,3.78745,7.42431
2020-06-19,2.37171,4.1563,1.81568,3.34701,3.64058,0.640469,3.56777,2.62006,1.65106,5.01497,2.23235,1.56895,2.43859,2.53704,4.17897,1.15911,1.98605,1.76801,1.09525,1.57802,1.09644,1.48042,1.70435,0.944532,1.68004,2.1072,1.5844,2.61832,1.33058,0.347782,0.455493,1.36725,1.58261,1.25437,0.409899,0.390808,0.134238,2.57172,5.18673,4.25158,3.23435,0.734408,1.55866,1.68445,8.16441,2.08102,3.85952,7.68744
2020-06-26,2.34318,4.1063,1.77207,3.26664,3.42989,0.622187,3.50836,2.51293,1.64748,4.86053,2.15883,1.56868,2.38257,2.43953,4.12857,1.09517,1.938,1.7976,1.08251,1.52166,1.05449,1.49555,1.70648,0.958467,1.68697,2.05331,1.62967,3.05034,1.39195,0.343875,0.439745,1.3543,1.64159,1.20531,0.383772,0.373353,0.119519,2.43668,4.99734,4.15563,3.05179,0.811354,1.64156,1.86093,9.04391,2.37396,3.7521,7.57406
2020-07-03,2.46803,4.31678,1.90968,3.49174,3.82807,0.673629,3.68759,2.66483,1.69313,4.99238,2.33279,1.65532,2.4929,2.64508,4.21218,1.17545,2.07236,1.81051,1.12023,1.56102,1.09669,1.55029,1.9583,1.00541,1.75284,2.15233,1.69913,2.89437,1.47125,0.36316,0.431749,1.42365,1.63822,1.24061,0.409629,0.389664,0.123733,2.59989,5.07044,4.29244,3.13486,0.833921,1.70077,1.91269,9.21086,2.47194,3.90441,7.95147
2020-07-10,2.51935,4.3635,1.94942,3.53053,3.97391,0.691638,3.71903,2.65203,1.68819,5.14444,2.24089,1.64292,2.61364,2.79112,4.29813,1.17405,2.04042,1.86311,1.1801,1.61451,1.16686,1.61373,1.90908,1.08018,1.85784,2.11972,1.77418,3.09647,1.5891,0.345566,0.421725,1.38433,1.62849,1.31139,0.413385,0.394101,0.125293,2.62878,5.06266,4.38003,3.23372,0.935861,1.8507,2.1465,9.06046,2.27957,3.97144,8.32289
2020-07-17,2.57754,4.46423,1.98808,3.62318,4.12338,0.704998,3.83087,2.69907,1.67298,5.23293,2.28889,1.69674,2.63315,2.96945,4.3425,1.18826,2.08436,1.82976,1.17844,1.56609,1.16114,1.60995,1.84814,1.03494,1.83879,2.11653,1.89466,3.62138,1.80459,0.33684,0.417844,1.36609,1.65467,1.35733,0.419887,0.395448,0.130699,2.70546,5.18577,4.39348,3.17193,1.04059,1.90713,2.3867,9.72744,2.28773,4.02308,8.17943
2020-07-24,2.7048,4.68571,2.07301,3.77839,4.26293,0.730215,4.05272,2.8115,1.71126,5.36747,2.33154,1.74583,2.65356,2.94049,4.43703,1.15012,2.09649,1.86427,1.14166,1.55771,1.13513,1.59104,1.73913,1.03012,1.82039,2.0949,1.88008,3.30972,1.74812,0.330076,0.418569,1.32764,1.56511,1.33811,0.415933,0.407972,0.125754,2.69273,5.12273,4.43038,3.18959,0.973023,1.84149,2.23174,9.14963,2.2841,4.01258,8.05772
2020-07-31,2.65844,4.56346,2.03491,3.71911,4.09712,0.691801,3.81755,2.67402,1.68241,4.78629,2.259,1.71307,2.64599,3.10602,4.33401,1.07953,1.89495,1.91169,1.16805,1.54075,1.17113,1.63583,1.69106,1.01468,1.94576,2.14853,1.99387,3.38213,1.83547,0.326984,0.415962,1.23487,1.5217,1.36454,0.393632,0.386478,0.116459,2.71265,5.11116,4.49431,3.12923,1.01428,1.91668,2.32637,9.29015,2.36765,4.08311,8.38028
2020-08-07,2.8371,4.84809,2.09675,3.8433,4.4155,0.723633,3.99473,2.74279,1.73945,4.97304,2.24418,1.72815,2.79997,3.34126,4.47943,1.08805,1.86906,1.86229,1.18161,1.63517,1.15554,1.65813,1.69267,1.03928,1.91362,2.18284,2.06446,3.54591,1.966,0.321338,0.413706,1.21344,1.52676,1.39387,0.420249,0.394614,0.11647,2.77228,5.23242,4.58488,3.22527,1.06088,1.96019,2.43324,10.072,2.47729,4.18377,8.55936
2020-08-14,2.71503,4.65958,2.17828,3.94936,4.60477,0.717999,4.15906,2.77788,1.7672,5.16203,2.27686,1.72009,2.72583,3.23394,4.48421,1.03657,1.89008,1.77141,1.15436,1.61212,1.12504,1.62678,1.73309,1.0519,1.8389,2.12543,1.95281,3.16381,1.81522,0.318212,0.408745,1.22762,1.46311,1.39485,0.435585,0.383757,0.118263,2.76618,5.27245,4.67667,3.23867,0.99121,1.86801,2.27345,8.8332,2.23568,4.21216,8.58112
2020-08-21,2.63029,4.61143,2.19844,4.03511,4.52616,0.718579,4.00842,2.71616,1.78007,5.24884,2.26027,1.65158,2.69432,3.18706,4.62602,0.939237,1.84687,1.80993,1.13073,1.59754,1.10006,1.6199,1.70703,1.05537,1.90413,2.16769,1.9404,3.12574,1.73288,0.32701,0.430856,1.21566,1.40942,1.39155,0.405072,0.363563,0.112091,2.6614,5.21613,4.64109,3.16728,1.0472,1.92612,2.40188,8.26758,2.0763,4.24517,8.88727
2020-08-28,2.68389,4.62635,2.24151,4.09754,4.63009,0.733953,4.26396,2.83426,1.85056,5.48919,2.21587,1.6444,2.76387,3.24642,4.71169,0.935132,1.95202,1.84727,1.12976,1.59364,1.11924,1.70144,1.69737,1.05861,1.94187,2.20116,1.86889,2.98246,1.59497,0.320706,0.428157,1.22652,1.43757,1.41531,0.412637,0.375409,0.115035,2.63507,5.25585,4.66317,3.19867,0.988511,1.8869,2.26726,7.31423,1.89957,4.38398,9.22338
2020-09-04,2.56562,4.35572,2.13495,3.83084,4.3448,0.660462,4.32829,2.8954,1.86078,5.07347,2.07192,1.50878,2.62678,3.16742,4.57009,0.827563,1.70965,1.76156,1.10614,1.5949,1.0682,1.5877,1.63637,1.05127,1.90016,2.24056,1.82837,2.7906,1.55095,0.305515,0.420372,1.17995,1.37584,1.37523,0.373105,0.344849,0.10684,2.59028,5.00433,4.4068,3.05914,0.907609,1.78902,2.0817,6.58334,1.73458,4.28381,8.94119
2020-09-11,2.56668,4.40499,2.15269,3.84144,4.32758,0.657754,4.46494,2.90138,1.83571,5.05399,2.05595,1.50589,2.62746,3.15743,4.6085,0.825766,1.75404,1.74541,1.07955,1.5624,1.06406,1.54525,1.57967,1.04639,1.82513,2.19614,1.84388,2.77179,1.5091,0.303337,0.403561,1.18884,1.33585,1.35463,0.363717,0.334131,0.102192,2.55884,4.96172,4.42309,3.03336,0.904477,1.81466,2.07452,6.7978,1.77251,4.17739,8.5272
2020-09-18,2.56111,4.42465,2.1556,3.87648,4.38904,0.664005,4.43297,2.9506,1.8654,5.23,2.12452,1.56746,2.62555,3.12642,4.67789,0.86252,1.82099,1.76907,1.10788,1.62312,1.08511,1.54863,1.66224,1.09633,1.86813,2.34014,1.89684,2.86628,1.55738,0.338454,0.43135,1.19969,1.33849,1.3246,0.402201,0.363,0.111559,2.60309,5.02328,4.68335,3.0381,1.05238,2.11045,2.41376,7.77402,2.07521,4.1513,8.41432
2020-09-25,2.62047,4.51688,2.18468,3.85055,4.34322,0.67343,4.35643,2.92729,1.9136,5.19852,2.14377,1.58232,2.66194,3.06978,4.64419,0.884145,1.90328,1.77533,1.04856,1.58911,1.11645,1.47526,1.65902,1.03254,1.86451,2.20641,1.96073,2.97928,1.55215,0.339481,0.428074,1.22342,1.33559,1.30043,0.4079,0.371988,0.115432,2.56956,4.95538,4.66976,2.98622,1.03908,2.04223,2.38324,7.5807,1.93539,4.1272,8.5622
2020-10-02,2.68866,4.61045,2.23823,3.95172,4.71748,0.689511,4.5322,2.96736,1.9431,5.38233,2.17822,1.61942,2.70307,3.10004,4.75074,0.868271,1.88013,1.79816,1.05221,1.62316,1.15059,1.54116,1.66725,1.07274,1.94053,2.27236,2.02533,2.9924,1.60557,0.333679,0.41608,1.22392,1.3445,1.32152,0.430568,0.384242,0.128192,2.6667,5.11459,4.8826,3.0402,1.0264,2.12407,2.35417,8.08947,2.10765,4.19135,8.64891
2020-10-09,2.73001,4.68135,2.2697,4.00728,4.71765,0.70061,4.62754,2.98735,1.94537,5.67522,2.24523,1.65529,2.84168,3.24128,4.84948,0.87484,1.87547,1.86133,1.12105,1.69616,1.26438,1.59888,1.81556,1.1387,2.05821,2.4189,2.07875,3.18326,1.64771,0.351859,0.417106,1.22987,1.35473,1.36452,0.441345,0.380352,0.131097,2.91073,5.40381,5.20662,3.15768,1.14454,2.25736,2.62513,8.49693,2.1701,4.35469,9.00834
2020-10-16,2.69819,4.62678,2.29594,4.03454,4.72171,0.704813,4.76998,3.02118,1.93728,5.65452,2.28129,1.66142,2.92126,3.27237,4.81285,0.809843,1.77957,1.84144,1.11743,1.64063,1.28219,1.60209,1.66897,1.15998,2.01621,2.41509,2.01929,3.20067,1.62232,0.348514,0.411958,1.17649,1.30957,1.3476,0.407699,0.349462,0.121564,2.96037,5.37599,5.19783,3.15246,1.07596,2.1972,2.46783,8.03378,2.16329,4.36022,9.09663
2020-10-23,2.67783,4.56076,2.28771,3.93953,4.77896,0.686739,4.55484,2.96317,1.82702,5.52874,2.22178,1.67834,2.87713,3.20328,4.6223,0.737592,1.63922,1.81374,1.05488,1.53927,1.19727,1.57962,1.56992,1.10726,1.93064,2.28712,1.91249,3.05042,1.55958,0.339283,0.405384,1.09908,1.27593,1.36388,0.38951,0.345861,0.117541,2.96065,5.41442,5.16892,3.09919,0.98929,2.03156,2.26905,7.19868,1.93315,4.34126,8.97776
2020-10-30,2.51638,4.29081,2.14018,3.64501,4.44125,0.650249,4.34798,2.82906,1.78001,5.22667,2.07641,1.55614,2.69202,3.0016,4.38835,0.640582,1.43917,1.7053,0.982843,1.42287,1.12401,1.4734,1.43357,1.02602,1.78896,2.1818,1.83214,2.78571,1.46785,0.313859,0.393825,0.98585,1.1876,1.28075,0.356805,0.312979,0.109307,2.69615,5.02033,4.85047,2.94057,0.872416,1.81751,2.00098,6.24439,1.70951,4.0997,8.49346
2020-11-06,2.88703,4.84409,2.41266,4.06935,4.99159,0.72359,4.62388,3.02292,1.90256,5.70666,2.20994,1.75084,2.93029,3.2819,4.6368,0.750635,1.65419,1.85404,1.02442,1.49196,1.21382,1.54729,1.60132,1.06824,1.92927,2.4034,2.02933,3.10375,1.61379,0.342223,0.410801,1.11866,1.23102,1.36328,0.405184,0.344523,0.125094,2.86384,5.52499,5.32688,3.0708,1.01232,2.14727,2.32187,7.62621,2.03637,4.39625,9.28896
2020-11-13,2.92316,4.9049,2.47553,4.1753,5.12088,0.747668,4.94612,3.07717,1.90308,5.8562,2.23878,1.77073,3.08761,3.46301,4.72654,0.783876,1.70052,1.78859,1.04344,1.54694,1.256,1.54615,1.5755,0.948647,2.08506,2.43432,2.02985,3.04847,1.68341,0.327981,0.384421,1.12243,1.22435,1.36957,0.3898,0.351354,0.130815,3.05583,5.71654,5.53352,3.09876,0.994564,2.09019,2.28114,7.42927,1.86447,4.49594,9.17293
2020-11-20,2.90763,4.87825,2.49307,4.18861,5.22021,0.751285,5.07873,3.08153,1.91635,5.74823,2.16695,1.81025,3.18619,3.51809,4.73605,0.862297,1.72794,1.75905,1.06121,1.55946,1.25356,1.5348,1.56072,0.956814,2.05531,2.45647,2.01859,3.26658,1.70367,0.337424,0.39228,1.14126,1.21707,1.39085,0.417951,0.359858,0.141156,3.07499,5.76355,5.64843,3.24416,1.11786,2.29411,2.56394,8.80822,2.18778,4.46116,9.15559
2020-11-27,2.91644,4.95112,2.49965,4.21082,5.23529,0.762291,5.3524,3.07501,1.91278,5.68519,2.14568,1.85454,3.3255,3.73303,4.75121,0.991071,1.86091,1.75671,1.11831,1.63461,1.30057,1.58189,1.62584,1.01641,2.13308,2.63495,2.06352,3.44773,1.77815,0.343104,0.396597,1.20754,1.38401,1.4521,0.441533,0.388455,0.151684,3.2179,5.85751,5.82034,3.44606,1.29708,2.56226,2.975,9.81536,2.37016,4.56587,9.42769
2020-12-04,2.95453,5.09417,2.49091,4.20993,5.17586,0.76813,5.33359,3.03031,2.00384,5.93795,2.07193,1.8574,3.27354,3.76519,4.76723,0.847763,1.72692,1.84865,1.12959,1.62861,1.32771,1.59888,1.65361,1.0139,2.1362,2.61933,1.98271,3.18986,1.79366,0.313177,0.35467,1.05055,1.38865,1.47166,0.402047,0.347277,0.154685,3.40777,5.95793,6.0882,3.52271,1.22266,2.47889,2.80431,8.79407,2.15748,4.64346,9.63295
2020-12-11,3.03461,5.23623,2.51338,4.2114,5.25317,0.765727,5.30564,3.15985,2.03538,5.81602,2.06467,1.86598,3.08564,3.68124,4.74273,0.837183,1.73999,1.87232,1.15904,1.63022,1.28739,1.61192,1.72732,1.00124,2.18096,2.7132,2.00331,3.11936,1.7549,0.29251,0.340104,1.02635,1.34108,1.47727,0.395043,0.347705,0.165858,3.2784,5.91696,6.05706,3.48391,1.21761,2.49238,2.79273,8.72708,2.15822,4.59889,9.51724
2020-12-18,3.07227,5.31157,2.55455,4.30138,5.37285,0.784214,5.47207,3.22868,2.03398,5.84605,2.1043,1.94024,3.21852,3.80763,4.81105,0.870836,1.90188,1.94663,1.17917,1.64228,1.28425,1.73228,1.73709,1.00965,2.17242,2.80153,2.09783,3.23582,1.79409,0.308206,0.351946,1.07062,1.39172,1.488,0.402249,0.36747,0.162159,3.22614,5.9113,6.24058,3.50894,1.30657,2.72012,2.99676,9.70072,2.40797,4.6548,9.77609
2020-12-25,3.04789,5.25489,2.50287,4.22872,5.44658,0.789019,5.53111,3.25522,2.04949,5.79528,2.0806,1.95809,3.18126,3.77257,4.8044,0.881149,1.86668,1.98537,1.19579,1.73602,1.34284,1.75006,1.76596,1.0322,2.20112,2.90459,2.17472,3.17396,1.91203,0.334628,0.360642,1.11923,1.40706,1.48709,0.408405,0.368447,0.166028,3.35114,5.97094,6.10114,3.62797,1.37877,2.86802,3.16236,10.4541,2.59442,4.65253,9.77802
2021-01-01,3.01428,5.13966,2.45648,4.04161,5.39493,0.772572,5.32998,3.33377,2.0159,5.78973,2.08868,1.93674,3.01778,3.76429,4.80136,0.801266,1.58823,1.94408,1.18563,1.74877,1.41463,1.70784,1.67498,1.01422,2.19725,2.77842,2.13099,3.14726,1.91408,0.32741,0.3615,0.967148,1.27836,1.45841,0.357843,0.303432,0.15123,3.46659,5.87385,5.97456,3.76491,1.25274,2.64409,2.87331,9.77543,2.30372,4.71406,9.91005
2021-01-08,3.20356,5.46371,2.6096,4.32066,5.72342,0.832885,5.55895,3.44778,2.02677,6.08419,2.18922,2.04683,3.423,4.28461,4.70216,0.861683,1.73138,2.04067,1.34908,1.9464,1.68863,1.7817,1.93796,1.07271,2.24238,2.9583,2.40822,3.4916,2.34212,0.375405,0.363242,1.04166,1.50123,1.57057,0.384355,0.318148,0.162096,3.57467,6.02427,6.31662,3.76413,1.56222,3.32107,3.58313,12.4209,2.79107,4.80711,10.0771
2021-01-15,3.17382,5.41094,2.62445,4.32487,5.65348,0.837836,5.64428,3.44283,2.03873,6.19451,2.21961,2.06727,3.37463,4.23223,4.66376,0.902497,1.81416,2.03445,1.43606,2.00685,1.66256,1.75625,1.93747,1.05648,2.35377,3.25106,2.44512,3.79099,2.42982,0.397388,0.372038,1.0837,1.64103,1.63683,0.409044,0.343546,0.167979,3.6089,6.11237,6.34389,3.77985,1.63061,3.35062,3.73998,13.114,2.86274,4.73701,9.85067
2021-01-22,3.25398,5.46517,2.6575,4.40729,5.83395,0.858671,5.66673,3.45053,2.08582,6.33808,2.21045,2.14008,3.40441,4.30135,4.73782,0.902957,1.76351,2.09187,1.35822,1.81488,1.58684,1.76663,2.03693,1.06874,2.48339,3.22997,2.45691,3.84049,2.31113,0.435743,0.411602,1.09947,1.73664,1.67836,0.446801,0.360752,0.182654,3.55417,6.11829,6.37607,3.79301,1.64263,3.41326,3.76756,12.9855,2.80936,4.82754,10.279
2021-01-29,3.22593,5.28766,2.5842,4.28042,5.74311,0.848538,5.35208,3.33431,2.20751,6.28783,2.11441,2.10929,3.28685,4.13139,4.64916,0.855063,1.71399,2.04093,1.28934,1.72124,1.36722,1.71559,2.11712,0.882144,2.41375,3.12735,2.30499,3.66964,2.20781,0.617846,0.580889,1.0559,2.13794,1.57561,0.449919,0.357868,0.177319,3.33459,5.68476,6.24648,3.54308,1.85691,3.57092,4.25902,13.1389,2.89094,4.66603,9.93595
2021-02-05,3.41016,5.56987,2.74046,4.54521,6.02009,0.89745,5.72385,3.52206,2.24983,6.59708,2.19052,2.25364,3.52608,4.29611,4.90057,0.79649,1.59198,2.16829,1.53431,1.94253,1.4492,1.86917,2.39028,0.898354,2.60719,3.47101,2.52937,4.05337,2.43583,0.657559,0.597566,0.983609,1.94757,1.65727,0.431892,0.364087,0.161278,3.58053,6.1878,6.63444,3.68223,2.2785,3.95957,5.226,13.0358,3.21447,4.88844,10.4666
2021-02-12,3.42494,5.59402,2.85271,4.73134,6.21521,0.934456,5.90668,3.58158,2.31092,6.86339,2.23752,2.31623,3.51782,4.28428,4.99578,0.757404,1.54423,2.28983,1.86254,2.13025,1.9853,2.13276,2.48903,0.902857,2.74114,3.59293,2.71178,4.62058,2.93309,0.660369,0.606578,0.984484,2.02047,1.69743,0.442412,0.372015,0.158939,3.72347,6.33898,6.77788,3.8714,2.65555,4.50372,6.0908,17.5072,4.17641,4.9506,10.6274
2021-02-19,3.38293,5.56382,2.8771,4.6806,6.20056,0.935628,5.54112,3.47043,2.33739,6.89604,2.28741,2.29942,3.49161,4.24937,4.91837,0.676472,1.44184,2.23202,1.82673,2.0626,2.27245,1.99219,2.4519,0.832904,2.6313,3.48893,2.55736,4.53532,3.25391,0.634207,0.588182,0.9567,1.9917,1.68836,0.427824,0.352149,0.148149,3.6351,6.2405,6.69573,3.7312,2.83426,4.47745,6.5007,17.7699,4.37033,4.91769,10.4559
2021-02-26,2.9751,5.63223,2.64322,4.41393,5.65583,0.860122,5.21139,3.43016,2.25951,6.62311,2.18889,2.21971,3.4046,4.13792,4.507,0.567013,1.2061,2.10508,1.61005,1.85183,1.71793,1.92714,2.33358,0.759923,2.51577,3.1905,2.20553,3.84375,2.59074,0.530118,0.482898,0.92719,1.78105,1.58793,0.366575,0.298942,0.117432,3.48623,6.04343,6.36294,3.28655,2.16603,3.61344,4.96804,13.4882,3.18139,4.79577,9.92268
2021-03-05,2.95963,5.63438,2.58261,4.4604,5.65764,0.756282,5.28206,3.47058,2.34954,6.3554,2.19828,2.1331,3.28346,3.94263,4.43621,0.528781,1.0617,2.06652,1.691,1.87391,1.67349,1.9092,2.13931,0.737606,2.41298,2.9712,2.25241,3.3597,2.49022,0.548944,0.509477,0.832612,1.69406,1.57837,0.325536,0.274387,0.10441,3.11929,5.8732,5.97266,3.15605,1.96551,3.12408,4.50812,11.8027,2.71783,4.837,9.75022
2021-03-12,3.33954,6.32401,2.94874,4.88784,6.108,0.808995,5.71269,3.80554,2.55614,7.08684,2.33863,2.32681,3.47278,4.16642,4.98826,0.606136,1.26943,2.14771,1.79064,2.02355,1.88129,2.01632,2.17807,0.772637,2.55809,3.37698,2.35532,3.60734,2.62975,0.622399,0.531927,0.888146,1.787,1.70444,0.386266,0.323148,0.120927,3.26584,6.37089,6.48208,3.52424,2.9183,4.23616,6.69344,16.7955,3.6987,4.9685,9.96438
2021-03-19,3.40341,6.44519,2.94997,4.89031,6.15359,0.802044,5.67794,3.70088,2.56236,7.04425,2.29298,2.34432,3.49539,4.16503,5.05973,0.648196,1.40138,2.08062,1.76695,2.12357,1.86529,2.0758,2.29536,0.804858,2.6043,3.43842,2.31254,3.57259,2.70205,0.638494,0.544119,0.899893,1.86338,1.66634,0.421277,0.346955,0.13148,3.19284,6.25158,6.23894,3.47972,2.68872,4.00492,6.16688,15.8766,3.61843,4.92684,9.8911
2021-03-26,3.51629,6.67542,2.99549,4.87139,6.40722,0.905612,5.94869,3.87878,2.58309,7.25657,2.28669,2.38129,3.38189,4.01223,5.22896,0.596415,1.28311,1.99885,1.70302,1.93204,1.60439,1.89057,2.01359,0.714306,2.43859,2.95545,2.20361,3.46828,2.50772,0.648839,0.572735,0.897812,1.76765,1.77548,0.392188,0.327951,0.124521,3.1984,5.91247,6.10702,3.36756,2.28785,3.45539,5.24744,13.2813,2.97037,5.00906,9.99404
2021-04-02,3.57382,6.8117,3.06753,4.94419,6.52628,0.876833,6.07273,3.9304,2.64353,7.51254,2.29449,2.41839,3.58437,4.07713,5.47424,0.592509,1.30499,2.05143,1.71596,1.94175,1.60293,1.88064,2.01398,0.707611,2.43213,2.87638,2.20595,3.47251,2.49517,0.636227,0.591523,0.868797,1.72233,1.78841,0.404933,0.340152,0.129512,3.25368,5.99635,6.2566,3.37555,2.52914,3.80199,5.80086,14.4293,3.19901,5.06763,10.2651
2021-04-09,3.58273,6.8892,3.15894,4.99531,6.6957,0.851407,6.18021,3.94117,2.69009,7.61913,2.29847,2.44648,3.48727,4.01172,5.55565,0.590028,1.29059,2.05817,1.74433,1.92445,1.62992,1.85476,2.00429,0.687053,2.48551,2.88666,2.24437,3.52405,2.49971,0.623865,0.592167,0.864955,1.7272,1.80792,0.394001,0.335642,0.122002,3.2859,6.02108,6.40005,3.45897,2.48945,3.67769,5.70983,13.6337,3.04842,5.20526,10.6617
2021-04-16,3.37992,6.46172,3.04035,4.84134,6.44089,0.832995,6.1352,3.89294,2.72693,7.77776,2.30203,2.29867,3.45598,3.97514,5.308,0.512393,1.11531,2.11278,1.76636,1.93046,1.61668,1.89063,2.00545,0.685998,2.4141,2.79718,2.27878,3.26455,2.47476,0.588714,0.588286,0.868084,1.67586,1.76908,0.358978,0.310319,0.103684,3.2672,6.05325,6.36171,3.41905,2.10055,3.27623,4.81786,11.1802,2.57514,5.27825,10.8167
2021-04-23,3.45218,6.77625,3.11124,4.84495,6.45771,0.830498,6.07722,4.10313,2.83978,8.21597,2.30025,2.36738,3.48942,4.00871,5.39769,0.51996,1.12995,2.09671,1.80219,1.96469,1.6449,1.91696,2.01826,0.687704,2.46172,2.83335,2.25481,3.43518,2.46797,0.602657,0.671845,0.888263,1.69511,1.75408,0.379863,0.371063,0.105634,3.36351,6.1981,6.27971,3.37188,2.30164,3.40015,5.27906,12.883,3.01413,5.27167,10.7347
2021-04-30,3.50518,6.89664,3.18596,4.94852,6.46361,0.847408,6.06462,4.16237,2.86152,8.4072,2.37265,2.4625,3.46409,3.93289,5.56824,0.561687,1.19762,2.11022,1.80513,1.96624,1.55051,1.89631,2.08201,0.698847,2.48075,2.90406,2.23925,3.45319,2.50485,0.636199,0.724158,0.868243,1.6788,1.76674,0.391892,0.382408,0.110836,3.42527,6.15603,6.19582,3.34163,2.44971,3.58027,5.61868,13.6242,3.19533,5.27876,10.6895
2021-05-07,3.45036,6.87845,3.10556,4.86074,6.24854,0.833372,5.83308,4.01489,2.72945,8.45835,2.3568,2.31751,3.37059,3.87047,5.48351,0.560497,1.17941,2.03866,1.86355,1.91361,1.58535,1.93829,2.0107,0.720296,2.50846,3.03,2.25708,3.44419,2.56033,0.600669,0.706756,0.828583,1.6107,1.76797,0.355223,0.350418,0.10314,3.55753,6.27011,5.91175,3.45154,2.07654,3.16166,4.76278,11.7852,2.82601,5.33973,10.5697
2021-05-14,3.4367,6.9158,3.08251,4.85016,6.20245,0.844298,5.97651,3.95385,2.50142,8.51405,2.34165,2.22529,3.2916,3.74567,5.36414,0.581085,1.16332,2.00178,1.84496,1.87854,1.51822,1.93829,1.87552,0.698457,2.40503,2.94924,2.24363,3.37677,2.47677,0.553871,0.658523,0.818107,1.51233,1.74296,0.343623,0.326512,0.103112,3.47584,6.26961,5.72574,3.40473,1.84966,2.84744,4.24241,10.7312,2.60008,5.26965,10.3226
2021-05-21,3.32725,6.69535,3.00896,4.78156,6.11116,0.79776,6.08517,3.93109,2.42649,8.11425,2.29884,2.26328,3.28437,3.68622,5.18027,0.558404,1.12938,1.99061,1.83564,1.86795,1.50242,1.94961,1.82091,0.68726,2.33426,2.88985,2.21349,3.29264,2.43779,0.525632,0.602715,0.775441,1.47303,1.75096,0.335751,0.318445,0.102153,3.65639,6.18659,5.91336,3.4067,1.89321,2.91599,4.34228,11.1011,2.64731,5.2489,10.3423
2021-05-28,3.41257,6.82165,3.09168,4.8821,6.26736,0.825106,6.31415,4.04951,2.43736,8.08545,2.37269,2.42049,3.34676,3.76498,5.29268,0.6057,1.17913,2.01601,2.07069,1.88035,1.65077,1.94044,1.833,0.698111,2.64204,2.95908,2.27545,3.32963,2.48014,0.560551,0.663017,0.802133,1.68477,1.78948,0.375333,0.332693,0.115112,3.63158,6.25931,5.9881,3.48209,2.09858,3.1994,4.81332,12.6202,2.80858,5.31342,10.5611
2021-06-04,3.44993,6.86936,3.1119,4.91371,6.40242,0.824949,6.36179,4.12243,2.47278,8.06155,2.35754,2.41928,3.4234,3.8526,5.25733,0.666395,1.24105,2.05931,2.37073,2.01571,1.93154,1.95079,1.95296,0.708319,3.07435,2.96217,2.35874,3.36547,2.6005,0.637234,0.705566,0.857334,1.74256,1.80475,0.414982,0.360564,0.128505,3.66282,6.15655,6.00687,3.47449,2.2704,3.40911,5.20741,14.1738,3.19074,5.3458,10.6139
2021-06-11,3.44485,6.84346,3.10212,4.92619,6.41681,0.825615,6.199,4.0943,2.44871,7.99172,2.35141,2.38436,3.57072,4.02214,5.30007,0.663517,1.24033,2.08354,2.24009,1.9329,1.8597,1.91069,1.88575,0.713149,2.9962,2.95114,2.34005,3.45489,2.5832,0.714025,0.763174,0.932441,1.72997,1.80294,0.435773,0.362606,0.13341,3.73372,6.10335,6.15121,3.5564,2.2863,3.55301,5.24388,14.6803,3.22617,5.36743,10.7923
2021-06-18,3.25425,6.44361,2.91883,4.70435,6.25518,0.793603,5.83577,3.89931,2.30294,7.53258,2.19122,2.33856,3.43264,3.93359,4.9854,0.62714,1.17823,2.03049,2.15955,1.81753,1.87863,1.83199,1.79445,0.694188,3.02054,2.79289,2.20236,3.26822,2.45925,0.672541,0.722423,0.865552,1.60394,1.72836,0.390135,0.331753,0.12052,3.67248,5.70794,5.96808,3.41859,2.31294,3.44826,5.30498,14.5178,3.11942,5.26582,10.8363
2021-06-25,3.49508,6.79348,3.11148,5.02144,6.68375,0.851345,5.96085,4.03818,2.40189,7.97273,2.30911,2.46609,3.51283,4.02434,5.20173,0.664308,1.21585,2.13367,2.25392,1.87946,1.83136,1.89354,1.81705,0.713428,2.99727,3.01767,2.28371,3.30981,2.54615,0.672242,0.76174,0.913007,1.69762,1.81638,0.400541,0.33064,0.123922,3.9087,5.9921,6.27126,3.60404,2.38123,3.56677,5.46162,15.1248,3.15488,5.41418,11.0651
2021-07-02,3.56394,6.92641,3.11424,5.0259,6.83516,0.863019,6.04946,3.95331,2.41928,7.90967,2.28745,2.46793,3.41114,3.97641,5.24998,0.658082,1.20102,2.13267,2.24898,1.84109,1.834,1.8934,1.79202,0.720892,3.02206,2.86616,2.31659,3.35331,2.48701,0.657526,0.770327,0.894858,1.7186,1.8181,0.405098,0.323592,0.125581,3.92035,6.01612,6.36318,3.61885,2.34737,3.51297,5.38395,14.5233,3.01453,5.50442,11.3558
2021-07-09,3.49875,6.79972,2.92738,4.69599,6.81664,0.828943,5.67232,3.75063,2.43935,7.57748,2.13165,2.4461,3.31505,3.80941,5.13,0.615631,1.09844,2.10265,2.13497,1.8203,1.68196,1.82695,1.75148,0.709325,2.86261,2.85804,2.37755,3.34282,2.38444,0.651069,0.775281,0.861611,1.59048,1.78671,0.383016,0.295597,0.119526,3.78177,6.05068,6.36291,3.54269,2.26157,3.35706,5.18717,13.9837,2.89185,5.52726,11.4308
2021-07-16,3.36498,6.30766,2.80271,4.44643,6.56751,0.755478,5.42243,3.58282,2.37641,7.27863,1.99417,2.26961,3.15203,3.57998,4.84626,0.545763,0.94245,2.03106,2.02478,1.72534,1.57048,1.80818,1.63833,0.7061,2.42381,2.72693,2.37496,3.04392,2.2639,0.587669,0.682844,0.751405,1.43059,1.75508,0.3402,0.248385,0.0977409,3.6757,5.7323,6.13441,3.42231,1.93149,2.86061,4.43008,11.7514,2.48431,5.47421,11.3228
2021-07-23,3.68424,6.69516,3.07891,4.67191,7.05307,0.794283,5.66465,3.72599,2.51031,7.707,2.0674,2.33516,3.24476,3.67966,5.05989,0.56438,0.971769,2.02893,2.07991,1.75772,1.52656,1.83746,1.63386,0.724443,2.42983,2.8142,2.41372,3.04116,2.33735,0.613393,0.704751,0.789521,1.44784,1.78581,0.34282,0.244772,0.0957676,3.69718,5.87689,6.33182,3.53112,2.13128,3.05738,4.88833,12.572,2.74877,5.58336,11.6585
2021-07-30,3.48502,6.32996,3.04092,4.59639,7.1654,0.756969,5.90277,3.84401,2.53083,7.79847,2.08514,2.33863,3.23067,3.69866,4.97927,0.565004,0.978159,1.99237,2.13706,1.75248,1.53621,1.85678,1.61617,0.725322,2.4712,2.82357,2.43756,2.59625,2.33535,0.60354,0.712218,0.765345,1.43349,1.76849,0.329867,0.24862,0.0946135,3.66628,5.81238,6.28473,3.41465,2.01482,3.05722,4.62121,10.9793,2.3398,5.56521,11.5435
2021-08-06,3.51003,6.50283,3.10085,4.72328,7.17078,0.780841,6.05913,3.83598,2.6232,7.81587,2.09976,2.32539,3.22931,3.64357,5.1826,0.572473,0.986443,2.01679,2.17266,1.72291,1.56712,1.93951,1.62112,0.742571,2.51025,2.84173,2.45315,2.50497,2.35859,0.597364,0.707701,0.767858,1.48183,1.79383,0.334362,0.256461,0.100562,3.67529,5.92767,6.30436,3.53196,2.09072,3.14753,4.7953,11.3127,2.36905,5.61572,11.6537
2021-08-13,3.44996,6.36053,3.08632,4.72227,7.16563,0.786939,6.00225,3.87033,2.61606,7.83741,2.07939,2.30657,3.13969,3.55397,5.11869,0.561676,0.976537,1.98889,2.18858,1.70912,1.59827,1.93033,1.63943,0.7539,2.48862,2.87604,2.40435,2.47884,2.36797,0.605143,0.710132,0.759209,1.46135,1.81987,0.343194,0.256534,0.0994625,3.5242,5.73111,6.31088,3.50757,2.10117,3.14204,4.81928,11.2598,2.31816,5.65925,11.6781
2021-08-20,3.39075,6.29869,3.04984,4.64285,7.08863,0.774458,5.72086,3.78816,2.59273,7.61743,2.04594,2.27947,3.11735,3.47363,5.02716,0.555962,0.999499,1.98258,2.19,1.68974,1.59482,1.89242,1.62995,0.748091,2.39235,2.87407,2.39576,2.46151,2.32916,0.605572,0.708445,0.746042,1.40624,1.76659,0.326278,0.254192,0.0929142,3.44066,5.52337,6.241,3.47144,2.01581,2.97377,4.62349,10.5972,2.20577,5.62676,11.6436
2021-08-27,3.50646,6.48255,3.16712,4.7977,7.36086,0.800263,5.82847,3.84863,2.62281,7.80156,2.08077,2.39617,3.15452,3.62078,5.16348,0.573699,1.03869,2.10367,2.21275,1.7875,1.60199,1.90113,1.6775,0.759094,2.43565,3.06726,2.45439,2.44848,2.36305,0.646345,0.707686,0.766677,1.6589,1.79583,0.328013,0.248181,0.0886973,3.53274,5.77042,6.42365,3.58983,2.11048,3.12089,4.84062,11.4027,2.35278,5.7142,11.9067
2021-09-03,3.48234,6.4297,3.13124,4.7463,7.4237,0.792615,5.80334,3.79056,2.62684,7.91207,2.08246,2.34816,2.95714,3.39209,5.15651,0.540368,1.003,2.08416,2.23563,1.80712,1.61992,1.89378,1.6927,0.765801,2.39113,3.08416,2.52354,2.46561,2.38076,0.653367,0.703881,0.74968,1.63193,1.81387,0.314253,0.238592,0.0897269,3.46392,5.74296,6.45422,3.57962,2.12101,3.09644,4.86476,10.8192,2.32804,5.75012,12.0818
2021-09-10,3.40247,6.30399,3.04064,4.61424,7.30322,0.773851,5.66696,3.70213,2.58202,7.75432,2.00944,2.35035,2.96016,3.37301,5.05955,0.533623,0.998527,2.01082,2.14476,1.7291,1.57449,1.8709,1.66007,0.75139,2.33849,3.05281,2.50916,2.42919,2.35779,0.6523,0.6997,0.744096,1.66189,1.75943,0.309976,0.234219,0.0880203,3.41796,5.69916,6.4835,3.52478,2.05247,3.02364,4.70758,10.9744,2.24159,5.65316,11.9241
2021-09-17,3.32048,6.18099,3.01951,4.6211,7.33918,0.761706,5.64347,3.68104,2.58495,7.72158,2.01541,2.36004,2.98972,3.40632,4.99975,0.496683,0.932885,2.0631,2.03664,1.73951,1.52608,1.87299,1.61349,0.726518,2.32267,3.07507,2.42422,2.43666,2.39805,0.656687,0.706189,0.685605,1.62325,1.72225,0.296852,0.213462,0.0820028,3.36234,5.72576,6.50851,3.46321,2.02531,2.92842,4.64528,10.3016,2.12746,5.61983,11.8367
2021-09-24,3.22207,5.94253,2.98663,4.6398,7.42253,0.759823,5.62097,3.60689,2.5924,7.44148,1.96925,2.40431,2.94373,3.37972,4.97421,0.481571,0.901849,2.04816,2.09597,1.69781,1.5295,1.88864,1.55489,0.74914,2.26717,3.0466,2.39089,2.44942,2.415,0.654154,0.702343,0.677991,1.6458,1.72115,0.282802,0.201613,0.0781356,3.34856,5.75379,6.59144,3.42149,1.98557,2.87513,4.55413,10.0308,2.0469,5.65179,11.834
2021-10-01,3.13188,5.76851,2.92142,4.46377,7.24435,0.738074,5.69158,3.55162,2.56924,7.15888,1.97649,2.34114,2.84914,3.26373,4.81522,0.449762,0.845128,2.05913,1.99338,1.60713,1.48047,1.91292,1.46097,0.71506,2.12585,2.8836,2.21451,2.35449,2.18265,0.64029,0.699761,0.663686,1.6041,1.63828,0.268058,0.191814,0.0703026,3.28464,5.74039,6.53954,3.27465,1.82867,2.68563,4.19426,9.28075,1.86209,5.52867,11.4172
2021-10-08,3.14035,5.7659,2.94081,4.49207,7.49314,0.733734,5.76117,3.59388,2.51966,7.06331,1.99355,2.30504,2.86062,3.28679,4.82452,0.44202,0.812572,2.10238,2.01209,1.65489,1.49325,1.96862,1.43206,0.721054,2.11743,2.84436,2.19915,2.40107,2.1305,0.624561,0.693612,0.650954,1.63415,1.63892,0.265751,0.186005,0.0644285,3.37175,5.83122,6.60394,3.25108,1.81172,2.68033,4.15539,9.14005,1.88886,5.57476,11.4482
2021-10-15,3.1836,5.86457,3.00853,4.57384,7.57061,0.748625,5.90011,3.64815,2.52387,7.26479,2.00657,2.39417,3.01472,3.49478,4.94211,0.461247,0.827262,2.16184,2.03739,1.66714,1.50687,2.03618,1.43648,0.720779,2.18234,2.97287,2.21853,2.42025,2.1142,0.666013,0.695286,0.679045,1.65065,1.72573,0.280506,0.189349,0.0679374,3.37225,5.94721,6.64285,3.38287,1.92393,2.86741,4.41274,10.1259,2.04542,5.67674,11.6949
2021-10-22,3.21393,5.90528,3.12286,4.72135,7.7137,0.771134,5.94447,3.62993,2.53108,7.48519,2.02266,2.45031,2.98265,3.4616,5.13019,0.449512,0.804065,2.23938,2.09839,1.72132,1.5426,2.09003,1.44069,0.728607,2.2125,3.05015,2.25657,2.49205,2.14002,0.68287,0.691121,0.672032,1.57625,1.69251,0.266857,0.183332,0.0660335,3.47763,6.07632,6.64796,3.40642,1.8835,2.87286,4.32002,9.96395,2.02174,5.76905,11.8584
2021-10-29,3.22603,5.90583,3.07919,4.63806,7.89447,0.75251,6.06124,3.67184,2.53691,7.44793,2.00318,2.4546,2.89176,3.54279,5.09109,0.487284,0.838238,2.19509,1.98943,1.74302,1.51006,2.14429,1.42995,0.715539,2.17516,3.13183,2.23662,2.50246,2.11912,0.760233,0.752599,0.675263,1.62274,1.6778,0.281441,0.193117,0.0702491,3.44795,6.2111,6.63484,3.40306,1.98649,2.97379,4.55624,10.1875,2.08818,5.84709,12.2391
2021-11-05,3.21882,5.90447,3.036,4.59083,7.99404,0.752226,6.43916,3.7069,2.53465,7.53986,2.01532,2.49388,2.87697,3.46907,5.12576,0.488835,0.823844,2.30673,1.91436,1.9122,1.5495,2.22371,1.42325,0.828872,2.18569,3.23836,2.22406,2.55974,2.22425,0.761864,0.743939,0.677419,1.60019,1.69999,0.266675,0.182161,0.0642858,3.5013,6.2612,6.81616,3.65917,2.24043,3.23382,5.13867,10.343,2.27666,5.96525,12.635
2021-11-12,3.20833,5.92079,2.99175,4.61873,7.85962,0.740285,6.51067,3.75043,2.57158,7.59029,2.01714,2.47936,2.84184,3.46902,5.19999,0.465097,0.800135,2.26127,1.92144,1.90131,1.50858,2.28449,1.42738,0.793843,2.18003,3.21315,2.26618,2.59576,2.19977,0.768273,0.730501,0.682043,1.60507,1.73757,0.262645,0.177399,0.0633335,3.53655,6.3603,6.80447,3.74693,2.23214,3.23165,5.11967,9.92918,2.2089,5.9492,12.5114
2021-11-19,3.11218,5.7544,2.85167,4.39972,7.53788,0.709653,6.43663,3.69529,2.58728,7.46979,1.97237,2.36345,2.67837,3.21557,4.8779,0.430688,0.748874,2.25845,1.8236,1.76919,1.49815,2.15254,1.41337,0.764621,2.01525,3.13993,2.17047,2.49132,2.14307,0.724961,0.707397,0.637826,1.52273,1.67488,0.252646,0.163197,0.0596346,3.40981,6.39977,6.93179,3.64872,1.98018,2.93988,4.54175,8.88969,2.06878,5.96983,12.8059
2021-11-26,3.10618,5.7144,2.85285,4.2967,7.49972,0.704009,6.37446,3.69298,2.62942,7.37295,1.91579,2.34629,2.60484,3.16326,4.80454,0.40624,0.707132,2.18974,1.72475,1.66479,1.41167,2.05144,1.32601,0.721569,1.94711,3.04746,2.08646,2.43903,2.09682,0.682466,0.684379,0.616154,1.43004,1.57036,0.239179,0.149531,0.0589698,3.37212,6.19334,6.82458,3.55743,1.91409,2.83511,4.39019,8.20334,1.90292,5.84353,12.4005
2021-12-03,2.97713,5.51745,2.6656,4.24443,6.97716,0.684129,6.09349,3.58544,2.62758,6.88101,1.81037,2.11498,2.59098,3.13756,4.68976,0.35496,0.63718,2.02876,1.63128,1.68379,1.33419,1.97137,1.25184,0.725558,1.8874,2.82275,2.09785,2.52126,2.04404,0.623295,0.6391,0.59337,1.38715,1.54978,0.206489,0.145688,0.0476773,3.2336,6.10884,6.83795,3.48279,1.5855,2.43994,3.63651,6.36889,1.62462,5.77287,12.1447
2021-12-10,3.08378,5.84938,2.85985,4.47916,7.12447,0.732896,6.30931,3.76937,2.66919,7.22429,1.88094,2.15811,2.69778,3.30381,5.02544,0.357584,0.646544,2.08147,1.664,1.74762,1.39235,2.01248,1.30605,0.754519,1.93757,2.88732,2.16088,2.64108,2.12024,0.604189,0.619445,0.57733,1.39729,1.61023,0.223112,0.158714,0.0494292,3.29147,5.93014,6.86603,3.54104,1.54296,2.40471,3.53896,6.1168,1.64879,5.99338,12.6163
2021-12-17,3.07057,5.85141,2.82583,4.4722,7.7443,0.71976,6.11369,3.92372,2.70464,7.10572,1.81263,2.02869,2.68219,3.2912,5.05541,0.350154,0.617179,1.9871,1.62398,1.72934,1.34578,2.04678,1.26035,0.720422,1.87271,2.78208,2.03926,2.51961,2.02717,0.580109,0.594033,0.578426,1.38637,1.55615,0.206043,0.147059,0.0488722,3.25359,5.81442,6.5988,3.51899,1.43357,2.22865,3.28806,5.67218,1.45921,5.87556,12.2011
2021-12-24,3.10714,5.93898,2.86021,4.53109,7.65481,0.733466,6.21725,3.91732,2.73535,7.19662,1.8334,2.08193,2.59199,3.17273,5.1477,0.349995,0.609875,2.03311,1.68714,1.73679,1.37125,2.05919,1.2518,0.735244,1.92124,2.8558,2.10465,2.57018,2.05901,0.579749,0.600411,0.595795,1.3896,1.60145,0.201496,0.149942,0.0505581,3.35918,5.91787,6.93978,3.5925,1.48944,2.29799,3.41619,5.78808,1.45457,6.01265,12.5978
2021-12-31,3.10323,5.92787,2.8598,4.53937,7.56626,0.731413,6.19507,3.90826,2.72773,7.30244,1.85347,2.12215,2.54643,3.11344,5.16805,0.370186,0.642329,2.06694,1.69956,1.7416,1.4063,2.08504,1.32631,0.733297,1.9458,2.89016,2.11962,2.60257,2.1062,0.583056,0.60371,0.581397,1.38355,1.61078,0.214621,0.162688,0.0513483,3.37087,5.97178,7.00626,3.67674,1.38203,2.24149,3.16983,5.57176,1.39255,6.06836,12.6274
2022-01-07,2.89939,5.5393,2.62776,4.11457,7.00947,0.660711,5.8796,3.79107,2.61022,7.11704,1.81091,2.02833,2.4166,2.89957,4.76302,0.336939,0.619797,2.1019,1.6539,1.71238,1.39593,2.05014,1.28015,0.714259,1.83562,2.80304,2.05804,2.562,2.05557,0.582319,0.60371,0.583907,1.37027,1.5814,0.197785,0.161346,0.0484689,3.17196,5.68146,6.74488,3.5435,1.26071,2.11407,2.89158,5.04585,1.36268,5.95503,12.0564
2022-01-14,2.88681,5.45937,2.63289,4.11648,7.15316,0.639134,5.96657,3.89899,2.57113,7.11551,1.79691,1.99031,2.38621,2.84606,4.70019,0.333687,0.64473,2.12602,1.66687,1.76182,1.41485,2.14213,1.28642,0.715581,1.8336,2.79212,2.05521,2.5819,2.06447,0.556415,0.60371,0.595264,1.39992,1.55244,0.203155,0.16163,0.0501284,3.19388,5.69324,6.70553,3.4917,1.20414,2.07399,2.76182,4.98451,1.38947,5.93752,12.0611
2022-01-21,2.71466,5.19416,2.47778,3.97446,6.89224,0.617593,5.69113,3.7534,2.4764,6.69757,1.72635,1.82753,2.21667,2.70948,4.55425,0.306159,0.611026,2.00063,1.55241,1.6444,1.31689,2.04464,1.20324,0.672651,1.74358,2.63866,1.88611,2.30912,1.88402,0.519424,0.602925,0.548899,1.31554,1.47522,0.183493,0.153926,0.0446156,2.98134,5.33166,6.45993,3.34486,1.01179,1.79814,2.32066,4.37752,1.24243,5.59588,11.1623
2022-01-28,2.72919,5.15271,2.49348,4.02704,6.75109,0.611615,5.91248,3.87032,2.45478,6.86228,1.74863,1.83127,2.15163,2.56381,4.37465,0.29168,0.571843,2.07822,1.53133,1.61495,1.30229,2.00801,1.2097,0.66277,1.76269,2.6072,1.8994,2.20962,1.88925,0.499848,0.606588,0.525758,1.32402,1.44267,0.181156,0.151367,0.0451704,3.00435,5.22861,6.4014,3.35071,0.948811,1.77971,2.1762,4.32795,1.12222,5.6466,11.1658
2022-02-04,2.76923,5.22403,2.55474,4.08069,7.19376,0.618711,6.00508,3.89525,2.47447,6.88885,1.78804,1.86765,2.14625,2.58756,4.40154,0.297529,0.594344,2.1289,1.54986,1.63747,1.31727,2.03027,1.23756,0.672596,1.77852,2.64313,1.90758,2.28084,1.94428,0.528766,0.605183,0.55204,1.33062,1.47296,0.184145,0.151783,0.0497441,3.1772,5.50439,6.5174,3.43587,1.07261,1.93529,2.46015,4.67921,1.22927,5.73284,11.3629
2022-02-11,2.76058,5.20771,2.62545,4.19809,7.16648,0.63651,6.10813,3.8901,2.46723,6.89888,1.76726,1.85923,2.22145,2.62668,4.43947,0.297072,0.595524,2.16327,1.54747,1.63343,1.31705,2.00192,1.23348,0.684536,1.82031,2.62412,1.90811,2.33923,1.94829,0.516966,0.600968,0.53611,1.29309,1.47956,0.183527,0.151621,0.0494818,3.18839,5.52614,6.67617,3.40138,1.11233,1.9953,2.55125,4.72132,1.25903,5.62756,11.0153
2022-02-18,2.71339,5.12551,2.55665,4.12293,7.01883,0.626797,6.04959,3.83126,2.44089,6.80685,1.73907,1.84805,2.18405,2.62469,4.41237,0.30082,0.597519,2.13856,1.5162,1.60337,1.27168,1.98665,1.21958,0.671339,1.8167,2.58515,1.90242,2.30017,1.92576,0.519817,0.603402,0.540328,1.22612,1.46437,0.180435,0.149829,0.0482526,3.04056,5.36089,6.50154,3.30205,1.14293,2.00978,2.62145,4.63184,1.27878,5.54797,10.8392
2022-02-25,2.76989,5.13675,2.59605,4.1267,7.53251,0.627892,6.13674,3.82982,2.50258,6.88648,1.76862,1.90086,2.23467,2.5935,4.37985,0.306835,0.613197,2.14821,1.53725,1.61027,1.27816,1.9741,1.25086,0.676902,1.81731,2.57754,1.90601,2.28012,1.90741,0.549472,0.618659,0.553,1.24536,1.46737,0.183491,0.147911,0.0509456,3.18408,5.42444,6.66606,3.2583,1.18038,2.04642,2.70733,4.77954,1.28397,5.59294,10.9744
2022-03-04,2.70906,5.04146,2.51692,4.08261,7.13606,0.617734,6.01353,3.81594,2.47099,6.85658,1.75542,1.89308,2.23465,2.58301,4.24844,0.29358,0.623858,2.15982,1.62123,1.73475,1.32771,2.07057,1.39172,0.745151,1.8948,2.70963,1.98934,2.3314,2.05315,0.533148,0.597513,0.540128,1.3124,1.49008,0.179867,0.146384,0.0460893,3.22992,5.61358,6.60662,3.27261,1.33099,2.17782,2.83476,4.92182,1.29398,5.52165,10.7056
2022-03-11,2.74413,5.10411,2.51296,4.10145,6.86854,0.629992,6.17791,3.79153,2.47078,7.13635,1.7422,1.88386,2.19742,2.51243,4.30542,0.280197,0.623708,2.089,1.60471,1.70741,1.28909,2.03719,1.31811,0.742686,1.81616,2.59032,1.91252,2.26855,2.00502,0.530597,0.590975,0.532513,1.26605,1.45491,0.175892,0.147855,0.0425305,3.05049,5.45785,6.40163,3.23234,1.3118,2.13561,2.83476,4.92182,1.29398,5.36705,10.2961
2022-03-18,2.83644,5.27597,2.62457,4.23589,7.38389,0.647404,6.64347,3.93269,2.46964,7.40249,1.80706,1.98945,2.22765,2.55196,4.47482,0.305267,0.660854,2.1919,1.65537,1.7012,1.33431,2.04386,1.33251,0.713361,1.91394,2.69162,1.94358,2.31856,2.04677,0.515433,0.594376,0.587919,1.25644,1.49246,0.178669,0.145591,0.0437434,3.2433,5.72965,6.8829,3.36676,1.35188,2.24276,2.83476,4.92182,1.29398,5.69708,11.1559
2022-03-25,2.86529,5.32962,2.66504,4.30139,7.56488,0.657251,6.4028,3.86143,2.45058,7.36085,1.85314,1.99097,2.3047,2.69933,4.48448,0.301581,0.648353,2.27722,1.70727,1.8386,1.40936,2.09107,1.32952,0.746811,1.97923,2.74236,2.0988,2.42602,2.18956,0.532875,0.613001,0.577796,1.25814,1.56706,0.182538,0.147357,0.0425376,3.30063,5.74889,6.83389,3.49605,1.47095,2.38549,2.83476,4.92182,1.29398,5.80179,11.4195
2022-04-01,2.87091,5.34009,2.6974,4.31634,8.02978,0.668079,6.2855,3.90412,2.4923,7.50704,1.87409,1.98475,2.22066,2.57022,4.41063,0.291277,0.633374,2.20403,1.66234,1.74568,1.4198,2.08887,1.30842,0.728249,1.9574,2.74046,2.06126,2.41581,2.13712,0.520547,0.590419,0.572888,1.28289,1.55175,0.174739,0.142497,0.0439948,3.27577,5.67631,6.90518,3.45709,1.43867,2.34679,2.86308,4.87865,1.27999,5.80474,11.499
2022-04-08,2.82058,5.27032,2.66514,4.21524,7.5896,0.655297,6.3889,3.79338,2.47737,7.45092,1.8544,1.98702,2.25236,2.59979,4.40551,0.275682,0.604216,2.19316,1.62195,1.74504,1.42993,2.10517,1.3151,0.743584,1.94991,2.73277,2.09373,2.45093,2.17236,0.526319,0.590617,0.565768,1.20392,1.5484,0.164119,0.137166,0.0398064,3.1602,5.4867,6.6369,3.41275,1.4177,2.29416,2.82135,4.66245,1.30197,5.73617,11.0954
2022-04-15,2.88107,5.41699,2.7311,4.2003,7.43259,0.653141,6.43179,3.80496,2.47645,7.61159,1.90521,1.99207,2.29928,2.61849,4.42695,0.289372,0.653152,2.21684,1.62168,1.75652,1.45032,2.08159,1.31138,0.736596,1.97912,2.72783,2.12121,2.49918,2.16904,0.52622,0.591428,0.583369,1.22734,1.52923,0.176094,0.142297,0.0423022,3.14706,5.37047,6.64426,3.43605,1.51332,2.37589,3.01164,5.00484,1.40827,5.61083,10.7547
2022-04-22,2.87365,5.27565,2.67705,4.05344,7.37486,0.640168,6.29084,3.80586,2.49221,7.40493,1.85869,1.99697,2.20552,2.50246,4.31039,0.262636,0.596561,2.13814,1.52137,1.65616,1.3878,1.96668,1.23094,0.685821,1.94207,2.56616,1.98272,2.42066,2.01223,0.498892,0.586209,0.540982,1.15239,1.52287,0.157107,0.126423,0.0360209,2.91693,5.13254,6.49614,3.28403,1.36223,2.16656,2.71097,4.41531,1.1717,5.46024,10.3406
2022-04-29,2.8129,5.18564,2.60545,4.00863,7.16497,0.627358,6.23232,3.86537,2.5435,7.15183,1.84161,1.97137,2.1675,2.43921,4.30949,0.261457,0.603785,2.09429,1.48982,1.59615,1.35814,1.841,1.20321,0.658121,1.85999,2.48283,1.94914,2.38311,1.94747,0.494645,0.585273,0.55426,1.16182,1.4888,0.154923,0.124198,0.0353368,2.85434,4.96875,6.31194,3.17462,1.35165,2.13773,2.68991,4.37256,1.13249,5.2803,9.95453
2022-05-06,2.79176,5.12143,2.6569,4.03738,6.92682,0.632084,6.27463,3.83435,2.54011,7.13344,1.81384,1.95726,2.20746,2.45713,4.42272,0.24776,0.578931,2.16967,1.48881,1.57742,1.38791,1.90077,1.18228,0.665649,1.81627,2.44209,2.0219,2.36387,1.99508,0.489943,0.584422,0.562909,1.1775,1.50037,0.146789,0.120695,0.0339918,2.65042,4.81081,6.13765,3.12785,1.38305,2.23169,2.6434,4.30808,1.11269,5.27184,9.82742
2022-05-13,2.74568,5.21763,2.64207,4.08767,7.15201,0.599993,6.11389,3.66897,2.51979,7.25711,1.78752,1.93599,2.32342,2.39703,4.35989,0.242091,0.582169,2.08607,1.44114,1.516,1.34514,1.83522,1.16351,0.637635,1.74929,2.37851,1.93172,2.24579,1.95167,0.489406,0.590528,0.586457,1.14396,1.49074,0.149087,0.12502,0.0336249,2.52305,4.56849,5.96026,3.01105,1.27963,2.10832,2.6434,4.30808,1.11269,5.14855,9.59512
2022-05-20,2.73627,5.17868,2.62419,4.06486,6.91688,0.595215,6.06365,3.69051,2.54186,7.40504,1.82206,1.95418,2.24826,2.35454,4.29133,0.240624,0.579775,2.02915,1.42031,1.49816,1.33123,1.85581,1.13672,0.623648,1.67717,2.30347,1.91298,2.2666,1.90962,0.48724,0.595024,0.574864,1.12291,1.48591,0.15354,0.127735,0.0315053,2.4687,4.28108,5.66997,2.95142,1.30649,2.15097,2.6434,4.30808,1.11269,4.9936,9.17374
2022-05-27,2.85136,5.39648,2.77881,4.30437,8.0506,0.630286,6.1233,3.70551,2.55683,7.54557,1.85951,2.03639,2.31059,2.44237,4.45801,0.250872,0.598338,2.22262,1.51924,1.59897,1.41034,1.97853,1.19589,0.656331,1.78385,2.4747,2.10897,2.43631,2.03373,0.488668,0.596181,0.601299,1.13625,1.58636,0.162258,0.131289,0.034251,2.64203,4.71892,6.19442,3.14129,1.50373,2.41381,2.6434,4.30808,1.11269,5.32208,9.82265
2022-06-03,2.8459,5.38615,2.76261,4.27927,7.93294,0.626611,6.04571,3.71281,2.55719,7.50583,1.84542,2.02112,2.32736,2.44591,4.45801,0.259604,0.606484,2.22858,1.54249,1.61444,1.40955,1.96306,1.18803,0.652629,1.80092,2.4306,2.1414,2.39892,2.05072,0.478642,0.593727,0.602147,1.11029,1.55052,0.167527,0.132417,0.032806,2.6409,4.67298,6.16391,3.15951,1.48475,2.39976,2.6434,4.30808,1.11269,5.26159,9.7305
2022-06-10,2.826,5.35656,2.6689,4.16725,7.67921,0.610208,5.91963,3.68046,2.56974,7.24309,1.78839,2.01535,2.23227,2.34776,4.35848,0.255833,0.601936,2.18839,1.49873,1.597,1.38384,1.8989,1.14774,0.627187,1.70391,2.3414,2.10251,2.3378,1.97668,0.476634,0.593811,0.597715,1.07768,1.4949,0.168674,0.131958,0.0307043,2.49721,4.41419,5.67871,3.05021,1.43109,2.26827,2.6434,4.30808,1.11269,4.99578,9.17883
2022-06-17,2.60318,4.95281,2.52009,3.93769,7.21945,0.569149,5.65896,3.40899,2.35607,6.70351,1.66438,1.87644,2.09215,2.15041,4.01647,0.236295,0.558322,1.92677,1.4359,1.51526,1.29755,1.86135,1.08776,0.606726,1.58386,2.18689,1.85824,2.0687,1.78815,0.469785,0.593811,0.526002,1.04486,1.34036,0.150456,0.122511,0.0288307,2.31912,4.16422,5.1918,2.96918,1.18251,1.97715,2.6434,4.30808,1.11269,4.70921,8.72916
2022-06-24,2.59159,4.92897,2.50587,3.9515,7.42757,0.579769,5.58624,3.40575,2.35667,6.63875,1.66603,1.92712,2.07785,2.08498,3.99413,0.232625,0.545785,1.96166,1.46557,1.51591,1.31082,1.89446,1.12103,0.608444,1.62699,2.21124,1.85966,2.08771,1.77845,0.450231,0.566085,0.515773,1.05362,1.35561,0.144866,0.118418,0.0307769,2.45132,4.46665,5.72653,3.01587,1.15294,1.9365,2.6434,4.30808,1.11269,5.02096,9.38018
2022-07-01,2.68991,5.06405,2.68865,4.10023,7.53195,0.620799,5.84967,3.40981,2.357,6.83428,1.67759,1.9517,2.15842,2.12738,4.2184,0.24816,0.580654,1.98575,1.43281,1.49529,1.30246,1.80211,1.10915,0.603681,1.56982,2.1673,1.84329,2.07071,1.75586,0.455201,0.568562,0.538777,1.01303,1.3995,0.151918,0.122731,0.0298966,2.36674,4.31653,5.56167,3.06592,1.14022,1.90871,2.6434,4.30808,1.11269,4.90718,8.98283
2022-07-08,2.76852,5.21206,2.78833,4.25226,7.90564,0.643503,5.88834,3.51366,2.38218,6.836,1.71996,1.96693,2.13882,2.12112,4.26783,0.246855,0.597222,1.95062,1.44814,1.52019,1.31448,1.83671,1.11686,0.607215,1.60363,2.20381,1.86789,2.06171,1.79289,0.452454,0.568562,0.532201,1.06071,1.39519,0.153285,0.125064,0.0332196,2.39854,4.4895,5.68925,3.08834,1.125,1.85766,2.6434,4.30808,1.11269,5.00281,9.40374
2022-07-15,2.77742,5.2183,2.78829,4.22901,7.84447,0.637975,5.86076,3.54609,2.3908,6.68493,1.70554,1.9645,2.10608,2.1431,4.30525,0.250378,0.600528,1.93383,1.43957,1.50497,1.30384,1.83813,1.12035,0.609111,1.62646,2.1876,1.89769,2.07752,1.83705,0.464254,0.568929,0.532835,1.04827,1.37621,0.155201,0.126078,0.0324608,2.32605,4.30313,5.60246,3.09291,1.10466,1.83409,2.6434,4.30808,1.11269,4.95725,9.29294
2022-07-22,2.78837,5.23035,2.80807,4.24625,8.27778,0.639944,5.90803,3.5593,2.39505,6.64968,1.68323,1.96563,2.07267,2.11016,4.31041,0.251404,0.601525,1.99134,1.37434,1.46049,1.24344,1.83387,1.08964,0.592412,1.55567,2.13127,1.83623,2.07834,1.78283,0.483375,0.570128,0.542211,1.05898,1.34868,0.156207,0.127287,0.0333316,2.4674,4.30606,5.83628,3.12874,1.14591,1.9165,2.6434,4.30808,1.11269,5.08545,9.61516
2022-07-29,2.74588,5.1569,2.79596,4.23525,8.23294,0.638794,5.93538,3.54769,2.39673,6.62151,1.66505,1.98601,2.09002,2.22227,4.27512,0.251635,0.602783,2.18169,1.4056,1.47068,1.28487,1.85831,1.12608,0.603673,1.57686,2.14669,1.89444,2.21142,1.81349,0.502224,0.570128,0.581315,1.06592,1.4043,0.156937,0.12822,0.0345662,2.65188,4.42547,5.84236,3.37492,1.26937,2.10913,2.6434,4.30808,1.11269,5.30298,10.044
2022-08-05,2.7281,5.17612,2.72072,4.13762,8.35641,0.626784,5.8156,3.56428,2.4078,6.37067,1.65591,1.97869,2.06493,2.2398,4.22434,0.255421,0.624698,2.13192,1.39371,1.46906,1.29031,1.89124,1.17311,0.59429,1.5559,2.15152,1.86823,2.14087,1.81184,0.503788,0.551457,0.595225,1.16821,1.41256,0.157465,0.130673,0.0354063,2.76006,4.66991,6.15346,3.33381,1.20793,2.02574,2.6434,4.30808,1.11269,5.32203,10.2443
2022-08-12,2.78661,5.291,2.88564,4.41532,8.72896,0.672375,5.89468,3.59465,2.41114,6.5644,1.71676,1.99739,2.13946,2.26192,4.32788,0.271339,0.621933,2.22118,1.43011,1.49687,1.34755,1.91345,1.1959,0.613186,1.52823,2.15273,1.87314,2.22627,1.80327,0.499968,0.540818,0.58374,1.20442,1.42899,0.161378,0.130011,0.0362366,2.84078,4.98329,6.35825,3.40738,1.33784,2.26109,2.6434,4.30808,1.11269,5.49747,10.5194
2022-08-19,2.81099,5.33729,2.8013,4.28626,8.37546,0.662706,5.78297,3.56843,2.41287,6.42044,1.67544,2.00298,1.99833,2.17202,4.21618,0.262593,0.595945,2.20323,1.43871,1.47996,1.33254,1.89322,1.15932,0.603256,1.51187,2.13984,1.856,2.17944,1.78763,0.50019,0.539943,0.571577,1.05372,1.42506,0.148254,0.125044,0.0322546,2.76418,4.775,6.17048,3.38842,1.37006,2.27273,2.6434,4.30808,1.11269,5.43363,10.2796
2022-08-26,2.84799,5.38458,2.73131,4.11329,8.14036,0.642395,5.74311,3.50279,2.39632,6.53482,1.6596,1.99977,1.91966,2.15338,4.14502,0.24316,0.552773,2.18907,1.40547,1.45027,1.28332,1.78861,1.13844,0.586848,1.46835,2.09914,1.78862,2.13294,1.72456,0.526055,0.521623,0.575012,1.01281,1.38108,0.136586,0.117248,0.0300109,2.62914,4.57544,5.78127,3.35966,1.40194,2.32972,2.6434,4.30808,1.11269,5.217,9.78868
2022-09-02,2.77614,5.26384,2.64592,3.96374,7.91157,0.614432,5.60267,3.44881,2.33877,6.37504,1.63966,1.944,1.85616,2.05913,4.02113,0.222074,0.527492,2.13651,1.35316,1.39685,1.21705,1.73833,1.10339,0.573063,1.41735,2.04781,1.7508,2.05272,1.7004,0.502267,0.507487,0.541628,0.992918,1.34206,0.129873,0.114919,0.0280195,2.54087,4.49235,5.56736,3.26631,1.30199,2.20583,2.6434,4.30808,1.11269,5.04876,9.39801
2022-09-09,2.80798,5.46387,2.68436,4.03698,8.42841,0.656721,5.80118,3.52763,2.35717,6.46496,1.66414,2.00543,1.88112,2.12011,4.21152,0.231418,0.53449,2.19603,1.37826,1.43592,1.24361,1.78396,1.11052,0.587721,1.46736,2.08742,1.79575,2.05076,1.76582,0.501376,0.502053,0.553028,1.01576,1.38114,0.12637,0.113453,0.0306159,2.77451,4.78593,5.82398,3.32741,1.30172,2.21807,2.6434,4.30808,1.11269,5.2336,9.77754
2022-09-16,2.78635,5.42378,2.67624,4.02997,8.36239,0.654303,5.70517,3.52087,2.35519,6.3507,1.65799,1.94305,1.83106,2.05943,4.23276,0.233241,0.53417,2.14821,1.29648,1.36229,1.17658,1.7411,1.07927,0.570404,1.4029,2.02289,1.71364,2.00191,1.71606,0.499445,0.503307,0.559136,0.97941,1.31657,0.125698,0.114192,0.0281039,2.67642,4.43081,5.57267,3.26206,1.22801,2.13999,2.6434,4.30808,1.11269,4.98317,9.21175
2022-09-23,2.57706,5.19422,2.48011,3.79898,7.83453,0.609172,5.14961,3.184,2.16737,6.00943,1.54273,1.8788,1.65359,1.86426,3.97588,0.216249,0.510324,2.03701,1.22532,1.30793,1.11046,1.63346,1.0235,0.544136,1.37794,1.92344,1.64027,1.88693,1.64036,0.456951,0.48842,0.499261,0.917394,1.25499,0.122446,0.111899,0.0254136,2.47246,4.13802,5.20095,3.05865,1.08377,1.90996,2.6434,4.30808,1.11269,4.75557,8.78782
2022-09-30,2.56216,5.1295,2.46695,3.75895,7.48963,0.605482,5.09648,3.16463,2.16142,5.99946,1.53578,1.83665,1.62984,1.83525,3.90863,0.214441,0.510633,2.0133,1.20942,1.30024,1.09874,1.5988,1.01175,0.539175,1.37309,1.93117,1.63773,1.88473,1.64206,0.457312,0.489678,0.503647,0.916716,1.28078,0.12551,0.113183,0.0246421,2.39305,4.01922,5.04668,2.99094,1.10142,1.94628,2.6434,4.30808,1.11269,4.61637,8.52467
2022-10-07,2.57001,5.20022,2.50634,3.80803,7.49232,0.609584,5.12692,3.15912,2.16142,6.20185,1.53997,1.89521,1.66511,1.8507,3.9779,0.215389,0.519251,2.03512,1.20344,1.30741,1.09603,1.63413,1.04715,0.543306,1.37951,1.94464,1.63161,1.9193,1.67101,0.462336,0.492895,0.510051,0.930788,1.29332,0.126864,0.114133,0.0248773,2.50277,4.1966,5.22845,3.0869,1.20008,2.1396,2.6434,4.30808,1.11269,4.68888,8.58336
2022-10-14,2.55729,5.17448,2.50743,3.7932,7.39627,0.613784,5.16669,3.21795,2.19022,6.03517,1.50323,1.89547,1.7017,1.85763,4.02206,0.199784,0.515297,2.04196,1.16798,1.25338,1.0726,1.53784,1.04121,0.532831,1.42062,1.91479,1.61311,1.92001,1.64581,0.434771,0.485873,0.478787,0.902492,1.26413,0.117366,0.113623,0.0246367,2.36592,4.19547,4.99323,2.90501,1.14411,2.06439,2.6434,4.30808,1.11269,4.62219,8.3167
2022-10-21,2.61817,5.30569,2.59569,3.94365,7.70893,0.628217,5.18911,3.24823,2.1926,6.18521,1.54768,1.93105,1.73103,1.89341,4.18125,0.206089,0.521253,1.855,1.18805,1.29907,1.09319,1.56205,1.04492,0.538021,1.31748,1.932,1.62419,1.96052,1.66344,0.434345,0.49082,0.504585,0.928246,1.31485,0.124128,0.11546,0.0258393,2.52216,4.52389,5.1358,3.03722,1.21566,2.19124,2.6434,4.30808,1.11269,4.83751,8.78495
2022-10-28,2.6262,5.32194,2.62889,3.99409,8.4922,0.632134,5.24448,3.24991,2.19374,6.37572,1.5578,1.96486,1.74914,1.93824,4.21577,0.207903,0.521804,1.98792,1.21725,1.35013,1.14435,1.5792,1.07346,0.55373,1.38418,1.98238,1.70121,2.06681,1.74983,0.4341,0.49082,0.506539,0.980701,1.3673,0.125298,0.115421,0.0287082,2.58379,4.70756,5.33645,3.13662,1.27203,2.25604,2.6434,4.30808,1.11269,5.02789,8.96995
2022-11-04,2.65813,5.38666,2.65505,4.03069,8.15125,0.637926,5.25215,3.25705,2.17979,6.32495,1.54429,1.97111,1.73252,1.95843,4.25523,0.20734,0.524788,1.94381,1.21098,1.36661,1.14531,1.54537,1.05714,0.550305,1.34065,1.94862,1.67632,2.10563,1.74919,0.429366,0.490077,0.504561,0.972608,1.36637,0.125073,0.116157,0.0272313,2.46277,4.77007,5.28271,3.0664,1.27328,2.27804,2.6434,4.30808,1.11269,4.86413,8.44238
2022-11-11,2.76718,5.62409,2.70129,4.15378,9.00997,0.646935,5.3988,3.31162,2.16438,6.56584,1.58539,1.98627,1.75697,2.03487,4.36893,0.219854,0.538998,2.03669,1.2166,1.33858,1.13607,1.59976,1.04083,0.548306,1.3615,1.98048,1.65727,2.07803,1.69754,0.43893,0.499156,0.512,1.027,1.39606,0.129479,0.116945,0.0313272,2.59149,5.14978,5.88836,3.15701,1.2654,2.27436,2.6434,4.30808,1.11269,5.15054,9.18493
2022-11-18,2.8046,5.69826,2.69625,4.13859,8.9793,0.643931,5.40316,3.32833,2.16434,6.61702,1.60761,2.04663,1.75952,2.03726,4.41382,0.214698,0.536913,2.0502,1.21533,1.30939,1.14035,1.5743,1.05663,0.551442,1.38174,1.99512,1.69404,2.08554,1.7408,0.435617,0.497795,0.514096,1.0206,1.3779,0.126163,0.115657,0.0290454,2.57869,4.99139,5.66921,3.05249,1.23224,2.25052,2.6434,4.30808,1.11269,5.11849,9.08477
2022-11-25,2.8347,5.78331,2.76359,4.20432,9.17254,0.659981,5.45301,3.35574,2.18927,6.69643,1.63458,2.08319,1.79495,2.10074,4.49638,0.220111,0.548489,2.07335,1.22867,1.3185,1.1482,1.58835,1.05938,0.552753,1.40457,2.02471,1.71883,2.1232,1.76004,0.439061,0.498336,0.522242,1.04059,1.39904,0.127706,0.115691,0.0287816,2.63183,5.05888,5.7266,3.10226,1.27379,2.31273,2.6434,4.30808,1.11269,5.19991,9.15176
2022-12-02,2.84842,5.81129,2.79608,4.28427,9.20016,0.662376,5.55913,3.3483,2.17381,6.64277,1.63676,2.06135,1.852,2.16896,4.59761,0.219087,0.541318,2.08639,1.23971,1.32706,1.17068,1.65737,1.07745,0.564838,1.42944,2.05189,1.75349,2.1589,1.81489,0.436923,0.498111,0.535642,1.04648,1.43687,0.130186,0.115961,0.0296331,2.62429,5.15953,6.00116,3.10208,1.24504,2.27722,2.51847,4.45203,1.11913,5.2591,9.33133
2022-12-09,2.66523,5.45455,2.59832,3.96308,8.78172,0.607038,5.09497,3.21583,2.09255,6.24766,1.56355,1.91917,1.76639,2.01315,4.29817,0.208882,0.526977,2.01927,1.18879,1.2856,1.13673,1.62842,1.06025,0.550219,1.37797,1.97116,1.69311,2.09345,1.73102,0.417792,0.498111,0.520063,0.998875,1.3642,0.124575,0.115943,0.0269423,2.49405,4.84615,5.83811,2.97075,1.12457,2.07403,2.27479,4.19753,1.04247,5.08294,8.9961
2022-12-16,2.73159,5.6422,2.62063,4.05364,8.70301,0.629456,5.22192,3.34652,2.20067,6.35888,1.58945,1.94496,1.78128,2.01617,4.54076,0.222565,0.540173,1.96094,1.16422,1.26341,1.11831,1.60329,1.07052,0.535206,1.35954,1.96226,1.67657,2.04491,1.73514,0.416829,0.498111,0.526195,0.99872,1.32976,0.127183,0.116287,0.0279278,2.38737,4.57204,5.69282,2.89662,1.16944,2.13473,2.36556,4.24284,1.05478,4.97632,8.74763
2022-12-23,2.70226,5.5772,2.64085,4.03507,8.39725,0.623165,5.22805,3.3604,2.22118,6.36618,1.58894,1.97494,1.77011,2.00266,4.52248,0.215444,0.542719,1.91116,1.15208,1.2405,1.10894,1.57297,1.08779,0.546763,1.32423,1.88346,1.65344,2.0663,1.76579,0.406661,0.486277,0.523323,1.01318,1.33069,0.124289,0.116318,0.0260695,2.3914,4.60281,5.61866,2.92928,1.20141,2.21227,2.43021,4.22007,1.05938,4.97164,8.54828
2022-12-30,2.697,5.54595,2.63544,4.04134,8.33033,0.623912,5.09499,3.34446,2.22438,6.24092,1.59595,1.9647,1.76843,1.98879,4.50504,0.211006,0.527934,1.87326,1.13026,1.21099,1.08194,1.55859,1.09719,0.549164,1.28352,1.83861,1.62013,2.04773,1.74473,0.397471,0.475227,0.508176,1.00449,1.31661,0.119597,0.112806,0.0251464,2.40891,4.63082,5.63281,2.91603,1.16484,2.1696,2.35625,4.15447,1.0336,4.96541,8.51374
2023-01-06,2.72827,5.6183,2.61677,3.96525,8.49061,0.609692,5.00328,3.34128,2.21155,6.28105,1.59471,1.9461,1.85645,2.10138,4.56281,0.224038,0.552756,1.8815,1.12174,1.21894,1.0741,1.58564,1.09168,0.543341,1.26424,1.84579,1.62801,2.06908,1.74289,0.380643,0.458185,0.541038,1.01048,1.35142,0.119912,0.112929,0.0251351,2.4472,4.60666,5.62027,3.01312,1.14519,2.12176,2.31757,4.17968,1.03446,5.03877,8.59431
2023-01-13,2.71124,5.61245,2.64726,4.05975,8.65537,0.620603,5.02185,3.37628,2.2086,6.43233,1.60608,2.00461,1.88998,2.13503,4.6403,0.215942,0.539702,1.95387,1.11315,1.19773,1.05378,1.59459,1.09175,0.54122,1.24895,1.8823,1.59837,2.04682,1.75724,0.370229,0.442145,0.532959,0.98398,1.38273,0.119797,0.11066,0.0271297,2.51073,4.70598,6.03334,3.10203,1.18901,2.22358,2.31757,4.17968,1.03446,5.17406,8.98343
2023-01-20,2.65788,5.4914,2.57657,3.96348,8.51545,0.60594,4.90561,3.34714,2.20258,6.30578,1.55907,1.95633,1.85038,2.09158,4.47601,0.222741,0.536881,1.92402,1.1028,1.19006,1.04927,1.53285,1.07875,0.540843,1.25538,1.90957,1.59924,2.04007,1.72948,0.365602,0.44017,0.534345,0.950071,1.36618,0.117718,0.109106,0.0273115,2.48859,4.67776,5.8916,3.05516,1.19197,2.21084,2.31757,4.17968,1.03446,5.14004,9.0381
2023-01-27,2.69311,5.55075,2.5857,3.94514,8.70589,0.60302,4.91958,3.35006,2.19627,6.40651,1.56217,1.95901,1.87252,2.12859,4.46805,0.22534,0.54412,1.93997,1.11169,1.19858,1.0565,1.54999,1.097,0.546475,1.30972,1.97766,1.60058,2.05355,1.74584,0.369468,0.443719,0.551089,0.98118,1.36634,0.125636,0.109804,0.0297124,2.57414,4.85184,6.09102,3.08273,1.22308,2.24604,2.31757,4.17968,1.03446,5.26729,9.47229
2023-02-03,2.68099,5.50723,2.59557,3.92115,8.75811,0.601856,4.83309,3.35708,2.19212,6.53882,1.61242,1.9719,1.88173,2.13203,4.47681,0.220938,0.540454,1.95553,1.11523,1.23043,1.10523,1.56033,1.10172,0.552218,1.32929,1.94177,1.5955,2.02231,1.73575,0.370397,0.448472,0.547838,1.04999,1.41949,0.128264,0.109542,0.0318051,2.6123,4.97133,6.30369,3.07509,1.20907,2.19642,2.32941,4.19067,1.06488,5.35389,9.78946
2023-02-10,2.68853,5.47141,2.62282,3.90672,8.69812,0.60006,4.69977,3.33916,2.20456,6.5304,1.61216,2.03086,1.81017,2.06133,4.461,0.215887,0.52891,1.94263,1.09561,1.21342,1.05888,1.50867,1.09168,0.545877,1.28668,1.91413,1.53787,2.02574,1.72184,0.35231,0.43029,0.554039,0.992838,1.4016,0.127261,0.102593,0.0321466,2.53728,4.91813,6.12323,3.05706,1.19351,2.21171,2.29943,4.09545,1.01195,5.29793,9.58228
2023-02-17,2.72173,5.5678,2.65596,3.98997,8.84531,0.616267,4.76385,3.34351,2.21964,6.48716,1.61221,2.00441,1.85584,2.06816,4.57652,0.218239,0.549292,1.9286,1.08773,1.22819,1.04366,1.49037,1.10053,0.549892,1.24143,1.91426,1.58166,2.02684,1.73449,0.350462,0.428183,0.563236,0.988512,1.39538,0.128146,0.103232,0.033432,2.55503,4.92051,6.37659,3.06687,1.21892,2.19506,2.34837,4.24171,1.03065,5.2878,9.62896
2023-02-24,2.69703,5.51565,2.59415,3.92385,8.6473,0.612825,4.61378,3.27816,2.19137,6.32003,1.57192,1.96815,1.80181,2.03218,4.49462,0.207118,0.534243,1.86775,1.04198,1.21341,1.00623,1.41991,1.07375,0.527699,1.16303,1.85152,1.54071,2.00252,1.70358,0.338409,0.417408,0.501968,0.933189,1.35084,0.119722,0.099471,0.0323805,2.41265,4.70377,6.07891,2.98705,1.1692,2.17913,2.25258,4.01455,0.949162,5.14653,9.33129
2023-03-03,2.74621,5.58857,2.66286,3.9951,8.79758,0.62767,4.71508,3.37776,2.21765,6.54028,1.60576,2.02077,1.8232,2.03657,4.56259,0.223509,0.539108,1.89215,1.06846,1.24351,1.04793,1.47011,1.12067,0.554743,1.24144,1.99474,1.63446,2.05142,1.87247,0.347432,0.422384,0.513817,0.973673,1.35569,0.127223,0.103721,0.0342362,2.41235,4.7172,6.09325,2.98846,1.28261,2.28672,2.47109,4.27979,1.01965,5.24794,9.58164
2023-03-10,2.53845,5.15881,2.49502,3.70971,7.92688,0.594385,4.4051,3.24461,2.18649,6.15246,1.49976,1.87275,1.69084,1.86068,4.28758,0.204963,0.52967,1.78634,1.03715,1.21476,0.982395,1.36865,1.07323,0.518812,1.16684,1.81056,1.53919,1.97261,1.78949,0.341595,0.409435,0.498922,0.944576,1.30341,0.115488,0.101198,0.0312213,2.28906,4.53626,5.62877,2.84575,1.20351,2.11408,2.31869,3.96688,0.894019,5.01059,9.22578
2023-03-17,2.46993,5.07256,2.4008,3.54218,7.51145,0.57199,4.3404,3.16276,2.1949,6.07411,1.53791,1.73437,1.68457,1.84946,4.18238,0.196967,0.502077,1.72585,1.00929,1.21356,0.976537,1.36144,1.09548,0.514534,1.10793,1.66262,1.50571,1.98472,1.70728,0.345657,0.411112,0.49021,0.930159,1.28636,0.113686,0.101123,0.0322218,2.24376,4.47668,5.53229,2.86793,1.14685,2.00932,2.20954,3.89983,0.933421,5.08289,9.76324
2023-03-24,2.55037,5.23303,2.4915,3.68878,7.93738,0.599395,4.4864,3.18119,2.20662,6.17198,1.55685,1.73166,1.69193,1.85657,4.29804,0.212449,0.5279,1.74827,1.00824,1.21831,0.979267,1.35904,1.10014,0.517674,1.12622,1.6698,1.52505,2.06825,1.74127,0.362469,0.415506,0.517987,0.941462,1.30748,0.1203,0.105028,0.0342148,2.24378,4.52219,5.6011,2.92356,1.1737,2.06774,2.26126,3.89754,0.946101,5.15797,9.95544
2023-03-31,2.57235,5.28552,2.52269,3.74946,8.35362,0.608669,4.63405,3.21716,2.22184,6.4934,1.61479,1.79217,1.75925,1.93172,4.35266,0.223006,0.548876,1.84545,1.04355,1.26356,0.994089,1.43984,1.11324,0.527161,1.1597,1.74251,1.57974,2.10016,1.77888,0.363719,0.41389,0.5194,0.955261,1.37819,0.126375,0.107152,0.0364657,2.34675,4.75158,5.82012,3.07069,1.23458,2.16647,2.37856,4.09778,1.03149,5.33574,10.277
2023-04-07,2.58323,5.30789,2.54691,3.78542,8.26544,0.614506,4.61343,3.22947,2.22488,6.56057,1.62628,1.79777,1.73042,1.91096,4.40044,0.226488,0.547514,1.79838,1.02002,1.23192,0.978827,1.36089,1.07832,0.515238,1.14013,1.70895,1.56929,2.08343,1.71296,0.371771,0.418986,0.520891,0.92692,1.34709,0.125781,0.107658,0.0360312,2.31186,4.69666,5.86487,3.00338,1.2141,2.1141,2.3391,3.87377,0.981917,5.33313,10.1847
2023-04-14,2.67982,5.50636,2.63261,3.9128,8.44775,0.635184,4.70852,3.3301,2.25873,6.70036,1.66207,1.83642,1.7373,1.89929,4.59397,0.228606,0.536172,1.80738,1.03404,1.29642,0.962476,1.35551,1.09633,0.527643,1.16279,1.7308,1.61106,2.15259,1.77532,0.378487,0.423821,0.525941,0.903659,1.37482,0.127388,0.106104,0.0369716,2.34214,4.74127,5.973,3.02891,1.21901,2.1427,2.34855,3.93046,1.10851,5.37575,10.2014
2023-04-21,2.70771,5.57477,2.64975,3.90678,8.41028,0.632441,4.62906,3.32351,2.24616,6.70332,1.64031,1.82817,1.66095,1.83308,4.59239,0.214937,0.511343,1.78547,1.02859,1.25892,0.949141,1.32819,1.11215,0.539073,1.19704,1.73352,1.66942,2.13717,1.83488,0.353314,0.391287,0.492347,0.884576,1.36532,0.122505,0.103346,0.0362583,2.35358,4.73804,5.97341,3.06292,1.26575,2.1816,2.4386,4.03266,0.995941,5.37237,10.1386
2023-04-28,2.63825,5.4576,2.63536,3.79464,8.46833,0.611886,4.62012,3.39534,2.26393,6.50294,1.64387,1.78231,1.60465,1.76873,4.52042,0.232069,0.549578,1.79649,1.02911,1.28674,0.942957,1.29736,1.0749,0.528291,1.18699,1.71152,1.61401,2.17862,1.79859,0.348172,0.401698,0.510915,0.867087,1.35666,0.125076,0.109389,0.0374455,2.35004,4.68918,6.05403,3.10159,1.20336,2.12758,2.3184,3.92699,1.02425,5.42098,10.3291
2023-05-05,2.80485,5.75048,2.74795,3.96126,8.36493,0.651456,4.83818,3.38771,2.25896,6.42973,1.63688,1.79445,1.5717,1.80832,4.81136,0.203359,0.476532,1.77753,1.04138,1.28841,0.924685,1.25387,1.05776,0.53461,1.20099,1.67732,1.62834,2.22965,1.89033,0.321523,0.394151,0.482887,0.858849,1.31258,0.120057,0.110563,0.0370439,2.35691,4.59847,5.92562,3.06073,1.2489,2.1544,2.40615,3.71221,1.0033,5.37797,10.3397
2023-05-12,2.86221,5.83082,2.79617,4.035,8.05847,0.661697,4.77879,3.35838,2.27074,6.26509,1.64151,1.79864,1.53822,1.82677,4.93311,0.198099,0.460512,1.74614,1.02123,1.26921,0.926523,1.24884,1.07977,0.531667,1.19212,1.66446,1.6501,2.21161,1.90919,0.314157,0.389488,0.463522,0.85981,1.28875,0.114392,0.108148,0.0352844,2.33134,4.48222,5.7943,3.08295,1.26435,2.19092,2.43591,3.67815,0.984791,5.36441,10.4082
2023-05-19,2.83327,5.76493,2.77731,4.03007,8.1224,0.654114,4.83475,3.43393,2.29931,6.37142,1.68306,1.77988,1.54403,1.79074,5.08006,0.207304,0.468985,1.80199,1.02147,1.2897,0.923399,1.27864,1.1141,0.541666,1.1775,1.62077,1.60684,2.22867,1.95158,0.323643,0.390228,0.480064,0.905176,1.304,0.115535,0.108453,0.0352392,2.37733,4.76656,5.95721,3.13737,1.30372,2.27621,2.51175,3.61608,1.02328,5.45604,10.7759
2023-05-26,2.75644,5.59086,2.6769,3.8732,7.85396,0.625048,4.89639,3.40491,2.26556,6.20685,1.60988,1.76912,1.53898,1.77466,4.87991,0.203531,0.473666,1.81659,1.04936,1.39919,0.910162,1.24287,1.12465,0.562102,1.15133,1.60415,1.62458,2.25587,2.03034,0.323822,0.392556,0.481766,0.9388,1.27266,0.118491,0.109319,0.0370923,2.29347,4.8755,6.02506,2.98233,1.34962,2.33638,2.60018,3.64679,1.09881,5.47429,11.1566
2023-06-02,2.80234,5.62409,2.72319,3.94323,8.03661,0.639622,5.02339,3.44785,2.29871,6.34316,1.64575,1.81335,1.58879,1.84042,5.02802,0.207626,0.481349,1.86072,1.07643,1.40255,0.927936,1.2534,1.17002,0.549811,1.16982,1.63141,1.62617,2.24224,2.08327,0.339249,0.389988,0.487268,0.95252,1.30004,0.127622,0.112799,0.0399782,2.32556,4.82207,6.19146,2.98653,1.37644,2.3726,2.65186,3.78493,1.14716,5.57725,11.3567
2023-06-09,2.81974,5.66046,2.76584,4.00574,8.37578,0.650781,5.14394,3.44835,2.2919,6.48193,1.63792,1.82252,1.64085,1.88723,5.11409,0.221214,0.495824,1.89986,1.07001,1.39611,0.920446,1.27858,1.18291,0.56061,1.16446,1.65027,1.66191,2.32081,2.1479,0.334702,0.397368,0.499106,0.979834,1.30406,0.131242,0.118469,0.041653,2.33223,4.85177,6.22987,3.0531,1.3938,2.41082,2.68531,3.80809,1.16948,5.60306,11.3519
2023-06-16,2.88644,5.79436,2.82813,4.11064,8.60593,0.66781,5.26423,3.48116,2.30245,6.70772,1.67922,1.83662,1.67952,1.91658,5.21383,0.225808,0.497977,1.94364,1.10877,1.44686,0.938082,1.36123,1.21892,0.572354,1.19375,1.71455,1.73574,2.28827,2.15507,0.336061,0.396085,0.504419,1.01306,1.33417,0.133115,0.120949,0.0425896,2.41177,5.01095,6.4825,3.15432,1.3714,2.40958,2.64215,3.98042,1.1978,5.74893,11.782
2023-06-23,2.83233,5.70802,2.74827,4.02507,8.27928,0.64722,5.12548,3.37102,2.28172,6.46537,1.64563,1.83382,1.6605,1.88718,5.09129,0.215723,0.488707,1.88252,1.0884,1.38516,0.91974,1.31499,1.20552,0.562509,1.17019,1.68987,1.65049,2.23814,2.12644,0.349635,0.394658,0.490719,1.00461,1.30719,0.12697,0.116939,0.0413255,2.37185,4.87875,6.18533,3.09732,1.33111,2.342,2.56453,3.81008,1.17948,5.66717,11.6253
2023-06-30,2.91315,5.90325,2.86204,4.19726,8.64476,0.668226,5.2398,3.42973,2.3298,6.66868,1.70312,1.89278,1.74625,1.97262,5.29602,0.228295,0.510043,1.96108,1.12139,1.41812,0.95603,1.36556,1.22623,0.575141,1.21341,1.72747,1.71642,2.34242,2.25969,0.354618,0.394462,0.502062,1.03895,1.33556,0.138638,0.118859,0.0454675,2.51923,5.04727,6.42577,3.18581,1.40178,2.42794,2.70068,3.96629,1.26058,5.79891,11.8459
2023-07-07,2.88271,5.82746,2.82302,4.12327,8.4837,0.656672,5.21893,3.40212,2.31734,6.59681,1.67782,1.8803,1.71819,1.94279,5.22445,0.228657,0.509882,1.92622,1.12023,1.42052,0.957677,1.34244,1.20178,0.565025,1.17628,1.69592,1.68912,2.28468,2.23752,0.358625,0.394462,0.502159,1.04851,1.33755,0.141995,0.120993,0.0467094,2.46704,5.03224,6.48431,3.16751,1.43448,2.43523,2.76367,4.26649,1.28343,5.73703,11.744
2023-07-14,2.99765,6.01155,2.96243,4.30032,8.79091,0.679695,5.33042,3.52494,2.32464,6.81536,1.76574,1.97418,1.74015,1.97215,5.36271,0.245126,0.519392,2.02537,1.18529,1.53453,1.01635,1.38655,1.24779,0.588325,1.20971,1.75007,1.73999,2.37585,2.33871,0.375437,0.395308,0.517126,1.07477,1.36586,0.156748,0.125524,0.0502476,2.55258,5.18186,6.73714,3.27529,1.52378,2.55867,2.93573,4.87566,1.42923,5.8774,12.1554
2023-07-21,3.10905,6.17911,3.03612,4.40316,8.93554,0.696639,5.49853,3.61055,2.34289,7.00262,1.82161,1.98535,1.76676,2.00065,5.55702,0.250062,0.516632,2.00427,1.17368,1.54989,1.0007,1.3938,1.22807,0.58858,1.20195,1.77817,1.73239,2.36765,2.35225,0.385541,0.406324,0.507444,1.10555,1.34499,0.156339,0.122521,0.0520495,2.54984,5.2746,6.83363,3.26963,1.52644,2.5566,2.94084,5.01325,1.51301,5.91533,12.0451
2023-07-28,3.16465,6.16878,2.98363,4.26427,8.6366,0.677988,5.59549,3.65905,2.31483,7.23926,1.83458,2.02228,1.69476,1.91467,5.66165,0.266635,0.506842,2.03168,1.16408,1.55932,1.01326,1.39674,1.22156,0.605092,1.20701,1.81184,1.76937,2.33683,2.4653,0.385272,0.396718,0.506445,1.09519,1.35855,0.154886,0.121603,0.0529069,2.54869,5.34986,6.94202,3.28502,1.58254,2.6271,3.04894,5.3387,1.61043,5.97734,12.2968
2023-08-04,3.13351,5.9991,2.90374,4.17398,8.48289,0.659849,5.61154,3.58867,2.29,7.3048,1.80762,1.94096,1.64718,1.85904,5.5606,0.25974,0.507592,1.98457,1.13452,1.49838,1.00694,1.35173,1.15004,0.586915,1.1737,1.73068,1.73199,2.32553,2.43513,0.35785,0.387146,0.496052,1.05117,1.33589,0.153528,0.117078,0.0518581,2.44207,5.31983,6.84302,3.23695,1.52482,2.53719,2.93773,5.04643,1.57034,5.84508,11.93
2023-08-11,3.07154,6.01205,2.7811,4.02817,8.38258,0.664029,5.36958,3.48246,2.25418,7.12223,1.76218,1.90717,1.60893,1.89462,5.32668,0.24922,0.499426,1.96209,1.123,1.47629,0.981741,1.35248,1.10196,0.574172,1.18429,1.69105,1.66387,2.17895,2.29566,0.339803,0.372732,0.489126,1.03525,1.30704,0.149172,0.113127,0.0516106,2.42629,5.3179,6.74842,3.16713,1.42986,2.45654,2.75477,4.30366,1.3139,5.82991,11.744
2023-08-18,2.9777,5.90167,2.69559,3.90488,8.06552,0.62426,5.28674,3.40507,2.19408,6.95568,1.67255,1.88239,1.58367,1.8709,5.11109,0.23517,0.468706,1.92031,1.06082,1.43747,0.946537,1.32613,1.08786,0.565037,1.14279,1.66533,1.63237,2.11778,2.20088,0.325467,0.368935,0.480206,1.0273,1.27045,0.137789,0.109233,0.0497099,2.33929,5.18841,6.44445,3.14149,1.347,2.32943,2.59513,3.94283,1.22226,5.71021,11.4839
2023-08-25,3.03317,5.95114,2.72909,4.01419,8.3489,0.646713,5.31292,3.4606,2.21058,6.91369,1.6931,1.86422,1.62953,1.93348,5.31318,0.24392,0.487415,1.93852,1.07924,1.47265,0.978104,1.31781,1.12341,0.584681,1.1443,1.70149,1.62145,2.13283,2.20929,0.331779,0.36676,0.484401,1.06183,1.27081,0.13637,0.110142,0.0440763,2.34639,5.23988,6.42867,3.17845,1.35767,2.33746,2.61569,4.01066,1.22454,5.7556,11.6728
2023-09-01,3.08344,6.09165,2.77025,4.07395,8.4612,0.65727,5.39916,3.48162,2.22079,7.17398,1.71296,1.95275,1.59969,1.88159,5.3792,0.249226,0.480679,1.99903,1.08208,1.45904,0.941275,1.34663,1.06924,0.581329,1.18639,1.79014,1.68204,2.16418,2.31188,0.341617,0.367151,0.476818,1.01084,1.32113,0.140664,0.108046,0.0441519,2.45386,5.37443,6.5999,3.31415,1.46908,2.49114,2.83033,4.35241,1.34573,5.90238,12.1079
2023-09-08,3.04589,6.01748,2.76943,4.07274,8.40781,0.65176,5.16836,3.34069,2.12716,7.15382,1.68113,1.93766,1.56093,1.82994,5.372,0.249613,0.471123,1.97081,1.08158,1.45692,0.910633,1.34433,1.03307,0.579084,1.17317,1.76994,1.6529,2.1171,2.28755,0.340796,0.366716,0.469112,0.991197,1.30496,0.138433,0.106986,0.0413325,2.42251,5.32779,6.43504,3.33562,1.44714,2.44942,2.78808,4.13136,1.23091,5.82821,11.9473
2023-09-15,2.99423,6.01457,2.73099,4.06967,8.32564,0.658186,5.17956,3.34012,2.12813,6.99916,1.63671,1.93353,1.54261,1.79948,5.35116,0.246607,0.469853,1.92281,1.07848,1.45714,0.891419,1.33572,1.03307,0.573717,1.17178,1.73803,1.61082,2.05122,2.27681,0.341954,0.370344,0.464338,0.967861,1.29894,0.137653,0.104988,0.0411232,2.47555,5.40451,6.45997,3.34696,1.37003,2.3605,2.6395,4.03706,1.23053,5.82054,11.8905
2023-09-22,2.76505,5.56134,2.58816,3.83369,7.94141,0.613926,4.89416,3.12804,1.95881,6.62823,1.55084,1.87731,1.43389,1.67026,5.04287,0.222012,0.423059,1.86566,1.03645,1.43994,0.873156,1.31316,0.989711,0.553698,1.14683,1.66484,1.56725,1.98134,2.19558,0.338926,0.368933,0.438542,0.911832,1.24876,0.124343,0.0983303,0.0382612,2.38236,5.12746,6.31989,3.13356,1.24251,2.19193,2.39384,3.61994,1.1173,5.65053,11.4935
2023-09-29,2.74962,5.62106,2.63812,3.89917,7.99818,0.646321,4.81423,3.07827,1.96101,6.80152,1.54958,1.92458,1.39443,1.61323,5.16583,0.22727,0.443638,1.86115,1.01924,1.40944,0.864192,1.29513,0.977946,0.545754,1.13988,1.62967,1.54864,2.035,2.18686,0.341853,0.368162,0.437917,0.906283,1.24533,0.12444,0.0990354,0.0380426,2.38599,5.09653,6.2999,3.14383,1.31963,2.29745,2.54242,3.8172,1.14401,5.61194,11.505
2023-10-06,2.75199,5.54825,2.67799,3.96772,7.93675,0.662693,4.8762,3.12992,1.97837,6.82258,1.5511,1.91184,1.39117,1.6106,5.31649,0.230871,0.454786,1.85715,1.00653,1.40681,0.863798,1.24833,0.959962,0.542359,1.13133,1.62082,1.5239,2.01346,2.18171,0.333228,0.359851,0.424955,0.908167,1.24969,0.121407,0.0971141,0.0378404,2.35076,5.01836,6.24187,3.13177,1.3125,2.28264,2.52867,3.67532,1.06455,5.63898,11.7115
2023-10-13,2.77747,5.55537,2.69454,4.02328,7.89894,0.675451,4.82169,3.12671,1.99652,6.86974,1.5693,1.89936,1.35234,1.59419,5.39998,0.235373,0.457922,1.81915,1.03038,1.45322,0.893611,1.24469,0.956798,0.549715,1.15798,1.64603,1.53343,2.02743,2.19076,0.326626,0.358775,0.436342,0.917757,1.27877,0.124585,0.0985735,0.0377149,2.34763,4.87435,6.22846,3.11181,1.31357,2.29015,2.53073,3.5303,1.06849,5.66471,11.7301
2023-10-20,2.69931,5.39159,2.60489,3.85335,7.74223,0.647375,4.73792,3.09329,1.98361,6.69599,1.52851,1.82644,1.32985,1.56171,5.19195,0.22602,0.442516,1.73662,0.999271,1.41473,0.879717,1.21678,0.937365,0.529838,1.12401,1.60952,1.47924,1.96002,2.11549,0.319234,0.358924,0.42573,0.888352,1.22408,0.116853,0.0957702,0.0362137,2.27001,4.75416,5.93787,3.0059,1.2298,2.18793,2.36933,3.32016,1.02876,5.52936,11.3872
2023-10-27,2.61954,5.30218,2.51305,3.73755,7.36116,0.618327,4.65001,3.0463,1.92759,6.4037,1.51182,1.78986,1.29187,1.5054,4.94489,0.216159,0.426498,1.71086,0.963854,1.37371,0.844499,1.18518,0.918215,0.515898,1.08509,1.57542,1.42444,1.92271,2.04205,0.315301,0.359349,0.410931,0.862239,1.1939,0.114038,0.0943882,0.0353297,2.25695,4.68602,5.85277,2.94859,1.1856,2.11758,2.28418,3.12322,0.996759,5.39139,11.0889
2023-11-03,2.72792,5.37425,2.6895,3.83014,7.95151,0.659132,4.812,3.16415,1.97678,6.97187,1.61364,1.9123,1.35573,1.56886,5.12501,0.227145,0.434759,1.80391,1.02205,1.40988,0.871924,1.25129,0.952041,0.521623,1.14603,1.64634,1.47733,1.96677,2.09512,0.324286,0.363615,0.420369,0.920223,1.24098,0.121911,0.0986074,0.0374179,2.42253,5.05008,6.55105,3.28126,1.29671,2.34353,2.28003,3.13963,1.02819,5.70659,11.8082
2023-11-10,2.7289,5.37619,2.66777,3.80167,8.00795,0.642845,4.86682,3.19537,1.98157,7.03933,1.6297,1.88215,1.3295,1.54205,5.13191,0.222587,0.434056,1.80828,1.05808,1.44218,0.888389,1.2734,0.968684,0.520733,1.18008,1.67028,1.52094,1.95854,2.1355,0.322079,0.363925,0.41795,0.915385,1.26183,0.119897,0.0967208,0.034409,2.36661,5.02902,6.52895,3.30992,1.3006,2.38266,2.28003,3.13963,1.02819,5.78431,12.1511
2023-11-17,2.74279,5.40356,2.78271,3.96547,8.42946,0.666228,5.07601,3.21761,1.97808,7.12994,1.62856,1.89764,1.30202,1.5336,5.18061,0.230615,0.441026,1.89016,1.06519,1.42204,0.895554,1.27995,0.982928,0.530038,1.2051,1.67116,1.54426,1.96603,2.14981,0.322544,0.363153,0.418226,0.949277,1.30169,0.125348,0.0986547,0.0369642,2.47983,5.1681,6.75809,3.36534,1.40572,2.5125,2.28003,3.13963,1.02819,5.91795,12.3968
2023-11-24,2.7792,5.47529,2.84198,4.04993,8.55911,0.680701,5.15158,3.26187,1.99681,7.30778,1.64411,1.90349,1.31369,1.54442,5.27591,0.23289,0.444125,1.93218,1.08989,1.44081,0.915857,1.30586,1.00189,0.536511,1.22561,1.69915,1.56912,1.97063,2.17878,0.32588,0.366345,0.421284,0.992904,1.32236,0.127274,0.0986986,0.0371022,2.53519,5.25682,6.98827,3.41901,1.40026,2.51572,2.28003,3.13963,1.02819,5.97716,12.5082
2023-12-01,2.83638,5.58794,2.88823,4.10067,8.72832,0.68923,5.25282,3.29128,1.99735,7.5785,1.67066,1.86633,1.35273,1.6135,5.40011,0.239264,0.444538,1.95034,1.0961,1.46447,0.923417,1.32316,1.05454,0.549166,1.23709,1.72033,1.67203,2.08331,2.31148,0.335782,0.365971,0.428897,1.0383,1.34079,0.128358,0.0987785,0.0387462,2.59769,5.45745,7.13642,3.52968,1.42398,2.54493,2.37257,3.30509,1.05828,6.02704,12.522
2023-12-08,2.83422,5.58777,2.88467,4.04912,8.70323,0.682009,5.25054,3.27293,1.99581,7.60123,1.66787,1.85668,1.36505,1.62083,5.36952,0.241968,0.445727,1.92916,1.13775,1.51329,0.9274,1.32787,1.06351,0.55245,1.2347,1.69956,1.68837,2.08915,2.31967,0.349472,0.3691,0.428348,1.04423,1.37621,0.128429,0.0978164,0.0380063,2.64291,5.47708,7.27872,3.59229,1.4821,2.57425,2.46939,3.46818,1.06798,6.04148,12.5937
2023-12-15,2.96813,5.86539,3.01782,4.15547,9.44773,0.708037,5.50501,3.41439,2.04205,7.59382,1.69497,1.94577,1.39221,1.64455,5.51324,0.252567,0.46206,1.98299,1.12739,1.53608,0.937907,1.38632,1.08563,0.570178,1.23914,1.68464,1.74567,2.18433,2.38736,0.348195,0.367057,0.438931,1.05202,1.48169,0.140015,0.102924,0.0422845,2.77759,5.57304,7.46446,3.61259,1.57422,2.69806,2.62289,3.62714,1.08827,6.18632,13.0166
2023-12-22,2.9936,5.91573,3.04716,4.19518,9.52275,0.714804,5.61036,3.42567,2.04699,7.64533,1.71872,1.96667,1.40083,1.65896,5.53803,0.25443,0.462309,1.972,1.16837,1.58813,0.95173,1.37159,1.10736,0.577788,1.26928,1.69577,1.75366,2.19368,2.4069,0.363212,0.368882,0.458681,1.06854,1.50192,0.143431,0.106006,0.042305,2.78286,5.7036,7.52704,3.64505,1.64636,2.77359,2.74309,3.89875,1.14509,6.24326,13.1404
2023-12-29,3.00076,5.94073,3.06638,4.22164,9.58637,0.719312,5.58821,3.40828,2.04689,7.61421,1.72401,1.98235,1.39495,1.66103,5.57735,0.250475,0.464738,2.01133,1.1666,1.5703,0.946336,1.37931,1.10844,0.580038,1.26725,1.70942,1.75238,2.21096,2.40451,0.360156,0.36378,0.442991,1.06994,1.49283,0.139884,0.104771,0.041114,2.79394,5.68862,7.59302,3.65696,1.60172,2.71798,2.6687,3.85372,1.13143,6.26515,13.184
2024-01-05,2.93046,5.82056,2.96863,4.09235,9.3249,0.696803,5.38816,3.30411,2.01301,7.36138,1.65658,1.98306,1.33484,1.58453,5.32554,0.235515,0.440067,1.99743,1.12674,1.50643,0.890853,1.35797,1.08845,0.565547,1.23067,1.69543,1.69438,2.15619,2.30579,0.347052,0.360892,0.420182,1.07673,1.44379,0.131819,0.101492,0.0386239,2.73549,5.54415,7.22674,3.52295,1.48708,2.56568,2.4777,3.54498,1.06848,6.16774,12.7729
2024-01-12,2.94296,5.89114,2.99339,4.09559,9.42416,0.699018,5.37522,3.26807,2.01775,7.34296,1.65016,2.00272,1.35886,1.60349,5.31712,0.222215,0.414122,2.01746,1.12357,1.48752,0.91136,1.35909,1.1035,0.566746,1.247,1.73847,1.8031,2.22604,2.42763,0.353081,0.372599,0.385705,1.06112,1.47191,0.125215,0.10213,0.0361436,2.72915,5.60076,7.3016,3.57013,1.37204,2.53799,2.28603,3.41064,0.978138,6.2832,13.1853
2024-01-19,2.8945,5.73011,2.97557,4.07677,9.40534,0.680485,5.34453,3.32085,2.0362,7.2257,1.61161,2.00352,1.34393,1.61992,5.33531,0.20726,0.383275,2.0122,1.14476,1.50424,0.910848,1.37452,1.10961,0.574484,1.24642,1.73766,1.85576,2.31823,2.51086,0.346527,0.37038,0.362644,1.03447,1.47963,0.118355,0.095508,0.0332669,2.75449,5.58647,7.32856,3.56517,1.41204,2.57708,2.35267,3.27259,0.888197,6.359,13.5594
2024-01-26,2.92207,5.80489,3.00354,4.087,9.46826,0.681665,5.46555,3.39191,2.06183,7.34645,1.64549,2.02915,1.35781,1.63979,5.31324,0.217364,0.401181,2.03739,1.1659,1.5199,0.913155,1.38916,1.09591,0.577847,1.29682,1.75605,1.86928,2.32852,2.54721,0.34926,0.3697,0.377193,1.00043,1.48037,0.11643,0.0949607,0.0327319,2.75215,5.58153,7.34812,3.57344,1.47655,2.63665,2.46016,3.3317,0.90846,6.42464,13.6441
2024-02-02,2.93337,5.85466,3.00384,4.09341,9.63495,0.684265,5.65349,3.48272,2.05176,7.6412,1.69086,2.03512,1.36566,1.66864,5.39521,0.229683,0.410033,2.09153,1.21957,1.58379,0.975305,1.35865,1.13637,0.590438,1.32019,1.75727,1.93457,2.38799,2.63289,0.354486,0.372551,0.380647,1.01479,1.463,0.119681,0.0956717,0.0337167,2.78791,5.64939,7.43186,3.58795,1.58544,2.81177,2.64158,3.5053,0.950321,6.51612,13.8115
2024-02-09,2.90439,5.74488,3.00708,4.06295,9.48189,0.691327,5.56488,3.46264,2.06012,7.82334,1.68384,2.06023,1.36544,1.67535,5.48705,0.232621,0.411518,2.12375,1.23344,1.60011,0.994632,1.38769,1.14137,0.591855,1.31605,1.76571,2.01004,2.33537,2.74555,0.352757,0.372236,0.382277,1.03733,1.48307,0.123399,0.102174,0.0323839,3.03564,5.81221,7.49036,3.67374,1.9013,3.23698,3.16785,3.64294,1.10003,6.60641,14.0703
2024-02-16,2.93653,5.79524,3.00015,4.05758,9.53763,0.688286,5.68582,3.44355,2.07171,7.93169,1.67219,2.03253,1.38657,1.77012,5.45015,0.251596,0.451836,2.08048,1.27958,1.62254,0.984289,1.40162,1.13883,0.605698,1.37982,1.76147,1.99778,2.33164,2.71758,0.350327,0.368147,0.394676,1.07136,1.46067,0.152689,0.127271,0.0410663,3.24408,5.73635,7.35032,3.66412,2.13166,3.44296,3.55166,3.6214,1.17127,6.58413,13.8617
2024-02-23,3.05675,6.02265,3.08121,4.18142,9.57341,0.712943,5.85079,3.50277,2.07665,8.02592,1.69637,2.06837,1.38785,1.77176,5.6373,0.2618,0.461806,2.0887,1.26605,1.60554,0.986873,1.41803,1.14496,0.604364,1.39529,1.7624,1.9092,2.34423,2.6471,0.336232,0.357594,0.408612,1.03116,1.44833,0.140532,0.122137,0.0383475,3.24717,5.74802,7.31907,3.69121,2.10348,3.40578,3.50471,3.63634,1.14061,6.69406,14.0616
2024-03-01,3.13357,6.13027,3.16996,4.28675,9.8871,0.732562,5.89994,3.52132,2.08316,8.3136,1.735,2.09192,1.44809,1.83025,5.98129,0.272295,0.480383,2.07997,1.27919,1.63287,1.01512,1.42484,1.25592,0.626486,1.42513,1.79788,1.96121,2.3641,2.79547,0.343283,0.357379,0.422641,1.0874,1.53005,0.140509,0.127082,0.0392364,3.32336,5.80978,7.62798,3.86099,2.30679,3.75817,3.84346,3.79798,1.19666,6.75997,14.3459
2024-03-08,3.12584,6.08393,3.09231,4.18174,9.85621,0.716684,5.86592,3.51548,2.0669,8.33006,1.76787,1.97426,1.47573,1.83604,5.86896,0.251218,0.462213,2.09808,1.26006,1.65542,1.0202,1.43218,1.33474,0.620018,1.38934,1.80985,1.92309,2.35711,2.70374,0.328823,0.347485,0.38525,1.07283,1.55704,0.128737,0.117134,0.0353476,3.31923,5.84312,7.57559,3.80342,2.37591,3.7639,3.95862,3.83848,1.18188,6.74507,14.1337
2024-03-15,3.12292,6.0417,3.11336,4.22325,9.98391,0.720645,5.73588,3.44066,2.0324,8.24493,1.73383,1.95701,1.45993,1.82554,5.84257,0.240916,0.445655,2.11457,1.2485,1.62655,1.02542,1.44583,1.33356,0.619101,1.36035,1.82374,1.91456,2.44574,2.65226,0.336474,0.356953,0.38719,1.05107,1.54312,0.123968,0.116358,0.0344524,3.28379,5.86317,7.3636,3.75127,2.26711,3.58688,3.77735,3.62583,1.15053,6.74104,13.9695
2024-03-22,3.21327,6.21082,3.1549,4.29968,10.1912,0.733206,5.71636,3.60935,2.10792,8.47479,1.79052,2.01907,1.47416,1.86102,5.94666,0.247611,0.471311,2.12466,1.25217,1.62582,1.06565,1.48962,1.36456,0.633485,1.39177,1.87417,1.97295,2.36909,2.66868,0.324905,0.353684,0.39519,1.05814,1.58634,0.126746,0.12015,0.0347214,3.37018,5.95507,7.54314,3.84014,2.41226,3.78694,4.0192,3.77747,1.16243,6.89151,14.3897
2024-03-29,3.25074,6.27783,3.21389,4.35389,10.3909,0.737635,5.8314,3.66499,2.13693,8.68011,1.82396,2.06622,1.49566,1.89133,5.9606,0.25839,0.48011,2.16828,1.24395,1.5978,1.05442,1.51444,1.36508,0.637964,1.39239,1.8799,1.9744,2.38393,2.67243,0.333268,0.371833,0.407374,1.0538,1.6089,0.133754,0.124378,0.034624,3.4166,6.07326,7.64475,3.91111,2.42746,3.79366,4.04452,3.88195,1.19679,6.9161,14.3133
2024-04-05,3.15857,6.11964,3.20017,4.32049,10.4223,0.739281,5.62239,3.51257,2.04934,8.44202,1.76524,1.99028,1.45057,1.85488,5.90815,0.244803,0.467068,2.17592,1.22258,1.58392,1.00653,1.51335,1.32946,0.636127,1.33058,1.88517,1.94732,2.31962,2.76266,0.323714,0.365823,0.389551,1.01375,1.54384,0.125084,0.117534,0.0320781,3.32473,5.68977,7.35775,3.78762,2.2292,3.53977,3.71419,3.33368,1.12526,6.85475,14.1992
2024-04-12,3.10764,5.98982,3.17179,4.25869,9.86355,0.726842,5.4365,3.42006,2.01393,8.09564,1.71218,1.94322,1.45314,1.84409,5.75384,0.232949,0.453477,2.11327,1.15235,1.50146,0.981909,1.47661,1.29119,0.612608,1.2785,1.81411,1.87894,2.22691,2.64762,0.299176,0.350057,0.375138,0.9817,1.53995,0.122441,0.114458,0.03162,3.26526,5.56025,7.20553,3.71608,2.12159,3.36373,3.53488,3.08696,1.06308,6.75453,14.1282
2024-04-19,3.0559,5.85794,3.10943,4.14925,9.72386,0.708498,5.39397,3.3808,1.9574,8.00096,1.70625,1.90703,1.40871,1.77058,5.73156,0.220731,0.44614,2.08316,1.12254,1.47223,0.953994,1.47172,1.28502,0.59952,1.25495,1.78492,1.81194,2.15258,2.56873,0.280073,0.34389,0.350522,0.981873,1.48925,0.117768,0.111528,0.031865,3.16224,5.41614,6.96742,3.68478,1.97183,3.10762,3.28536,2.8652,0.936586,6.54707,13.3668
2024-04-26,3.15731,6.04781,3.2398,4.36054,10.3281,0.741745,5.59864,3.47879,1.9813,8.17739,1.7712,1.91992,1.46333,1.84323,5.90839,0.235145,0.466502,2.11033,1.15042,1.5022,0.949912,1.50682,1.30578,0.618805,1.27117,1.82452,1.87514,2.20978,2.65705,0.289329,0.347006,0.358639,0.998451,1.52799,0.127892,0.120466,0.0321681,3.26697,5.64652,7.3444,3.82212,2.26125,3.48003,3.76759,3.25584,1.07645,6.72028,13.8939
2024-05-03,3.13561,6.06938,3.19636,4.32952,10.1819,0.736334,5.70761,3.53368,2.02215,8.21956,1.75497,1.89971,1.45993,1.95747,6.01847,0.241658,0.478459,2.1142,1.14077,1.44855,0.939086,1.52356,1.30304,0.615598,1.28956,1.81097,1.87898,2.25795,2.67047,0.291203,0.360001,0.356665,1.00941,1.52679,0.129979,0.127045,0.032127,3.31411,5.65846,7.23703,3.76234,2.27407,3.53982,3.78894,3.30867,1.14404,6.76034,14.0383
2024-05-10,3.14447,6.09433,3.2557,4.40161,10.3453,0.746312,5.74665,3.59041,2.03734,8.19033,1.79301,1.94843,1.49966,1.98708,6.09051,0.245029,0.487462,2.13452,1.17703,1.45563,0.967278,1.54719,1.32098,0.6249,1.28715,1.85885,1.94617,2.34606,2.76709,0.291151,0.36058,0.364422,1.00893,1.54332,0.131755,0.127396,0.0327096,3.39096,5.74061,7.28747,3.82968,2.27045,3.57662,3.78291,3.25004,1.1246,6.88662,14.2504
2024-05-17,3.24416,6.28659,3.36939,4.54675,10.4917,0.782874,5.92436,3.62733,2.05989,8.58666,1.82709,1.97593,1.53939,2.05554,6.34289,0.244443,0.481876,2.1191,1.20575,1.47814,0.973316,1.56014,1.32252,0.633061,1.32428,1.87149,1.97771,2.38044,2.85599,0.301788,0.360424,0.346114,1.03685,1.59939,0.128537,0.126382,0.0318593,3.41303,5.84435,7.40798,3.90595,2.3831,3.71689,3.9706,3.45243,1.20111,7.00046,14.5631
2024-05-24,3.20251,6.10623,3.29914,4.45904,10.1767,0.765376,5.71256,3.57841,2.05416,8.52174,1.79731,1.94855,1.52282,2.09679,6.18364,0.245004,0.476237,2.10441,1.21331,1.45173,0.973981,1.54785,1.35599,0.623505,1.26687,1.88371,1.97054,2.42152,2.86708,0.304818,0.358498,0.34984,1.02877,1.59619,0.132871,0.131148,0.0333451,3.363,5.64073,7.25536,3.89919,2.4414,3.78587,4.06774,3.54822,1.21946,7.00033,14.7627
2024-05-31,3.14338,6.05253,3.2248,4.43756,10.1357,0.754799,5.69983,3.60087,2.04955,8.64022,1.82175,2.00538,1.54266,2.12401,6.14401,0.243719,0.481247,2.08814,1.21822,1.44209,0.982657,1.54978,1.36153,0.622334,1.2555,1.85657,1.97941,2.44244,2.79594,0.310861,0.364187,0.363618,1.05324,1.60883,0.131987,0.132711,0.0329949,3.34456,5.5995,7.1785,3.74045,2.35596,3.68844,3.92538,3.32618,1.16779,6.97296,14.5293
2024-06-07,3.14668,6.08366,3.17464,4.40766,9.96657,0.743043,5.81402,3.67291,2.0796,8.56276,1.82286,2.02034,1.54183,2.13183,6.13734,0.237093,0.473429,2.03539,1.17639,1.4409,0.965283,1.53556,1.37812,0.6228,1.2215,1.80651,1.94271,2.39751,2.75546,0.330364,0.366237,0.37207,1.01188,1.65236,0.136564,0.142268,0.0351944,3.36542,5.68074,7.23484,3.62536,2.29188,3.6047,3.81862,3.28768,1.14051,7.06075,14.9242
2024-06-14,3.0531,5.90242,3.12107,4.39263,9.97456,0.731419,5.76109,3.63983,2.06622,8.48248,1.83619,2.08917,1.51969,2.11185,5.97288,0.243096,0.473765,1.99251,1.17997,1.46968,0.990861,1.53783,1.42678,0.628375,1.22664,1.79344,1.91179,2.37323,2.7361,0.327481,0.366925,0.369175,1.02675,1.64654,0.13561,0.13991,0.0346819,3.35588,5.81381,7.11176,3.59756,2.30053,3.64001,3.83303,3.21116,1.08234,7.17671,15.4474
2024-06-21,3.04507,5.89923,3.20664,4.53091,10.2964,0.752694,5.87903,3.69119,2.07838,8.62786,1.85059,2.15132,1.51366,2.20254,5.94715,0.238262,0.472808,2.012,1.18515,1.44873,0.991688,1.55185,1.40713,0.627624,1.23169,1.80332,1.91851,2.37358,2.73363,0.328372,0.366702,0.374721,1.01785,1.63777,0.131627,0.138117,0.0340811,3.34845,5.86418,7.22268,3.51472,2.25239,3.61422,3.75282,3.19325,1.04653,7.22281,15.4793
2024-06-28,3.11886,5.9896,3.17494,4.44589,10.7146,0.742589,5.7655,3.71527,2.08289,8.63546,1.85104,2.15101,1.49994,2.18921,5.99629,0.244005,0.470489,2.00131,1.17177,1.44131,0.981487,1.5442,1.40252,0.627095,1.24434,1.77422,1.8794,2.35468,2.72122,0.316506,0.362355,0.375356,1.01015,1.613,0.13528,0.145045,0.0362607,3.30364,5.84397,7.26452,3.59739,2.24262,3.55946,3.73655,3.14892,1.01078,7.21896,15.4693
2024-07-05,3.11602,6.04532,3.1885,4.49489,10.6739,0.75618,5.76911,3.69979,2.1018,8.56959,1.85035,2.14664,1.48787,2.17935,6.14245,0.250735,0.47833,1.98328,1.16272,1.44281,0.971686,1.60022,1.39705,0.628281,1.26541,1.76814,1.87719,2.33648,2.71645,0.331364,0.36744,0.38765,0.991359,1.60697,0.131636,0.141247,0.0358286,3.33675,5.88779,7.24514,3.64567,2.22011,3.57761,3.69903,3.16819,1.03929,7.35718,16.0198
2024-07-12,3.19888,6.14811,3.27061,4.50562,10.6766,0.752936,5.78681,3.69681,2.119,8.6615,1.86759,2.20943,1.51798,2.21966,6.24586,0.254461,0.480318,2.03956,1.168,1.44804,0.981156,1.612,1.44505,0.638246,1.29279,1.81883,1.93585,2.36506,2.79831,0.324881,0.362127,0.386765,1.00408,1.6319,0.133425,0.141996,0.0366924,3.19884,6.09171,7.52007,3.73546,2.30735,3.66021,3.84439,3.33083,1.06021,7.42815,15.9766
2024-07-19,3.1861,6.13719,3.09311,4.23479,10.3392,0.706699,5.59832,3.6102,2.10449,8.32755,1.88299,2.14638,1.49645,2.19203,5.9867,0.250982,0.472971,2.07586,1.13913,1.37422,0.974494,1.55697,1.44616,0.630814,1.26787,1.81457,1.83083,2.28972,2.70935,0.335878,0.37263,0.391085,0.965434,1.56015,0.12682,0.137483,0.0363566,3.12264,6.00023,7.50826,3.67235,2.26503,3.51783,3.77387,3.20293,1.01452,7.28224,15.3444
2024-07-26,3.22053,6.24992,3.16022,4.36241,10.7548,0.724206,5.69606,3.62853,2.10823,8.22897,1.86544,2.16473,1.47689,2.1983,6.15006,0.242772,0.462591,2.09763,1.13631,1.3741,0.966538,1.55497,1.40724,0.643642,1.34818,1.83759,1.83549,2.29789,2.74346,0.33347,0.368893,0.397424,0.970518,1.6029,0.123121,0.138377,0.0357654,3.25083,6.09632,7.52721,3.67238,2.21062,3.42031,3.68322,3.34131,1.02482,7.22188,14.9482
2024-08-02,3.12285,6.09161,3.04216,4.24444,10.3074,0.688508,5.31888,3.4527,2.06376,7.72122,1.73059,2.09969,1.35444,2.02763,5.92212,0.229683,0.456267,2.05886,1.0814,1.33318,0.926758,1.53639,1.36932,0.614034,1.30897,1.84713,1.75438,2.22034,2.60183,0.322369,0.358405,0.385746,0.929784,1.51627,0.118287,0.137598,0.0342877,3.06197,5.91616,7.19768,3.48237,1.9603,3.07214,3.26616,2.90958,0.887484,7.06881,14.4891
2024-08-09,3.06724,5.93619,2.96054,4.15281,10.2073,0.694398,5.43814,3.48874,2.17129,7.94642,1.68551,2.21549,1.31919,2.03292,5.9155,0.230599,0.483838,2.06046,1.06617,1.30825,0.901424,1.51688,1.3598,0.605804,1.32981,1.87349,1.66643,2.19881,2.60406,0.333835,0.363085,0.385429,0.90436,1.55572,0.122238,0.145333,0.0361511,3.13277,5.80949,7.13074,3.47944,1.97073,3.12076,3.28353,2.92596,0.88415,7.07,14.5427
2024-08-16,3.10206,6.02979,3.01717,4.2526,10.3985,0.708224,5.50435,3.5045,2.17309,7.99633,1.69393,2.27424,1.34812,2.08122,6.00613,0.237785,0.495404,2.10182,1.08145,1.33357,0.916645,1.53561,1.40361,0.621915,1.48458,1.90942,1.69654,2.23828,2.78787,0.334492,0.361913,0.388297,0.924941,1.60117,0.133418,0.145216,0.0374717,3.21206,5.87401,7.26923,3.585,2.11025,3.45397,3.516,3.15998,0.924078,7.3528,15.3376
2024-08-23,3.12913,6.08248,3.07556,4.33489,10.6003,0.72193,5.61652,3.5109,2.17437,8.10918,1.70412,2.29786,1.40328,2.16403,6.09992,0.239668,0.495404,2.12838,1.10606,1.35197,0.952736,1.56309,1.42454,0.630698,1.53047,1.95686,1.71966,2.26036,2.89612,0.334865,0.362849,0.397572,0.959878,1.63,0.143732,0.14542,0.0398455,3.25558,6.06656,7.37444,3.63814,2.22622,3.59127,3.70922,3.38975,0.969723,7.45654,15.4981
2024-08-30,3.15754,6.1377,3.14955,4.43918,10.7064,0.739298,5.70121,3.55717,2.18275,8.09298,1.72045,2.3071,1.41083,2.17577,6.25489,0.235396,0.491078,2.18772,1.11615,1.37364,0.947388,1.60476,1.41839,0.634422,1.49697,1.97075,1.75139,2.32431,2.89555,0.329845,0.362443,0.39887,0.963468,1.63502,0.138339,0.1454,0.039208,3.27145,6.11069,7.40767,3.69959,2.15208,3.39514,3.58569,3.21538,0.919322,7.4771,15.3776
2024-09-06,3.00022,5.79996,3.0278,4.26397,10.245,0.69036,5.49964,3.46107,2.13682,7.88986,1.66215,2.2526,1.36147,2.08109,6.12893,0.219372,0.463045,2.10768,1.08706,1.34526,0.909233,1.57022,1.37734,0.617268,1.46488,1.91059,1.69579,2.24153,2.79871,0.327069,0.359105,0.377076,0.91173,1.55923,0.131276,0.140296,0.0359196,3.11805,5.88503,7.2628,3.44299,1.86685,3.06144,3.11045,2.99973,0.846626,7.16776,14.4871
2024-09-13,3.01729,6.03346,3.14035,4.44919,10.61,0.709407,5.64215,3.50794,2.14785,8.17755,1.75151,2.32205,1.35802,2.13075,6.48312,0.232803,0.490329,2.20649,1.11128,1.36743,0.93728,1.6037,1.43242,0.622714,1.54715,1.96936,1.7757,2.28797,2.9141,0.339098,0.359241,0.400074,0.971802,1.61943,0.139068,0.147842,0.0372054,3.21712,6.11479,7.45818,3.549,2.14177,3.41408,3.56851,3.29705,0.943977,7.45494,15.3476
2024-09-20,3.04484,6.08181,3.15749,4.47644,10.5833,0.712785,5.69655,3.53849,2.15204,8.18106,1.76233,2.40445,1.37488,2.14374,6.4958,0.2315,0.489842,2.253,1.12322,1.34031,0.938814,1.61991,1.44205,0.621277,1.50955,1.98873,1.8114,2.34212,2.87137,0.342516,0.364409,0.403872,0.975365,1.62125,0.140951,0.145494,0.0349504,3.19053,6.28239,7.61858,3.54862,2.17565,3.54679,3.62496,3.46264,0.95706,7.56084,15.5768
2024-09-27,3.09989,6.18152,3.21753,4.53735,10.7017,0.722484,5.73786,3.52372,2.14766,8.36702,1.76767,2.4152,1.37383,2.15283,6.56532,0.235431,0.49749,2.2678,1.145,1.33383,0.932947,1.6235,1.43366,0.620473,1.47118,1.98584,1.82451,2.32103,2.81115,0.347454,0.363181,0.408217,0.987885,1.65035,0.138375,0.147489,0.0347335,3.24761,6.25905,7.74883,3.59158,2.23307,3.65126,3.72064,3.43601,0.977897,7.60368,15.7381
2024-10-04,3.08405,6.18176,3.20283,4.51642,10.7135,0.712937,5.69307,3.49548,2.12775,8.31761,1.78197,2.36852,1.40183,2.19659,6.68478,0.234167,0.496414,2.27182,1.18345,1.34109,0.915628,1.61516,1.44788,0.615811,1.45314,2.0159,1.85211,2.35633,2.7724,0.349049,0.363181,0.40698,0.985562,1.65139,0.136291,0.145304,0.0338208,3.32645,6.2134,7.77801,3.66018,2.21317,3.69901,3.68748,3.37104,0.970663,7.62377,15.7565
2024-10-11,3.10205,6.21353,3.23967,4.55924,10.8737,0.720958,5.73664,3.49004,2.10502,8.65752,1.81983,2.398,1.38251,2.15848,6.73708,0.232314,0.501776,2.29944,1.16117,1.3543,0.927338,1.61662,1.43988,0.628334,1.46143,2.05371,1.87349,2.41428,2.78705,0.356295,0.365303,0.413376,0.981408,1.68814,0.139176,0.145796,0.0340876,3.34444,6.20733,7.85115,3.66204,2.25761,3.76874,3.76152,3.36599,0.985022,7.71159,15.9518
2024-10-18,3.11186,6.2827,3.19437,4.4829,10.9238,0.707705,5.89843,3.52934,2.13176,8.89747,1.86195,2.42274,1.39024,2.18193,6.71762,0.245303,0.519728,2.3201,1.1693,1.45756,0.968385,1.63136,1.47583,0.640329,1.4675,2.10708,1.88686,2.44413,2.88325,0.392659,0.401102,0.435832,1.05091,1.67464,0.156622,0.158146,0.0368302,3.36363,6.29119,8.08101,3.76064,2.37612,3.94357,3.95898,3.46528,1.01692,7.77825,15.9877
2024-10-25,3.06217,6.20755,3.10212,4.38689,10.6368,0.6944,5.83433,3.49514,2.10388,8.80026,1.85133,2.36701,1.36115,2.13148,6.55063,0.240845,0.518851,2.21708,1.17987,1.45793,0.96238,1.59885,1.42882,0.62919,1.44275,2.06584,1.8653,2.47051,2.88713,0.387202,0.398742,0.431995,1.05047,1.64479,0.151803,0.15595,0.0361037,3.2161,6.09942,7.91789,3.63903,2.39153,3.88948,3.98464,3.46262,1.00369,7.7044,16.0152
2024-11-01,3.05241,6.13367,3.06797,4.35249,10.6391,0.687538,5.75455,3.52308,2.13608,8.61415,1.83312,2.30084,1.3589,2.08015,6.50759,0.239887,0.509711,2.17487,1.1571,1.41261,0.934223,1.56168,1.39496,0.593155,1.42275,1.9879,1.85608,2.47122,2.83989,0.391199,0.401023,0.427341,1.02645,1.65133,0.146044,0.147365,0.0359821,3.19434,5.81162,7.91337,3.58977,2.22952,3.71946,3.71472,3.33314,0.969351,7.59796,15.7601
2024-11-08,3.18967,6.46135,3.29818,4.62612,11.1821,0.745525,6.12125,3.72319,2.25981,8.92987,1.94645,2.45235,1.41761,2.23002,6.97613,0.256631,0.560386,2.29599,1.24015,1.53521,1.01374,1.64544,1.56424,0.670029,1.52759,2.1228,2.09633,2.64772,3.25076,0.411093,0.424739,0.46488,1.0925,1.68548,0.160194,0.165114,0.0365318,3.27172,6.14243,8.09666,4.10793,2.48734,4.36196,4.14429,4.24673,1.22522,7.9592,16.6237
2024-11-15,3.13047,6.33999,3.30544,4.58935,10.5785,0.751073,5.78517,3.68025,2.24389,8.60288,1.9168,2.4234,1.3895,2.17231,6.88379,0.246576,0.523437,2.2418,1.23098,1.47396,0.972821,1.63504,1.48452,0.656399,1.46897,2.09571,2.02941,2.55731,3.40266,0.397641,0.403787,0.469024,1.05154,1.70363,0.15321,0.153628,0.0334651,3.20812,5.98165,8.01708,4.05087,2.43567,4.23633,4.0582,4.10266,1.14382,7.79368,16.0556
2024-11-22,3.32803,6.77658,3.4376,4.81076,11.2639,0.794404,5.89929,3.82889,2.30942,8.73016,2.04805,2.5173,1.42811,2.25693,7.28798,0.267776,0.561205,2.29183,1.282,1.53409,1.04762,1.67292,1.6235,0.708096,1.54203,2.21878,2.19351,2.71705,3.71667,0.406355,0.400429,0.502208,1.12595,1.76971,0.168485,0.166721,0.037611,3.52304,6.17476,8.36215,4.19366,2.6856,4.59953,4.47462,4.52127,1.29994,7.92354,16.3537
2024-11-29,3.34625,6.81506,3.49291,4.90741,11.6051,0.805587,5.98493,3.86364,2.31128,8.98231,2.10848,2.50951,1.43417,2.26874,7.33567,0.278675,0.573353,2.31665,1.29189,1.55026,1.06308,1.69337,1.65339,0.72664,1.57056,2.25187,2.21378,2.7109,3.95921,0.4082,0.402249,0.501921,1.16724,1.74053,0.168978,0.170773,0.0390001,3.5434,6.23361,8.2718,4.14153,2.67247,4.65079,4.45273,4.66655,1.39395,8.01721,16.4814
2024-12-06,3.37014,6.8673,3.51986,4.98535,11.7383,0.812617,6.05038,3.90152,2.29428,8.96492,2.10122,2.50446,1.44305,2.29146,7.35135,0.299704,0.628896,2.27085,1.30784,1.57785,1.09399,1.73202,1.63395,0.695732,1.56852,2.23101,2.1949,2.57274,3.83239,0.428028,0.412066,0.527795,1.14097,1.74821,0.175092,0.183253,0.0411069,3.68353,6.22217,8.24636,4.19838,2.70755,4.75289,4.51119,4.77018,1.45495,8.0872,17.0227
2024-12-13,3.31146,6.80287,3.42793,4.84105,11.5776,0.800067,5.91686,3.91441,2.2463,8.63114,2.04244,2.42255,1.43859,2.30108,7.20067,0.29924,0.614798,2.22567,1.28278,1.51335,1.08224,1.67279,1.60245,0.665362,1.56547,2.17366,2.05353,2.48626,3.67874,0.420655,0.408002,0.517774,1.104,1.72162,0.171241,0.178804,0.039865,3.64996,6.03022,7.85053,4.06932,2.41816,4.38998,4.02903,4.4001,1.35991,8.0393,17.1536
2024-12-20,3.1918,6.68526,3.27434,4.67103,11.1014,0.770373,5.84863,3.7431,2.2047,8.43678,2.0434,2.37509,1.38922,2.22544,7.15873,0.346811,0.697371,2.1674,1.23345,1.42775,0.98136,1.68019,1.5695,0.643475,1.5369,2.05826,2.1128,2.37561,3.89464,0.523801,0.408261,0.537567,1.00969,1.68316,0.179531,0.229377,0.041252,3.55751,5.88004,7.50231,3.99184,2.30391,4.20122,3.83867,5.05486,1.59485,7.89201,16.7698
2024-12-27,3.18908,6.68132,3.29181,4.67388,11.1069,0.769743,5.81377,3.795,2.2144,8.38107,2.02016,2.35363,1.39737,2.28356,7.12675,0.385324,0.750944,2.15687,1.30487,1.61868,1.07705,1.717,1.81277,0.679577,1.53302,2.112,2.4738,2.8552,4.10482,0.554326,0.43513,0.576527,1.10603,1.65324,0.196358,0.251095,0.0467854,3.60068,5.88698,8.12867,3.98823,2.202,4.17727,3.66886,5.08325,1.677,7.94354,16.9232
2025-01-03,3.13952,6.671,3.2775,4.65475,11.1389,0.76627,5.8364,3.8551,2.21031,8.29185,2.00383,2.38596,1.44286,2.34292,7.26249,0.406725,0.815604,2.13591,1.23857,1.47476,1.02792,1.66004,1.79002,0.661656,1.53328,2.07331,2.51928,2.79348,4.22879,0.564663,0.434724,0.549831,1.00758,1.71823,0.204222,0.270144,0.048663,3.59896,5.98401,8.2251,3.97046,2.35748,4.45494,3.92791,5.14907,1.6361,7.90269,16.7943
2025-01-10,2.99702,6.40487,3.20579,4.55954,10.8371,0.768769,5.8265,3.85677,2.2232,8.32325,2.00167,2.39363,1.45147,2.36006,7.2038,0.364007,0.745622,2.06043,1.14155,1.30303,0.864867,1.62378,1.44186,0.602261,1.46984,1.97073,1.97818,2.14998,3.72103,0.503346,0.376724,0.486223,0.904369,1.66711,0.18326,0.224461,0.0456405,3.5831,5.92723,7.50248,3.86814,2.08406,3.95797,3.47236,3.58392,1.08621,7.74969,16.4254
2025-01-17,3.01101,6.98971,3.40615,4.84454,11.5557,0.821278,5.95366,4.01694,2.36902,7.9207,2.07305,2.46214,1.6904,2.57963,7.82204,0.369926,0.77775,2.13192,1.1333,1.27758,0.858026,1.68241,1.44729,0.625939,1.49389,2.07199,1.88336,2.17386,3.6909,0.48567,0.363959,0.518152,0.837575,1.74016,0.196519,0.243111,0.0474454,3.77525,6.24446,7.9729,4.07324,2.1903,4.11029,3.64936,3.68055,1.13876,7.97785,16.8966
2025-01-24,2.98229,6.87867,3.47746,4.90345,11.7166,0.829146,5.95634,4.02133,2.36259,7.83975,2.07214,2.49046,1.76968,2.6853,7.88234,0.414067,0.822454,2.19085,1.19575,1.38394,0.883057,1.66415,1.58414,0.641881,1.59946,2.1413,2.02514,2.3514,4.01344,0.5152,0.357867,0.543901,0.847665,1.76813,0.202138,0.243773,0.0485013,3.80599,6.40924,8.04893,4.0485,2.4266,4.44011,4.04308,4.08498,1.25538,8.11656,17.1521
2025-01-31,3.02541,6.94477,3.43862,4.8382,11.6365,0.812441,6.13056,4.0691,2.4239,8.10552,2.07178,2.61595,1.78075,2.65947,7.85157,0.402758,0.896588,2.16466,1.11194,1.31846,0.811792,1.61352,1.53084,0.621683,1.45377,2.01693,1.97744,2.28523,3.97207,0.504784,0.364878,0.536966,0.832648,1.77457,0.20702,0.259037,0.0494223,3.66414,6.04995,7.70105,4.02617,2.28694,4.35526,3.81039,3.66813,1.12715,8.03445,16.9144
2025-02-07,3.07774,7.06003,3.44857,4.76437,11.3983,0.804985,6.12509,4.10153,2.41972,8.23835,2.06076,2.78047,1.7873,2.66055,7.99143,0.404292,0.925732,2.17802,1.11527,1.36008,0.820723,1.61968,1.56124,0.645654,1.44113,2.00734,2.10671,2.35412,3.91314,0.529206,0.399164,0.51978,0.860117,1.79862,0.199721,0.263005,0.0468108,3.85262,6.26561,7.69262,4.19012,2.32173,4.56986,3.86835,3.69406,1.11541,8.02043,16.9348
2025-02-14,2.98777,6.89526,3.42378,4.68393,11.3017,0.79098,6.04456,4.10845,2.41284,8.16031,2.04715,2.70008,1.75321,2.67357,7.8026,0.395363,0.949433,2.18225,1.08724,1.32195,0.826602,1.58935,1.58058,0.657083,1.47995,2.02169,2.04227,2.32305,3.95738,0.516149,0.397369,0.506059,0.878913,1.79291,0.185325,0.259641,0.0459504,3.88583,6.18486,7.78434,4.23462,2.36188,4.742,3.93524,3.70816,1.07758,8.13965,17.4281
2025-02-21,2.87353,6.65002,3.27882,4.44186,10.6665,0.752056,5.70816,3.90989,2.41476,7.67859,1.95169,2.5476,1.66802,2.50968,7.38065,0.346207,0.858368,2.14095,0.986951,1.17785,0.751719,1.54353,1.48576,0.630473,1.35483,1.89669,1.86957,2.21019,3.7034,0.477088,0.37698,0.468911,0.815878,1.76776,0.168991,0.23548,0.041183,3.80546,6.17557,7.56835,4.02552,2.1417,4.17353,3.5684,3.29675,1.00219,8.00935,17.0372
2025-02-28,2.7784,6.62335,3.26264,4.29418,10.5754,0.670184,5.51829,3.83484,2.39644,7.30517,1.85282,2.4668,1.58668,2.43458,7.09909,0.323253,0.761245,2.16675,0.913812,1.16384,0.708053,1.53138,1.44651,0.614997,1.2717,1.8721,1.82467,2.01299,3.44253,0.44382,0.339766,0.418819,0.782508,1.77899,0.160308,0.223827,0.0373772,3.68563,6.18169,7.62902,3.90923,1.83069,3.72974,3.05021,2.7424,0.874347,7.93246,16.4572
2025-03-07,2.68546,6.54401,3.05542,3.94463,10.2743,0.611944,5.50747,3.80516,2.42216,6.97891,1.76411,2.2433,1.61123,2.48864,6.7549,0.298378,0.743261,2.11455,0.922925,1.11572,0.70584,1.50188,1.36153,0.586642,1.25178,1.77436,1.74562,1.93545,3.33295,0.38998,0.309905,0.388882,0.786042,1.72207,0.138774,0.212225,0.0336163,3.5514,6.23179,7.58926,3.82001,1.75446,3.34663,2.92319,2.32177,0.779694,7.68868,15.9267
2025-03-14,2.59396,6.30325,2.98309,3.95814,10.0034,0.578685,5.58063,3.72166,2.44647,7.01808,1.71253,2.20372,1.54883,2.45743,6.64413,0.299219,0.720077,2.11457,0.874251,1.07228,0.698674,1.4558,1.34043,0.571216,1.29323,1.73009,1.73404,2.05294,3.26598,0.385293,0.302924,0.39556,0.758669,1.67862,0.140464,0.214758,0.032229,3.46408,6.19128,7.38267,3.75562,1.84356,3.59835,3.07164,2.68389,0.879878,7.51366,15.5339
2025-03-21,2.58169,6.2838,3.02568,4.01502,9.95126,0.58315,5.54272,3.74834,2.4387,6.98741,1.70396,2.26846,1.54907,2.46616,6.70484,0.296833,0.733701,2.13832,0.869654,1.0838,0.681787,1.47206,1.32434,0.562608,1.25439,1.74735,1.73292,1.99719,3.22156,0.376213,0.297925,0.387403,0.749517,1.71475,0.13815,0.212886,0.0320806,3.49236,6.17758,7.41987,3.85092,1.79534,3.54429,2.9913,2.49769,0.791099,7.55193,15.5721
2025-03-28,2.59103,6.31448,3.01514,4.02268,12.2454,0.584262,5.459,3.75088,2.42258,6.87725,1.65298,2.28307,1.50377,2.42895,6.59803,0.287231,0.728626,2.12031,0.860914,1.08462,0.668419,1.47554,1.32642,0.554374,1.23057,1.75363,1.73878,1.98146,3.20643,0.352717,0.290753,0.385892,0.767184,1.70977,0.135446,0.214298,0.0400539,3.32287,6.19635,7.46569,3.68922,1.66476,3.3353,2.77375,2.32826,1.03565,7.44052,15.2093
2025-04-04,2.4102,5.84117,2.74183,3.69783,11.5264,0.527133,4.92812,3.67449,2.31307,5.99673,1.48271,2.20924,1.43567,2.35172,6.04633,0.258541,0.681489,1.92523,0.804234,1.00545,0.618585,1.40648,1.2465,0.52503,1.07928,1.59497,1.60247,1.83766,2.95541,0.294565,0.257273,0.340223,0.737952,1.59435,0.124089,0.204012,0.0389627,3.01613,5.77387,6.94151,3.30907,1.46733,2.86891,2.75256,2.32405,1.35313,6.76591,13.7086
2025-04-11,2.42558,6.12552,2.87262,3.92706,11.7647,0.535048,4.94133,3.81921,2.34546,5.98733,1.47895,2.26629,1.45804,2.38159,6.36736,0.285848,0.739392,2.03638,0.779507,0.975534,0.609827,1.3672,1.27534,0.516802,1.04752,1.54209,1.59571,1.89125,2.93738,0.335951,0.296005,0.37973,0.750873,1.73197,0.134794,0.216708,0.0411076,3.08055,6.03007,7.26702,3.44141,1.64157,3.29199,2.75256,2.32405,1.35313,7.14968,14.7377
2025-04-18,2.43136,6.14037,2.86941,3.92397,11.4353,0.533279,4.93808,3.8204,2.34546,6.00466,1.5035,2.28294,1.42158,2.3406,6.36736,0.290265,0.741221,2.03309,0.767805,0.958692,0.604193,1.36295,1.28758,0.519103,1.03772,1.51751,1.61003,1.87163,2.91953,0.341191,0.300863,0.393349,0.718122,1.75448,0.13407,0.21966,0.0394655,3.14629,6.03957,7.30255,3.48298,1.61877,3.23999,2.75256,2.32405,1.35313,7.04885,14.4037
2025-04-25,2.49891,6.31096,2.96802,4.05882,12.1745,0.54377,5.05138,3.91346,2.37454,6.14328,1.56218,2.34788,1.47147,2.41739,6.45698,0.313602,0.771177,2.08409,0.774686,0.929077,0.624631,1.31413,1.2754,0.51078,1.0591,1.48432,1.59175,1.8884,2.87536,0.350901,0.304693,0.409573,0.715178,1.72743,0.146939,0.22146,0.0421973,3.32609,6.13536,7.44501,3.4268,1.80638,3.66767,2.75256,2.32405,1.35313,7.3733,15.3267
2025-05-02,2.46633,6.22868,2.94863,4.02977,12.5016,0.542636,5.11221,3.92679,2.34278,6.3216,1.5622,2.37071,1.50324,2.44412,6.44754,0.315267,0.757114,2.11156,0.777427,0.939723,0.631774,1.32386,1.26677,0.503387,1.08676,1.52867,1.60261,1.93877,2.86683,0.359985,0.313129,0.419533,0.751314,1.72752,0.152135,0.219365,0.0430783,3.46183,6.26389,7.6049,3.49298,1.97802,3.88019,2.75256,2.32405,1.35313,7.58915,15.8544
2025-05-09,2.51163,6.34308,2.90677,4.03816,12.5256,0.544508,5.09802,3.96777,2.33713,6.46636,1.58532,2.37259,1.47999,2.36784,6.493,0.335477,0.776741,2.16438,0.773965,0.942292,0.623456,1.32823,1.26783,0.501433,1.07095,1.50455,1.57604,2.00486,2.84925,0.366576,0.32285,0.430433,0.788654,1.72687,0.157137,0.22362,0.0435064,3.52716,6.3557,7.66011,3.53822,2.10086,4.02579,2.75256,2.32405,1.35313,7.55675,15.8265
2025-05-16,2.57627,6.50632,2.93621,4.08143,12.704,0.55467,5.38134,4.06185,2.3687,6.41071,1.65193,2.40943,1.51605,2.47183,6.6174,0.349285,0.785597,2.20943,0.829482,0.940809,0.651302,1.34337,1.31328,0.518375,1.12484,1.55112,1.58322,2.06536,2.9001,0.378536,0.333431,0.4422,0.91723,1.78276,0.171847,0.232183,0.0479923,3.62811,6.87818,8.16905,3.78833,2.38334,4.39941,2.75256,2.32405,1.35313,7.95659,16.9144
2025-05-23,2.54084,6.41818,2.83495,3.93972,12.1752,0.537942,5.20584,4.00415,2.35336,6.56185,1.61016,2.44138,1.48552,2.43863,6.55914,0.338816,0.78817,2.23152,0.826498,0.940929,0.658021,1.3193,1.3126,0.516602,1.17271,1.51374,1.69408,2.24224,3.11202,0.372726,0.339649,0.430622,1.00149,1.72769,0.175609,0.236643,0.0467612,3.72412,7.0781,8.36262,3.7661,2.60402,4.60823,2.75256,2.32405,1.35313,7.75452,16.5164
2025-05-30,2.6148,6.60546,2.89183,4.00298,12.3896,0.547495,5.25663,4.10631,2.36637,6.57768,1.62856,2.44562,1.48365,2.45813,6.74548,0.336296,0.770804,2.28248,0.823941,0.875908,0.613824,1.30141,1.31787,0.52817,1.16481,1.47354,1.62564,2.17579,2.9742,0.382463,0.319389,0.421044,0.978192,1.74185,0.166796,0.219698,0.0480451,3.67257,7.00372,8.33998,3.81818,2.57234,4.64285,2.75256,2.32405,1.35313,7.89218,16.8365
2025-06-06,2.61423,6.61242,2.92023,4.03348,12.715,0.549868,5.23962,4.19099,2.38514,6.68515,1.66973,2.4596,1.45008,2.4329,6.80803,0.337184,0.775754,2.30122,0.836023,0.896358,0.61252,1.29747,1.33696,0.529893,1.20132,1.46106,1.58028,2.22409,2.91,0.386769,0.324468,0.412416,0.954508,1.72989,0.16637,0.221285,0.0476156,3.90907,7.19727,8.48805,3.88948,2.75341,4.92469,2.9517,2.38085,1.38548,8.02274,17.1871
2025-06-13,2.67156,6.733,2.94456,4.07698,12.6586,0.562443,5.19007,4.20215,2.41378,6.5804,1.7357,2.39984,1.38448,2.30623,6.84049,0.33827,0.759083,2.27894,0.83023,0.841397,0.566705,1.27163,1.34302,0.521473,1.12752,1.48959,1.52733,2.10545,2.81103,0.397584,0.332908,0.413236,0.916824,1.70487,0.167787,0.215822,0.0467366,3.8775,7.24218,8.28835,3.77889,2.76906,4.89452,2.96848,2.42899,1.40458,7.99408,17.0911
2025-06-20,2.70533,6.77883,2.96591,4.14704,12.716,0.57432,5.23218,4.24415,2.44704,6.76787,1.76472,2.39649,1.39376,2.35429,6.82919,0.333407,0.774526,2.26587,0.831826,0.850243,0.589596,1.28075,1.40491,0.530434,1.1616,1.55547,1.55217,2.10941,2.875,0.407161,0.340835,0.417884,0.952209,1.72741,0.175322,0.215594,0.0478747,3.883,7.24427,8.29525,3.79299,2.92988,5.09195,3.14088,2.41649,1.33675,7.98118,17.0869
2025-06-27,2.76511,6.96302,3.04605,4.27753,12.6806,0.597438,5.27826,4.41517,2.45659,6.82511,1.80087,2.43058,1.42479,2.38912,7.08008,0.348799,0.836218,2.30359,0.857268,0.848644,0.624833,1.2663,1.43327,0.528861,1.20223,1.58133,1.5313,2.07163,2.89363,0.405589,0.338718,0.433309,0.943232,1.77285,0.177666,0.220593,0.0477405,3.85691,7.3522,8.64294,3.82951,2.95949,5.19417,3.17262,2.27226,1.2626,8.25824,17.7964
2025-07-04,2.79535,7.01917,3.10351,4.36333,13.1947,0.610799,5.49134,4.45942,2.47449,6.94777,1.83884,2.46988,1.44688,2.4113,7.2451,0.354743,0.849666,2.29701,0.842174,0.828444,0.636974,1.26793,1.45738,0.536482,1.26865,1.5932,1.55511,2.14774,2.93471,0.422534,0.346206,0.450525,0.954842,1.79778,0.179165,0.216801,0.0488299,3.97259,7.8955,9.05943,4.01646,3.22547,5.4945,3.45775,2.35155,1.34292,8.39832,18.0604
2025-07-11,2.78579,6.99314,3.03231,4.29409,13.0059,0.601251,5.45642,4.45223,2.49729,7.06641,1.84609,2.41707,1.43045,2.40241,7.16873,0.348072,0.859896,2.29783,0.848829,0.809087,0.643547,1.2774,1.54084,0.524342,1.29302,1.5841,1.57369,2.07492,2.96268,0.438081,0.34003,0.45237,0.92293,1.78768,0.175382,0.211367,0.04499,3.88655,8.60418,9.30345,3.94226,3.38506,5.68989,3.62884,2.48117,1.41804,8.37522,17.9948
2025-07-18,2.85054,7.16323,3.1126,4.50578,13.2735,0.625281,5.67211,4.52122,2.49946,7.2857,1.94727,2.46507,1.47729,2.44061,7.37903,0.391123,0.924647,2.31566,0.933263,0.851019,0.691872,1.26388,1.79167,0.58505,1.46651,1.66322,1.70021,2.21698,3.28149,0.48017,0.347972,0.480235,0.994329,1.80553,0.190428,0.226611,0.0463223,4.03312,8.82554,9.36854,4.09195,4.12344,6.69256,4.42039,2.93614,1.69986,8.4284,18.224
2025-07-25,2.896,7.27913,3.11951,4.54903,13.3632,0.634016,5.79724,4.59481,2.52885,7.40126,2.00517,2.4278,1.42758,2.33834,7.40137,0.408511,0.941995,2.3732,0.911692,0.853061,0.688279,1.26881,1.75525,0.587118,1.46375,1.67475,1.6916,2.2176,3.16776,0.465232,0.342699,0.481869,1.02122,1.80191,0.188765,0.230609,0.0463443,4.04063,9.00727,9.5918,4.0236,3.8005,6.29941,4.07419,2.94669,1.63525,8.55626,18.3899
2025-08-01,2.8402,7.0867,3.07698,4.46779,13.2319,0.607595,5.46058,4.24968,2.42066,6.80124,1.91716,2.44165,1.43763,2.37578,7.30698,0.36967,0.844263,2.34675,0.82516,0.828594,0.651619,1.2107,1.70526,0.557345,1.36562,1.65415,1.6338,2.16334,3.04551,0.430288,0.335586,0.438586,0.977132,1.78489,0.178961,0.215653,0.0435224,3.91092,8.50779,9.66597,3.90244,3.53867,5.87089,3.79351,2.78341,1.47021,8.3497,17.9844
2025-08-08,2.75973,6.92584,2.97697,4.39303,13.0888,0.6082,5.50056,4.32052,2.45614,6.84188,1.94862,2.47994,1.45953,2.45442,7.23001,0.37855,0.864138,2.40397,0.819154,0.829459,0.645782,1.24343,1.82966,0.587419,1.35217,1.62732,1.66061,2.18651,3.08626,0.449184,0.34205,0.431797,0.960774,1.82645,0.184009,0.21058,0.0430429,3.82495,8.80809,9.96057,3.9305,3.90667,6.14357,4.18801,2.88286,1.57388,8.55733,18.6556
2025-08-15,2.80443,6.97362,3.05615,4.56425,13.3885,0.627408,5.73519,4.40263,2.51559,6.95091,1.95204,2.48176,1.48431,2.50048,7.30508,0.384143,0.907908,2.38663,0.824683,0.853163,0.651112,1.29132,1.83712,0.585502,1.34825,1.61303,1.60143,2.15115,3.04479,0.450251,0.348073,0.432237,0.941278,1.86285,0.187545,0.218554,0.0459249,3.96856,9.12022,10.0527,4.05456,3.78317,5.91023,4.05562,2.73481,1.47289,8.6414,18.7461
2025-08-22,2.88884,7.08741,3.12566,4.77115,13.9609,0.636083,5.90563,4.29981,2.5559,7.06617,1.96491,2.52754,1.51071,2.52341,7.63379,0.381016,0.905644,2.42814,0.813715,0.834402,0.645728,1.24248,1.81167,0.552329,1.31777,1.61319,1.57276,2.11865,2.99866,0.443355,0.344568,0.441942,0.93969,1.88034,0.189871,0.219148,0.0458493,4.07016,9.24978,10.2458,4.02445,3.61941,5.73393,3.88007,2.61312,1.43604,8.66652,18.5718
2025-08-29,2.80476,6.90417,3.03331,4.60448,13.5791,0.620081,5.69683,4.25204,2.54193,6.90775,1.96276,2.55421,1.49933,2.53553,7.72505,0.372168,0.872696,2.44434,0.82437,0.850044,0.645673,1.25201,1.7987,0.550585,1.33767,1.59092,1.57028,2.07864,2.98241,0.452283,0.340306,0.431699,0.927192,1.90508,0.187339,0.213428,0.0442226,3.99668,9.28284,10.1836,3.9598,3.71723,5.92463,3.98493,2.56696,1.46656,8.66302,18.5208
2025-09-05,2.73847,6.84372,2.97251,4.60892,13.6679,0.606096,5.60391,4.19125,2.50288,6.57428,1.9287,2.56262,1.49934,2.51439,7.81488,0.374876,0.862693,2.46956,0.829665,0.841909,0.659682,1.22724,1.82015,0.557365,1.33144,1.55484,1.68313,2.05414,3.21467,0.470137,0.352588,0.425561,0.983487,1.89935,0.199491,0.215611,0.0451288,3.97883,9.51038,10.258,3.94861,3.61813,5.97716,3.8787,2.41658,1.41413,8.69244,18.7046
2025-09-12,2.81617,6.95202,3.15937,4.83142,13.8644,0.614665,5.53335,4.11263,2.51294,6.67954,1.91429,2.5499,1.50463,2.46768,7.8488,0.3909,0.862157,2.45909,0.82848,0.876323,0.658861,1.21632,1.88513,0.590994,1.39917,1.58491,1.86143,2.15287,3.48487,0.482468,0.358325,0.426241,0.929013,1.94771,0.214379,0.227937,0.0500381,4.21163,9.95079,11.1726,4.28706,4.19776,6.7047,4.50006,2.737,1.59261,8.82902,19.0488
2025-09-19,2.83611,6.98946,3.22057,4.92015,13.6605,0.618758,5.81714,4.10162,2.54076,6.71865,1.93378,2.60549,1.55818,2.4868,7.7624,0.41177,0.865307,2.5451,0.890338,0.945313,0.67785,1.22646,1.94437,0.624776,1.50919,1.62166,2.046,2.45797,3.61621,0.491388,0.357438,0.436651,0.986701,1.97034,0.224763,0.229772,0.0515762,4.32071,10.1143,11.971,4.337,5.4388,8.09219,5.83048,3.12454,1.74725,8.93821,19.4608
2025-09-26,2.84365,6.99489,3.2905,5.04843,13.9082,0.633957,5.62123,4.10449,2.53032,6.47931,1.96199,2.63127,1.58509,2.52363,7.89808,0.411546,0.88746,2.54526,0.898666,0.953256,0.675072,1.18804,1.88489,0.602988,1.52367,1.62235,1.97614,2.47609,3.51645,0.474207,0.351737,0.450085,0.987573,1.97964,0.216559,0.234947,0.0491459,4.3023,9.85226,11.8704,4.35153,5.1603,7.68066,5.53193,3.0615,1.73088,8.91289,19.3735
2025-10-03,2.76732,6.91166,3.17539,4.96499,13.5637,0.632109,5.55699,4.10119,2.52745,6.51878,2.06858,2.61103,1.56131,2.49359,7.70404,0.451491,0.943788,2.56166,0.938683,1.05443,0.709737,1.20417,1.94912,0.619949,1.57389,1.65847,2.04995,2.71841,3.57868,0.510919,0.380108,0.493271,1.03141,2.00981,0.233831,0.256427,0.0542387,4.4536,9.81951,12.5418,4.50841,6.01184,8.42559,6.44479,3.35098,2.02252,9.01241,19.6079
2025-10-10,2.80411,7.05207,3.2037,5.03095,13.3061,0.642043,5.35816,4.02237,2.48807,6.28206,2.11461,2.53898,1.54892,2.48818,7.92246,0.432798,0.89964,2.49336,0.877729,1.11991,0.705758,1.165,1.89397,0.624261,1.57074,1.61094,1.98072,2.70905,3.45739,0.50401,0.370803,0.485539,1.00289,1.87573,0.230867,0.245718,0.0544332,4.33219,9.54256,12.4497,4.30647,5.99073,8.47124,6.42215,3.57787,2.18137,8.79438,19.1632
2025-10-17,2.89366,7.31111,3.28823,5.17139,13.5705,0.653008,5.3762,4.07167,2.49643,6.2549,2.13719,2.58102,1.55909,2.51655,8.13953,0.421028,0.900536,2.52391,0.814878,1.07067,0.713205,1.14942,1.83018,0.617999,1.60888,1.56121,2.03366,2.89087,3.49214,0.497898,0.368431,0.446246,0.958122,1.9918,0.23158,0.222856,0.0572501,4.52262,9.67166,12.6527,4.18945,6.17536,8.62052,6.62008,3.52272,2.24094,8.9475,19.6323
2025-10-24,2.98043,7.60315,3.39203,5.31092,14.1551,0.637682,5.21613,4.04403,2.58454,6.30792,2.23867,2.67391,1.53069,2.49258,8.31576,0.402273,0.913097,2.56283,0.805676,1.03189,0.738993,1.11447,1.8403,0.630043,1.57253,1.58077,1.93533,2.71574,3.46012,0.485335,0.343618,0.461929,0.861837,2.00069,0.241216,0.215857,0.0557441,4.69351,9.75259,13.1948,4.34781,5.72562,8.3781,6.13796,3.47107,2.16128,9.12069,20.0604
2025-10-31,2.95891,7.49999,3.44445,5.3039,13.6863,0.633242,5.10328,3.97998,2.56173,6.42084,2.30166,2.647,1.4985,2.43142,8.32259,0.403092,0.923079,2.52625,0.820789,1.05645,0.7539,1.09993,1.86734,0.642893,1.58915,1.56135,1.96209,2.78375,3.6412,0.46895,0.332089,0.457646,0.840482,2.00813,0.237153,0.213119,0.0548205,4.53632,9.43524,12.965,4.30217,6.06368,8.81944,6.50036,3.29291,2.12722,9.18546,20.4495
2025-11-07,2.8624,7.38109,3.1764,5.19024,13.1017,0.622682,4.87673,3.99525,2.46041,6.48541,2.23799,2.63132,1.437,2.30523,8.42329,0.383032,0.828681,2.54831,0.791336,0.930539,0.675766,1.09511,1.77793,0.577558,1.50644,1.47433,1.85834,2.5579,3.51114,0.437145,0.296107,0.418558,0.819819,1.94814,0.226982,0.205058,0.0501759,4.27244,8.72073,12.6485,4.19651,5.33967,7.49781,5.72422,3.02453,2.08854,9.03611,19.8211
2025-11-14,2.53931,6.64523,2.89982,4.72913,11.8597,0.518448,4.34302,3.78811,2.40894,5.86299,2.07015,2.57214,1.35129,2.196,7.71662,0.345454,0.775752,2.6219,0.723853,0.878179,0.647133,1.10064,1.71265,0.571415,1.4588,1.49211,1.79616,2.36789,3.31992,0.427369,0.293171,0.426963,0.820576,1.85819,0.205402,0.194465,0.04634,4.20802,8.62808,12.4823,4.13621,4.61992,6.7705,4.95263,2.80653,1.86743,9.04904,19.7925
2025-11-21,2.65917,6.88885,2.86917,4.69095,11.4494,0.491594,4.36963,3.76563,2.36849,5.73508,2.01807,2.40329,1.32326,2.16137,7.7025,0.311892,0.74762,2.60673,0.70721,0.869266,0.626779,1.08358,1.68785,0.556874,1.42257,1.49009,1.6895,2.25205,3.2731,0.396168,0.276193,0.413827,0.771528,1.85276,0.194595,0.185047,0.0441577,4.11901,8.50298,12.321,4.09017,4.09354,6.05689,4.38834,2.4545,1.60645,8.87531,19.1817
2025-11-28,2.75347,7.11806,3.01537,4.9918,11.9814,0.507868,4.51949,3.81407,2.39535,5.92061,2.10542,2.67059,1.35598,2.20269,7.88818,0.331143,0.787251,2.70904,0.746503,0.919757,0.649567,1.10576,1.75682,0.578965,1.50015,1.55301,1.81619,2.3898,3.48277,0.42542,0.286568,0.455395,0.796047,1.9517,0.218564,0.20494,0.0486584,4.27871,8.94556,13.1427,4.41182,4.64245,6.90773,4.97678,2.9001,1.90402,9.20338,20.1303
2025-12-05,2.72956,7.05626,2.9899,4.95132,12.05,0.503267,4.49606,3.79299,2.39,5.88511,2.11266,2.66815,1.33121,2.20007,7.83788,0.358781,0.843754,2.61184,0.751214,0.917273,0.637425,1.11577,1.73158,0.570813,1.4799,1.56412,1.87646,2.32853,3.38417,0.429028,0.281874,0.447174,0.788865,1.91671,0.228449,0.217223,0.0509455,4.41165,9.06106,13.3713,4.63384,5.01819,7.37853,5.37958,2.98735,1.86555,9.23435,20.3328
2025-12-12,2.71277,7.15552,3.01563,4.97462,12.2551,0.505635,4.44648,3.79408,2.42157,5.92803,2.07743,2.68869,1.31309,2.18967,7.74131,0.354416,0.829295,2.67587,0.755324,0.924858,0.634154,1.10602,1.71746,0.580016,1.48265,1.56039,1.94658,2.31749,3.44126,0.410322,0.276762,0.42633,0.795755,1.85203,0.227743,0.217923,0.0549937,4.53121,9.06464,13.4761,4.69108,4.56864,6.82241,4.89766,2.85439,1.79587,9.18142,19.9472
2025-12-19,2.75356,7.30452,3.07578,5.06762,12.1442,0.520422,4.33327,3.64939,2.40678,5.98382,2.08907,2.67222,1.27151,2.15498,7.85112,0.356461,0.825013,2.71376,0.757197,0.933779,0.65574,1.10624,1.73919,0.58396,1.4844,1.57564,1.97968,2.2945,3.47889,0.397209,0.276915,0.420624,0.785704,1.84103,0.231932,0.217651,0.0554087,4.55191,9.2142,13.5094,4.8797,4.45801,6.72459,4.77905,2.86967,1.85435,9.19275,20.0587
2025-12-26,2.81916,7.45972,3.16522,5.19092,12.4118,0.534161,4.33414,3.67367,2.43227,6.04982,2.07117,2.70074,1.244,2.10969,8.00183,0.355139,0.846147,2.7668,0.765162,0.939129,0.667124,1.11612,1.72294,0.586558,1.49769,1.57122,2.01575,2.32378,3.53731,0.396174,0.277752,0.411901,0.779268,1.81676,0.221354,0.216935,0.0512836,4.54945,9.17958,13.739,4.91031,4.25346,6.44349,4.55977,2.80614,1.87868,9.32404,20.3072
2026-01-02,2.86911,7.56246,3.26696,5.35506,11.9256,0.544044,4.32242,3.69349,2.42363,6.03985,2.11557,2.7214,1.25582,2.15654,8.22896,0.381837,0.924562,2.7416,0.756013,0.923855,0.662819,1.10968,1.69929,0.574215,1.47886,1.55652,2.02727,2.33619,3.51198,0.389831,0.272051,0.420024,0.783569,1.84251,0.226586,0.225038,0.0487807,4.6111,9.23203,13.6719,4.87746,4.57381,6.74959,4.9032,2.96265,1.90316,9.2276,19.9567
2026-01-09,2.98794,7.84986,3.42672,5.53503,12.5983,0.556956,4.42388,3.73947,2.48513,6.1959,2.24716,2.83896,1.25397,2.17012,8.53073,0.415936,0.962956,2.8547,0.823752,1.0166,0.691918,1.16593,1.688,0.582498,1.57542,1.56821,2.12571,2.29447,3.66886,0.418911,0.287552,0.445243,0.849878,1.9211,0.232375,0.23757,0.0502413,4.67767,9.32044,13.9347,4.9874,5.1673,7.52461,5.53943,3.39092,2.01862,9.37483,20.3971
2026-01-16,3.01372,7.84974,3.46061,5.56138,12.3537,0.560438,4.38425,3.70645,2.46897,6.3388,2.29218,2.74941,1.28912,2.23478,8.5797,0.438637,0.970142,2.81201,0.885752,1.07259,0.721306,1.19396,1.7029,0.591978,1.60914,1.55297,2.153,2.26202,3.65811,0.440212,0.296654,0.454379,0.887358,1.92327,0.233714,0.24361,0.0507888,4.65509,9.25767,14.6274,4.97679,5.4808,7.87856,5.87551,3.58732,2.13106,9.34227,20.2216
2026-01-23,3.06013,7.94625,3.50979,5.59776,12.3739,0.567726,4.38934,3.74445,2.47714,6.36364,2.2808,2.71527,1.27404,2.20998,8.53657,0.45153,0.97428,2.79556,0.904449,1.09708,0.744619,1.18823,1.73743,0.603471,1.68021,1.56517,2.13734,2.2251,3.69731,0.452557,0.295449,0.459794,0.903292,1.87606,0.233899,0.244005,0.0502577,4.67258,9.34863,14.4221,4.98521,5.27655,7.83825,5.65654,3.65909,2.24583,9.30945,20.2691
2026-01-30,3.02031,7.64142,3.58909,5.54981,12.3296,0.581588,4.42358,3.76853,2.50419,6.46204,2.31029,2.7755,1.26325,2.16995,8.13923,0.440554,0.933259,2.71629,0.825554,1.01623,0.728889,1.15187,1.7414,0.584519,1.64771,1.54249,2.21571,2.2502,3.53443,0.426125,0.28709,0.468531,0.866888,1.84047,0.209767,0.221317,0.0459033,4.53009,9.09547,13.8066,4.89654,5.06775,7.29442,5.4327,3.57723,2.22362,9.34646,20.2415
2026-02-06,2.99133,7.25415,3.71964,5.53943,12.0136,0.579621,4.48404,3.78917,2.5086,6.59088,2.3815,2.87074,1.31434,2.21411,7.72654,0.449072,0.960782,2.77695,0.826265,1.08626,0.767168,1.20586,1.82862,0.583269,1.67851,1.55772,2.24124,2.3048,3.44777,0.437852,0.284477,0.511433,0.906146,1.79213,0.211903,0.22175,0.0445628,4.60069,9.37026,13.9121,5.08491,4.99567,7.26976,5.35544,3.36479,2.15813,9.32823,19.8437
2026-02-13,3.00175,7.28483,3.74131,5.5265,11.8758,0.572469,4.47731,3.82471,2.49765,6.58877,2.36263,2.82077,1.31451,2.21124,7.92791,0.428531,0.933659,2.75859,0.817201,1.08469,0.773404,1.19973,1.83611,0.567405,1.6538,1.52842,2.21864,2.36731,3.31564,0.449902,0.285446,0.527742,0.873724,1.81603,0.205356,0.218352,0.0421034,4.59046,9.41272,13.4517,5.05532,4.84644,7.19006,5.19546,3.32158,2.17462,9.20842,19.5921
2026-02-20,3.02641,7.37243,3.80486,5.63327,12.0665,0.583435,4.47611,3.83192,2.49602,6.60692,2.34456,2.85612,1.3123,2.21052,8.10315,0.432375,0.943203,2.83394,0.863991,1.13793,0.812474,1.21918,1.83723,0.579729,1.68758,1.5602,2.29776,2.45079,3.39872,0.462657,0.289257,0.531982,0.882672,1.83663,0.211299,0.225973,0.0428418,4.57956,9.3427,13.6681,5.07545,5.09082,7.4802,5.45744,3.44789,2.42709,9.31215,19.8164
2026-02-27,3.11705,7.64044,3.93985,5.85614,12.0691,0.610339,4.5654,3.94863,2.49274,6.60154,2.34262,2.81971,1.31468,2.2098,8.33131,0.444225,0.963753,2.89699,0.871675,1.14396,0.843707,1.21896,1.85858,0.57356,1.68518,1.57582,2.26348,2.48015,3.37819,0.470924,0.288073,0.552602,0.86062,1.85435,0.219861,0.228664,0.0455601,4.73005,9.46228,14.0004,5.16396,5.36065,7.81186,5.7467,3.84375,2.75864,9.26569,19.7669
2026-03-06,2.94514,7.19057,3.74756,5.5499,11.3433,0.572171,4.50139,3.82092,2.44254,6.08964,2.26503,2.76341,1.27909,2.1168,7.90635,0.425766,0.91248,2.73931,0.782864,1.03169,0.7605,1.13619,1.80464,0.530537,1.50728,1.48497,2.01568,2.3688,3.15444,0.421051,0.267269,0.532755,0.836562,1.74856,0.202763,0.204557,0.0428727,4.67346,9.38935,13.9961,4.88428,4.70968,7.0762,5.04885,3.22544,2.3626,9.08186,19.5215
2026-03-13,2.921,7.16666,3.7272,5.5446,11.1394,0.567916,4.5118,3.77687,2.4206,6.08038,2.26609,2.65527,1.28971,2.21029,7.69452,0.455101,0.948867,2.60721,0.790942,1.04109,0.752317,1.12108,1.84824,0.531588,1.56047,1.55599,2.0768,2.40723,3.16025,0.436622,0.281124,0.544554,0.833669,1.71956,0.201679,0.220791,0.0431241,4.56065,9.54416,13.5799,4.82923,5.03951,7.34133,5.40243,3.47711,2.47904,8.94557,19.3252
2026-03-20,2.82679,6.81257,3.54308,5.24235,10.9661,0.540905,4.39866,3.65439,2.37791,5.65278,2.17656,2.65162,1.28945,2.25044,7.61079,0.448197,0.901136,2.50042,0.773736,1.05564,0.759805,1.08229,1.8267,0.523591,1.57213,1.55993,2.10334,2.40889,3.13109,0.434184,0.270395,0.525948,0.807391,1.75871,0.19105,0.222919,0.0433034,4.55874,9.38343,13.0251,4.80422,4.98394,7.22896,5.34286,3.53427,2.50249,8.78418,18.9457
2026-03-27,2.73925,6.73206,3.57151,5.36667,10.9251,0.555965,4.4722,3.7748,2.41635,5.79328,2.29697,2.72344,1.27166,2.2555,7.14054,0.483362,0.891575,2.50533,0.758943,1.06953,0.775855,1.10643,1.82726,0.516543,1.55914,1.57586,2.15556,2.45741,3.14745,0.452851,0.273197,0.512117,0.825295,1.654,0.173861,0.215716,0.0399971,4.43998,9.16289,12.4429,4.69345,4.63986,6.74326,4.974,3.36918,2.40806,8.58806,18.3347
2026-04-03,2.82935,6.5751,3.59732,5.5537,11.4393,0.545166,4.57709,3.93485,2.45738,5.97215,2.35138,2.83859,1.3179,2.38586,7.16302,0.494737,0.890865,2.57107,0.784296,1.05479,0.780104,1.1315,1.85899,0.516755,1.62698,1.59055,2.15609,2.44319,3.26269,0.47091,0.274646,0.51793,0.823689,1.66231,0.178997,0.218004,0.0391034,4.5748,9.90498,12.7796,4.89345,5.10039,7.33237,5.18885,3.45663,2.45514,8.88251,19.0647
2026-04-10,2.76395,6.35832,3.53693,5.44638,10.942,0.527293,4.52647,3.96321,2.43731,6.12755,2.40839,2.85136,1.34316,2.4427,7.13372,0.482632,0.888896,2.66923,0.77453,1.03688,0.793278,1.20377,1.93534,0.518722,1.72507,1.63996,2.41976,2.45468,3.51374,0.497046,0.30167,0.497561,0.854731,1.6757,0.187431,0.22898,0.0407819,4.67712,9.26423,12.3963,5.04099,5.95135,8.34362,5.18885,3.45663,2.45514,9.20255,19.915
2026-04-17,2.71513,6.25841,3.43029,5.26201,11.5246,0.516306,4.6177,3.89302,2.42292,6.33079,2.39609,2.94418,1.37901,2.48048,6.978,0.474034,0.891238,2.7191,0.860949,1.1441,0.826313,1.23292,2.21078,0.567482,1.80979,1.62127,2.6194,2.42658,3.64236,0.515017,0.306151,0.487182,0.969892,1.70376,0.195777,0.23381,0.0454774,4.7113,9.96495,13.2953,5.15723,6.7313,9.20787,5.18885,3.45663,2.45514,9.61808,21.1463
2026-04-24,2.62808,6.04005,3.24987,5.12073,11.334,0.49634,4.58553,3.74829,2.35637,6.18022,2.38897,2.9672,1.33335,2.37492,6.66291,0.440691,0.825704,2.65386,0.897667,1.13436,0.8791,1.25347,2.02982,0.600485,1.85953,1.63845,2.68208,2.48645,3.7917,0.536531,0.336459,0.497093,1.07655,1.64741,0.170208,0.216493,0.0417178,4.75444,10.0613,12.8012,5.14788,6.84374,9.33626,5.18885,3.45663,2.45514,9.66955,21.6361
2026-05-01,2.70161,6.08155,3.23235,5.11809,11.1156,0.506967,4.56831,3.7526,2.39886,6.24284,2.35333,3.06524,1.32406,2.36281,6.73371,0.430997,0.807938,2.65159,0.902846,1.1839,0.937267,1.24264,2.08608,0.609437,1.96503,1.66273,2.89114,2.4781,4.01825,0.558876,0.355149,0.487721,1.0922,1.64294,0.177246,0.22861,0.0413467,4.74476,10.1067,12.9195,5.33219,7.49426,10.0415,5.51482,3.71588,2.60984,9.76043,21.9708
2026-05-08,2.70492,6.08889,3.18654,5.05698,11.0906,0.499971,4.43808,3.73057,2.40159,6.43452,2.38563,3.12407,1.34754,2.34647,6.74996,0.438179,0.804164,2.73738,0.939845,1.22119,0.992262,1.28284,2.04194,0.647577,2.28296,1.71458,2.89922,2.44656,4.12789,0.59311,0.380174,0.498189,1.12671,1.63946,0.174119,0.224309,0.0408336,4.81514,10.1054,12.9034,5.67659,7.95827,10.6392,5.85627,3.81234,2.49182,9.99027,23.1793
2026-05-15,2.71543,6.12694,3.22582,5.10233,11.1445,0.503215,4.46477,3.76104,2.38096,6.3071,2.39681,3.13275,1.37533,2.37068,6.72555,0.437071,0.823754,2.72837,0.952665,1.28775,0.995457,1.32505,2.04049,0.64948,2.18681,1.79411,3.07141,2.47005,4.34407,0.588619,0.378008,0.488697,1.11739,1.59269,0.167803,0.217037,0.0392447,4.81674,10.089,12.6377,5.77812,8.23512,11.0583,6.06,3.84168,2.50241,10.0113,23.1043
2026-05-22,2.88803,6.41358,3.20744,5.13229,11.3007,0.511827,4.46435,3.85229,2.44319,6.32093,2.40491,3.31613,1.36368,2.33685,6.88294,0.444588,0.822395,2.73408,0.912985,1.24659,1.01235,1.33707,2.1036,0.65493,2.20321,1.85608,3.23267,2.43614,4.41702,0.638158,0.400647,0.485836,1.16972,1.60402,0.168927,0.220618,0.0401,4.92157,10.2399,12.9813,5.79227,8.48885,11.5588,6.24671,3.90738,2.56643,10.0989,23.3849
2026-05-29,2.85045,6.35481,3.23601,5.20376,11.5308,0.512556,4.32959,3.80778,2.40683,6.35269,2.48294,3.25936,1.35398,2.29962,6.89718,0.427771,0.801569,2.76984,0.893996,1.21779,1.0729,1.35079,2.22791,0.67365,2.32019,1.80899,3.02884,2.38965,4.39553,0.682505,0.411037,0.505314,1.207,1.60036,0.16784,0.224283,0.0420969,4.8987,10.8501,13.9179,6.08146,8.68407,11.8676,6.39037,3.82449,2.42263,10.2457,24.0618
2026-06-05,2.82669,6.42785,3.27515,5.21679,11.687,0.506843,4.33907,4.09316,2.52293,6.40508,2.50566,3.32817,1.32985,2.28722,6.81038,0.381418,0.742141,2.81166,0.902899,1.06144,1.03778,1.30902,2.1063,0.671101,2.26743,1.74019,2.90671,2.36412,4.43066,0.601684,0.34627,0.424438,1.06399,1.60981,0.152844,0.20597,0.0376364,4.82024,10.1193,13.4061,5.93404,7.75542,10.7187,5.707,3.42377,2.2305,9.98932,22.9782
2026-06-12,2.90274,6.44903,3.2603,5.28549,11.9074,0.501414,4.45737,4.10533,2.6291,6.55364,2.50925,3.46389,1.36928,2.37035,6.76964,0.366797,0.734141,2.84887,0.911731,1.06445,1.1223,1.33345,2.13283,0.676092,2.5081,1.81967,2.96259,2.41246,4.44081,0.572369,0.352409,0.434402,1.07551,1.63412,0.155661,0.193179,0.036913,4.96654,10.1692,13.205,6.17719,8.10066,11.4805,5.96105,3.49827,2.358,10.0462,23.5088
2026-06-19,2.81558,6.25926,3.10799,5.07492,11.505,0.476314,4.22623,3.98812,2.61586,6.21774,2.41777,3.30108,1.26306,2.18007,6.44408,0.343295,0.694374,2.7857,0.926377,1.07725,1.23175,1.30199,2.1141,0.670389,2.65844,1.89527,3.05777,2.425,4.53482,0.552314,0.338007,0.430035,1.10325,1.64328,0.145099,0.17949,0.0352166,4.91717,10.048,12.9709,6.15043,8.45854,12.1317,6.22441,3.56448,2.53641,10.1398,24.1371
2026-06-26,2.6911,6.09284,2.90643,4.78042,11.2128,0.444114,3.87903,3.83302,2.53356,5.63068,2.20844,3.18626,1.23446,2.13616,6.22031,0.295734,0.584619,2.71791,0.890842,1.04976,1.11829,1.1973,2.08672,0.65219,2.47382,1.75363,2.75889,2.45059,4.21238,0.51656,0.31602,0.418012,1.05078,1.7316,0.129878,0.155127,0.0319057,5.04314,10.1062,13.2043,6.19583,7.41272,11.0166,5.45482,3.24741,2.22128,9.89882,23.0511
2026-07-03,2.68395,5.85503,2.89022,4.59625,10.9014,0.429561,3.79383,3.87492,2.56807,5.65676,2.24826,3.1727,1.23125,2.17484,6.1224,0.299001,0.559643,2.70597,0.889969,1.03934,1.02589,1.22382,2.04632,0.658762,2.29001,1.60263,2.65341,2.41053,3.91098,0.497331,0.325772,0.386527,1.086,1.70937,0.126051,0.147946,0.0326377,5.01438,10.2845,12.8853,6.17054,6.98118,9.86462,5.13726,2.9683,2.02026,10.1132,23.2495
2026-07-10,2.77589,6.11314,2.93989,4.64766,11.2201,0.432106,3.95273,4.09468,2.59166,5.68044,2.2659,3.30031,1.20936,2.1398,6.274,0.306668,0.574448,2.76259,0.863595,1.01927,1.04434,1.24136,1.98569,0.634697,2.12971,1.56692,2.60211,2.33225,3.83775,0.495729,0.335449,0.38083,1.04839,1.71941,0.124392,0.143827,0.0316228,5.039,10.039,12.7272,6.02281,6.83256,9.93532,5.0279,2.98624,1.93814,10.2513,23.6707
2026-07-17,2.7797,6.12094,2.96857,4.50429,10.9184,0.424436,3.65524,3.99164,2.57267,5.35039,2.26489,3.26722,1.1974,2.07096,6.16077,0.281092,0.495683,2.71136,0.869464,1.03126,1.04665,1.26632,1.8338,0.619145,2.04844,1.48617,2.51506,2.29294,3.55165,0.459496,0.327872,0.355844,1.01286,1.62591,0.120343,0.127506,0.0302323,5.04579,9.72391,11.8536,5.89535,5.77293,8.50581,4.24814,2.47605,1.58059,10.093,22.686
2026-07-24,2.78086,6.14448,2.97911,4.57343,11.7262,0.425662,3.77459,3.9495,2.6063,5.40713,2.22594,3.37511,1.16105,2.02174,6.27312,0.286094,0.532448,2.72836,0.854769,1.01796,1.04453,1.25865,1.82902,0.613948,1.99461,1.49179,2.44306,2.30361,3.49512,0.456737,0.317269,0.358503,1.00655,1.66593,0.120945,0.134154,0.030132,4.84798,9.9373,11.2394,5.83631,5.92313,8.87537,4.35867,2.52175,1.59805,10.0338,22.3238
2026-07-31,2.94153,6.50755,3.01447,4.75948,12.5881,0.447736,3.89891,4.26644,2.82084,5.61331,2.18861,3.43024,1.15184,1.94993,6.60561,0.297316,0.582234,2.73544,0.85635,0.999958,1.02702,1.22971,1.80234,0.600759,1.92021,1.43063,2.40355,2.3081,3.3901,0.480449,0.327771,0.361052,1.00587,1.64219,0.116626,0.134272,0.0301819,4.98875,10.013,11.1927,5.87601,5.82128,8.63231,4.28372,2.5026,1.51737,10.1438,22.4465
2026-08-07,2.91568,6.51759,3.0325,4.74765,13.4137,0.450823,3.86817,4.28172,2.82519,5.60624,2.30431,3.50693,1.16891,2.02205,6.53041,0.31929,0.585617,2.84874,0.860694,1.04413,1.0433,1.23658,1.88292,0.614279,1.98952,1.51668,2.44839,2.43783,3.48709,0.510626,0.334039,0.36024,1.02373,1.78455,0.121984,0.131767,0.030376,5.37316,10.2568,11.9925,6.07076,6.37377,9.31564,4.69028,2.92278,1.55521,10.5,23.5897
2026-08-14,2.88363,6.47606,3.0602,4.72071,13.6455,0.45376,4.07447,4.47825,2.86485,5.60031,2.43913,3.6553,1.25289,2.14697,6.60546,0.337284,0.633524,2.88146,0.889898,1.06649,1.06517,1.23293,1.87018,0.623063,1.99213,1.57165,2.45929,2.45705,3.56058,0.510301,0.337194,0.366894,1.02593,1.79175,0.131153,0.14035,0.0314874,5.41698,10.097,12.4808,6.06561,6.98004,10.2753,5.13642,3.24282,1.62723,10.5418,23.8521
2026-08-21,2.86398,6.47304,3.00307,4.64317,13.5822,0.440841,4.0629,4.45563,2.85761,5.50083,2.43348,3.61592,1.25133,2.15166,6.6215,0.316888,0.583252,2.8001,0.846062,1.06026,1.05731,1.25024,1.83709,0.613644,1.8765,1.49838,2.43893,2.35984,3.44764,0.493772,0.330983,0.351071,0.975484,1.7737,0.122337,0.131133,0.0303232,5.37621,10.0786,12.0187,5.92871,6.25583,9.04849,4.60349,2.8241,1.53424,10.3976,23.2769
2026-08-28,2.9188,6.6335,3.06173,4.78263,13.8029,0.436757,4.06122,4.50973,2.76694,5.59823,2.39001,3.52154,1.25251,2.17284,6.55451,0.295421,0.558951,2.78927,0.820913,1.0404,1.03758,1.21709,1.82671,0.611394,1.83716,1.47245,2.44444,2.3392,3.41675,0.490513,0.323185,0.351014,0.961828,1.71024,0.115793,0.126327,0.028016,5.28536,9.99696,11.9613,6.18447,5.99645,8.53982,4.41263,2.55326,1.55921,10.4469,23.3744
2026-09-04,2.93976,6.63396,3.18468,4.84922,13.8388,0.443874,4.17668,4.6617,2.84565,5.75698,2.3998,3.44861,1.26945,2.16832,6.53802,0.291978,0.565144,2.73881,0.852698,1.04633,1.05975,1.17816,1.81427,0.595416,1.82517,1.47297,2.46562,2.29155,3.37358,0.49378,0.325759,0.361857,0.987922,1.69027,0.114187,0.13044,0.0278852,5.09405,9.65177,12.0386,6.08073,6.28354,8.92325,4.62388,2.57963,1.56026,10.4583,23.457
2026-09-11,2.88765,6.50196,3.12422,4.68218,13.5013,0.428498,4.13402,4.57839,2.83832,5.72813,2.35188,3.30891,1.25001,2.21484,6.40587,0.275233,0.559202,2.75544,0.839717,1.00484,1.03593,1.13641,1.8484,0.580156,1.75334,1.40956,2.41532,2.237,3.28221,0.498093,0.328856,0.358079,0.955968,1.6676,0.109247,0.127983,0.0271475,4.93503,9.37771,12.097,5.9655,6.36792,9.13212,4.68598,2.64767,1.50264,10.3782,23.3238
2026-09-18,2.86161,6.47728,3.12871,4.65279,13.4628,0.430114,4.13422,4.75868,2.91553,5.97016,2.39725,3.44197,1.28222,2.24288,6.36687,0.302501,0.614065,2.7092,0.864903,1.0116,1.08342,1.11217,1.85884,0.585104,1.81394,1.44002,2.48455,2.25815,3.29253,0.501002,0.341614,0.37259,0.973754,1.64497,0.116013,0.142662,0.0291329,4.94729,9.4776,12.1939,5.98209,6.45719,9.4127,4.75167,2.79078,1.55615,10.3685,23.5382
2026-09-25,2.81041,6.46215,3.14196,4.738,13.3813,0.435788,4.13399,4.70555,2.84925,5.886,2.3819,3.41796,1.2743,2.24885,6.34081,0.301446,0.610927,2.68664,0.890685,1.01009,1.10436,1.14249,1.91534,0.600428,1.8848,1.42425,2.56869,2.27957,3.24639,0.509611,0.349126,0.369761,0.985002,1.62478,0.117638,0.144899,0.0294951,4.96366,9.44173,12.3498,5.96199,6.75982,9.88916,4.97436,2.94625,1.65948,10.5,24.3155
2026-10-02,2.79682,6.45684,3.1471,4.73507,12.9578,0.432456,4.06284,4.70777,2.80041,5.85828,2.35396,3.33123,1.26136,2.20598,6.32475,0.303069,0.586379,2.72872,0.904035,1.02555,1.12429,1.1358,1.91288,0.605002,1.95547,1.43192,2.58639,2.29271,3.3336,0.51538,0.348795,0.376754,0.999407,1.61736,0.119776,0.14777,0.0292938,5.00818,9.31772,12.2783,6.05547,6.78395,10.0801,4.99212,2.99349,1.65981,10.4767,24.4815
2026-10-09,2.80817,6.45078,3.17137,4.73744,13.2677,0.424977,4.19668,4.82593,2.82178,5.97647,2.36833,3.37758,1.32099,2.27794,6.43028,0.292364,0.56818,2.75771,0.877538,1.02723,1.09485,1.1509,1.90381,0.609151,1.94306,1.44798,2.55678,2.26663,3.38139,0.474435,0.341074,0.339901,0.986307,1.56332,0.111957,0.14397,0.0281805,5.09326,9.45719,12.3959,6.16889,6.48192,9.62056,4.76987,2.91226,1.61196,10.5799,24.7476
