date,RSI2<5 上升趋势 | 收盘>SMA5出场 | 最长5天,RSI2<5 上升趋势 | 收盘>SMA5出场 | 最长10天,RSI2<10 上升趋势 | 收盘>SMA5出场 | 最长5天,RSI2<10 上升趋势 | 收盘>SMA5出场 | 最长10天,RSI2<10 无趋势过滤 | 收盘>SMA5出场,RSI2<10 上升趋势 | 收盘>SMA5出场 | 8%止损,连跌3天 上升趋势 | 首个上涨日出场,连跌4天 上升趋势 | 首个上涨日出场,连跌5天 上升趋势 | 首个上涨日出场,连跌3天 上升趋势 | 持有5天,连跌4天 上升趋势 | 持有5天,跌破布林下轨 上升趋势 | 回到中轨出场,IBS<0.1 上升趋势 | IBS>0.7出场,IBS<0.2 上升趋势 | IBS>0.7出场,IBS<0.2 且 RSI2<10 上升趋势 | 收盘>SMA5出场,5日内从高点回撤>8% 上升趋势 | 收盘>SMA5出场,5日内从高点回撤>12% 上升趋势 | 收盘>SMA5出场,50/200均线金叉 | 死叉出场,20日新高突破(海龟) | 3ATR追踪止损,55日新高突破(海龟) | 3ATR追踪止损,20日新高突破 | 跌破10日低点出场,MACD零轴上方金叉 | MACD死叉出场,52周新高+放量 | 持有20天,52周新高+放量 | 3ATR追踪止损,跳空低开>3%收阳 上升趋势 | 持有5天,跳空低开>5%收阳 上升趋势 | 持有5天,跳空低开>3% 上升趋势 | 收盘>SMA5出场,放量突破20日高点 | 持有10天,内包线 上升趋势 | 持有5天,单日大跌>5% 上升趋势 | 持有5天,单日大跌>8% 上升趋势 | 持有5天,单日大跌>5% 无趋势过滤 | 持有5天,随机入场 | 持有5天 (基线),随机入场 | 持有10天 (基线),随机入场 | 持有20天 (基线),随机入场 上升趋势 | 持有5天 (基线),动量轮动 12个月动量 Top10,动量轮动 12个月动量 Top20,动量轮动 12个月动量 Top10 + SPY>200日均线过滤,动量轮动 6个月动量 Top10 + SPY>200日均线过滤,动量轮动 3个月动量 Top10 + SPY>200日均线过滤,SPY 买入持有,QQQ 买入持有
2004-01-02,1,1,1,1,1,1,1,1,1,1,1,1,1,1,1,1,1,1,1,1,1,1,1,1,1,1,1,1,1,1,1,1,1,1,1,1,1,1,1,1,1,1,1
2004-01-09,1,1,1,1,1,1,1,1,1,1,1,1,1,1,1,1,1,1,1,1,1,1,1,1,1,1,1,1,1,1,1,1,1,1,1,1,1,1,1,1,1,1.01043,1.03768
2004-01-16,1,1,1,1,1,1,1,1,1,1,1,1,1,1,1,1,1,1,1,1,1,1,1,1,1,1,1,1,1,1,1,1,1,1,1,1,1,1,1,1,1,1.02697,1.06078
2004-01-23,1,1,1,1,1,1,1,1,1,1,1,1,1,1,1,1,1,1,1,1,1,1,1,1,1,1,1,1,1,1,1,1,1,1,1,1,1,1,1,1,1,1.02877,1.04538
2004-01-30,1,1,1,1,1,1,1,1,1,1,1,1,1,1,1,1,1,1,1,1,1,1,1,1,1,1,1,1,1,1,1,1,1,1,1,1,1,1,1,1,1,1.02023,1.01953
2004-02-06,1,1,1,1,1.00901,1,1,1,1,1,1,1,1,1,1,1,1,1,1,1,1,1,1,1,1,1,1,1.02759,1,1,1,1.05642,1.01073,1.01073,1.01073,1,1,1,1,1,1,1.02895,1.02118
2004-02-13,1,1,1,1,1.0128,1,1,1,1,1,1,1,1,1,1,1,1,1,1,1,1,1,1,1,1,1,1,1.02343,1,1,1,1.05618,1.02318,1.01184,1.01184,1,1,1,1,1,1,1.03506,1.01595
2004-02-20,1,1,1,1,1.00904,1,1,1,1,1,1,1,1,1,1,1,1,1,1,1,1,1,1,1,1,1,1,1.03187,1,1,1,1.05437,1.0204,1.00362,1.01109,1,1,1,1,1,1,1.03282,1.01375
2004-02-27,1,1,1,1,1.00909,1,1,1,1,1,1,1,1,1,1,1,1,1,1,1,1,1.00612,1,1,1,1,1,1.02644,1,1,1,1.04715,1.02841,1.01276,1.02103,1,1,1,1,1,1,1.03407,1.00578
2004-03-05,1,1,1,1,1.03312,1,1,1,1,1,1,1,1,1,1,1,1,1,1,1,1,1.01508,1,1,1,1,1,1.049,1,1,1,1.05331,1.04201,1.03282,1.02876,1,1,1,1,1,1,1.0463,1.00743
2004-03-12,1,1,1,1,1.00094,1,1,1,1,1,1,1,1,1,1,1,1,1,1,1,1,0.986767,1,1,1,1,1,1.01146,1,1,1,1.03644,1.02126,1.00507,1.0076,1,1,1,1,1,1,1.01214,0.976623
2004-03-19,1,1,1,1,0.991787,1,1,1,1,1,1,1,1,1,1,1,1,1,1,1,1,0.985929,1,1,1,1,1,1.01153,1,1,1,1.00352,1.00484,0.996995,1.00247,1,1,1,1,1,1,1.00197,0.955721
2004-03-26,1,1,1,1,0.994486,1,1,1,1,1,1,1,1,1,1,1,1,1,1,1,1,0.986779,1,1,1,1,1,1.01229,1,1,1,0.997212,0.994631,0.988124,1.0043,1,1,1,1,1,1,1.0017,0.968647
2004-04-02,1,1,1,1,1.00407,1,1,1,1,1,1,1,1,1,1,1,1,1,1,1,1,1.01488,1,1,1,1,1,1.03285,1,1,1,0.999497,1.03703,1.02103,1.03391,1,1,1,1,1,1,1.03427,1.02035
2004-04-09,1,1,1,1,1.00608,1,1,1,1,1,1,1,1,1,1,1,1,1,1,1,1,1.02915,1,1,1,1,1,1.03926,1,1,1,1.01522,1.03467,1.01187,1.04249,1,1,1,1,1,1,1.03183,1.01595
2004-04-16,1,1,1,1,0.989165,1,1,1,1,1,1,1,1,1,1,1,1,1,1,1,1,1.03444,1,1,1,1,1,1.04432,1,1,1,1.00818,1.02495,0.998034,1.05199,1,1,1,1,1,1,1.02696,0.992574
2004-04-23,1,1,1,1,1.0086,1,1,1,1,1,1,1,1,1,1,1,1,1,1,1,1,1.04293,1,1,1,1,1,1.04976,1,1,1,1.01357,1.02014,0.990376,1.06702,1,1,1,1,1,1,1.03174,1.02338
2004-04-30,1,1,1,1,0.973035,1,1,1,1,1,1,1,1,1,1,1,1,1,1,1,1,1.02459,1,1,1,1,1,1.00935,1,1,1,0.932758,0.996681,0.953757,1.03132,1,1,1,1,1,1,1.00107,0.956271
2004-05-07,1,1,1,1,0.959166,1,1,1,1,1,1,1,1,1,1,1,1,1,1,1,1,1.01969,1,1,1,1,1,1.01918,1,1,1,0.929137,0.981835,0.93672,1.01968,1,1,1,1,1,1,0.992048,0.961771
2004-05-14,1,1,1,1,0.962873,1,1,1,1,1,1,1,1,1,1,1,1,1,1,1,1,1.01516,1,1,1,1,1,1.00676,1,1,1,0.948753,0.988368,0.942302,1.02599,1,1,1,1,1,1,0.99277,0.955721
2004-05-21,1,1,1,1,0.977417,1,1,1,1,1,1,1,1,1,1,1,1,1,1,1,1,1.02297,1,1,1,1,1,1.00191,1,1,1,0.931175,0.985966,0.932422,1.024,1,1,1,1,1,1,0.990695,0.963146
2004-05-28,1,1,1,1,1.00829,1,1,1,1,1,1,1,1,1,1,1,1,1,1,1,1,1.03273,1,1,1,1,1,1.00082,1,1,1,0.951759,1.00667,0.962281,1.05606,1,1,1,1,1,1,1.01821,1.00523
2004-06-04,1,1,1,1,1.0164,1,1,1,1,1,1,1,1,1,1,1,1,1,1,1,1,1.02804,1,1,1,1,1,0.996049,1,1,1,0.949206,1.00382,0.969301,1.06224,1,1,1,1,1,1,1.01929,0.995325
2004-06-11,1,1,1,1,1.0391,1,1,1,1,1,1,1,1,1,1,1,1,1,1,1,1,1.03222,1,1,1,1,1,0.9977,1,1,1,0.949131,1.01153,0.988458,1.07973,1,1,1,1,1,1,1.03165,1.0132
2004-06-18,1,1,1,1,1.01712,1,1,1,1,1,1,1,1,1,1,1,1,1,1,1,1,1.03768,1,1,1,1,1,1.01833,1,1,1,0.942277,0.99676,0.977586,1.08775,1,1,1,1,1,1,1.0289,1.0022
2004-06-25,1,1,1,1,1.02883,1,1,1,1,1,1,1,1,1,1,1,1,1,1,1,1,1.05187,1,1,1,1,1,1.01688,1,1,1,0.958343,1.0082,1.00942,1.08477,1,1,1,1,1,1,1.0308,1.02668
2004-07-02,1,1,1,1,1.0137,1,1,1,1,1,1,1,1,1,1,1,1,1,1,1,1,1.04456,1,1,1,1,1,0.995951,1,1,1,0.949329,0.989317,0.987449,1.08991,1,1,1,1,1,1,1.02211,1.01265
2004-07-09,1,1,1,1,0.99945,1,1,1,1,1,1,1,1,1,1,1,1,1,1,1,1,1.03043,1,1,1,1,1,0.980317,1,1,1,0.924985,0.9669,0.96914,1.07263,1,1,1,1,1,1,1.0117,0.983224
2004-07-16,1,1,1,1,0.970619,1,1,1,1,1,1,1,1,1,1,1,1,1,1,1,1,1.01573,1,1,1,1,1,0.973733,1,1,1,0.911262,0.947521,0.952338,1.07556,1,1,1,1,1,1,1.00246,0.95352
2004-07-23,1,1,1,1,0.955172,1,1,1,1,1,1,1,1,1,1,1,1,1,1,1,1,0.981652,1,1,1,1,1,0.940526,1,1,1,0.916395,0.923689,0.935281,1.06621,1,1,1,1,1,1,0.986614,0.940869
2004-07-30,1,1,1,1,1.00185,1,1,1,1,1,1,1,1,1,1,1,1,1,1,1,1,0.987673,1,1,1,1,1,0.949925,1,1,1,0.916385,0.914132,0.958327,1.10646,1,1,1,1,1,1,1.00364,0.959571
2004-08-06,1,1,1,1,0.980214,1,1,1,1,1,1,1,1,1,1,1,1,1,1,1,1,0.966295,1,1,1,1,1,0.92977,1,1,1,0.878241,0.879666,0.91538,1.05723,1,1,1,1,1,1,0.967509,0.89989
2004-08-13,1,1,1,1,0.979358,1,1,1,1,1,1,1,1,1,1,1,1,1,1,1,1,0.967375,1,1,1,1,1,0.930116,1,1,1,0.849841,0.884272,0.913364,1.04549,1,1,1,1,1,1,0.970587,0.89439
2004-08-20,1,1,1,1,1.02219,1,1,1,1,1,1,1,1,1,1,1,1,1,1,1,1,0.988739,1,1,1,1,1,0.93663,1,1,1,0.914858,0.916375,0.946167,1.09428,1,1,1,1,1,1,1.00038,0.935368
2004-08-27,1,1,1,1,1.03723,1,1,1,1,1,1,1,1,1,1,1,1,1,1,1,1,0.991802,1,1,1,1,1,0.94695,1,1,1,0.92441,0.91707,0.944393,1.10908,1,1,1,1,1,1,1.00916,0.950495
2004-09-03,1,1,1,1,1.04631,1,1,1,1,1,1,1,1,1,1,1,1,1,1,1,1,1.00323,1,1,1,1,1,0.948918,1,1,1,0.915359,0.913651,0.950208,1.12379,1,1,1,1,1,1,1.01523,0.938944
2004-09-10,1,1,1,1,1.05451,1,1,1,1,1,1,1,1,1,1,1,1,1,1,1,1,1.00241,1,1,1,1,1,0.957216,1,1,1,0.948097,0.92674,0.959815,1.13366,1,1,1,1,1,1,1.02374,0.965897
2004-09-17,1,1,1,1,1.07327,1,1,1,1,1,1,1,1,1,1,1,1,1,1,1,1,1.02005,1,1,1,1,1,0.991955,1,1,1,0.976662,0.92936,0.967735,1.15155,1,1,1,1,1,1,1.02882,0.974422
2004-09-24,1,1,1,1,1.06479,1,1,1,1,1,1,1,1,1,1,1,1,1,1,1,1,1.01343,1,1,1,1,1,0.976371,1,1,1,0.98811,0.92529,0.965319,1.14266,1,1,1,1,1,1,1.01345,0.957096
2004-10-01,1,1,1,1,1.09957,1,1,1,1,1,1,1,1,1,1,1,1,1,1,1,1,1.03825,1,1,1,1,1,0.999392,1,1,1,0.998459,0.949662,1.00176,1.16584,1,1,1,1,1,1,1.03337,0.992849
2004-10-08,1,1,1,1,1.07115,1,1,1,1,1,1,1,1,1,1,1,1,1,1,1,1,1.03286,1,1,1,1,1,0.989912,1,1,1,0.990962,0.949913,0.979598,1.14528,1,1,1,1,1,1,1.023,0.978548
2004-10-15,1,1,1,1,1.06269,1,1,1,1,1,1,1,1,1,1,1,1,1,1,1,1,1.02558,1,1,1,1,1,0.980663,1,1,1,0.989889,0.902034,0.978211,1.1508,1,1,1,1,1,1,1.01163,0.979923
2004-10-22,0.990382,0.990382,0.989336,0.989336,1.07079,0.993471,0.98696,0.989233,0.989915,0.991697,0.988286,1.01195,1.00378,0.99984,0.992173,1.0043,0.999922,0.999626,0.990247,0.990247,0.988678,1.00154,1,1,0.998068,1,1.00146,0.965912,0.977198,1.01223,1.01489,0.959851,0.890236,0.972855,1.15191,1.00208,1,1,1,1,1,1.00009,0.984599
2004-10-29,1.0184,1.0184,1.03068,1.03229,1.12377,1.03522,1.02976,1.01377,0.999155,1.05249,1.02267,1.03924,1.02333,1.0246,1.02454,1.02707,1.0151,1.04423,1.0294,1.0294,1.01431,1.03346,1,1,0.995267,1.00321,1.0147,1.00714,0.99712,1.0265,1.02689,0.99321,0.923449,1.00351,1.20301,1.01765,1,1,1,1,1,1.02927,1.01485
2004-11-05,1.02838,1.02838,1.04352,1.04516,1.14601,1.04192,1.04764,1.02515,1.00155,1.07741,1.045,1.09446,1.05723,1.07446,1.03243,1.03477,1.02305,1.08884,1.06326,1.06326,1.05896,1.06515,1,1,1.005,1.01419,1.0178,1.03239,1.04104,1.05047,1.03441,1.01306,0.960198,1.03997,1.23126,1.06728,1,1,1,1,1,1.06637,1.044
2004-11-12,1.0334,1.0334,1.05497,1.05663,1.16913,1.05338,1.05208,1.03015,1.00155,1.0854,1.06387,1.09924,1.08911,1.10832,1.03368,1.03538,1.0233,1.10339,1.05958,1.05958,1.06339,1.08685,1,1,1.01481,1.0119,1.02138,1.075,1.07729,1.06334,1.03332,1.03452,0.985603,1.0713,1.2736,1.08646,1,1,1,1,1,1.0801,1.06326
2004-11-19,1.02799,1.02799,1.03672,1.03834,1.1569,1.02983,1.0494,1.02124,1.00343,1.06469,1.05549,1.10137,1.07369,1.08992,1.01773,1.03409,1.0233,1.07628,1.03567,1.03173,1.04404,1.06876,1,1,1.01711,1.0141,1.02369,1.07521,1.06177,1.06497,1.03332,1.03691,0.967915,1.05093,1.25845,1.06325,1,1,1,1,1,1.07081,1.06381
2004-11-26,1.0415,1.04271,1.05339,1.05385,1.1749,1.04208,1.06887,1.03227,1.0136,1.08922,1.07972,1.11078,1.08111,1.10034,1.03623,1.03975,1.02627,1.10402,1.06869,1.06564,1.08138,1.09522,1,1,1.00958,1.00659,1.02636,1.09554,1.08029,1.07505,1.03327,1.04483,0.979458,1.06763,1.28272,1.08043,1,1,1,1,1,1.07929,1.07838
2004-12-03,1.04696,1.05431,1.0804,1.08201,1.19599,1.06728,1.06839,1.04159,1.01864,1.12224,1.09533,1.11919,1.08374,1.08978,1.03597,1.06036,1.03905,1.11559,1.06761,1.06512,1.08738,1.08773,1,1,1.03346,1.02867,1.03952,1.10662,1.09759,1.09374,1.04525,1.06588,0.983728,1.07062,1.33146,1.07671,1,1,1,1,1,1.0875,1.10369
2004-12-10,1.04509,1.05335,1.07757,1.08698,1.22723,1.07414,1.09167,1.0605,1.01792,1.12222,1.09871,1.11834,1.08798,1.10033,1.0612,1.05914,1.03905,1.1142,1.04988,1.03866,1.08164,1.08804,1,1,1.03849,1.03126,1.04006,1.1024,1.09227,1.07944,1.04067,1.05116,0.988776,1.07317,1.33914,1.07372,1,1,1,1,1,1.08823,1.09818
2004-12-17,1.053,1.0626,1.10113,1.10879,1.25228,1.09844,1.12049,1.07019,1.01769,1.1473,1.10573,1.12318,1.08084,1.08751,1.07402,1.06546,1.03196,1.12034,1.06078,1.04444,1.103,1.08971,1,1,1.05211,1.03664,1.04393,1.10661,1.10459,1.07495,1.03284,1.04896,0.99648,1.0788,1.36081,1.07262,1,1,1,1,1,1.09438,1.09593
2004-12-24,1.05299,1.06454,1.10354,1.10982,1.25517,1.09837,1.13593,1.08017,1.01726,1.1666,1.12138,1.13508,1.10344,1.11225,1.07646,1.07,1.03482,1.14149,1.07581,1.06516,1.11226,1.10704,1,1,1.0515,1.03664,1.04787,1.11445,1.12947,1.07507,1.03726,1.0497,1.01267,1.10292,1.37694,1.08475,1,1,1,1,1,1.10656,1.10398
2004-12-31,1.0641,1.0782,1.12017,1.12749,1.27425,1.11603,1.14766,1.08993,1.023,1.17403,1.13024,1.13977,1.11024,1.1183,1.09399,1.07173,1.03482,1.14981,1.08635,1.07903,1.12729,1.11132,1,1,1.05967,1.03664,1.05409,1.11817,1.12984,1.08154,1.03726,1.0604,1.03308,1.10501,1.38499,1.08968,1,1,1,1,1,1.10748,1.10843
2005-01-07,1.04766,1.06092,1.11397,1.10788,1.25031,1.09052,1.10111,1.04639,1.00055,1.14145,1.08455,1.11452,1.072,1.06619,1.06388,1.02577,1.0293,1.0887,1.04572,1.04368,1.08682,1.08092,0.991643,0.992777,1.05227,1.03664,1.04896,1.04047,1.09298,1.04716,1.03726,1.02707,1.00136,1.06534,1.34373,1.045,1,1,1,1,1,1.08521,1.07039
2005-01-14,1.04816,1.06747,1.11055,1.1113,1.26435,1.09644,1.14432,1.04343,1.00763,1.13301,1.07608,1.13719,1.08333,1.05997,1.0627,0.998923,1.02539,1.10547,1.04578,1.05273,1.08414,1.07735,0.99706,1.00138,1.04997,1.03664,1.04659,1.03559,1.10477,0.992552,1.02904,1.0126,1.00063,1.08392,1.35711,1.05175,1,1,1,1,1,1.08338,1.06705
2005-01-21,1.04666,1.06441,1.09697,1.08796,1.25077,1.08169,1.13624,1.05006,1.0084,1.12997,1.07193,1.11866,1.06445,1.04343,1.04347,0.994943,1.02531,1.09376,1.03654,1.04552,1.07148,1.06915,0.990319,0.992284,1.04687,1.03664,1.03858,1.03033,1.08773,0.988099,1.02554,0.986718,0.981266,1.05054,1.32847,1.03116,1,1,1,1,1,1.07,1.02874
2005-01-28,1.06818,1.08011,1.11629,1.10618,1.25535,1.10079,1.14642,1.05581,1.02895,1.14455,1.0922,1.12003,1.08078,1.05141,1.06912,1.01886,1.0257,1.09296,1.02645,1.05042,1.06864,1.06056,0.999374,1.00205,1.04296,1.03664,1.03422,1.02273,1.08903,0.986616,1.02042,0.97985,0.980678,1.04414,1.33155,1.02418,1,1,1,1,1,1.07596,1.02513
2005-02-04,1.0695,1.08359,1.12026,1.11126,1.25586,1.10808,1.16574,1.05822,1.03046,1.18126,1.10116,1.14314,1.10898,1.07,1.071,1.03515,1.02846,1.13957,1.07433,1.10068,1.12922,1.07757,1.02586,1.03411,1.04853,1.03391,1.05679,1.06198,1.12724,1.01273,1.03009,1.00838,0.996484,1.07438,1.39582,1.04943,1.05007,1.022,1.05007,1.05293,1.05873,1.10161,1.04817
2005-02-11,1.08626,1.1002,1.13174,1.12277,1.25869,1.11541,1.17738,1.07294,1.03454,1.1981,1.12038,1.14122,1.11658,1.06871,1.07672,1.04223,1.02817,1.14745,1.0828,1.08944,1.1223,1.06976,1.03189,1.02452,1.04698,1.03813,1.05891,1.08151,1.12257,1.01065,1.03094,0.982718,1.00791,1.09253,1.402,1.03794,1.02672,1.01242,1.02672,1.05316,1.0411,1.10656,1.04678
2005-02-18,1.09049,1.10423,1.13852,1.1303,1.26446,1.11651,1.1871,1.06718,1.03502,1.20144,1.11945,1.14043,1.11807,1.06514,1.07525,1.04774,1.02817,1.13533,1.07951,1.07973,1.12004,1.06109,1.01663,1.00979,1.04369,1.03459,1.06367,1.05435,1.1088,1.01302,1.03466,0.995849,0.982431,1.08368,1.37828,1.02727,1.04078,1.03277,1.04078,1.05758,1.05463,1.10308,1.03707
2005-02-25,1.0861,1.0988,1.1314,1.12404,1.26667,1.11181,1.18385,1.05671,1.03585,1.20778,1.12232,1.1458,1.12495,1.07464,1.0739,1.05346,1.0291,1.13903,1.09317,1.08194,1.13476,1.06654,1.0304,1.02181,1.0391,1.03055,1.06818,1.05925,1.12501,1.01688,1.03528,0.983707,1.00312,1.10609,1.39979,1.03397,1.05679,1.04508,1.05679,1.0671,1.06282,1.11261,1.04456
2005-03-04,1.08525,1.09779,1.13665,1.12886,1.25577,1.11575,1.19586,1.06485,1.03695,1.2316,1.13225,1.16999,1.14371,1.09683,1.0819,1.0513,1.02887,1.16937,1.10055,1.089,1.1358,1.06565,1.04312,1.02887,1.0391,1.03055,1.06718,1.07851,1.12646,1.01656,1.03394,0.976874,1.0135,1.11668,1.4213,1.05107,1.0509,1.04806,1.0509,1.05663,1.0676,1.12452,1.04179
2005-03-11,1.06309,1.07537,1.12496,1.11726,1.24716,1.10428,1.18876,1.06582,1.03833,1.20559,1.11109,1.14494,1.1122,1.06566,1.06161,1.05481,1.02887,1.15129,1.08566,1.05869,1.09303,1.04104,1.0161,0.995692,1.04378,1.03055,1.07199,1.05274,1.09932,1.01203,1.03143,0.972876,0.993856,1.10068,1.40033,1.03026,1.0273,1.02403,1.0273,1.00862,1.02799,1.10308,1.03207
2005-03-18,1.07753,1.09211,1.13375,1.12603,1.2446,1.10911,1.19208,1.07135,1.05449,1.18417,1.11409,1.16301,1.12142,1.07481,1.06805,1.0637,1.02549,1.12938,1.07657,1.05207,1.08752,1.02744,1.01011,0.998733,1.04784,1.03055,1.0643,1.04272,1.09049,1.01225,1.02914,0.973083,0.973345,1.08955,1.37733,1.01316,1.06001,1.04195,1.06001,1.00622,1.04477,1.09039,1.01374
2005-03-25,1.07102,1.07615,1.12879,1.10716,1.23508,1.09888,1.17902,1.05438,1.04419,1.17719,1.10579,1.14467,1.11271,1.07006,1.05235,1.06383,1.01972,1.12918,1.07722,1.04735,1.06999,1.01914,0.991722,0.981159,1.05255,1.03224,1.0659,1.03269,1.08124,1.0127,1.0271,0.974513,0.954171,1.0665,1.35696,0.996365,1.05362,1.02758,1.05362,1.00776,1.04328,1.07752,1.00708
2005-04-01,1.08494,1.09901,1.12577,1.10682,1.26139,1.10452,1.18575,1.04891,1.04448,1.18243,1.11655,1.14469,1.1,1.04613,1.04776,1.09258,1.02798,1.12222,1.05678,1.02688,1.06981,1.00925,0.990915,0.968308,1.0575,1.03818,1.07646,1.03161,1.08977,1.02839,1.02612,0.974058,0.958533,1.06087,1.36732,1.00371,1.05531,1.03111,1.05531,0.978432,1.05056,1.08018,1.00513
2005-04-08,1.09834,1.11145,1.14206,1.11082,1.26245,1.11611,1.1968,1.05498,1.04738,1.18771,1.1309,1.17153,1.09444,1.03591,1.05229,1.09822,1.02966,1.09858,1.04889,1.02626,1.06027,0.995837,0.998039,0.964949,1.05891,1.03904,1.07749,1.03763,1.09605,1.03865,1.03045,0.989496,0.962309,1.08078,1.36363,0.995342,1.08242,1.04338,1.08242,1.00351,1.04913,1.08543,1.01735
2005-04-15,1.03203,1.04177,1.07502,1.05134,1.20379,1.03988,1.15333,1.00974,1.02038,1.1224,1.07307,1.10395,1.04946,0.992996,0.989122,1.05605,1.02441,1.04565,1.00987,0.982792,1.02645,0.981258,0.93286,0.931643,1.04838,1.0287,1.05793,1.00895,1.04613,0.99883,1.02652,0.93636,0.927509,1.03234,1.31163,0.958208,0.976437,0.952909,0.976437,0.911827,0.96136,1.05001,0.964597
2005-04-22,1.06956,1.08887,1.1003,1.09298,1.24157,1.07101,1.16391,1.03746,1.06682,1.1379,1.08482,1.13802,1.07986,1.00874,1.02657,1.12387,1.08721,1.04455,1.0122,0.993272,1.03395,0.97244,0.915044,0.93054,1.04997,1.03532,1.06818,1.01339,1.0694,1.06054,1.03706,0.946227,0.94076,1.04115,1.31183,0.964614,0.97507,0.96924,0.97507,0.93968,0.998697,1.06307,0.974315
2005-04-29,1.07448,1.09105,1.11176,1.09709,1.25439,1.07604,1.17483,1.04116,1.06948,1.16434,1.09507,1.12821,1.09022,1.01111,1.03165,1.11574,1.08154,1.01926,1.02839,1.00798,1.04176,0.976984,0.942341,0.928119,1.04175,1.0359,1.06706,1.03554,1.06461,1.05284,1.03165,0.960231,0.956275,1.04377,1.30321,0.959423,0.994508,0.961167,0.994508,0.958346,0.987982,1.06473,0.971261
2005-05-06,1.08936,1.10633,1.12416,1.10908,1.26807,1.08779,1.18455,1.0494,1.07059,1.17676,1.13557,1.15547,1.10549,1.03565,1.04258,1.12416,1.08419,1.04321,1.05084,1.0283,1.05425,0.98722,0.947602,0.947231,1.03682,1.03947,1.06692,1.04703,1.07377,1.06427,1.03383,0.977763,0.960778,1.07552,1.30069,0.978797,1.05184,1.00144,1.05184,0.994084,1.02305,1.07706,0.995695
2005-05-13,1.06332,1.08099,1.09136,1.07973,1.24223,1.05901,1.17705,1.03775,1.06452,1.15728,1.11101,1.14344,1.08043,1.01845,1.01544,1.11853,1.08419,1.03767,1.04439,1.01341,1.0447,0.981998,0.934944,0.943168,1.02887,1.04014,1.05603,1.04519,1.03466,1.05258,1.03398,0.959831,0.942341,1.04518,1.2858,0.967961,1.00648,0.966402,1.00648,0.968921,0.974952,1.06445,1.00625
2005-05-20,1.09525,1.11346,1.11797,1.10604,1.26369,1.09086,1.20481,1.04782,1.08868,1.18813,1.12798,1.19793,1.0995,1.04699,1.04065,1.13372,1.0823,1.07983,1.05806,1.04216,1.07385,0.991336,0.949411,0.955133,1.03463,1.04014,1.06508,1.0727,1.06563,1.0773,1.03398,1.01475,0.975855,1.09993,1.33808,1.00551,1.07797,1.02523,1.07797,1.012,1.01186,1.09573,1.04567
2005-05-27,1.10112,1.11544,1.13338,1.10936,1.25402,1.09805,1.20325,1.04746,1.08906,1.19861,1.12058,1.20679,1.10462,1.05402,1.04987,1.13692,1.08545,1.08479,1.06202,1.04894,1.06634,0.991352,0.963105,0.963231,1.03951,1.04554,1.07074,1.08246,1.08455,1.0773,1.03398,1.01876,0.983795,1.11038,1.34773,1.0172,1.12368,1.06214,1.12368,1.05348,1.04833,1.10612,1.06095
2005-06-03,1.10056,1.11488,1.13161,1.10471,1.24838,1.09344,1.19863,1.04362,1.08904,1.18311,1.11798,1.20538,1.09957,1.04873,1.05217,1.13692,1.08545,1.07704,1.06281,1.0388,1.0552,0.992605,0.967021,0.967226,1.0397,1.04572,1.06995,1.1032,1.09926,1.0773,1.03398,1.01735,0.981464,1.11169,1.35886,1.01893,1.13496,1.07348,1.13496,1.06536,1.06257,1.1052,1.05789
2005-06-10,1.10386,1.11853,1.13704,1.10669,1.24223,1.09541,1.22055,1.05005,1.09059,1.19316,1.11316,1.20073,1.10161,1.06747,1.04739,1.13692,1.08545,1.08469,1.05842,1.03465,1.06246,0.998856,0.965183,0.971909,1.04004,1.04607,1.0703,1.10439,1.11537,1.0773,1.03398,1.02657,0.976484,1.10932,1.35812,1.01592,1.15451,1.09142,1.15451,1.09482,1.1059,1.10566,1.04262
2005-06-17,1.10853,1.12713,1.14264,1.11821,1.2507,1.10663,1.23755,1.06145,1.09075,1.22417,1.1319,1.20811,1.10622,1.07533,1.05794,1.12982,1.08545,1.07851,1.06889,1.0601,1.09507,1.00503,0.994419,0.973133,1.03641,1.04242,1.06656,1.1061,1.16965,1.0701,1.02706,1.02336,0.993433,1.11472,1.42003,1.03741,1.20065,1.13685,1.20065,1.08,1.09015,1.12084,1.05248
2005-06-24,1.10023,1.11834,1.12088,1.10331,1.24886,1.08951,1.20356,1.04113,1.08264,1.20901,1.1066,1.19125,1.08709,1.05699,1.0432,1.13395,1.09151,1.05151,1.06651,1.04617,1.08138,0.972698,0.982266,0.954566,1.03159,1.04389,1.05828,1.10242,1.14706,1.06972,1.03099,1.01657,0.979158,1.09608,1.39592,1.02063,1.1808,1.10155,1.1808,1.08832,1.08681,1.09886,1.02746
2005-07-01,1.10925,1.12685,1.13571,1.11257,1.27447,1.1018,1.2237,1.05563,1.09365,1.22339,1.11866,1.18689,1.08286,1.05407,1.05018,1.13501,1.09151,1.0617,1.07707,1.05589,1.09419,0.975675,1.01897,0.977025,1.0295,1.04459,1.0544,1.10447,1.14764,1.07328,1.03099,1.01502,0.967097,1.09504,1.39631,1.02104,1.20275,1.12371,1.20275,1.10301,1.10617,1.10394,1.02079
2005-07-08,1.12441,1.14715,1.16025,1.129,1.31568,1.12515,1.24593,1.05712,1.09793,1.25576,1.13696,1.21766,1.11281,1.08041,1.07217,1.1413,1.09151,1.07575,1.08237,1.07069,1.11673,0.993589,1.04582,1.00006,1.048,1.04459,1.05699,1.13082,1.17022,1.07423,1.03099,1.0166,0.986801,1.12123,1.42496,1.05002,1.26776,1.17606,1.26776,1.12951,1.13182,1.12047,1.0497
2005-07-15,1.13211,1.15502,1.16404,1.12774,1.31977,1.12855,1.24723,1.0578,1.09608,1.25826,1.13977,1.23436,1.10275,1.07449,1.07975,1.1413,1.09151,1.11231,1.08941,1.08121,1.12168,1.00526,1.0558,1.00475,1.04696,1.04459,1.05697,1.1495,1.17777,1.07423,1.03099,1.01408,0.985254,1.14516,1.45062,1.04053,1.28781,1.1996,1.28781,1.14149,1.17853,1.13451,1.08082
2005-07-22,1.15193,1.17328,1.16523,1.12914,1.31382,1.1241,1.26629,1.06724,1.0984,1.27494,1.13195,1.22422,1.10574,1.08105,1.08499,1.14796,1.09519,1.09162,1.08537,1.07728,1.12243,1.00815,1.03481,0.999588,1.03903,1.03667,1.04909,1.18133,1.20041,1.07436,1.03446,1.01863,0.987529,1.13797,1.45452,1.04663,1.24378,1.17394,1.24378,1.13668,1.16613,1.14097,1.09555
2005-07-29,1.19518,1.2175,1.19728,1.15404,1.33834,1.14297,1.29345,1.09116,1.10976,1.28536,1.17274,1.23728,1.10999,1.0811,1.10483,1.16265,1.08788,1.10407,1.09753,1.08044,1.12265,1.01453,1.04908,1.00956,1.04254,1.0413,1.06265,1.19352,1.21741,1.09864,1.03525,1.03941,0.985046,1.13116,1.46105,1.04315,1.35013,1.20741,1.35013,1.13751,1.16427,1.14282,1.1
2005-08-05,1.1942,1.21145,1.18567,1.14852,1.31305,1.13527,1.29023,1.07933,1.10672,1.28137,1.14623,1.23335,1.09692,1.06892,1.09195,1.16051,1.08905,1.08345,1.08495,1.08222,1.10138,1.02162,1.02914,1.00138,1.0422,1.0387,1.05446,1.17394,1.20926,1.08585,1.03364,1.0233,0.983613,1.12796,1.42905,1.04594,1.34171,1.19163,1.34171,1.13811,1.13034,1.13488,1.09722
2005-08-12,1.21196,1.22637,1.18403,1.14678,1.30484,1.13504,1.30101,1.08752,1.11256,1.28499,1.15413,1.23248,1.11408,1.0786,1.10469,1.17529,1.08999,1.08311,1.09132,1.09017,1.09951,1.01566,1.04532,1.0069,1.04705,1.04018,1.05917,1.19839,1.21154,1.09126,1.03364,1.02961,0.980016,1.13489,1.45163,1.04865,1.38229,1.21856,1.38229,1.14988,1.10895,1.13654,1.08972
2005-08-19,1.19816,1.21828,1.18531,1.14255,1.30085,1.12491,1.28758,1.07818,1.1161,1.30988,1.15252,1.22111,1.09703,1.06655,1.10016,1.16847,1.08999,1.06895,1.05446,1.05211,1.07764,0.995869,1.03136,0.985293,1.04777,1.03999,1.06147,1.19288,1.19332,1.07843,1.03364,1.01792,0.970129,1.1142,1.41201,1.02948,1.34376,1.20102,1.34376,1.11857,1.10428,1.13109,1.07888
2005-08-26,1.19844,1.21488,1.17965,1.1339,1.2868,1.12391,1.26885,1.0707,1.1187,1.28816,1.13786,1.21461,1.09149,1.05513,1.09612,1.16297,1.08334,1.06536,1.03341,1.0429,1.07143,1.00111,1.03728,0.978455,1.05121,1.03999,1.06338,1.18789,1.18705,1.0779,1.03364,1.01651,0.949902,1.10891,1.39411,1.01969,1.35669,1.19929,1.35669,1.11853,1.0789,1.1153,1.06887
2005-09-02,1.23092,1.24162,1.20272,1.15535,1.30383,1.14528,1.30924,1.07615,1.12604,1.31336,1.13545,1.23686,1.10114,1.06812,1.11472,1.1662,1.08398,1.07105,1.0506,1.05635,1.08626,1.01879,1.04916,0.999883,1.04652,1.03999,1.06327,1.20691,1.20865,1.09881,1.03364,1.03199,0.965816,1.12794,1.42661,1.04187,1.45317,1.25813,1.45317,1.18856,1.11779,1.12924,1.07749
2005-09-09,1.23522,1.24992,1.2118,1.17802,1.32927,1.16772,1.32344,1.0783,1.12651,1.32431,1.12568,1.25469,1.13234,1.09662,1.13507,1.1662,1.0851,1.08653,1.0697,1.07821,1.11569,1.04465,1.08184,1.02488,1.05108,1.04047,1.07131,1.24482,1.24093,1.09738,1.03364,1.03488,0.983214,1.1543,1.42681,1.04998,1.50093,1.30205,1.50093,1.24012,1.15747,1.15076,1.10111
2005-09-16,1.24312,1.25515,1.20574,1.17513,1.32962,1.16487,1.32237,1.08779,1.1288,1.33681,1.12111,1.26453,1.10542,1.08098,1.12664,1.1627,1.0847,1.08263,1.06912,1.0777,1.12262,1.04324,1.07964,1.03215,1.05206,1.03992,1.06784,1.22939,1.23332,1.09571,1.03099,1.03859,0.973587,1.16211,1.42514,1.03887,1.46537,1.27081,1.46537,1.21989,1.14031,1.14546,1.095
2005-09-23,1.22567,1.2349,1.18955,1.16187,1.30981,1.15169,1.3228,1.08336,1.11564,1.33149,1.11636,1.2526,1.08534,1.07591,1.10607,1.16813,1.08164,1.07018,1.05992,1.06745,1.10617,1.0271,1.06733,1.02831,1.04904,1.03992,1.06497,1.18912,1.20921,1.08125,1.02487,1.018,0.935677,1.13236,1.41069,1.01259,1.48014,1.26431,1.48014,1.20589,1.11851,1.12635,1.07693
2005-09-30,1.24022,1.25869,1.22301,1.1884,1.30543,1.18723,1.34067,1.0885,1.1158,1.37295,1.14039,1.26943,1.11084,1.10569,1.13309,1.17176,1.08301,1.09304,1.10323,1.11164,1.15602,1.06379,1.08874,1.06209,1.05271,1.03992,1.07094,1.20061,1.23454,1.08509,1.02487,1.01646,0.947737,1.17059,1.44185,1.02908,1.53649,1.29879,1.53649,1.26748,1.17893,1.14119,1.09667
2005-10-07,1.21104,1.22978,1.16467,1.13585,1.23964,1.12679,1.31171,1.08345,1.11128,1.3557,1.12478,1.23687,1.03652,1.04251,1.08446,1.18514,1.08763,1.07083,1.05418,1.06941,1.10531,1.02443,1.06404,1.021,1.04966,1.03992,1.07741,1.191,1.16621,1.08381,1.02102,0.988839,0.928064,1.13228,1.3709,0.995001,1.50998,1.25575,1.50998,1.26548,1.13584,1.10938,1.06554
2005-10-14,1.20548,1.21773,1.15547,1.12124,1.26315,1.11606,1.31002,1.07025,1.10327,1.35054,1.12215,1.21885,1.01995,1.02804,1.08172,1.19064,1.09409,1.06581,1.03003,1.0372,1.0927,1.00773,1.02741,1.01125,1.02283,1.03992,1.07206,1.18677,1.1469,1.04082,1.01668,0.966804,0.924402,1.10456,1.32623,0.977384,1.47364,1.2165,1.47364,1.24187,1.11482,1.10066,1.05776
2005-10-21,1.20004,1.22558,1.16933,1.12958,1.25495,1.11839,1.31161,1.06918,1.10854,1.35206,1.13523,1.21345,1.04416,1.04776,1.08937,1.20335,1.09978,1.06766,1.03565,1.04963,1.09038,1.01782,1.04071,1.02539,1.02441,1.03992,1.07042,1.20517,1.15488,1.04767,1.02294,0.965248,0.912806,1.10309,1.35036,0.979362,1.53909,1.23635,1.53909,1.28287,1.10441,1.09565,1.07138
2005-10-28,1.22148,1.25323,1.21284,1.17074,1.26763,1.15929,1.33748,1.07416,1.11059,1.36923,1.13301,1.25086,1.05401,1.06914,1.14125,1.2352,1.10173,1.08466,1.03859,1.04443,1.08742,1.03433,1.05488,1.03268,1.02687,1.04429,1.07461,1.22161,1.17726,1.0702,1.02043,0.998588,0.926032,1.11487,1.31688,0.99461,1.59711,1.27482,1.59711,1.34227,1.11526,1.11114,1.06498
2005-11-04,1.25885,1.29158,1.24094,1.20113,1.30349,1.18939,1.35078,1.07949,1.1166,1.40504,1.15032,1.27894,1.05948,1.08349,1.14965,1.28207,1.12008,1.12083,1.07194,1.06489,1.14459,1.02586,1.08454,1.06082,1.05643,1.06556,1.09688,1.26252,1.2139,1.10221,1.02524,1.0383,0.940995,1.14612,1.34197,1.00827,1.70998,1.35803,1.70998,1.43751,1.17169,1.13257,1.1139
2005-11-11,1.28035,1.31363,1.26037,1.21646,1.34007,1.20457,1.36292,1.08286,1.1282,1.4314,1.16015,1.28893,1.06934,1.1027,1.15746,1.26596,1.12036,1.1324,1.08306,1.09162,1.16911,1.04598,1.13156,1.08253,1.05488,1.06735,1.09918,1.28435,1.2335,1.09099,1.0246,1.04328,0.954142,1.14974,1.36857,1.01181,1.75124,1.38678,1.75124,1.52697,1.23994,1.14787,1.13141
2005-11-18,1.32529,1.35974,1.30996,1.26585,1.38866,1.25347,1.37634,1.09404,1.13648,1.44557,1.163,1.32856,1.08581,1.14429,1.20299,1.29011,1.12731,1.14568,1.09736,1.09998,1.18117,1.06654,1.12756,1.10082,1.05245,1.06735,1.10236,1.28997,1.24233,1.10475,1.0246,1.05708,0.964869,1.16884,1.39092,1.01816,1.83559,1.43338,1.83559,1.55314,1.23339,1.16058,1.15197
2005-11-25,1.32766,1.36217,1.32703,1.28234,1.39706,1.26981,1.39397,1.09321,1.13701,1.46491,1.17443,1.33754,1.10692,1.17207,1.21251,1.29651,1.1329,1.15364,1.11197,1.12875,1.19265,1.07721,1.13947,1.14993,1.05848,1.06628,1.10848,1.29754,1.25854,1.11534,1.02968,1.06093,0.96533,1.18172,1.40852,1.02273,1.93926,1.48768,1.93926,1.58989,1.24195,1.17913,1.1642
2005-12-02,1.35094,1.38605,1.33662,1.29161,1.4145,1.27899,1.39777,1.1045,1.13767,1.45531,1.17337,1.3492,1.11724,1.17392,1.2242,1.31044,1.13898,1.16163,1.12276,1.13716,1.18973,1.09377,1.14273,1.1421,1.05436,1.06306,1.1081,1.30615,1.26416,1.13723,1.03089,1.08151,0.958807,1.1734,1.42123,1.00894,1.93583,1.48842,1.93583,1.58329,1.24605,1.17653,1.17031
2005-12-09,1.35006,1.38497,1.34226,1.29895,1.42155,1.28733,1.4086,1.10757,1.13763,1.45985,1.17282,1.35737,1.12431,1.17935,1.23344,1.32372,1.14093,1.15735,1.10296,1.1335,1.19107,1.09,1.14435,1.15318,1.05675,1.06306,1.10883,1.31529,1.2524,1.13154,1.03089,1.07773,0.966491,1.16772,1.43995,1.01278,1.92143,1.48026,1.92143,1.57626,1.26434,1.17171,1.15948
2005-12-16,1.36389,1.4005,1.3568,1.31953,1.44993,1.29729,1.41232,1.12251,1.15062,1.48315,1.19137,1.36987,1.13697,1.19663,1.26517,1.32392,1.14336,1.16226,1.1031,1.11169,1.19273,1.09313,1.13967,1.14493,1.05503,1.065,1.10817,1.30116,1.25382,1.13349,1.03309,1.08779,0.959304,1.16721,1.45419,1.00282,1.90935,1.47813,1.90935,1.56591,1.26714,1.1782,1.15837
2005-12-23,1.3656,1.40878,1.36797,1.32526,1.46021,1.30174,1.43166,1.13109,1.15664,1.49052,1.20241,1.38148,1.14153,1.20241,1.26851,1.33343,1.14165,1.15536,1.10567,1.11513,1.19593,1.10941,1.15641,1.14878,1.05619,1.0618,1.11183,1.28837,1.26876,1.14099,1.03102,1.09299,0.93855,1.16939,1.48062,1.00291,1.97501,1.52028,1.97501,1.63859,1.30958,1.18193,1.15336
2005-12-30,1.34877,1.39848,1.35381,1.31351,1.44945,1.2902,1.41911,1.12439,1.15378,1.47687,1.18417,1.37456,1.11745,1.18043,1.25509,1.33411,1.14224,1.14526,1.08616,1.10082,1.17667,1.10603,1.15063,1.13319,1.05117,1.0618,1.10188,1.27892,1.24197,1.14279,1.03102,1.09471,0.919787,1.16335,1.45583,0.992994,1.88394,1.47296,1.88394,1.62617,1.29181,1.16095,1.12578
2006-01-06,1.40395,1.45889,1.40952,1.36837,1.507,1.34409,1.46751,1.16044,1.17573,1.51938,1.24023,1.42783,1.17213,1.23107,1.29763,1.33411,1.14224,1.1611,1.13306,1.15902,1.25727,1.15985,1.18822,1.16658,1.05602,1.0618,1.1134,1.30088,1.29226,1.14279,1.03102,1.09471,0.951468,1.18696,1.51622,1.01207,2.02334,1.58679,2.02334,1.73686,1.41152,1.19759,1.18902
2006-01-13,1.4209,1.4766,1.40609,1.36539,1.50969,1.34116,1.47649,1.17193,1.17364,1.54055,1.23962,1.43056,1.19651,1.25957,1.30951,1.3369,1.14224,1.1704,1.12567,1.15808,1.26994,1.16917,1.17465,1.16541,1.0462,1.0618,1.10599,1.29742,1.30382,1.14293,1.03115,1.09689,0.950317,1.20073,1.52685,1.03104,2.13684,1.65289,2.13684,1.81411,1.46924,1.19983,1.19737
2006-01-20,1.43324,1.47067,1.41334,1.37143,1.52367,1.34709,1.46006,1.15361,1.16372,1.50382,1.24316,1.40187,1.19163,1.25353,1.28939,1.36171,1.14224,1.15557,1.12036,1.16126,1.25304,1.17156,1.16171,1.15021,1.04068,1.06383,1.10394,1.29988,1.28994,1.14332,1.03555,1.09495,0.936164,1.18133,1.51465,1.02339,2.03333,1.62591,2.03333,1.77743,1.39419,1.17456,1.14918
2006-01-27,1.46958,1.50925,1.44431,1.40976,1.55824,1.37788,1.48256,1.16572,1.17711,1.52723,1.26687,1.42938,1.22784,1.28275,1.33157,1.40368,1.16659,1.17934,1.147,1.17363,1.30076,1.16698,1.20336,1.19038,1.0706,1.06883,1.14077,1.33569,1.28105,1.17577,1.04872,1.12803,0.973655,1.215,1.5182,1.05032,2.12058,1.70249,2.12058,1.88727,1.45585,1.19853,1.17314
2006-02-03,1.45149,1.49416,1.41847,1.38954,1.54013,1.35449,1.44598,1.15255,1.1621,1.49824,1.24514,1.42615,1.21547,1.27095,1.30452,1.39591,1.16837,1.16838,1.14768,1.17188,1.2884,1.16116,1.18968,1.16358,1.06112,1.05736,1.12972,1.3231,1.26128,1.14873,1.04533,1.12361,0.965576,1.20504,1.49583,1.03283,2.00391,1.64551,2.00391,1.80808,1.35404,1.17736,1.13998
2006-02-10,1.44088,1.4819,1.40877,1.38928,1.55144,1.33945,1.44947,1.1547,1.1554,1.53919,1.28811,1.44872,1.22948,1.28185,1.2986,1.34234,1.15437,1.18293,1.12725,1.16544,1.27496,1.17128,1.18978,1.14219,1.05043,1.05409,1.1124,1.30959,1.26789,1.09747,1.03616,1.10464,0.986643,1.21325,1.49318,1.02914,1.93686,1.59291,1.93686,1.77175,1.33191,1.18081,1.1411
2006-02-17,1.47216,1.50517,1.45859,1.4254,1.56601,1.36974,1.49335,1.16216,1.17436,1.57188,1.3183,1.47182,1.27615,1.30496,1.34042,1.37162,1.17322,1.20498,1.15423,1.19366,1.29637,1.19032,1.21155,1.18331,1.0543,1.05409,1.11171,1.3358,1.28866,1.10556,1.03523,1.11357,0.991001,1.23726,1.51569,1.03578,1.96103,1.62074,1.96103,1.81885,1.36642,1.20104,1.14806
2006-02-24,1.47687,1.50998,1.45191,1.42306,1.57416,1.36174,1.50921,1.17423,1.17191,1.59128,1.33003,1.4706,1.28161,1.30566,1.33907,1.37597,1.17322,1.22046,1.16023,1.18248,1.31932,1.19574,1.23337,1.19132,1.05815,1.05874,1.11092,1.34621,1.30728,1.10621,1.03369,1.11692,0.999798,1.24497,1.535,1.04923,2.03782,1.65953,2.03782,1.86711,1.38546,1.20664,1.14946
2006-03-03,1.4916,1.52505,1.46647,1.45268,1.59083,1.39008,1.50054,1.17848,1.17346,1.60638,1.34301,1.4919,1.28707,1.31709,1.3708,1.40163,1.17322,1.22304,1.16777,1.18248,1.3523,1.20114,1.23053,1.21317,1.07067,1.05903,1.11083,1.33603,1.32562,1.10064,1.03527,1.12555,1.00179,1.24309,1.51738,1.04821,2.06959,1.68015,2.06959,1.8913,1.43,1.20058,1.15475
2006-03-10,1.50173,1.5356,1.46052,1.48543,1.58125,1.42141,1.48537,1.16786,1.17108,1.57244,1.33293,1.44317,1.27785,1.30924,1.37281,1.37921,1.16639,1.22012,1.14686,1.16572,1.27193,1.17332,1.21338,1.18948,1.06982,1.05365,1.109,1.31042,1.32924,1.07224,1.03082,1.09319,0.987881,1.21479,1.5177,1.03549,2.03607,1.61276,2.03607,1.83373,1.35823,1.19899,1.12996
2006-03-17,1.51319,1.55245,1.4808,1.49975,1.60815,1.43557,1.49637,1.16125,1.18952,1.60345,1.37237,1.45084,1.29538,1.32653,1.38887,1.40577,1.17411,1.23342,1.17789,1.19734,1.33343,1.19411,1.24635,1.22044,1.10092,1.06913,1.12593,1.33258,1.33373,1.09135,1.03192,1.12157,1.01289,1.25872,1.54898,1.06967,2.11357,1.65866,2.11357,1.89647,1.40376,1.22276,1.15556
2006-03-24,1.52204,1.56727,1.48884,1.51732,1.61747,1.45523,1.52016,1.17189,1.19083,1.60798,1.39754,1.46579,1.34137,1.35458,1.39499,1.42907,1.17389,1.23103,1.1875,1.20046,1.31382,1.19046,1.23843,1.2319,1.10076,1.06913,1.13025,1.33974,1.33927,1.0941,1.03192,1.12426,1.02906,1.26248,1.54213,1.06902,2.12347,1.69099,2.12347,1.88883,1.42176,1.21893,1.15138
2006-03-31,1.51294,1.55628,1.50907,1.54149,1.6496,1.47598,1.51433,1.18045,1.18371,1.62214,1.39696,1.47042,1.33029,1.34159,1.41534,1.43261,1.17389,1.23789,1.19941,1.2123,1.34248,1.18687,1.25813,1.24282,1.10535,1.07359,1.13896,1.36196,1.35653,1.09483,1.03192,1.1222,1.04131,1.25651,1.53477,1.06889,2.17095,1.72982,2.17095,1.95658,1.42164,1.21537,1.16894
2006-04-07,1.52732,1.57177,1.49679,1.54573,1.66306,1.4648,1.50132,1.17109,1.17565,1.61282,1.39741,1.48258,1.33374,1.3402,1.40178,1.45193,1.18497,1.23036,1.21814,1.21828,1.34864,1.18899,1.25266,1.2492,1.09875,1.07143,1.12881,1.3363,1.3554,1.09298,1.04166,1.10249,1.04196,1.24547,1.50966,1.07344,2.12448,1.71963,2.12448,1.92717,1.38497,1.21265,1.17981
2006-04-14,1.48974,1.53688,1.46153,1.50956,1.63547,1.43172,1.49157,1.17139,1.17553,1.6017,1.39038,1.47407,1.32708,1.33515,1.37106,1.46114,1.18007,1.21885,1.20776,1.20889,1.3444,1.19123,1.24497,1.25178,1.09065,1.07143,1.11306,1.32749,1.34855,1.09136,1.04134,1.10954,1.0252,1.24584,1.50204,1.06655,2.09724,1.69953,2.09724,1.88453,1.37048,1.20488,1.17368
2006-04-21,1.51166,1.57362,1.46445,1.52278,1.64608,1.43816,1.50745,1.19055,1.191,1.65207,1.41441,1.50086,1.35869,1.36632,1.41127,1.46698,1.18944,1.24392,1.2196,1.22661,1.38496,1.20769,1.28031,1.26303,1.0888,1.07223,1.12093,1.3601,1.36312,1.08437,1.0406,1.09764,1.03462,1.26067,1.5401,1.07276,2.20915,1.78184,2.20915,1.99203,1.44674,1.22772,1.17089
2006-04-28,1.49933,1.56628,1.4381,1.49451,1.67136,1.4201,1.4882,1.18688,1.18122,1.62524,1.40204,1.50464,1.32323,1.33683,1.40655,1.45129,1.18836,1.23168,1.20992,1.21397,1.38411,1.18179,1.258,1.2525,1.08645,1.06925,1.11577,1.35614,1.3696,1.0632,1.03668,1.0931,1.01844,1.23994,1.51227,1.04684,2.17256,1.76295,2.17256,1.94597,1.4683,1.23072,1.16671
2006-05-05,1.50948,1.57027,1.45557,1.4659,1.66605,1.39834,1.5021,1.19035,1.19065,1.64046,1.4143,1.52218,1.33137,1.34606,1.37344,1.45272,1.18469,1.21552,1.24697,1.24327,1.40362,1.18377,1.30339,1.26776,1.10292,1.08689,1.12448,1.36241,1.39021,1.09408,1.03633,1.08743,1.03615,1.26408,1.52429,1.07098,2.24601,1.81649,2.24601,2.04235,1.51605,1.24055,1.17535
2006-05-12,1.46455,1.51866,1.4249,1.41771,1.61984,1.34449,1.45628,1.16268,1.17491,1.60705,1.37331,1.48262,1.27513,1.27273,1.32165,1.42057,1.16713,1.18786,1.17876,1.18712,1.34403,1.13244,1.28112,1.23744,1.10598,1.08689,1.11466,1.35357,1.32798,1.09907,1.03201,1.0853,1.00553,1.23099,1.47444,1.03864,2.13735,1.71185,2.13735,1.9431,1.46874,1.20984,1.12043
2006-05-19,1.42279,1.48205,1.38375,1.37176,1.57797,1.31873,1.42796,1.1077,1.13115,1.585,1.33267,1.43717,1.24571,1.24163,1.28612,1.38864,1.14796,1.16459,1.15435,1.14261,1.31944,1.11867,1.24982,1.21066,1.08143,1.0819,1.07239,1.34368,1.29269,1.04788,1.02969,1.03511,0.977361,1.19231,1.46675,1.01442,2.03734,1.64263,2.03734,1.90518,1.40469,1.18981,1.09702
2006-05-26,1.45414,1.48512,1.40458,1.37046,1.56611,1.31339,1.45501,1.12394,1.13464,1.60731,1.35105,1.46707,1.24932,1.24645,1.28322,1.4088,1.19181,1.17979,1.13501,1.14567,1.3094,1.12646,1.25746,1.22164,1.09416,1.08548,1.07726,1.33531,1.29442,1.08706,1.02789,1.05844,0.972204,1.18741,1.4866,1.02506,2.0604,1.65671,2.0604,1.91593,1.37531,1.20179,1.10092
2006-06-02,1.47352,1.50331,1.43075,1.40088,1.58452,1.34315,1.46191,1.12196,1.13355,1.61716,1.34677,1.48223,1.27257,1.24379,1.32407,1.41888,1.1923,1.18563,1.14362,1.14544,1.31231,1.13288,1.27963,1.22748,1.0956,1.08592,1.07422,1.33309,1.31752,1.09954,1.02789,1.06961,0.967177,1.20963,1.4907,1.03651,2.08407,1.67597,2.08407,1.95497,1.3886,1.2076,1.1051
2006-06-09,1.44964,1.47895,1.38976,1.35985,1.53683,1.30488,1.43359,1.1026,1.12295,1.58813,1.32204,1.42356,1.26043,1.20534,1.29312,1.41875,1.19301,1.13033,1.11685,1.12312,1.28498,1.10721,1.25931,1.20392,1.09629,1.08592,1.07489,1.30728,1.27089,1.08693,1.02967,1.02541,0.941092,1.19181,1.43342,1.00588,1.91428,1.55064,1.91428,1.81887,1.30812,1.17343,1.06356
2006-06-16,1.4601,1.5017,1.39358,1.38204,1.5435,1.32256,1.43402,1.1121,1.10207,1.61696,1.34836,1.44055,1.24963,1.194,1.29956,1.42904,1.22274,1.12266,1.08046,1.10162,1.26589,1.0908,1.24639,1.18793,1.09343,1.08001,1.07387,1.29211,1.26057,1.07401,1.03117,1.01721,0.938822,1.18452,1.44208,1.00083,1.90873,1.54454,1.90873,1.80953,1.2925,1.17203,1.06958
2006-06-23,1.46075,1.50441,1.39129,1.38432,1.53135,1.32778,1.45032,1.111,1.10542,1.61265,1.34966,1.44362,1.24368,1.19127,1.31012,1.42904,1.22567,1.11619,1.06833,1.09218,1.25313,1.09374,1.23143,1.18294,1.08846,1.07678,1.07654,1.28951,1.25794,1.05974,1.02941,1.02203,0.942359,1.17418,1.43536,0.996801,1.96348,1.58103,1.96348,1.91394,1.32374,1.17006,1.06428
2006-06-30,1.47175,1.5172,1.42766,1.41309,1.5445,1.3554,1.4766,1.11245,1.10573,1.63897,1.37063,1.47528,1.2611,1.20363,1.32834,1.42945,1.22567,1.1435,1.0888,1.11964,1.28559,1.12308,1.25767,1.19717,1.08846,1.07678,1.07654,1.3033,1.30726,1.0766,1.02941,1.0542,0.964998,1.20339,1.48212,1.03218,2.10193,1.69562,2.10193,2.04312,1.40041,1.19676,1.08157
2006-07-07,1.47721,1.52323,1.42169,1.4074,1.53438,1.34994,1.47146,1.1114,1.10662,1.62365,1.36415,1.47438,1.2319,1.17797,1.3327,1.43033,1.22567,1.12995,1.0918,1.12112,1.26986,1.11693,1.25244,1.18775,1.08846,1.07678,1.07763,1.29078,1.29571,1.07101,1.02941,1.03888,0.94605,1.1837,1.45362,1.006,2.07381,1.64467,2.07381,2.02541,1.37841,1.19046,1.05144
2006-07-14,1.41643,1.46056,1.34537,1.33326,1.48055,1.2835,1.40598,1.0485,1.06765,1.57112,1.28865,1.4347,1.19622,1.1406,1.25464,1.38118,1.21882,1.09865,1.06613,1.10698,1.23837,1.10018,1.23268,1.16326,1.08045,1.06945,1.0697,1.2827,1.24091,1.03676,1.02861,1.01056,0.921408,1.1548,1.42332,0.968634,1.96377,1.54076,1.96377,1.92568,1.29395,1.16141,1.00262
2006-07-21,1.46798,1.49404,1.38001,1.35982,1.49563,1.32065,1.43683,1.08124,1.09452,1.58255,1.29784,1.43823,1.2086,1.16075,1.28022,1.43617,1.21876,1.10786,1.06838,1.11719,1.23282,1.10647,1.24992,1.17633,1.07962,1.06881,1.07103,1.29986,1.22142,1.00399,1.02499,0.985276,0.922879,1.13078,1.37768,0.974379,1.9122,1.49474,1.9122,1.88189,1.28621,1.16545,0.995929
2006-07-28,1.48711,1.51274,1.41646,1.3953,1.55684,1.35359,1.47317,1.08366,1.09452,1.6199,1.3133,1.4884,1.25015,1.1992,1.31307,1.46431,1.22713,1.13974,1.08513,1.14753,1.25001,1.11826,1.268,1.2027,1.07395,1.06926,1.0647,1.34405,1.25619,1.01402,1.02272,1.00759,0.950922,1.14841,1.4569,0.973862,1.98941,1.58005,1.98941,1.97808,1.3153,1.20334,1.03526
2006-08-04,1.48621,1.51224,1.41254,1.36638,1.54717,1.32406,1.49889,1.08379,1.09452,1.6418,1.31022,1.45203,1.25989,1.20982,1.30527,1.44243,1.214,1.13999,1.08943,1.15031,1.24738,1.11604,1.26394,1.20414,1.06781,1.06925,1.06239,1.33917,1.2631,1.0144,1.023,1.01253,0.950857,1.16869,1.47919,0.983775,1.93075,1.54724,1.93075,1.91138,1.27118,1.20541,1.0308
2006-08-11,1.48413,1.51304,1.42101,1.36935,1.57051,1.33306,1.48682,1.08369,1.09083,1.60763,1.31007,1.42517,1.24367,1.19075,1.30975,1.43009,1.21437,1.13268,1.0698,1.14882,1.23207,1.10546,1.26319,1.20336,1.05767,1.06925,1.04423,1.33691,1.24948,1.01542,1.023,0.992264,0.926136,1.14474,1.41092,0.958145,1.81609,1.4524,1.81609,1.83035,1.24428,1.19422,1.01908
2006-08-18,1.54094,1.56522,1.47358,1.4075,1.61586,1.37234,1.51416,1.10586,1.11947,1.66449,1.34177,1.48714,1.26994,1.21055,1.34092,1.44446,1.21437,1.15811,1.09445,1.15536,1.24801,1.11663,1.28055,1.20992,1.06365,1.06925,1.05403,1.35764,1.25681,1.01427,1.023,1.01865,0.965323,1.17244,1.50576,0.987087,1.93237,1.54256,1.93237,1.91333,1.268,1.22883,1.08213
2006-08-25,1.53059,1.55601,1.47332,1.40619,1.60666,1.36988,1.50293,1.1005,1.11234,1.66108,1.33723,1.45883,1.26072,1.20703,1.34278,1.44671,1.21728,1.16136,1.08233,1.14565,1.24402,1.09522,1.27818,1.19736,1.06219,1.06925,1.04645,1.33645,1.25988,1.00947,1.02546,0.996594,0.933507,1.12746,1.44535,0.972485,1.86953,1.48729,1.86953,1.85686,1.26539,1.22055,1.06902
2006-09-01,1.55722,1.58464,1.48781,1.42081,1.63361,1.38412,1.53407,1.11918,1.12576,1.70095,1.3675,1.47253,1.28307,1.22719,1.36538,1.45119,1.21958,1.18123,1.09473,1.152,1.25497,1.11235,1.28872,1.211,1.06316,1.06925,1.05327,1.35239,1.27099,1.01689,1.03254,1.0079,0.95165,1.16065,1.48623,0.989179,1.90476,1.5387,1.90476,1.91595,1.29405,1.23569,1.09022
2006-09-08,1.55923,1.58537,1.47602,1.3943,1.61095,1.36456,1.5261,1.12465,1.12521,1.68204,1.36729,1.465,1.2823,1.23629,1.37499,1.44412,1.21958,1.16876,1.08535,1.13396,1.24181,1.11227,1.28177,1.19626,1.06209,1.06925,1.05284,1.34926,1.26315,1.00737,1.02891,1.0071,0.950104,1.15932,1.50369,0.987576,1.88139,1.50865,1.88139,1.86976,1.29667,1.22497,1.08018
2006-09-15,1.56162,1.57724,1.48561,1.38382,1.59609,1.37285,1.52082,1.12009,1.13196,1.69456,1.36494,1.44557,1.31142,1.26081,1.35814,1.43454,1.21958,1.18585,1.10375,1.15989,1.25122,1.13834,1.28226,1.19962,1.06206,1.06925,1.04393,1.37792,1.30402,1.00441,1.02756,1.02469,0.96947,1.20022,1.52237,1.00355,1.96939,1.56266,1.96939,1.9154,1.36641,1.24622,1.1196
2006-09-22,1.55914,1.59378,1.48285,1.38089,1.58326,1.37138,1.53449,1.12995,1.1353,1.67666,1.37589,1.4554,1.2919,1.24349,1.37581,1.44235,1.21958,1.17691,1.0992,1.14637,1.24867,1.12648,1.27935,1.17567,1.05523,1.06925,1.04307,1.34878,1.29116,1.00283,1.02839,1.02505,0.965373,1.19992,1.49819,0.994505,1.92688,1.53545,1.92688,1.91551,1.36705,1.2416,1.1129
2006-09-29,1.59061,1.62617,1.49186,1.4017,1.60022,1.39283,1.54268,1.13847,1.14229,1.69963,1.37896,1.47994,1.30623,1.2644,1.38705,1.44825,1.2227,1.19654,1.1078,1.14053,1.26904,1.14788,1.29741,1.18447,1.04982,1.06925,1.03684,1.37601,1.31932,1.01289,1.02413,1.03846,0.992665,1.25557,1.53877,1.01324,1.96584,1.56844,1.96584,1.95748,1.38873,1.26152,1.13467
2006-10-06,1.58953,1.63507,1.49346,1.40302,1.63023,1.40257,1.53339,1.14438,1.15156,1.71717,1.36677,1.454,1.32195,1.28468,1.39144,1.47297,1.2227,1.20996,1.12089,1.16926,1.28647,1.18702,1.31173,1.19928,1.06243,1.06908,1.04326,1.40717,1.34967,1.02031,1.02945,1.05957,0.996406,1.26166,1.55843,1.02478,2.00906,1.61838,2.00906,1.98548,1.45987,1.27503,1.15589
2006-10-13,1.60068,1.64674,1.49309,1.39997,1.63701,1.40193,1.55549,1.16697,1.15515,1.71464,1.38124,1.462,1.33125,1.2966,1.40057,1.47297,1.2227,1.22455,1.13376,1.19106,1.32093,1.20833,1.32483,1.20643,1.06084,1.06686,1.04197,1.4275,1.37311,1.02187,1.02945,1.06856,1.00453,1.26652,1.58842,1.02417,2.09754,1.67441,2.09754,2.03049,1.4936,1.29033,1.18436
2006-10-20,1.61192,1.66285,1.49472,1.40793,1.6557,1.40848,1.5537,1.18572,1.15301,1.71182,1.40167,1.4842,1.34815,1.31195,1.40181,1.47495,1.2227,1.25023,1.14135,1.22327,1.31532,1.19736,1.31745,1.2221,1.05578,1.06225,1.04157,1.41772,1.3963,1.02606,1.02945,1.07506,0.983468,1.26554,1.57898,1.00621,2.11855,1.68364,2.11855,2.05676,1.45047,1.29231,1.17236
2006-10-27,1.64117,1.70346,1.54931,1.45944,1.74516,1.47422,1.56273,1.19574,1.14946,1.74059,1.43656,1.5086,1.35731,1.32551,1.45577,1.48868,1.23345,1.25123,1.15067,1.24432,1.31534,1.204,1.32753,1.21717,1.04643,1.06439,1.04077,1.4222,1.43055,1.03821,1.03598,1.11468,0.997909,1.27803,1.61141,1.02158,2.14199,1.72292,2.14199,2.01796,1.43779,1.30242,1.17822
2006-11-03,1.64211,1.70454,1.52398,1.43833,1.74275,1.4601,1.55013,1.20217,1.15654,1.71316,1.44993,1.49793,1.36616,1.31684,1.44884,1.50194,1.23431,1.2396,1.14713,1.23689,1.31571,1.18747,1.31198,1.1943,1.03325,1.06217,1.0259,1.43645,1.4113,1.03317,1.03695,1.10805,0.990564,1.27765,1.59323,1.01845,2.07643,1.69294,2.07643,1.9695,1.46612,1.28948,1.1704
2006-11-10,1.68009,1.73309,1.54074,1.44675,1.74871,1.46805,1.58284,1.22179,1.1618,1.74569,1.47521,1.50335,1.39862,1.34535,1.45846,1.52036,1.23755,1.25408,1.18041,1.27764,1.33436,1.22183,1.3453,1.22219,1.04414,1.06217,1.02915,1.48885,1.42765,1.05823,1.03966,1.14059,1.00066,1.3056,1.64247,1.02669,2.15666,1.74858,2.15666,1.98954,1.52197,1.30553,1.20111
2006-11-17,1.70013,1.75288,1.57417,1.47884,1.7966,1.50062,1.60802,1.23285,1.16423,1.76079,1.48826,1.5515,1.42261,1.3733,1.48109,1.53206,1.24151,1.25397,1.19095,1.30593,1.35061,1.25498,1.36401,1.23946,1.05573,1.06516,1.03692,1.56495,1.43878,1.08639,1.04299,1.17268,1.02163,1.34889,1.65596,1.0342,2.15991,1.78871,2.15991,1.99693,1.56077,1.32612,1.23656
2006-11-24,1.70447,1.75538,1.5781,1.48134,1.79125,1.50315,1.60923,1.23561,1.16633,1.77493,1.50196,1.56783,1.44797,1.40211,1.48834,1.53512,1.24145,1.25133,1.19969,1.32157,1.35306,1.2668,1.37807,1.25186,1.06472,1.06103,1.03422,1.57803,1.44566,1.09323,1.04206,1.18306,1.02188,1.36721,1.66929,1.03341,2.1684,1.82348,2.1684,1.98672,1.61507,1.32546,1.24633
2006-12-01,1.70409,1.74597,1.56379,1.46653,1.77736,1.48812,1.59674,1.21421,1.15605,1.74192,1.45582,1.55891,1.42891,1.37632,1.4673,1.52711,1.24145,1.2543,1.19652,1.32559,1.34967,1.27802,1.36468,1.23999,1.06256,1.05888,1.02918,1.54009,1.42251,1.09731,1.04206,1.19181,1.01614,1.33357,1.6275,1.03741,2.13005,1.7906,2.13005,1.96013,1.55611,1.32423,1.21869
2006-12-08,1.73327,1.7741,1.59729,1.49729,1.8051,1.51933,1.61814,1.22508,1.16629,1.74563,1.47492,1.58078,1.44218,1.41158,1.49206,1.54938,1.24145,1.26571,1.20996,1.35427,1.36646,1.27064,1.37296,1.25445,1.06256,1.05888,1.03134,1.57327,1.45616,1.12225,1.0461,1.21813,1.01988,1.35091,1.64078,1.03994,2.25967,1.88407,2.25967,2.04511,1.60458,1.33556,1.22539
2006-12-15,1.74018,1.77801,1.58512,1.48096,1.77833,1.4759,1.63479,1.22822,1.17598,1.77062,1.48946,1.56372,1.43941,1.42162,1.48599,1.56822,1.24506,1.28253,1.23308,1.36851,1.38106,1.27408,1.37756,1.26477,1.06618,1.06196,1.03564,1.57933,1.46628,1.12643,1.04522,1.22737,1.02092,1.36056,1.64785,1.03322,2.23765,1.87143,2.23765,2.03958,1.58538,1.35174,1.2417
2006-12-22,1.73852,1.77385,1.57772,1.46491,1.76959,1.45483,1.61326,1.20631,1.17623,1.76382,1.47265,1.54471,1.41048,1.40452,1.46953,1.54062,1.2404,1.26612,1.21,1.33862,1.36372,1.26073,1.35575,1.24066,1.05498,1.05689,1.00366,1.54518,1.42806,1.10598,1.04522,1.19619,1.00365,1.34412,1.61656,1.02193,2.21137,1.84288,2.21137,1.99613,1.55242,1.33664,1.19978
2006-12-29,1.74194,1.77777,1.58624,1.4764,1.77545,1.46481,1.6225,1.22025,1.18957,1.76974,1.48255,1.55286,1.42349,1.41977,1.48235,1.54784,1.24097,1.26906,1.21824,1.34135,1.37727,1.2617,1.36453,1.25235,1.06091,1.05952,1.01005,1.54861,1.43501,1.10565,1.04522,1.20405,1.00468,1.3567,1.62817,1.0219,2.22275,1.86152,2.22275,2.01214,1.57112,1.3449,1.2062
2007-01-05,1.73,1.77085,1.58721,1.4763,1.77359,1.46433,1.62378,1.21949,1.18811,1.77896,1.47808,1.56584,1.4286,1.41004,1.48661,1.54148,1.24097,1.27127,1.19658,1.31407,1.35578,1.24417,1.36832,1.25527,1.06063,1.05952,1.01607,1.5317,1.41617,1.1091,1.04522,1.20884,1.00302,1.34715,1.62071,1.02781,2.20876,1.84083,2.20876,2.01414,1.6151,1.33465,1.22549
2007-01-12,1.74657,1.78911,1.61425,1.48671,1.80906,1.47525,1.64103,1.23465,1.19219,1.78626,1.48945,1.59033,1.44765,1.42896,1.48713,1.55592,1.24097,1.28823,1.23935,1.34791,1.3968,1.28243,1.41944,1.28319,1.06372,1.05952,1.02171,1.58461,1.42556,1.11253,1.05664,1.21616,1.02868,1.37205,1.64158,1.0486,2.31743,1.92001,2.31743,2.12504,1.77422,1.36029,1.26629
2007-01-19,1.73495,1.77514,1.59967,1.46955,1.78829,1.45351,1.62368,1.22852,1.19664,1.78982,1.4962,1.59209,1.44879,1.43323,1.47278,1.55247,1.24097,1.28809,1.21765,1.32003,1.38175,1.28909,1.39594,1.28065,1.06542,1.05952,1.01771,1.58113,1.43042,1.11696,1.05658,1.22092,1.02428,1.35894,1.64474,1.05173,2.28133,1.90626,2.28133,2.08507,1.73281,1.3563,1.23443
2007-01-26,1.75326,1.77811,1.58962,1.46399,1.75763,1.44802,1.61672,1.24999,1.2165,1.77175,1.49684,1.59949,1.43919,1.40228,1.48148,1.56637,1.23796,1.27715,1.21227,1.31333,1.37295,1.28114,1.40772,1.28815,1.06193,1.05952,1.01626,1.58188,1.42653,1.10465,1.05402,1.21136,1.02154,1.35787,1.63577,1.05035,2.30263,1.92916,2.30263,2.07924,1.72969,1.34975,1.21766
2007-02-02,1.7748,1.79547,1.62195,1.49173,1.80387,1.47546,1.62891,1.26761,1.21871,1.82026,1.51167,1.6173,1.48815,1.44701,1.50331,1.56938,1.24231,1.29907,1.23606,1.34476,1.40225,1.3009,1.44013,1.32909,1.08408,1.05952,1.02635,1.59468,1.45962,1.11092,1.05322,1.21724,1.03273,1.37521,1.66659,1.07798,2.38355,1.99015,2.38355,2.17365,1.78079,1.3752,1.23415
2007-02-09,1.75534,1.77859,1.58997,1.4677,1.76754,1.45169,1.61228,1.25182,1.21473,1.81596,1.49419,1.59027,1.47116,1.43233,1.49147,1.55508,1.23892,1.30525,1.21311,1.34481,1.41855,1.31973,1.43138,1.30381,1.09676,1.07099,1.01989,1.58471,1.44206,1.09134,1.04698,1.19386,1.01892,1.35743,1.65375,1.05255,2.39208,1.99612,2.39208,2.14364,1.75349,1.36694,1.22633
2007-02-16,1.77783,1.80331,1.61561,1.48991,1.7787,1.47366,1.64605,1.2631,1.22145,1.84596,1.5219,1.6218,1.52,1.47727,1.51453,1.56848,1.24977,1.31474,1.23069,1.36744,1.44723,1.39523,1.45593,1.33453,1.10145,1.07519,1.03668,1.62244,1.45483,1.08275,1.04783,1.19157,1.02075,1.36967,1.66597,1.05966,2.4916,2.03872,2.4916,2.18397,1.76691,1.38394,1.24952
2007-02-23,1.78153,1.80086,1.60973,1.49298,1.7843,1.4767,1.66958,1.26389,1.22252,1.86627,1.53423,1.61185,1.50479,1.46972,1.50593,1.5776,1.25248,1.30536,1.22864,1.37554,1.4494,1.41782,1.46346,1.34052,1.09731,1.07519,1.03297,1.63137,1.46484,1.08559,1.04783,1.19517,1.01124,1.35331,1.67145,1.05205,2.51677,2.0735,2.51677,2.21215,1.81638,1.37985,1.26489
2007-03-02,1.70095,1.71438,1.55281,1.42842,1.73741,1.39097,1.60784,1.2203,1.17879,1.76273,1.41447,1.53625,1.45227,1.41225,1.44684,1.53155,1.23214,1.26095,1.14418,1.30486,1.39081,1.34065,1.40758,1.26937,1.0623,1.06889,0.996808,1.55612,1.40966,1.05281,1.03097,1.15944,0.972096,1.28555,1.57728,1.01647,2.3166,1.92154,2.3166,2.0481,1.69546,1.31689,1.1872
2007-03-09,1.71728,1.73217,1.58473,1.46651,1.76315,1.40943,1.62392,1.23867,1.19356,1.78307,1.45567,1.5633,1.46073,1.43963,1.46597,1.54248,1.26183,1.27182,1.14898,1.30662,1.40916,1.32955,1.41444,1.27745,1.08762,1.08839,1.03215,1.57233,1.40972,1.0652,1.03374,1.17309,0.976192,1.28654,1.60518,1.0193,2.36582,1.96469,2.36582,2.12779,1.75048,1.33693,1.19978
2007-03-16,1.71805,1.73873,1.58103,1.46735,1.7538,1.41023,1.62554,1.23317,1.19373,1.77308,1.44428,1.54883,1.46906,1.43337,1.47305,1.56768,1.26403,1.2628,1.14891,1.31267,1.41808,1.32683,1.41426,1.28531,1.08762,1.08839,1.03215,1.56652,1.37765,1.08029,1.03739,1.18878,0.953704,1.27209,1.57561,1.00845,2.34339,1.94724,2.34339,2.10667,1.73244,1.32078,1.19773
2007-03-23,1.73011,1.75036,1.59915,1.48467,1.77883,1.42688,1.6352,1.23683,1.1959,1.78983,1.46362,1.56549,1.51251,1.48906,1.48997,1.56569,1.26403,1.31094,1.17856,1.36387,1.45922,1.39943,1.46876,1.32783,1.08743,1.08839,1.03198,1.58983,1.43905,1.10003,1.03739,1.21454,0.987065,1.31908,1.64427,1.0423,2.4265,2.01778,2.4265,2.19131,1.79925,1.36711,1.23381
2007-03-30,1.71639,1.73262,1.58397,1.47198,1.75879,1.41468,1.61572,1.25151,1.196,1.77995,1.46937,1.55144,1.50526,1.47871,1.49041,1.55354,1.26315,1.30771,1.14998,1.3406,1.42123,1.39112,1.46053,1.31705,1.07833,1.08839,1.03134,1.57021,1.39713,1.09505,1.03739,1.20274,0.968895,1.2988,1.62324,1.0298,2.36855,1.9821,2.36855,2.07835,1.75574,1.35386,1.21731
2007-04-06,1.72834,1.75012,1.59761,1.48642,1.76638,1.42856,1.63431,1.2586,1.22207,1.81443,1.49498,1.57923,1.53097,1.50506,1.49436,1.58096,1.27153,1.32946,1.16635,1.3626,1.45476,1.42241,1.48128,1.33335,1.07473,1.08321,1.02827,1.6116,1.43696,1.10848,1.03739,1.22458,0.983135,1.32948,1.63427,1.04476,2.45576,2.02855,2.45576,2.15479,1.85315,1.37522,1.24611
2007-04-13,1.72446,1.743,1.58862,1.48104,1.76967,1.42339,1.63492,1.25992,1.23284,1.81451,1.50366,1.58262,1.52385,1.50442,1.49947,1.57996,1.27153,1.34236,1.16911,1.37274,1.44681,1.4402,1.4742,1.33068,1.08147,1.09001,1.02779,1.62427,1.4352,1.1134,1.03739,1.22847,0.980669,1.33039,1.64524,1.04354,2.50367,2.05231,2.50367,2.18639,1.89922,1.38551,1.24863
2007-04-20,1.7735,1.79162,1.61662,1.50964,1.79438,1.45088,1.68271,1.28178,1.24122,1.87045,1.54204,1.59526,1.52856,1.5301,1.52057,1.5775,1.27153,1.36442,1.18101,1.3848,1.46528,1.44346,1.48553,1.35734,1.08492,1.09148,1.03141,1.65543,1.47729,1.11706,1.03739,1.22861,1.00927,1.34767,1.66511,1.06247,2.5038,2.06706,2.5038,2.18206,1.89721,1.41698,1.26961
2007-04-27,1.78475,1.80574,1.59209,1.49823,1.7875,1.44719,1.70226,1.30377,1.24009,1.8992,1.54762,1.5811,1.50723,1.52447,1.49594,1.53206,1.25669,1.35359,1.19284,1.3943,1.48585,1.50239,1.50014,1.35878,1.08566,1.09148,1.03253,1.68592,1.49231,1.08766,1.02677,1.20167,1.01092,1.33237,1.69804,1.07021,2.56831,2.09718,2.56831,2.267,1.94665,1.42565,1.30232
2007-05-04,1.81413,1.82054,1.58352,1.51294,1.80436,1.45216,1.73179,1.32268,1.24638,1.92844,1.5308,1.57908,1.48758,1.52085,1.49959,1.54898,1.25962,1.36169,1.20791,1.4199,1.48713,1.50004,1.49291,1.34576,1.07099,1.08127,1.03641,1.69108,1.49447,1.0843,1.0329,1.20309,1.0139,1.32925,1.70254,1.0753,2.59432,2.11682,2.59432,2.27901,1.94345,1.43891,1.304
2007-05-11,1.81173,1.81833,1.58292,1.527,1.81,1.46016,1.71764,1.31478,1.24446,1.93099,1.52785,1.57256,1.49914,1.5297,1.51779,1.54885,1.26259,1.36307,1.22051,1.42832,1.47956,1.49614,1.49378,1.35879,1.0681,1.07859,1.0368,1.69171,1.49161,1.0842,1.03755,1.21566,1.00797,1.34205,1.69017,1.08048,2.54896,2.09938,2.54896,2.26089,1.94324,1.43833,1.3082
2007-05-18,1.82449,1.8375,1.60397,1.54698,1.82164,1.47888,1.69999,1.32353,1.24493,1.92515,1.54085,1.55394,1.50969,1.52888,1.52148,1.54389,1.26623,1.3807,1.22915,1.44026,1.48586,1.48166,1.49734,1.37093,1.06565,1.07859,1.03454,1.67877,1.50496,1.09329,1.03755,1.21816,1.00931,1.35048,1.71639,1.09669,2.58684,2.11485,2.58684,2.28198,1.93335,1.45512,1.30624
2007-05-25,1.81939,1.82179,1.5653,1.51587,1.80888,1.44915,1.67934,1.31312,1.2481,1.89757,1.54392,1.55574,1.5146,1.50314,1.50917,1.5352,1.25735,1.35641,1.2053,1.4152,1.46873,1.46401,1.47832,1.3649,1.06887,1.07859,1.04131,1.66522,1.49765,1.08744,1.041,1.21824,0.997021,1.34372,1.68897,1.09337,2.57232,2.1064,2.57232,2.3394,1.92601,1.44625,1.29897
2007-06-01,1.84736,1.85396,1.58354,1.5381,1.83972,1.46911,1.68638,1.3295,1.25396,1.92765,1.55277,1.60388,1.537,1.52915,1.52245,1.53967,1.25998,1.38279,1.22937,1.46141,1.48919,1.50471,1.51906,1.39865,1.07863,1.07859,1.05156,1.70738,1.51963,1.09223,1.04557,1.21587,1.01025,1.35607,1.69664,1.09798,2.67075,2.1701,2.67075,2.45852,2.00147,1.46903,1.32665
2007-06-08,1.81263,1.82185,1.5379,1.5071,1.80029,1.4357,1.64193,1.30184,1.23753,1.88951,1.51361,1.55598,1.52357,1.51793,1.48619,1.54716,1.25428,1.3454,1.20291,1.45072,1.44388,1.46032,1.47959,1.36559,1.07791,1.07859,1.05548,1.64689,1.47525,1.09877,1.04686,1.21707,0.986632,1.34687,1.66719,1.07275,2.60332,2.12194,2.60332,2.47071,1.99853,1.44005,1.31183
2007-06-15,1.83225,1.83286,1.54905,1.50435,1.79403,1.441,1.65219,1.29996,1.24092,1.89735,1.5101,1.56958,1.54394,1.54186,1.50381,1.56934,1.25964,1.39864,1.23099,1.48917,1.49167,1.48131,1.51205,1.40864,1.08565,1.07859,1.06279,1.7047,1.51012,1.11848,1.04686,1.23505,1.00684,1.35591,1.69056,1.09751,2.75791,2.2358,2.75791,2.6277,2.08233,1.4657,1.33665
2007-06-22,1.83222,1.8373,1.54432,1.49828,1.79509,1.43581,1.64249,1.28138,1.23564,1.894,1.4803,1.55775,1.54678,1.52605,1.50418,1.56119,1.25964,1.37277,1.20824,1.45519,1.47993,1.44354,1.53947,1.42352,1.08031,1.07558,1.05962,1.7067,1.47343,1.11244,1.04672,1.22694,0.99465,1.32221,1.67927,1.08839,2.7466,2.22398,2.7466,2.64999,2.07669,1.44157,1.32349
2007-06-29,1.85035,1.84682,1.5579,1.49742,1.78157,1.43958,1.64958,1.30663,1.24486,1.8874,1.50467,1.57828,1.55552,1.5423,1.51837,1.59094,1.25964,1.3765,1.19856,1.46591,1.50325,1.43609,1.53414,1.43641,1.084,1.07698,1.0642,1.70908,1.4963,1.12614,1.04501,1.24459,1.00978,1.33634,1.69354,1.09346,2.73051,2.22153,2.73051,2.67829,2.10148,1.44042,1.33217
2007-07-06,1.87162,1.86503,1.5835,1.52303,1.81514,1.46133,1.66042,1.31036,1.24923,1.92838,1.51636,1.61339,1.60208,1.5745,1.53061,1.59664,1.25964,1.395,1.22425,1.50101,1.53333,1.44539,1.47686,1.46865,1.08987,1.08071,1.06825,1.71705,1.54658,1.12714,1.04501,1.24524,1.04355,1.36169,1.73158,1.13248,2.82854,2.29104,2.82854,2.73677,2.14903,1.46483,1.36743
2007-07-13,1.91536,1.90262,1.62114,1.55297,1.83823,1.49006,1.72329,1.3219,1.25673,1.98183,1.55937,1.63775,1.61492,1.598,1.57205,1.59664,1.25964,1.41303,1.2338,1.52141,1.55121,1.46878,1.48841,1.52386,1.08854,1.0803,1.06825,1.69253,1.56252,1.13683,1.04501,1.2612,1.05254,1.3786,1.74273,1.13765,2.89693,2.33648,2.89693,2.94634,2.32522,1.48274,1.39654
2007-07-20,1.89863,1.886,1.60723,1.53965,1.82938,1.47728,1.7289,1.30553,1.25734,1.96364,1.53181,1.60548,1.59377,1.5723,1.57509,1.59794,1.25964,1.39964,1.22792,1.50606,1.54608,1.44189,1.49298,1.51473,1.07902,1.07505,1.05269,1.65965,1.54866,1.13317,1.04501,1.25939,1.02406,1.34275,1.67388,1.10617,2.85961,2.28598,2.85961,2.87513,2.2728,1.46981,1.40073
2007-07-27,1.77577,1.79829,1.51475,1.47482,1.71629,1.39311,1.64982,1.23453,1.18449,1.8593,1.4669,1.52485,1.48028,1.46356,1.50611,1.50063,1.22854,1.31907,1.11981,1.39653,1.49791,1.40254,1.424,1.38912,1.02107,1.05496,1.00298,1.54433,1.4592,1.07321,1.03706,1.19407,0.969365,1.2795,1.555,1.05317,2.68114,2.13715,2.68114,2.7817,2.2361,1.38948,1.34308
2007-08-03,1.80936,1.80309,1.53149,1.45806,1.69128,1.37569,1.61523,1.29205,1.2398,1.82959,1.48069,1.4926,1.50528,1.47709,1.52709,1.51828,1.2638,1.3074,1.09738,1.41607,1.46357,1.38676,1.42159,1.36071,1.0057,1.05337,0.989458,1.5671,1.41136,1.06766,1.04491,1.16487,0.951228,1.27647,1.52821,1.03909,2.63018,2.0673,2.63018,2.72852,2.13624,1.37693,1.32713
2007-08-10,1.85694,1.8684,1.57428,1.50224,1.73111,1.40208,1.67226,1.30184,1.24768,1.85937,1.49522,1.51405,1.54093,1.49477,1.58289,1.57036,1.30693,1.32287,1.10226,1.4152,1.45736,1.38042,1.38985,1.32111,1.01055,1.05647,1.01412,1.54747,1.41619,1.06573,1.06428,1.20124,1.00251,1.30948,1.59815,1.07741,2.67989,2.09839,2.67989,2.67786,2.08931,1.38565,1.32321
2007-08-17,1.84647,1.85594,1.53063,1.46866,1.70362,1.36825,1.67312,1.29432,1.24911,1.83789,1.48545,1.50329,1.51238,1.47645,1.55716,1.55527,1.34425,1.33058,1.06,1.35519,1.40572,1.31545,1.36006,1.27331,0.986881,1.05257,1.02024,1.51278,1.38401,1.02464,1.05225,1.15638,0.960785,1.28873,1.52477,1.03349,2.57379,1.99639,2.57379,2.53832,1.99832,1.38565,1.29606
2007-08-24,1.85443,1.87032,1.55047,1.49826,1.74472,1.38092,1.67343,1.29521,1.24713,1.85897,1.51299,1.56113,1.5388,1.5228,1.56721,1.59881,1.36677,1.35238,1.06603,1.36699,1.44141,1.33769,1.38475,1.28848,0.994254,1.05477,1.02879,1.54354,1.4221,1.04304,1.05378,1.22363,0.98287,1.33841,1.61638,1.05696,2.7807,2.15223,2.7807,2.7894,2.18847,1.42031,1.34896
2007-08-31,1.8559,1.8718,1.55846,1.50546,1.74093,1.38341,1.66314,1.28939,1.24713,1.85593,1.51884,1.55391,1.52817,1.5028,1.58254,1.60672,1.3692,1.33276,1.06843,1.36124,1.43856,1.33698,1.37584,1.27955,0.996945,1.05477,1.03158,1.54298,1.40986,1.06113,1.04942,1.24936,0.970458,1.33627,1.60594,1.04766,2.78775,2.19106,2.78775,2.82645,2.21615,1.41322,1.36771
2007-09-07,1.85107,1.87175,1.54918,1.50073,1.72525,1.37607,1.65871,1.28956,1.24892,1.85193,1.52438,1.55453,1.50166,1.4909,1.58103,1.61201,1.37242,1.31889,1.05567,1.34534,1.42744,1.32057,1.35994,1.26819,0.99418,1.05031,1.02801,1.52816,1.39647,1.07786,1.04901,1.24357,0.952617,1.30338,1.5852,1.04428,2.75417,2.14876,2.75417,2.8288,2.21722,1.39867,1.3498
2007-09-14,1.86996,1.89109,1.57158,1.52201,1.74698,1.39559,1.6619,1.28754,1.24932,1.85167,1.53777,1.56061,1.52337,1.50879,1.59777,1.60978,1.37242,1.34587,1.07258,1.3782,1.51347,1.33552,1.39413,1.31596,1.00546,1.05362,1.03411,1.5606,1.41312,1.07786,1.04901,1.25092,0.992413,1.32484,1.62581,1.0662,2.80267,2.18641,2.80267,2.85439,2.25114,1.42577,1.37751
2007-09-21,1.896,1.92868,1.62208,1.57514,1.78266,1.44431,1.71211,1.32556,1.25808,1.91618,1.56606,1.57465,1.56814,1.55888,1.65041,1.61252,1.37242,1.37829,1.09247,1.4057,1.54383,1.35709,1.41906,1.347,1.00685,1.05362,1.03411,1.55651,1.4345,1.07786,1.04901,1.24155,1.00829,1.37309,1.7074,1.1012,3.03093,2.34883,3.03093,3.08793,2.36043,1.46207,1.41014
2007-09-28,1.9097,1.94261,1.64555,1.59793,1.80723,1.4652,1.71372,1.34757,1.25709,1.92579,1.58408,1.56368,1.57079,1.56612,1.67325,1.62816,1.37242,1.38449,1.10046,1.42977,1.55991,1.38836,1.4415,1.37176,1.00685,1.05362,1.03411,1.55685,1.43385,1.08858,1.04901,1.20449,1.01533,1.36056,1.73174,1.10174,3.1187,2.42721,3.1187,3.20596,2.43297,1.46794,1.43955
2007-10-05,1.95397,1.98764,1.70016,1.65054,1.85564,1.51448,1.75756,1.35702,1.25453,1.97899,1.60832,1.57762,1.62949,1.62533,1.73678,1.65654,1.37889,1.4231,1.12353,1.46543,1.60859,1.40613,1.46005,1.3837,1.00935,1.05362,1.04559,1.58819,1.47955,1.1114,1.05236,1.22933,1.04667,1.40069,1.79865,1.1193,3.18981,2.51367,3.18981,3.29722,2.44188,1.49939,1.47903
2007-10-12,1.94603,1.98219,1.69974,1.64992,1.81692,1.50455,1.74497,1.35837,1.24615,2.00338,1.61654,1.5867,1.64019,1.64406,1.74494,1.66212,1.37999,1.44474,1.13531,1.46828,1.63892,1.41213,1.47586,1.39946,1.00802,1.05362,1.04736,1.59738,1.50559,1.13978,1.06692,1.26505,1.05064,1.40201,1.80291,1.10745,3.26025,2.55266,3.26025,3.36871,2.49695,1.50401,1.49891
2007-10-19,1.84681,1.89138,1.64924,1.5852,1.74848,1.47706,1.66842,1.30345,1.22482,1.95189,1.5867,1.5336,1.56075,1.56081,1.66492,1.6676,1.37999,1.38637,1.08365,1.44692,1.5604,1.35062,1.41372,1.3994,1.00027,1.05362,1.04335,1.52885,1.44346,1.13577,1.06692,1.24177,1.01288,1.35719,1.76857,1.07029,3.24444,2.49339,3.24444,3.31675,2.39595,1.43994,1.46839
2007-10-26,1.90524,1.95696,1.69205,1.65317,1.79284,1.50837,1.73571,1.33805,1.25855,1.97811,1.62157,1.54779,1.58986,1.58959,1.74023,1.73106,1.3961,1.44713,1.1184,1.50706,1.58701,1.39758,1.46264,1.40897,1.01458,1.0537,1.05975,1.57861,1.48723,1.16811,1.06629,1.27793,1.01468,1.44177,1.81329,1.06945,3.32544,2.59482,3.32544,3.5419,2.59991,1.47794,1.51011
2007-11-02,1.92978,1.98885,1.72623,1.69549,1.80166,1.53441,1.7516,1.34159,1.2632,1.94519,1.60427,1.53649,1.57768,1.57185,1.75221,1.75531,1.40567,1.46425,1.10095,1.48538,1.5668,1.36088,1.44859,1.36578,0.999368,1.03805,1.04992,1.58934,1.43824,1.1717,1.07343,1.27938,0.987374,1.40692,1.83506,1.07464,3.26626,2.5322,3.26626,3.47582,2.39935,1.45466,1.52383
2007-11-09,1.87302,1.9401,1.67004,1.6456,1.70769,1.50457,1.67192,1.29917,1.23449,1.86509,1.54343,1.48413,1.54093,1.53323,1.7104,1.70511,1.37302,1.42587,1.04031,1.42059,1.50712,1.34625,1.42332,1.34688,0.959576,1.01634,1.01551,1.57985,1.37432,1.12141,1.06729,1.17772,0.94088,1.38363,1.79676,1.00815,3.18112,2.42873,3.18112,3.32941,2.21375,1.39636,1.40006
2007-11-16,1.89551,1.9726,1.64315,1.61985,1.70101,1.52504,1.71691,1.33331,1.24064,1.89319,1.56984,1.53223,1.55965,1.53073,1.73984,1.78723,1.45018,1.43592,1.06242,1.44811,1.51158,1.30553,1.43372,1.3445,0.958786,1.00848,1.05221,1.59867,1.36777,1.13654,1.09754,1.2172,0.93257,1.4315,1.77276,1.00925,3.11851,2.41739,3.11851,3.25305,2.18202,1.40261,1.4079
2007-11-23,1.91215,1.98917,1.64488,1.61119,1.69769,1.5276,1.67852,1.32826,1.24824,1.87038,1.55335,1.49526,1.55071,1.49976,1.75888,1.76604,1.44884,1.40595,1.05024,1.42335,1.46834,1.27113,1.42488,1.32825,0.952021,1.0066,1.04482,1.59304,1.35368,1.14865,1.08024,1.16299,0.901218,1.3849,1.73975,0.993517,3.08481,2.37511,3.08481,3.17384,2.13059,1.38664,1.39558
2007-11-30,1.92019,2.00676,1.66193,1.63066,1.70882,1.55914,1.69785,1.32941,1.24662,1.91126,1.56531,1.54226,1.57022,1.52326,1.7767,1.81524,1.45814,1.4374,1.05465,1.43951,1.47613,1.29188,1.43952,1.37202,0.979311,1.00473,1.0621,1.60283,1.41497,1.16216,1.081,1.22496,0.929112,1.41537,1.79755,1.02656,3.31544,2.5478,3.31544,3.51218,2.28122,1.43022,1.43675
2007-12-07,1.9237,2.01043,1.68113,1.6495,1.74373,1.57715,1.74116,1.35171,1.24662,1.9807,1.61607,1.5425,1.61011,1.55176,1.78497,1.82855,1.45814,1.48526,1.0752,1.46852,1.49751,1.31665,1.46961,1.39473,0.985822,1.00473,1.0676,1.60012,1.4168,1.17138,1.08161,1.29897,0.947155,1.46629,1.85236,1.03622,3.53548,2.7134,3.53548,3.64883,2.36269,1.45187,1.46531
2007-12-14,1.91313,1.99938,1.63676,1.60597,1.69789,1.53579,1.71113,1.34075,1.2457,1.95215,1.58476,1.53417,1.54507,1.48339,1.74071,1.80948,1.45333,1.44919,1.02568,1.44358,1.48574,1.29938,1.44114,1.38371,0.985394,1.00503,1.0644,1.54661,1.37247,1.13005,1.07804,1.22426,0.932327,1.42598,1.84722,1.01978,3.48542,2.65198,3.48542,3.61931,2.51631,1.41589,1.42722
2007-12-21,1.9687,2.05086,1.65072,1.62136,1.72841,1.54635,1.69471,1.33139,1.22594,2.03019,1.60699,1.58139,1.53111,1.48427,1.75101,1.82481,1.46889,1.46591,1.03996,1.46749,1.49655,1.29876,1.46099,1.4095,1.01221,1.01787,1.0723,1.56115,1.41686,1.11431,1.07524,1.20384,0.94737,1.46048,1.81165,1.03234,3.61981,2.72302,3.61981,3.77244,2.57305,1.43269,1.45338
2007-12-28,1.98328,2.06865,1.65955,1.63421,1.73829,1.554,1.70622,1.33143,1.22713,2.06214,1.61102,1.58279,1.5406,1.5003,1.75531,1.82041,1.46783,1.48384,1.02798,1.4548,1.49809,1.29362,1.44477,1.40552,1.00981,1.01499,1.075,1.58825,1.40597,1.117,1.07524,1.21103,0.952199,1.44973,1.78254,1.03567,3.64533,2.73535,3.64533,3.79745,2.67617,1.42466,1.45254
2008-01-04,1.93095,1.99568,1.56572,1.54059,1.65033,1.46212,1.63632,1.29995,1.20399,2.00255,1.56062,1.52638,1.50328,1.45144,1.65042,1.75882,1.46713,1.43155,0.982422,1.41064,1.45019,1.25014,1.38429,1.34166,1.00577,1.01499,1.07241,1.49119,1.32886,1.09404,1.07524,1.13712,0.893983,1.36357,1.6835,1.00363,3.35497,2.56811,3.59599,3.73715,2.64994,1.36672,1.35667
2008-01-11,1.9791,2.05493,1.52892,1.56545,1.65702,1.42629,1.67066,1.31241,1.18129,1.98989,1.58725,1.50829,1.51232,1.41408,1.63508,1.64971,1.42235,1.42297,0.970037,1.40651,1.4364,1.26304,1.39552,1.3435,1.00847,1.0185,1.06848,1.46958,1.31905,1.04439,1.06655,1.10182,0.871191,1.2888,1.66678,0.980388,3.1256,2.3642,3.59599,3.73715,2.64994,1.35551,1.31883
2008-01-18,1.89004,1.96385,1.4691,1.49912,1.57019,1.36543,1.60341,1.26097,1.14011,1.90481,1.5119,1.42483,1.44194,1.35363,1.56126,1.53344,1.3047,1.36333,0.924019,1.3421,1.34773,1.2087,1.30165,1.2817,0.998829,1.01477,1.03336,1.42157,1.22594,0.997798,1.00776,1.04349,0.835462,1.24633,1.59098,0.934041,2.88427,2.15677,3.59599,3.73715,2.64994,1.27726,1.27118
2008-01-25,1.86614,1.89818,1.39662,1.44837,1.55236,1.28531,1.57521,1.25383,1.13653,1.8524,1.48821,1.46872,1.37269,1.27167,1.49798,1.59265,1.39261,1.36813,0.895537,1.30845,1.30618,1.19113,1.29716,1.27017,1.05191,1.0687,1.07154,1.37535,1.23671,0.976325,1.02829,1.02782,0.845045,1.26879,1.59164,0.948024,2.977,2.19512,3.59599,3.73715,2.64994,1.28674,1.23306
2008-02-01,1.89784,1.93779,1.48197,1.52444,1.72002,1.36812,1.60927,1.27335,1.14218,1.89614,1.49597,1.46933,1.45077,1.33238,1.56363,1.67606,1.46049,1.39267,0.940124,1.37315,1.35084,1.22874,1.36031,1.28331,1.07355,1.0739,1.10818,1.46265,1.29487,1.01136,1.0543,1.11274,0.882004,1.33923,1.70654,0.959977,3.0894,2.29902,3.59599,3.73715,2.64994,1.34999,1.27791
2008-02-08,1.91657,1.95678,1.49475,1.53759,1.70346,1.37993,1.60332,1.28035,1.14618,1.81144,1.44826,1.46818,1.44707,1.32034,1.56336,1.67367,1.46973,1.33853,0.880098,1.28559,1.29882,1.16497,1.34039,1.26622,1.01337,1.0472,1.10309,1.3879,1.22648,1.00262,1.05144,1.08833,0.848644,1.28062,1.60559,0.940887,2.94533,2.20481,3.59599,3.73715,2.64994,1.28703,1.22213
2008-02-15,1.92255,1.96627,1.52667,1.57043,1.71275,1.40743,1.61297,1.28555,1.1503,1.88062,1.4633,1.44993,1.47261,1.33833,1.57216,1.70952,1.49019,1.33631,0.875941,1.27635,1.30144,1.16097,1.33456,1.27498,1.01061,1.03856,1.10673,1.41886,1.2244,1.04215,1.05179,1.12364,0.859526,1.30635,1.59636,0.93998,3.13987,2.3103,3.59599,3.73715,2.64994,1.30705,1.22829
2008-02-22,1.91175,1.9553,1.52326,1.56502,1.72047,1.40119,1.6276,1.27791,1.15217,1.842,1.44863,1.44312,1.46765,1.32538,1.57574,1.70144,1.48056,1.3134,0.878146,1.27446,1.29464,1.15755,1.31553,1.26242,1.00797,1.03856,1.10564,1.39306,1.23287,1.04236,1.04499,1.10239,0.85492,1.28672,1.61262,0.941393,3.17379,2.32591,3.59599,3.73715,2.64994,1.31169,1.22437
2008-02-29,1.9355,1.9796,1.51651,1.56172,1.71085,1.39839,1.62114,1.28204,1.15769,1.83411,1.4615,1.45321,1.46293,1.33934,1.58441,1.7014,1.48597,1.31405,0.898534,1.28045,1.31974,1.14355,1.3346,1.28092,1.0108,1.03649,1.10649,1.38713,1.27046,1.04467,1.04225,1.07021,0.836197,1.26254,1.57008,0.939607,3.06512,2.26389,3.59599,3.73715,2.64994,1.29428,1.20391
2008-03-07,1.92009,1.96383,1.50052,1.56053,1.68341,1.40338,1.65381,1.28686,1.15693,1.80415,1.42445,1.44032,1.45941,1.33261,1.57964,1.71698,1.4857,1.28759,0.874651,1.25126,1.28677,1.11527,1.31388,1.25879,1.00761,1.03323,1.10863,1.33607,1.23539,1.0349,1.03265,0.997387,0.806963,1.2368,1.54474,0.938545,2.95856,2.18487,3.59599,3.73715,2.64994,1.25453,1.17924
2008-03-14,1.95165,1.97328,1.52341,1.58601,1.70412,1.42569,1.69053,1.29327,1.16087,1.83184,1.4192,1.43678,1.50316,1.358,1.6029,1.79776,1.54748,1.29929,0.893294,1.27241,1.30737,1.11202,1.32482,1.27542,0.989966,1.02681,1.09471,1.33687,1.25215,1.06542,1.0673,0.992831,0.788987,1.24015,1.51884,0.947327,3.04609,2.23367,3.59599,3.73715,2.64994,1.25356,1.18429
2008-03-21,1.95173,1.97336,1.51094,1.57302,1.74488,1.40508,1.74396,1.3029,1.16087,1.83398,1.40427,1.44482,1.5265,1.39769,1.5806,1.80585,1.54748,1.3111,0.89569,1.27914,1.29076,1.13631,1.29412,1.23644,0.972769,1.0316,1.10649,1.33148,1.24649,1.03569,1.06142,1.05913,0.817005,1.28654,1.5308,0.953387,3.08692,2.22134,3.59599,3.73715,2.64994,1.28378,1.20878
2008-03-28,1.95646,1.97814,1.52491,1.58757,1.72,1.41441,1.72495,1.30301,1.16087,1.83686,1.4065,1.49988,1.49912,1.37816,1.59377,1.88241,1.55611,1.31853,0.883718,1.26314,1.27829,1.11065,1.3129,1.22556,0.98551,1.04276,1.10665,1.30371,1.23413,1.08284,1.09188,1.04011,0.821334,1.28403,1.51964,0.959814,3.22772,2.29788,3.59599,3.73715,2.64994,1.27824,1.22
2008-04-04,1.95646,1.97814,1.60648,1.6725,1.8049,1.49008,1.81224,1.36349,1.16485,1.91006,1.47185,1.51375,1.56336,1.45412,1.6429,1.95564,1.58055,1.35889,0.916808,1.31052,1.32563,1.15897,1.3434,1.2616,0.987982,1.04276,1.12901,1.37299,1.30546,1.12343,1.11278,1.13825,0.859291,1.35404,1.59672,0.971992,3.53414,2.47808,3.59599,3.73715,2.64994,1.33053,1.28648
2008-04-11,1.93073,1.95212,1.5711,1.63566,1.75121,1.45726,1.71869,1.3201,1.1479,1.83486,1.43377,1.51837,1.53319,1.43006,1.62416,1.95262,1.58055,1.31273,0.893426,1.28268,1.27822,1.13964,1.3287,1.2352,0.983495,1.04276,1.12339,1.35509,1.29043,1.11538,1.11278,1.09919,0.824423,1.30258,1.53833,0.948368,3.51927,2.45579,3.59599,3.73715,2.64994,1.29641,1.24216
2008-04-18,1.95764,1.97863,1.58159,1.65171,1.8131,1.46929,1.73452,1.32874,1.15649,1.8988,1.44967,1.52822,1.56021,1.44525,1.63445,1.99324,1.58055,1.3528,0.936659,1.37533,1.3268,1.18834,1.32331,1.24583,0.989163,1.04246,1.13664,1.41378,1.33901,1.13173,1.11278,1.1266,0.85557,1.36691,1.59319,0.974822,3.71289,2.60039,3.59599,3.73715,2.64994,1.34598,1.31033
2008-04-25,1.98094,1.99573,1.64579,1.7172,1.83817,1.52577,1.80569,1.3388,1.15742,1.93504,1.46477,1.5327,1.56749,1.48653,1.66693,2.02738,1.58439,1.35114,0.950191,1.3653,1.33953,1.176,1.32023,1.25635,0.982153,1.04487,1.13475,1.4379,1.39955,1.172,1.12317,1.09653,0.848917,1.35534,1.6281,0.991821,3.74688,2.61413,3.59599,3.73715,2.64994,1.35687,1.32267
2008-05-02,1.97234,1.98891,1.60863,1.68662,1.88108,1.514,1.83385,1.35542,1.15437,1.9012,1.46031,1.53071,1.60391,1.51605,1.62865,2.03499,1.58133,1.36345,0.955698,1.38307,1.33218,1.19341,1.31451,1.23573,0.977035,1.0437,1.1299,1.43048,1.40815,1.16973,1.12128,1.12554,0.853448,1.37061,1.63742,0.983002,3.71335,2.5659,3.59599,3.73715,2.64994,1.37544,1.36811
2008-05-09,1.97651,1.998,1.61877,1.71248,1.88857,1.53012,1.80446,1.34196,1.15521,1.87089,1.44581,1.50742,1.58898,1.50861,1.64603,2.05867,1.58645,1.36331,0.951856,1.3966,1.34356,1.17009,1.35124,1.2318,0.96803,1.04271,1.12766,1.42142,1.42991,1.18983,1.12365,1.10199,0.819331,1.37285,1.64259,0.986054,3.77516,2.60825,3.59599,3.73715,2.64994,1.35007,1.3524
2008-05-16,2.00608,2.02789,1.66737,1.7639,1.93327,1.57606,1.86398,1.3599,1.16374,1.91917,1.4802,1.53224,1.61545,1.55427,1.6902,2.06935,1.58645,1.3924,0.975629,1.42033,1.36298,1.20443,1.38495,1.27365,0.974868,1.04271,1.14047,1.46722,1.47812,1.20205,1.12541,1.1332,0.847838,1.41885,1.7011,1.00016,3.86212,2.71726,3.59599,3.73715,2.64994,1.38661,1.4029
2008-05-23,1.98174,2.00329,1.61208,1.70617,1.87224,1.5217,1.82477,1.34797,1.15693,1.84253,1.4633,1.51546,1.55468,1.47164,1.62973,2.05146,1.59214,1.33025,0.947259,1.37585,1.32774,1.15518,1.37148,1.21714,0.971891,1.04425,1.14334,1.39708,1.458,1.19981,1.12297,1.06316,0.843253,1.35745,1.65378,0.973207,3.6446,2.59342,3.59599,3.73715,2.64994,1.33782,1.35212
2008-05-30,2.02378,2.05597,1.64045,1.73651,1.91222,1.55579,1.83725,1.37965,1.18384,1.8675,1.50086,1.57155,1.57409,1.50047,1.66898,2.11527,1.58391,1.38489,0.983896,1.43638,1.3473,1.1668,1.41648,1.2431,1.00039,1.0467,1.15525,1.44132,1.51768,1.20969,1.12297,1.09959,0.857206,1.39736,1.6751,0.989298,3.75381,2.66357,3.59599,3.73715,2.64994,1.36416,1.4029
2008-06-06,2.03773,2.06605,1.6486,1.74344,1.86848,1.56219,1.87603,1.39354,1.18982,1.83615,1.48791,1.51133,1.56503,1.48635,1.70327,2.09165,1.58014,1.33911,0.962995,1.40578,1.30474,1.15742,1.38532,1.24524,0.991747,1.04713,1.14367,1.42383,1.48033,1.20544,1.12297,1.07646,0.827669,1.36165,1.60018,0.944379,3.71901,2.63939,3.59599,3.73715,2.64994,1.3247,1.37541
2008-06-13,2.05645,2.07613,1.66155,1.76882,1.88914,1.58124,1.89333,1.39368,1.19714,1.84566,1.51868,1.45958,1.58783,1.49178,1.70584,2.12133,1.58788,1.34193,0.984955,1.41073,1.31287,1.13444,1.40026,1.26836,1.00729,1.04381,1.15787,1.43321,1.52848,1.20081,1.12297,1.04075,0.836844,1.38182,1.58864,0.948235,3.83219,2.67544,3.59599,3.73715,2.64994,1.32334,1.35689
2008-06-20,2.04985,2.07202,1.6597,1.76495,1.85991,1.57232,1.8925,1.38441,1.18594,1.81949,1.49122,1.46058,1.5435,1.45057,1.71191,2.13627,1.58827,1.30394,0.982143,1.39795,1.30025,1.10013,1.3779,1.24717,1.00742,1.04381,1.14546,1.40541,1.49743,1.18762,1.12297,1.00932,0.817494,1.34527,1.55158,0.935416,3.90989,2.69325,3.59599,3.73715,2.64994,1.28532,1.33117
2008-06-27,1.98368,2.00323,1.61361,1.71222,1.76913,1.5247,1.92597,1.36554,1.18282,1.76331,1.41933,1.4111,1.52475,1.4285,1.69755,2.07416,1.58001,1.25671,0.943744,1.34348,1.2652,1.06928,1.35457,1.21028,0.997013,1.04381,1.13321,1.36853,1.43145,1.13672,1.11936,0.954117,0.793357,1.29997,1.45929,0.90043,3.82516,2.588,3.59599,3.73715,2.64994,1.24575,1.28148
2008-07-04,1.92394,1.94675,1.60333,1.69142,1.77841,1.52433,1.92272,1.34576,1.17563,1.731,1.3961,1.38598,1.4937,1.39064,1.683,2.07522,1.58774,1.21335,0.956346,1.33089,1.26108,1.04722,1.32844,1.19816,0.99576,1.04381,1.12814,1.35218,1.43002,1.11066,1.11685,0.900775,0.787682,1.29561,1.40874,0.88791,3.53795,2.46257,3.59599,3.73715,2.64994,1.23384,1.25285
2008-07-11,1.94053,1.987,1.61717,1.69419,1.7855,1.53092,1.96703,1.36212,1.20285,1.73455,1.37785,1.38475,1.50272,1.40969,1.72409,2.15083,1.64459,1.21788,0.930374,1.31954,1.22342,1.03746,1.31548,1.19557,0.996085,1.04381,1.13322,1.32631,1.39456,1.14619,1.13173,0.901331,0.784634,1.24375,1.37624,0.894226,3.66259,2.50589,3.59599,3.73715,2.64994,1.20971,1.25089
2008-07-18,1.94719,1.99864,1.64651,1.71991,1.84713,1.53532,1.94129,1.38376,1.21369,1.75616,1.40839,1.37221,1.48548,1.41298,1.75259,2.16586,1.65761,1.25594,0.934116,1.33517,1.22872,1.00039,1.33511,1.19751,0.99917,1.04401,1.13882,1.33103,1.37687,1.15204,1.1313,0.953446,0.815814,1.26093,1.43404,0.896318,3.57901,2.46772,3.59599,3.73715,2.64994,1.23061,1.25173
2008-07-25,1.9711,2.00453,1.70037,1.76445,1.87608,1.57388,1.9712,1.40391,1.21424,1.74389,1.39944,1.3484,1.50171,1.45117,1.76633,2.26182,1.66674,1.26411,0.946586,1.31568,1.22189,0.985381,1.31903,1.19514,0.99191,1.05221,1.13887,1.31304,1.37302,1.16325,1.13991,0.973148,0.807133,1.23876,1.42486,0.909482,3.53777,2.44165,3.59599,3.73715,2.64994,1.22573,1.27082
2008-08-01,1.97604,2.02377,1.73032,1.80583,1.89902,1.60761,2.0223,1.43227,1.21823,1.76365,1.4161,1.34724,1.52388,1.47797,1.80812,2.31702,1.66926,1.24935,0.954229,1.34323,1.25873,0.973583,1.31392,1.19537,0.988623,1.04415,1.15411,1.34059,1.41444,1.18102,1.16602,1.01893,0.819913,1.27041,1.46815,0.910509,3.56618,2.47618,3.59599,3.73715,2.64994,1.23237,1.25987
2008-08-08,2.00352,2.05175,1.74182,1.82414,1.9468,1.62392,2.05281,1.44831,1.21823,1.77889,1.43693,1.34991,1.59722,1.5459,1.844,2.32269,1.65929,1.31264,0.97635,1.38342,1.29528,0.989124,1.3599,1.23816,0.999521,1.04606,1.19386,1.41247,1.43277,1.19123,1.15429,1.06311,0.862026,1.34588,1.52504,0.958718,3.27606,2.37566,3.59599,3.73715,2.64994,1.26373,1.32836
2008-08-15,2.02199,2.07067,1.70492,1.81922,1.99075,1.61851,2.06647,1.44005,1.21453,1.77105,1.41429,1.36229,1.60267,1.53868,1.84534,2.35979,1.66558,1.32041,0.985323,1.38621,1.29306,0.989363,1.36039,1.23864,1.0014,1.03844,1.20078,1.45082,1.4343,1.17467,1.14498,1.08172,0.876998,1.33764,1.56301,0.955834,3.27962,2.38983,3.59599,3.73715,2.64994,1.27154,1.35194
2008-08-22,2.01124,2.0647,1.68206,1.78908,1.91038,1.60636,2.08812,1.46576,1.22137,1.75528,1.41172,1.39635,1.58018,1.47577,1.85365,2.35903,1.66618,1.28966,0.974925,1.3741,1.28243,0.982397,1.33606,1.19963,0.989558,1.03821,1.19747,1.41976,1.40682,1.13406,1.14537,1.03113,0.864239,1.33829,1.52983,0.947286,3.34714,2.40006,3.59599,3.73715,2.64994,1.26646,1.33314
2008-08-29,1.99952,2.05466,1.65675,1.77777,1.92992,1.58883,2.06846,1.45301,1.2134,1.68882,1.38813,1.40802,1.57903,1.45948,1.84683,2.33802,1.66993,1.29624,0.953861,1.34906,1.2509,0.973572,1.32353,1.18585,0.983302,1.03771,1.18209,1.4094,1.39936,1.10843,1.14206,1.04187,0.86611,1.33844,1.5404,0.949346,3.31186,2.38222,3.59599,3.73715,2.64994,1.25806,1.29468
2008-09-05,1.90171,1.96395,1.52969,1.66484,1.77902,1.46855,1.96705,1.43682,1.21239,1.59561,1.35553,1.34063,1.52788,1.39461,1.7421,2.24039,1.67087,1.27224,0.925229,1.31796,1.21793,0.946228,1.32429,1.16314,0.975575,1.037,1.16151,1.41198,1.36636,1.04912,1.13357,1.00276,0.844191,1.29038,1.47349,0.917969,3.00313,2.18939,3.59599,3.73715,2.64994,1.21537,1.21973
2008-09-12,1.78458,1.88146,1.44535,1.57263,1.71365,1.39817,1.93929,1.45378,1.20472,1.5639,1.31997,1.33051,1.54399,1.38689,1.68916,2.1598,1.6394,1.28979,0.929037,1.32767,1.23705,0.960133,1.31576,1.15955,0.961642,1.037,1.14503,1.43897,1.39673,0.996415,1.12161,0.957992,0.853161,1.29125,1.50832,0.929201,2.96343,2.16668,3.59599,3.73715,2.64994,1.23169,1.21916
2008-09-19,1.85547,1.87327,1.48428,1.54774,1.72341,1.37715,2.02684,1.48672,1.20718,1.54515,1.3411,1.34716,1.66614,1.48834,1.68361,2.31359,1.68177,1.29119,0.897748,1.29947,1.25379,0.89592,1.29325,1.0974,1.0739,1.15335,1.23698,1.42119,1.36102,1.10317,1.24879,1.01253,0.852388,1.30625,1.48288,0.915233,3.01073,2.18068,3.59599,3.73715,2.64994,1.21946,1.2051
2008-09-26,1.85118,1.86439,1.51211,1.55532,1.70952,1.38539,2.04722,1.5081,1.21133,1.54249,1.35366,1.33439,1.6655,1.48758,1.66309,2.33947,1.67498,1.251,0.856439,1.23935,1.22012,0.86823,1.28506,1.05045,1.03179,1.09657,1.21216,1.34498,1.32043,1.02437,1.15674,0.963717,0.809643,1.26304,1.42999,0.889831,2.71247,2.00833,3.59599,3.73715,2.64994,1.18733,1.15397
2008-10-03,1.80505,1.80216,1.42983,1.47548,1.56077,1.29726,2.01629,1.48483,1.20974,1.49739,1.26905,1.23219,1.62919,1.43714,1.58383,2.27,1.63016,1.10782,0.756634,1.09421,1.11296,0.782522,1.21206,1.00646,0.915538,1.03964,1.14636,1.29831,1.19137,0.941592,1.0886,0.943821,0.730223,1.09619,1.30263,0.838244,2.15334,1.66842,3.59599,3.73715,2.64994,1.08407,1.01633
2008-10-10,1.62312,1.59055,1.29602,1.29546,1.39517,1.02997,1.83673,1.37132,1.19066,1.3691,1.16917,1.06462,1.37679,1.24015,1.40182,1.90129,1.43507,1.00647,0.709308,1.02965,1.04117,0.761327,1.14592,0.968639,0.792744,0.98381,1.0208,1.21562,1.09681,0.85561,1.0657,0.724717,0.600605,0.840441,1.07234,0.772155,1.90493,1.46048,3.59599,3.73715,2.64994,0.8695,0.879806
2008-10-17,1.78242,1.74676,1.35785,1.39641,1.64875,1.04064,1.91533,1.45356,1.24302,1.40103,1.2464,1.13644,1.36496,1.23765,1.47795,2.02572,1.58093,0.97944,0.709308,1.02965,1.04117,0.761327,1.1663,0.968639,0.813583,0.997622,1.10887,1.21967,1.07313,0.879618,1.06542,0.828225,0.58482,0.870762,1.08644,0.777723,1.91718,1.49883,3.59599,3.73715,2.64994,0.915775,0.907335
2008-10-24,1.78242,1.74676,1.35966,1.39827,1.46987,1.03222,1.90461,1.45356,1.24302,1.39823,1.2464,1.12248,1.34195,1.19219,1.47795,1.99188,1.58367,0.889018,0.697827,1.02965,1.02432,0.74643,1.1663,0.968639,0.791306,0.973038,1.09422,1.22062,0.998894,0.855019,1.0657,0.708314,0.544769,0.773904,0.955729,0.775637,1.70012,1.37621,3.59599,3.73715,2.64994,0.855156,0.828961
2008-10-31,1.78242,1.74676,1.36487,1.40363,1.56976,1.03962,1.90461,1.45356,1.24302,1.39927,1.2464,1.12248,1.37034,1.20762,1.47795,1.98056,1.58367,0.985769,0.710801,1.02965,1.04336,0.738236,1.1663,0.968639,0.870998,1.07822,1.17275,1.21843,1.00719,0.881599,1.05418,0.729737,0.608634,0.87282,1.05813,0.790041,2.02525,1.58086,3.59599,3.73715,2.64994,0.951341,0.923908
2008-11-07,1.79564,1.75972,1.37527,1.41432,1.57889,1.04753,1.91786,1.46088,1.24302,1.40013,1.25083,1.12248,1.36476,1.19036,1.4892,1.98253,1.5902,0.95593,0.661675,1.00161,0.971249,0.738447,1.1663,0.968639,0.846009,1.07825,1.13753,1.19173,0.963119,0.858765,1.05037,0.692201,0.580225,0.864218,1.00708,0.787136,1.89438,1.47047,3.59599,3.73715,2.64994,0.922161,0.876154
2008-11-14,1.78927,1.75347,1.37183,1.40517,1.43763,1.04579,1.88016,1.4308,1.23919,1.36507,1.21793,1.12248,1.36302,1.20486,1.4716,1.88726,1.53564,0.920263,0.622454,0.962822,0.906542,0.726376,1.1663,0.968639,0.836657,1.07825,1.11581,1.16549,0.95296,0.835199,1.02887,0.640344,0.53532,0.796332,0.909676,0.787136,1.73475,1.36177,3.59599,3.73715,2.64994,0.851029,0.814073
2008-11-21,1.7952,1.75929,1.38225,1.39706,1.21128,1.04356,1.88227,1.43928,1.24128,1.34011,1.21816,1.12911,1.36764,1.17729,1.46302,1.8392,1.51678,0.904959,0.585494,0.962822,0.823351,0.700145,1.1663,0.968639,0.835092,1.07825,1.11577,1.15628,0.907522,0.804599,1.02887,0.535261,0.467308,0.723096,0.775808,0.785221,1.59442,1.20797,3.59599,3.73715,2.64994,0.781272,0.749183
2008-11-28,1.82111,1.78468,1.40524,1.42025,1.34671,1.04595,1.88638,1.44255,1.24128,1.33462,1.2143,1.14256,1.38525,1.19458,1.4873,1.8733,1.53862,0.921691,0.593229,0.962822,0.831285,0.714034,1.17133,0.97282,0.841386,1.07825,1.12418,1.18164,0.930928,0.830124,1.02887,0.659152,0.524999,0.78317,0.920035,0.788609,1.76045,1.3502,3.59599,3.73715,2.64994,0.885121,0.818006
2008-12-05,1.82111,1.78468,1.40524,1.42025,1.49569,1.04595,1.87286,1.42102,1.24128,1.32804,1.19618,1.14382,1.38534,1.18526,1.4873,1.90201,1.53862,0.935725,0.582177,0.963462,0.80484,0.668282,1.17136,0.972844,0.820385,1.06216,1.10854,1.15895,0.946516,0.8491,1.04002,0.737983,0.513037,0.774776,0.942928,0.788609,1.76678,1.36768,3.59599,3.73715,2.64994,0.8639,0.812949
2008-12-12,1.82111,1.78468,1.40524,1.42025,1.56508,1.04595,1.86641,1.42037,1.24128,1.31302,1.19174,1.14509,1.36788,1.16667,1.4873,1.912,1.53862,0.932302,0.569366,0.959104,0.774245,0.657526,1.16938,0.971195,0.817333,1.05821,1.10688,1.15905,0.951154,0.83648,1.04974,0.771479,0.518365,0.764679,0.937948,0.787509,1.73587,1.32177,3.59599,3.73715,2.64994,0.874314,0.833736
2008-12-19,1.82111,1.78468,1.40884,1.42389,1.59491,1.04863,1.87035,1.42037,1.24128,1.32143,1.19174,1.14509,1.36272,1.17092,1.4873,1.94867,1.53862,0.935589,0.576726,0.956158,0.777923,0.661446,1.17542,0.976213,0.822963,1.05257,1.11351,1.16221,0.98118,0.851907,1.0568,0.831929,0.539646,0.808138,0.938816,0.794837,1.76895,1.36184,3.59599,3.73715,2.64994,0.873488,0.84001
2008-12-26,1.82111,1.78468,1.41336,1.42846,1.59316,1.0475,1.87882,1.42405,1.23654,1.32493,1.19496,1.14509,1.37183,1.17151,1.4873,1.9576,1.53862,0.934965,0.576103,0.955025,0.771981,0.65211,1.16966,0.971912,0.817239,1.05185,1.11206,1.15681,0.979798,0.851907,1.0568,0.819967,0.526584,0.78526,0.924611,0.796796,1.73654,1.34219,3.59599,3.73715,2.64994,0.863286,0.819475
2009-01-02,1.82111,1.78468,1.40764,1.42267,1.66188,1.04324,1.87691,1.42339,1.23654,1.34262,1.20256,1.14509,1.37701,1.16783,1.4873,1.95058,1.53862,0.954652,0.594679,0.984284,0.803389,0.679531,1.16966,0.972247,0.824933,1.05185,1.1131,1.20148,1.03104,0.851907,1.0568,0.857042,0.547734,0.829423,0.989446,0.807334,1.82197,1.40558,3.59599,3.73715,2.64994,0.920733,0.872925
2009-01-09,1.8207,1.78428,1.39585,1.41076,1.64684,1.03488,1.87926,1.42175,1.23654,1.33238,1.20063,1.14509,1.38627,1.16516,1.47534,1.95494,1.53862,0.932761,0.567995,0.919793,0.751844,0.638411,1.16966,0.969738,0.813205,1.05185,1.09732,1.13478,0.97803,0.851671,1.0568,0.850457,0.53423,0.79124,0.987012,0.791706,1.73567,1.32891,3.59599,3.73715,2.64994,0.882402,0.845918
2009-01-16,1.85242,1.81536,1.41187,1.43496,1.57459,1.05671,1.88505,1.43067,1.23684,1.31995,1.20751,1.14776,1.38746,1.18209,1.48552,1.98365,1.55996,0.919623,0.548225,0.905659,0.709694,0.634599,1.16966,0.975305,0.80799,1.05185,1.09073,1.05038,0.955852,0.863768,1.0568,0.798068,0.508358,0.757481,0.955265,0.785138,1.75449,1.30385,3.59599,3.73715,2.64994,0.842486,0.827633
2009-01-23,1.85235,1.8153,1.41316,1.43269,1.51893,1.05749,1.88683,1.43067,1.23684,1.30497,1.19227,1.13508,1.34875,1.13424,1.48295,1.98503,1.56003,0.899496,0.542279,0.902765,0.705208,0.617794,1.16966,0.973298,0.80799,1.05185,1.09226,0.986967,0.963638,0.852852,1.05949,0.781046,0.486365,0.739366,0.931698,0.783616,1.70605,1.25089,3.59599,3.73715,2.64994,0.823172,0.813004
2009-01-30,1.85235,1.8153,1.41316,1.43269,1.47162,1.05749,1.8876,1.43067,1.23684,1.31267,1.19227,1.1387,1.33658,1.1063,1.48295,1.89648,1.50152,0.83587,0.533423,0.88653,0.697455,0.622843,1.16966,0.973824,0.763026,1.03007,1.05757,0.971433,0.93737,0.839745,1.0243,0.738814,0.495893,0.749094,0.958116,0.783616,1.6839,1.25068,3.59599,3.73715,2.64994,0.820399,0.817505
2009-02-06,1.85235,1.8153,1.41185,1.43136,1.50819,1.05651,1.90266,1.43169,1.23684,1.32763,1.19382,1.13447,1.34196,1.12773,1.48295,1.87965,1.50178,0.850134,0.54925,0.920686,0.731483,0.631614,1.16966,0.963122,0.772257,1.0302,1.06751,1.01447,0.970939,0.83315,1.01862,0.760773,0.538791,0.795713,1.0403,0.785557,1.69524,1.26092,3.59599,3.73715,2.64994,0.861503,0.88249
2009-02-13,1.8501,1.81309,1.39971,1.41905,1.51292,1.04742,1.90239,1.43235,1.23684,1.32186,1.19338,1.13447,1.34578,1.13031,1.48046,1.88718,1.50145,0.811744,0.537913,0.897112,0.705674,0.614413,1.15885,0.954219,0.771766,1.03544,1.06767,1.00326,0.960919,0.84094,1.01862,0.708424,0.519674,0.767002,0.962917,0.777502,1.66161,1.22442,3.59599,3.73715,2.64994,0.819706,0.856046
2009-02-20,1.82071,1.78165,1.37468,1.38391,1.39926,1.02813,1.87335,1.42282,1.23684,1.28144,1.17161,1.12926,1.35005,1.11943,1.47746,1.88014,1.50145,0.749658,0.514395,0.864923,0.682635,0.587994,1.16593,0.94984,0.763889,1.03325,1.06903,0.948863,0.944782,0.839215,1.01862,0.599227,0.478381,0.694295,0.836771,0.770223,1.61157,1.19346,3.59599,3.73715,2.64994,0.766815,0.81216
2009-02-27,1.7497,1.69528,1.33525,1.32053,1.33358,1.0178,1.83842,1.39085,1.21856,1.21223,1.12598,1.11885,1.32904,1.09482,1.41455,1.81155,1.50145,0.719267,0.494704,0.82595,0.656942,0.568059,1.15271,0.939926,0.761813,1.03386,1.07514,0.933586,0.88737,0.842417,1.01862,0.541509,0.464368,0.670464,0.809786,0.756976,1.55619,1.14091,3.59599,3.73715,2.64994,0.732248,0.774464
2009-03-06,1.75454,1.67749,1.33894,1.31299,1.20655,1.01986,1.83487,1.38883,1.21856,1.19772,1.12735,1.11425,1.33431,1.09096,1.40115,1.80203,1.51221,0.683247,0.49856,0.832166,0.645989,0.547975,1.15326,0.946753,0.760817,1.03386,1.07514,0.929704,0.87107,0.83472,1.01473,0.467943,0.437677,0.62892,0.763075,0.751085,1.53739,1.10617,3.59599,3.73715,2.64994,0.682626,0.739862
2009-03-13,1.75313,1.6821,1.33786,1.31659,1.40363,1.02263,1.83343,1.38883,1.21856,1.19447,1.13338,1.13024,1.33431,1.09232,1.405,1.80696,1.51221,0.737169,0.512522,0.838052,0.653349,0.572757,1.15117,0.951777,0.760817,1.03386,1.07514,0.949658,0.881164,0.835183,1.0139,0.540257,0.486128,0.739831,0.825108,0.755109,1.62597,1.16809,3.59599,3.73715,2.64994,0.753642,0.808503
2009-03-20,1.75313,1.6821,1.33786,1.31659,1.4307,1.02263,1.83343,1.38883,1.21856,1.19447,1.13338,1.12904,1.36861,1.12978,1.405,1.80696,1.51221,0.754654,0.509441,0.825794,0.64671,0.581584,1.15117,0.951466,0.760817,1.03386,1.07514,0.902602,0.878411,0.835183,1.0139,0.523418,0.49429,0.777797,0.82819,0.751019,1.62368,1.16273,3.59599,3.73715,2.64994,0.765221,0.822239
2009-03-27,1.75313,1.6821,1.34411,1.32274,1.47556,1.02741,1.84285,1.3918,1.21856,1.20142,1.13743,1.13173,1.41443,1.17583,1.40856,1.80794,1.51221,0.769146,0.53437,0.876289,0.681525,0.612432,1.15117,0.954163,0.768655,1.03386,1.08417,0.925794,0.921906,0.836186,1.01775,0.565547,0.535337,0.823696,0.851132,0.758107,1.66639,1.19861,3.59599,3.73715,2.64994,0.814101,0.868451
2009-04-03,1.75313,1.6821,1.34168,1.32035,1.55201,1.02556,1.90723,1.38731,1.21856,1.24843,1.13156,1.13173,1.41335,1.19359,1.40856,1.83693,1.51221,0.766407,0.547149,0.898999,0.699201,0.6303,1.15117,0.951641,0.774089,1.03386,1.08951,0.957789,0.900456,0.84509,1.01731,0.561088,0.562875,0.863324,0.864309,0.757297,1.68076,1.21224,3.59599,3.73715,2.64994,0.840536,0.911563
2009-04-10,1.75837,1.68714,1.36463,1.34667,1.60512,1.046,1.98055,1.39063,1.21786,1.2417,1.13881,1.13072,1.45499,1.23526,1.41972,1.83969,1.53232,0.770454,0.556209,0.904745,0.705553,0.61315,1.15117,0.952561,0.769784,1.04011,1.10474,0.968326,0.905035,0.841697,1.02003,0.582582,0.573272,0.875511,0.883894,0.770289,1.74132,1.24243,3.59599,3.73715,2.64994,0.855998,0.928188
2009-04-17,1.75462,1.68354,1.34959,1.33247,1.65082,1.03497,2.02832,1.38601,1.2187,1.23803,1.133,1.12738,1.45769,1.23416,1.41123,1.86661,1.52845,0.77491,0.555733,0.912678,0.698312,0.606281,1.15117,0.955582,0.764116,1.03721,1.11573,1.00819,0.914661,0.858026,1.02471,0.621069,0.583296,0.898795,0.895651,0.767225,1.74409,1.25131,3.59599,3.73715,2.64994,0.868667,0.938615
2009-04-24,1.75462,1.68354,1.35415,1.33698,1.6523,1.03847,2.02822,1.38601,1.2187,1.22378,1.12513,1.12405,1.47766,1.23109,1.41601,1.89531,1.52845,0.758943,0.549027,0.909062,0.68757,0.613217,1.15117,0.952535,0.7735,1.04038,1.16174,1.02884,0.90179,0.860005,1.03566,0.628767,0.582358,0.889739,0.906112,0.772604,1.71604,1.22411,3.59599,3.73715,2.64994,0.864477,0.949322
2009-05-01,1.73868,1.66824,1.34791,1.33082,1.6899,1.03369,2.04485,1.36982,1.21813,1.23317,1.10585,1.13414,1.51304,1.25891,1.40927,1.90423,1.54524,0.752099,0.54784,0.889316,0.667506,0.601403,1.15117,0.952918,0.788514,1.06626,1.18974,1.02131,0.916805,0.874427,1.04001,0.685902,0.584543,0.885825,0.920904,0.777873,1.72385,1.23108,3.59599,3.73715,2.64994,0.876747,0.968483
2009-05-08,1.7597,1.68841,1.38347,1.36148,1.78987,1.05751,2.04722,1.37739,1.22478,1.26217,1.12939,1.15521,1.5369,1.28107,1.42392,1.92038,1.53797,0.761463,0.539647,0.860937,0.686862,0.628996,1.15117,0.949806,0.791735,1.07201,1.17668,1.02531,0.967096,0.905412,1.03868,0.811655,0.607572,0.938297,0.934142,0.778316,1.67992,1.23303,3.59599,3.73715,2.64994,0.927522,0.964538
2009-05-15,1.7398,1.66627,1.32844,1.32386,1.76712,1.02799,1.99163,1.34281,1.21977,1.2006,1.09965,1.13531,1.48117,1.21853,1.36882,1.81559,1.4782,0.738476,0.49078,0.781009,0.63635,0.576859,1.15117,0.950156,0.777617,1.06739,1.09836,0.957657,0.902057,0.82978,0.954386,0.74058,0.565204,0.901244,0.875395,0.726637,1.64944,1.20194,3.59599,3.73715,2.64994,0.884927,0.940305
2009-05-22,1.80402,1.71949,1.33661,1.35908,1.79712,1.05287,1.99825,1.35897,1.22185,1.22712,1.11434,1.14291,1.47503,1.23283,1.41467,1.88196,1.55851,0.733303,0.483567,0.781775,0.639396,0.564284,1.15117,0.947264,0.785653,1.06604,1.16013,0.970735,0.911036,0.844926,0.973905,0.769516,0.567965,0.907644,0.893708,0.735679,1.67112,1.21854,3.59599,3.73715,2.64994,0.888019,0.945095
2009-05-29,1.79814,1.7186,1.37918,1.40257,1.85056,1.08147,2.07785,1.42649,1.22332,1.24786,1.15916,1.1712,1.53334,1.28013,1.44642,1.96821,1.58357,0.754381,0.504948,0.818647,0.662342,0.57396,1.1499,0.946212,0.800563,1.06703,1.18412,0.990325,0.961299,0.877435,0.990856,0.817056,0.593453,0.950471,0.936385,0.748913,1.69218,1.23453,3.59599,3.73715,2.64994,0.923033,0.996943
2009-06-05,1.78368,1.70477,1.38443,1.40791,1.87882,1.09108,2.14167,1.43045,1.22295,1.28537,1.2133,1.19569,1.57622,1.29282,1.43782,2.03288,1.60227,0.764183,0.511272,0.826059,0.67602,0.585025,1.14888,0.945375,0.795297,1.06036,1.21111,0.99479,0.987477,0.911942,1.01204,0.838705,0.613533,0.972822,0.940472,0.759982,1.72742,1.25903,3.63642,3.72498,2.65562,0.943184,1.03639
2009-06-12,1.78063,1.70629,1.38894,1.41677,1.93565,1.0875,2.09974,1.4203,1.2217,1.28337,1.20466,1.19255,1.58554,1.30275,1.45538,2.02768,1.59706,0.754384,0.516704,0.83103,0.687476,0.58323,1.14624,0.943203,0.798049,1.05572,1.19763,0.998863,0.976309,0.939016,1.02181,0.855913,0.622813,0.992759,0.940334,0.758812,1.68077,1.23818,3.5382,3.6598,2.6372,0.948471,1.03273
2009-06-19,1.7566,1.68937,1.36043,1.39111,1.87237,1.06441,2.09053,1.39511,1.1913,1.26759,1.18529,1.18564,1.56136,1.28547,1.42266,1.9852,1.58344,0.738399,0.496435,0.794056,0.667108,0.569912,1.14029,0.93821,0.778455,1.04695,1.15884,0.973641,0.944282,0.889428,1.01158,0.816117,0.610149,0.937052,0.914529,0.735515,1.72294,1.24521,3.62699,3.4861,2.51594,0.923332,1.02018
2009-06-26,1.70397,1.64663,1.36151,1.39545,1.88885,1.08089,2.13513,1.38459,1.15887,1.25797,1.17279,1.18412,1.56684,1.28104,1.4529,1.98476,1.57376,0.738869,0.495069,0.794128,0.65511,0.566909,1.14318,0.942351,0.777251,1.0522,1.16817,0.951725,0.9491,0.892935,1.05706,0.812051,0.613234,0.936918,0.928431,0.748511,1.73971,1.24461,3.66229,3.49443,2.44892,0.921326,1.0261
2009-07-03,1.71887,1.66406,1.36344,1.40796,1.77973,1.09286,2.11536,1.38558,1.15913,1.24664,1.17568,1.15984,1.53161,1.26284,1.46408,2.00513,1.58655,0.734363,0.487396,0.776915,0.650419,0.55688,1.13103,0.932346,0.780579,1.05258,1.18128,0.938056,0.940267,0.887831,1.0617,0.768279,0.604516,0.910934,0.89646,0.720538,1.69433,1.21771,3.56675,3.40363,2.24885,0.900961,1.00438
2009-07-10,1.69148,1.63754,1.33819,1.37785,1.69261,1.07209,2.07311,1.34338,1.16216,1.228,1.15727,1.14498,1.50787,1.23653,1.45041,1.95607,1.58735,0.725323,0.480954,0.768656,0.642123,0.534984,1.126,0.92761,0.770369,1.0498,1.15792,0.908993,0.897194,0.851718,1.04852,0.756729,0.600661,0.893732,0.886501,0.699193,1.72638,1.21912,3.63423,3.31168,2.17088,0.882402,0.985191
2009-07-17,1.71724,1.68329,1.37417,1.41565,1.79351,1.09676,2.10979,1.37164,1.16673,1.30947,1.22038,1.2269,1.54103,1.2728,1.49842,2.03347,1.61776,0.760731,0.510888,0.810284,0.671239,0.566884,1.13531,0.93937,0.779907,1.05003,1.17573,0.924127,0.955173,0.860146,1.05265,0.792901,0.641073,0.962983,0.953303,0.738119,1.81489,1.28607,3.82056,3.6702,2.39597,0.944298,1.05967
2009-07-24,1.7285,1.69432,1.3977,1.43989,1.83887,1.111,2.13245,1.39642,1.17212,1.3512,1.25922,1.25116,1.6474,1.35207,1.52063,2.12181,1.62522,0.789808,0.530717,0.844407,0.692677,0.586876,1.15591,0.95374,0.800607,1.05417,1.20957,0.958077,0.979299,0.895824,1.07873,0.830272,0.689376,1.02222,1.00227,0.787789,1.84495,1.32204,3.88384,3.90448,2.66915,0.983723,1.10171
2009-07-31,1.75879,1.72401,1.4412,1.4847,1.9318,1.14585,2.12763,1.40514,1.17033,1.36272,1.27754,1.23707,1.63349,1.35189,1.54016,2.14194,1.63489,0.783596,0.534143,0.851345,0.690738,0.5963,1.13724,0.94029,0.788057,1.06652,1.24381,0.946873,0.993778,0.913964,1.08082,0.848442,0.7112,1.05839,1.00914,0.794033,1.86883,1.32043,3.9341,4.12906,2.77079,0.991247,1.113
2009-08-07,1.81015,1.76714,1.48096,1.52113,1.973,1.17396,2.13149,1.41224,1.16587,1.40225,1.30987,1.24416,1.69264,1.40303,1.58968,2.25536,1.69929,0.772603,0.528205,0.849882,0.697278,0.606009,1.13825,0.942897,0.807585,1.07518,1.28431,1.0083,1.03582,0.945491,1.13004,0.888364,0.744809,1.07848,1.05473,0.83945,1.91097,1.33218,4.0228,4.43517,2.95311,1.01522,1.12513
2009-08-14,1.84538,1.79164,1.51799,1.5542,2.02193,1.20102,2.12857,1.43308,1.17659,1.41279,1.3181,1.24234,1.65687,1.38323,1.60695,2.28594,1.70236,0.784737,0.529367,0.846957,0.696992,0.595152,1.12865,0.934063,0.794905,1.07288,1.27033,1.0031,1.03942,0.951689,1.13678,0.916005,0.722426,1.05435,1.01381,0.836227,1.84074,1.30132,3.87497,4.40213,2.97171,1.01111,1.11807
2009-08-21,1.87629,1.82522,1.54772,1.58618,2.03936,1.22574,2.13742,1.46366,1.17485,1.40848,1.34004,1.277,1.66689,1.4116,1.65149,2.33515,1.72351,0.807886,0.538989,0.867132,0.719933,0.60302,1.14085,0.952716,0.828497,1.09344,1.32026,1.03975,1.07153,0.988852,1.14274,0.939961,0.730694,1.07211,1.06575,0.863766,1.88237,1.35402,3.9626,4.52868,3.22174,1.03298,1.13669
2009-08-28,1.87543,1.82439,1.54039,1.57867,2.03797,1.21994,2.12653,1.44494,1.17396,1.41952,1.32699,1.28045,1.6716,1.44959,1.65485,2.3387,1.72351,0.807414,0.546895,0.874761,0.723236,0.602555,1.14061,0.951828,0.844848,1.1139,1.32768,1.0494,1.06922,0.991047,1.14575,0.9486,0.741682,1.08737,1.13146,0.888739,1.86273,1.35661,3.92126,4.57026,3.31109,1.03709,1.14093
2009-09-04,1.90029,1.85133,1.54158,1.57445,2.03254,1.21893,2.10266,1.43466,1.17063,1.40284,1.31965,1.31415,1.66584,1.45272,1.66573,2.44317,1.79468,0.819386,0.541341,0.865884,0.708734,0.584241,1.13087,0.934826,0.836199,1.10719,1.32211,1.04392,1.04671,1.04064,1.18695,1.00601,0.73031,1.05013,1.07712,0.8623,1.82778,1.33844,3.84769,4.40201,3.26907,1.02385,1.13867
2009-09-11,1.89728,1.85011,1.54652,1.57216,2.03595,1.22158,2.1246,1.43647,1.16924,1.43924,1.35317,1.33498,1.71464,1.48836,1.65605,2.46016,1.80479,0.842554,0.557313,0.887658,0.74604,0.607698,1.14945,0.96003,0.851761,1.09431,1.33805,1.08335,1.08416,1.06111,1.19101,1.03862,0.741149,1.07292,1.1007,0.890678,1.87731,1.36919,3.95195,4.56039,3.37555,1.05104,1.1714
2009-09-18,1.90121,1.85044,1.54902,1.57486,2.05492,1.22037,2.12115,1.41729,1.16184,1.46055,1.33528,1.33755,1.7514,1.49258,1.66528,2.49334,1.83368,0.860008,0.559968,0.897386,0.753443,0.615187,1.15178,0.977085,0.861769,1.09455,1.35476,1.10235,1.08282,1.05793,1.18904,1.03501,0.762345,1.10995,1.15703,0.914387,1.91522,1.40832,4.03175,4.71404,3.45271,1.0757,1.19851
2009-09-25,1.90163,1.84048,1.50531,1.54572,2.03073,1.19842,2.06984,1.37742,1.12365,1.42295,1.32039,1.35159,1.76116,1.50633,1.66266,2.35092,1.82973,0.843643,0.547323,0.873279,0.718367,0.596334,1.13076,0.956121,0.82672,1.09455,1.33213,1.06652,1.05454,1.06535,1.19008,1.01264,0.741784,1.08587,1.12716,0.871136,1.87625,1.37797,3.94973,4.46264,3.26514,1.05282,1.17761
2009-10-02,1.97178,1.89009,1.50364,1.55506,2.02516,1.18236,2.12826,1.39577,1.13026,1.40718,1.31716,1.31067,1.70454,1.4566,1.66262,2.3053,1.87319,0.806668,0.531171,0.855088,0.69324,0.582376,1.11803,0.932189,0.836142,1.09557,1.3615,1.05996,1.03112,1.03414,1.22709,1.00228,0.712026,1.04221,1.10902,0.855489,1.83196,1.3423,3.85649,4.34728,3.13465,1.03306,1.15446
2009-10-09,2.0422,1.96101,1.58371,1.64008,2.11864,1.22773,2.19821,1.43905,1.1535,1.4516,1.38393,1.34764,1.76145,1.53788,1.74872,2.38001,1.94636,0.837461,0.543501,0.869777,0.714406,0.595854,1.16101,0.959665,0.894609,1.1109,1.39815,1.07095,1.0732,1.03157,1.26752,0.996181,0.735935,1.06912,1.16019,0.885243,1.94351,1.40537,4.09131,4.70378,3.36211,1.08114,1.19964
2009-10-16,2.05841,1.97653,1.58513,1.64053,2.1121,1.23403,2.23706,1.4665,1.1535,1.47094,1.42697,1.36316,1.76529,1.53549,1.73794,2.381,1.95721,0.836723,0.545326,0.874243,0.722801,0.600908,1.18763,0.976117,0.894755,1.11275,1.38741,1.08872,1.0964,1.02501,1.26752,0.9827,0.743446,1.07213,1.17397,0.891879,1.91255,1.40202,4.02614,4.54937,3.31723,1.09757,1.20811
2009-10-23,2.04331,1.95843,1.57176,1.63214,2.07587,1.22568,2.17795,1.47927,1.17786,1.45432,1.42137,1.34391,1.78279,1.57247,1.72531,2.28033,1.94145,0.813466,0.52831,0.852089,0.7271,0.597807,1.19944,0.987503,0.892739,1.10254,1.37662,1.08889,1.07746,1.00065,1.24781,0.959803,0.737994,1.07913,1.14679,0.90511,1.93169,1.42784,4.06642,4.52424,3.15788,1.08941,1.218
2009-10-30,1.94945,1.86523,1.49449,1.54128,1.95924,1.12866,2.07831,1.42849,1.13445,1.37963,1.31239,1.28982,1.68676,1.51844,1.6761,2.16954,1.8902,0.791658,0.49665,0.817626,0.702534,0.566543,1.13547,0.933342,0.856265,1.08495,1.29484,1.04485,1.02641,0.953993,1.22097,0.897708,0.702945,1.03351,1.07956,0.857157,1.79053,1.34537,3.76927,4.08587,2.91345,1.04385,1.15672
2009-11-06,2.01227,1.93122,1.54975,1.61522,2.03096,1.16329,2.15333,1.45503,1.14945,1.42593,1.37548,1.33088,1.72737,1.54731,1.75213,2.27651,1.93929,0.847426,0.516273,0.846992,0.715624,0.584284,1.18655,0.957314,0.874702,1.08704,1.34914,1.07946,1.06004,1.00019,1.2369,0.937675,0.728762,1.0607,1.12438,0.872496,1.90414,1.43661,4.00843,4.32264,3.05029,1.07983,1.20303
2009-11-13,2.01875,1.93745,1.56522,1.63376,2.05267,1.1743,2.18541,1.46023,1.14905,1.45446,1.38017,1.3713,1.76347,1.5833,1.76254,2.27853,1.94315,0.860726,0.52583,0.868832,0.731669,0.590462,1.21445,0.970105,0.903362,1.09177,1.35615,1.10826,1.08591,1.0275,1.23702,0.953085,0.747731,1.08276,1.15401,0.886813,1.99846,1.48847,4.20698,4.5185,3.22718,1.10493,1.24285
2009-11-20,2.0429,1.96214,1.58407,1.6559,2.05335,1.19019,2.20676,1.4627,1.1501,1.43664,1.35057,1.37963,1.74538,1.57846,1.79454,2.29549,1.94024,0.85857,0.521753,0.870067,0.719667,0.590352,1.21424,0.957341,0.905609,1.09004,1.35468,1.11268,1.05528,1.02093,1.23725,0.933334,0.751925,1.069,1.15853,0.88008,2.03079,1.49007,4.27505,4.49733,3.20661,1.10301,1.22675
2009-11-27,2.02624,1.94217,1.56426,1.63876,2.0352,1.17475,2.20511,1.4501,1.14135,1.42493,1.34485,1.37353,1.70706,1.53561,1.78892,2.22562,1.92899,0.860904,0.517076,0.871169,0.71885,0.585588,1.22431,0.967947,0.900536,1.09004,1.36168,1.12631,1.06246,1.01292,1.23477,0.927145,0.747275,1.07781,1.15511,0.889752,2.03343,1.48471,4.2806,4.46413,3.16785,1.10443,1.22873
2009-12-04,2.04042,1.9628,1.59031,1.66106,2.08049,1.19978,2.21694,1.45479,1.14463,1.45358,1.3557,1.39391,1.75269,1.60048,1.81223,2.22832,1.93406,0.905909,0.529678,0.8792,0.734305,0.590528,1.26197,0.984756,0.952186,1.13613,1.40285,1.15374,1.08331,1.02608,1.24242,0.939576,0.767377,1.09626,1.17914,0.90141,2.08947,1.55456,4.39858,4.70777,3.33098,1.11894,1.24595
2009-12-11,2.08319,1.98229,1.61406,1.69969,2.12933,1.22276,2.2042,1.46481,1.15925,1.45682,1.36488,1.37032,1.75834,1.61936,1.83379,2.22886,1.92634,0.929978,0.531892,0.874276,0.732787,0.597642,1.28506,0.987324,0.95143,1.13837,1.38799,1.1887,1.08592,1.01894,1.23048,0.930228,0.760831,1.089,1.15173,0.921631,2.05574,1.54556,4.32757,4.67461,3.31833,1.11995,1.24624
2009-12-18,2.11443,2.00919,1.614,1.69912,2.13183,1.22315,2.20063,1.46723,1.1546,1.4526,1.38342,1.34879,1.7551,1.62387,1.86698,2.1976,1.91512,0.908773,0.537445,0.873876,0.733645,0.601709,1.29393,0.991945,0.956098,1.13983,1.36862,1.19674,1.0854,1.00354,1.21205,0.920426,0.771152,1.08334,1.16737,0.923688,2.04723,1.57425,4.30966,4.72969,3.31657,1.11686,1.25765
2009-12-25,2.17934,2.07095,1.64038,1.72753,2.17668,1.24361,2.25173,1.50134,1.16117,1.49452,1.40367,1.37516,1.79806,1.66049,1.90292,2.21726,1.91973,0.938718,0.567192,0.899255,0.751161,0.614695,1.33875,1.00722,0.96268,1.14404,1.37646,1.23509,1.11003,1.02149,1.21624,0.939285,0.789119,1.12811,1.20699,0.941188,2.14935,1.66038,4.52464,5.01114,3.52266,1.13986,1.30065
2010-01-01,2.17056,2.06032,1.61842,1.70625,2.15798,1.22829,2.22688,1.4895,1.16028,1.48212,1.38705,1.36139,1.76602,1.6339,1.88448,2.21837,1.91973,0.927957,0.557971,0.889425,0.747957,0.607834,1.32132,1.00253,0.962708,1.14409,1.37953,1.21949,1.09422,1.0221,1.21486,0.939348,0.77514,1.11898,1.19887,0.932654,2.11031,1.63846,4.44244,4.92318,3.47397,1.12932,1.29414
2010-01-08,2.21135,2.09657,1.6759,1.7647,2.23334,1.27037,2.26935,1.50841,1.16634,1.51753,1.44539,1.38847,1.82998,1.67909,1.9361,2.22553,1.91973,0.937892,0.582703,0.900755,0.753895,0.627141,1.3519,1.00101,0.961326,1.14409,1.37873,1.26798,1.13681,1.02039,1.21553,0.934515,0.799604,1.15524,1.22026,0.952041,2.16842,1.70321,4.56477,5.25261,3.67587,1.16104,1.31677
2010-01-15,2.21132,2.1073,1.67507,1.77225,2.25167,1.27085,2.27326,1.5074,1.17306,1.48126,1.46007,1.39943,1.83115,1.66074,1.93955,2.24051,1.91161,0.934784,0.575476,0.904859,0.745192,0.622112,1.34043,0.980758,0.958635,1.14409,1.36356,1.2615,1.13205,0.994458,1.21039,0.896105,0.797568,1.14617,1.20477,0.952311,2.0597,1.64714,4.33591,5.09082,3.55073,1.15162,1.29697
2010-01-22,2.1959,2.09478,1.6336,1.74376,2.19911,1.25354,2.22297,1.46769,1.15383,1.41965,1.41078,1.36903,1.76055,1.60119,1.90605,2.16477,1.90288,0.902568,0.561717,0.884702,0.710469,0.595657,1.274,0.966377,0.9554,1.13989,1.35052,1.20334,1.07639,0.984638,1.21406,0.87701,0.775095,1.12038,1.15246,0.93389,1.94125,1.55714,4.08655,4.81206,3.39765,1.10672,1.24916
2010-01-29,2.1568,2.03728,1.62458,1.70993,2.16743,1.2139,2.18478,1.45042,1.13208,1.37657,1.39246,1.33437,1.8027,1.61812,1.88937,2.12216,1.85541,0.878391,0.53989,0.857226,0.692293,0.583356,1.2578,0.932817,0.92578,1.13709,1.28921,1.18273,1.05426,0.970406,1.17912,0.851708,0.755816,1.11038,1.11445,0.907101,1.85145,1.49404,3.89751,4.62233,3.36405,1.08828,1.21041
2010-02-05,2.18839,2.05615,1.64685,1.74361,2.20633,1.23863,2.21664,1.4685,1.14224,1.38075,1.40677,1.34232,1.79959,1.60409,1.92413,2.1626,1.91862,0.89173,0.54236,0.851593,0.685301,0.579359,1.20661,0.924287,0.928413,1.13932,1.31136,1.17873,1.04602,0.956109,1.17725,0.84013,0.742845,1.10827,1.08882,0.894818,1.82726,1.48664,3.8466,4.45885,3.26615,1.08088,1.21579
2010-02-12,2.20558,2.06386,1.67955,1.77328,2.24089,1.25971,2.25278,1.48378,1.14292,1.39074,1.43596,1.35599,1.7879,1.60728,1.94367,2.24861,1.95889,0.934436,0.571098,0.872052,0.707988,0.591111,1.21443,0.939461,0.928462,1.13797,1.3438,1.2163,1.08703,0.986471,1.19985,0.859324,0.791429,1.10055,1.12511,0.927477,1.88584,1.53022,3.96991,4.85532,3.5039,1.09487,1.23785
2010-02-19,2.21004,2.07254,1.71223,1.79956,2.29053,1.27838,2.28135,1.48729,1.14332,1.43442,1.45541,1.37384,1.79283,1.62085,1.95061,2.26158,1.96023,0.955166,0.581023,0.901044,0.720859,0.606011,1.23483,0.970689,0.938129,1.15148,1.36595,1.22184,1.12528,1.00003,1.20086,0.88127,0.815988,1.14634,1.14383,0.941804,1.97784,1.59613,4.16359,4.8547,3.56014,1.12628,1.26812
2010-02-26,2.20582,2.06858,1.71007,1.79729,2.28742,1.27267,2.26865,1.47508,1.13898,1.42301,1.44985,1.37257,1.78954,1.62219,1.94746,2.27078,1.94676,0.99332,0.592819,0.897491,0.709795,0.613667,1.22635,0.971806,0.948559,1.15799,1.36852,1.20382,1.13373,0.995207,1.19243,0.863292,0.846864,1.14215,1.14707,0.940652,1.97913,1.5974,4.16629,4.88544,3.6622,1.12223,1.26614
2010-03-05,2.27111,2.1298,1.80114,1.893,2.40176,1.3423,2.31233,1.49878,1.15301,1.48203,1.50141,1.38467,1.84549,1.66008,1.99298,2.3088,1.95351,1.02903,0.616933,0.930873,0.741512,0.635817,1.26369,1.00989,0.998575,1.18927,1.42312,1.24665,1.16787,1.01047,1.19243,0.879041,0.874389,1.17529,1.19988,0.975474,2.10951,1.71807,4.44076,5.20894,3.80032,1.1578,1.31366
2010-03-12,2.27857,2.13862,1.82478,1.91942,2.46194,1.36103,2.33162,1.48497,1.15352,1.47323,1.50257,1.3785,1.86718,1.66835,2.00649,2.30406,1.95351,1.04522,0.630185,0.933907,0.747162,0.642027,1.26575,1.01368,0.994539,1.18443,1.42191,1.25827,1.15681,1.01037,1.19243,0.880219,0.874154,1.17537,1.19589,0.979885,2.17619,1.76864,4.58112,5.37742,3.89271,1.17006,1.33968
2010-03-19,2.27735,2.13748,1.80821,1.89912,2.44238,1.34607,2.32562,1.47677,1.14548,1.47726,1.50622,1.37094,1.84494,1.6528,1.99227,2.28254,1.95351,1.04435,0.619433,0.930883,0.742227,0.630252,1.26059,1.00852,0.993613,1.18332,1.40898,1.24034,1.16962,1.00951,1.19243,0.883714,0.873612,1.19793,1.21721,0.984282,2.16384,1.75086,4.55513,5.27527,3.77844,1.18007,1.3448
2010-03-26,2.28692,2.14646,1.83091,1.92382,2.43349,1.35119,2.355,1.47596,1.14145,1.50037,1.5618,1.38316,1.86253,1.67277,2.03343,2.29556,1.95351,1.05875,0.622886,0.939455,0.759171,0.623336,1.27587,1.00987,0.994915,1.18332,1.45075,1.25461,1.17481,1.0146,1.18966,0.886105,0.892677,1.19423,1.21357,0.994092,2.27875,1.80759,4.79702,5.46553,3.98025,1.18628,1.35924
2010-04-02,2.32613,2.18744,1.88129,1.97666,2.47478,1.37986,2.37888,1.47784,1.14915,1.51141,1.57326,1.41994,1.88189,1.6551,2.06254,2.30356,1.95351,1.06341,0.626361,0.940943,0.773086,0.62944,1.28262,1.0161,0.995092,1.18332,1.45312,1.24789,1.1797,1.01251,1.18882,0.882831,0.901635,1.21039,1.22468,1.00412,2.25075,1.81469,4.73808,5.53158,4.01945,1.19869,1.36377
2010-04-09,2.3597,2.21738,1.92261,2.01275,2.52082,1.39893,2.44588,1.49361,1.15386,1.57182,1.60314,1.42268,1.87947,1.65604,2.09576,2.29874,1.95375,1.08479,0.638695,0.96292,0.786448,0.632835,1.29163,1.02243,0.996281,1.18332,1.45629,1.25879,1.20089,1.00868,1.18359,0.878807,0.914948,1.2217,1.25571,1.02095,2.38315,1.89943,5.0168,5.68486,4.21962,1.2165,1.3884
2010-04-16,2.33282,2.20536,1.91234,1.99439,2.50411,1.3893,2.44851,1.49768,1.15539,1.56596,1.58793,1.42356,1.89389,1.64621,2.09082,2.30668,1.96088,1.10461,0.658508,0.966642,0.788483,0.637902,1.29579,1.02453,0.992036,1.18456,1.45277,1.2494,1.1872,1.01586,1.18774,0.885053,0.918418,1.209,1.2539,1.02292,2.43552,1.91902,5.12705,5.80931,4.18327,1.21456,1.40256
2010-04-23,2.39337,2.27037,1.98901,2.09171,2.60891,1.4574,2.50413,1.53847,1.18469,1.57812,1.6465,1.40745,1.90069,1.66935,2.14334,2.35896,1.96887,1.12212,0.670731,1.01189,0.8177,0.65155,1.36899,1.05979,1.01275,1.19846,1.47845,1.29916,1.22608,1.03168,1.18774,0.901958,0.929788,1.24935,1.28601,1.05284,2.52445,2.00392,5.31426,6.07979,4.43204,1.23949,1.4306
2010-04-30,2.39432,2.27487,1.95542,2.08468,2.5681,1.45516,2.45239,1.52169,1.19576,1.57045,1.63851,1.37365,1.91438,1.6657,2.1209,2.34104,1.95984,1.1097,0.655749,0.995721,0.776386,0.62702,1.32586,1.04826,0.98777,1.18581,1.4631,1.26549,1.19662,1.03118,1.19022,0.8914,0.907498,1.21,1.27342,1.02782,2.44219,1.90176,5.14109,5.63556,4.20167,1.20897,1.39435
2010-05-07,2.23493,2.13293,1.85479,1.96912,2.42913,1.27962,2.3534,1.47201,1.18417,1.47077,1.54114,1.29068,1.80152,1.57244,1.98424,2.18841,1.87357,1.02342,0.612039,0.927621,0.719273,0.60114,1.23313,1.00156,0.899403,1.1499,1.35221,1.19644,1.10295,0.914305,1.13133,0.798469,0.85177,1.11311,1.20272,0.953649,2.21609,1.73719,4.66512,4.91277,3.7987,1.13214,1.28589
2010-05-14,2.32664,2.20601,1.90018,2.03478,2.50414,1.32409,2.42119,1.51859,1.20635,1.51595,1.60418,1.3342,1.83869,1.6074,2.05822,2.29349,1.98788,1.05454,0.590168,0.893876,0.726593,0.601642,1.28675,0.98424,0.947318,1.16719,1.42559,1.2526,1.1694,0.979925,1.16426,0.854308,0.877817,1.15076,1.25565,0.983271,2.34702,1.84816,4.94074,5.26904,4.08288,1.1589,1.32894
2010-05-21,2.28943,2.17368,1.84326,1.96484,2.42183,1.28073,2.3067,1.46781,1.19754,1.4368,1.5405,1.26556,1.78954,1.54234,2.01673,2.18606,2.05616,0.996944,0.550952,0.834482,0.688389,0.572861,1.25111,0.941727,0.947315,1.15076,1.42682,1.21535,1.11714,0.951916,1.17086,0.829234,0.846595,1.0976,1.21945,0.941958,2.19603,1.74521,4.6229,4.90499,3.85842,1.11026,1.26975
2010-05-28,2.32562,2.21192,1.89939,2.01367,2.44315,1.3014,2.39439,1.49545,1.22225,1.48292,1.54524,1.26871,1.88768,1.62144,2.05105,2.21161,2.08801,1.01971,0.549658,0.832525,0.697384,0.567951,1.25756,0.945765,0.982343,1.17167,1.48402,1.2251,1.12527,0.969435,1.18967,0.839583,0.859432,1.10238,1.22163,0.966716,2.27927,1.80152,4.79813,5.07049,4.07286,1.11291,1.29127
2010-06-04,2.32476,2.21665,1.88906,2.00193,2.44824,1.29381,2.39145,1.49545,1.22225,1.47047,1.53606,1.25578,1.9135,1.62236,2.04423,2.21161,2.08801,1.02216,0.542888,0.824913,0.684005,0.551713,1.24194,0.936076,0.980455,1.17507,1.47422,1.20751,1.09629,0.957683,1.18967,0.825448,0.833992,1.05361,1.20064,0.95102,2.23958,1.75692,4.74918,5.00218,4.02034,1.08696,1.27683
2010-06-11,2.38548,2.27455,1.92861,2.04463,2.50302,1.3193,2.44873,1.50625,1.22876,1.54145,1.58431,1.30848,1.90942,1.64572,2.09783,2.23406,2.12237,1.05449,0.563529,0.86373,0.692244,0.562767,1.27052,0.962383,0.987065,1.18299,1.47751,1.22434,1.1169,0.978247,1.18967,0.842425,0.851594,1.08995,1.24717,0.969202,2.35184,1.83759,4.74918,5.00218,4.02034,1.11606,1.28844
2010-06-18,2.38711,2.2761,1.92861,2.04463,2.50403,1.3193,2.44786,1.50625,1.22876,1.54955,1.62498,1.31753,1.911,1.63265,2.09783,2.23997,2.12384,1.10567,0.579676,0.8771,0.709438,0.578325,1.28392,0.974904,0.994248,1.18711,1.48309,1.23494,1.14508,0.988532,1.18967,0.84757,0.876774,1.12264,1.28524,1.00016,2.45452,1.90242,4.74918,5.00218,4.02034,1.14233,1.33344
2010-06-25,2.36516,2.25518,1.84229,1.95311,2.42157,1.26475,2.31804,1.43876,1.21289,1.46214,1.56756,1.31056,1.85013,1.58613,2.01496,2.18443,2.12364,1.0488,0.555159,0.855225,0.695651,0.559855,1.24003,0.943476,0.991814,1.18523,1.47843,1.21271,1.10028,0.966983,1.18967,0.824501,0.842874,1.09066,1.22665,0.956637,2.29964,1.80309,4.74918,5.00218,4.02034,1.10287,1.28689
2010-07-02,2.22256,2.11882,1.78377,1.88966,2.32588,1.20887,2.24974,1.38035,1.15558,1.40066,1.49497,1.26527,1.73912,1.50303,1.92492,2.00544,2.04899,0.985632,0.534536,0.816775,0.672856,0.553938,1.16583,0.899561,0.99079,1.184,1.46335,1.15746,1.06496,0.891715,1.17683,0.743292,0.807138,1.02198,1.16847,0.90206,2.01517,1.60866,4.74918,5.00218,4.02034,1.0449,1.20729
2010-07-09,2.33852,2.19933,1.86448,1.96882,2.44191,1.24669,2.32949,1.4085,1.1874,1.45439,1.57952,1.30077,1.75647,1.54414,1.99447,2.10778,2.15656,1.05063,0.544078,0.821027,0.691781,0.558616,1.20834,0.910745,0.99324,1.18894,1.48426,1.16423,1.10928,0.942748,1.21053,0.793881,0.855304,1.07624,1.22066,0.94514,2.17989,1.72611,4.74918,5.00218,4.02034,1.10379,1.26841
2010-07-16,2.33852,2.19933,1.86448,1.96882,2.43177,1.24669,2.34326,1.4085,1.1874,1.45346,1.57724,1.32076,1.76436,1.53425,1.99447,2.10778,2.15656,1.03919,0.540473,0.810071,0.68523,0.554629,1.19179,0.901998,0.987117,1.18894,1.47912,1.14489,1.10228,0.943994,1.21217,0.792047,0.854669,1.06712,1.2236,0.929617,2.11069,1.67526,4.74918,5.00218,4.02034,1.0905,1.26045
2010-07-23,2.432,2.28724,1.91797,2.0253,2.4803,1.28245,2.36775,1.44375,1.18445,1.50508,1.63946,1.3396,1.79191,1.57154,2.07613,2.14211,2.15656,1.09792,0.562431,0.826012,0.713742,0.569454,1.20523,0.914517,0.991991,1.19357,1.48887,1.18508,1.14591,0.972935,1.21301,0.807723,0.870496,1.09649,1.26932,0.958465,2.23135,1.80083,4.74918,5.00218,4.02034,1.12884,1.30934
2010-07-30,2.41864,2.28803,1.92303,2.03396,2.47669,1.28865,2.39496,1.45844,1.18797,1.51427,1.69497,1.34243,1.77902,1.55636,2.07065,2.14227,2.16081,1.0923,0.556612,0.827345,0.711482,0.568811,1.19647,0.915565,1.006,1.19783,1.50813,1.18306,1.14235,0.974623,1.21543,0.805604,0.875907,1.11527,1.26832,0.960887,2.25074,1.7987,4.74918,5.00218,4.02034,1.12741,1.30224
2010-08-06,2.46956,2.34321,1.95666,2.06728,2.521,1.30982,2.41658,1.45548,1.19095,1.5576,1.69383,1.35114,1.79829,1.59263,2.10277,2.15908,2.16322,1.08928,0.560004,0.834684,0.715681,0.581154,1.21088,0.922075,1.0194,1.20175,1.52995,1.21326,1.16,0.97804,1.21582,0.810447,0.888385,1.12255,1.29239,0.967313,2.29668,1.83871,4.74918,5.00218,4.02034,1.14908,1.32924
2010-08-13,2.39984,2.28198,1.87475,2.00306,2.44696,1.27638,2.30976,1.40795,1.17777,1.49197,1.62972,1.34876,1.74852,1.51074,2.09186,2.1933,2.16489,1.0501,0.543769,0.815622,0.688356,0.561405,1.16773,0.889568,1.01023,1.19314,1.52577,1.16583,1.08658,0.988385,1.21676,0.773069,0.859689,1.06897,1.26198,0.929877,2.21952,1.78039,4.74918,5.00218,4.02034,1.10737,1.27125
2010-08-20,2.45208,2.32167,1.91389,2.03988,2.49008,1.29603,2.33328,1.4244,1.18784,1.48196,1.65058,1.38688,1.74223,1.49445,2.11794,2.24733,2.17988,1.04912,0.542896,0.814531,0.692827,0.558617,1.19304,0.897489,1.01656,1.19772,1.55709,1.1736,1.07823,1.01575,1.22443,0.778488,0.844921,1.07973,1.26952,0.920795,2.21785,1.82619,4.74918,5.00218,4.02034,1.09939,1.27694
2010-08-27,2.48084,2.35306,1.9123,2.04547,2.46594,1.29959,2.34226,1.4478,1.21428,1.48811,1.68114,1.38422,1.77211,1.51895,2.14222,2.33705,2.17988,1.05533,0.543891,0.815681,0.689128,0.549192,1.17989,0.895057,1.01667,1.19772,1.56103,1.18237,1.06849,1.02689,1.22443,0.790726,0.838774,1.08199,1.26551,0.925457,2.16973,1.7998,4.74918,5.00218,4.02034,1.09254,1.25277
2010-09-03,2.4904,2.36427,1.97026,2.09731,2.57287,1.3329,2.38993,1.44807,1.21372,1.55523,1.7027,1.40919,1.82309,1.55993,2.15235,2.33113,2.17988,1.10795,0.553768,0.834646,0.702112,0.563416,1.2132,0.928564,1.01699,1.19772,1.561,1.19977,1.10423,1.03746,1.22443,0.8072,0.870533,1.1204,1.31695,0.948732,2.30108,1.90739,4.74918,5.00218,4.02034,1.13374,1.30792
2010-09-10,2.4904,2.36427,1.96844,2.09536,2.58223,1.33166,2.40304,1.45311,1.21372,1.56156,1.71109,1.42928,1.82708,1.55353,2.14826,2.33113,2.17988,1.08653,0.556419,0.824972,0.70062,0.558381,1.19156,0.916495,1.0153,1.19772,1.55375,1.19809,1.10108,1.03025,1.22443,0.803416,0.860582,1.11387,1.30776,0.943491,2.32557,1.91237,4.74918,5.00218,4.02034,1.13978,1.32469
2010-09-17,2.50083,2.37417,1.98361,2.11151,2.6484,1.34193,2.39935,1.44736,1.21449,1.56815,1.71264,1.4432,1.83991,1.58287,2.16274,2.33883,2.17988,1.11711,0.56045,0.828815,0.714528,0.558037,1.22375,0.923904,1.0201,1.19772,1.56333,1.22675,1.12945,1.04556,1.22765,0.818555,0.871935,1.13511,1.35331,0.954066,2.41643,1.97022,4.74918,5.00218,4.02034,1.15626,1.3674
2010-09-24,2.51977,2.39215,2.05473,2.1873,2.73649,1.39009,2.48473,1.47761,1.21782,1.59935,1.75065,1.45764,1.88135,1.60991,2.20091,2.34163,2.17988,1.12675,0.56976,0.838787,0.718427,0.559707,1.22165,0.932054,1.02515,1.20133,1.57467,1.20513,1.13831,1.04883,1.2275,0.819321,0.888874,1.15334,1.3711,0.965198,2.49035,2.04342,4.74918,5.00218,4.02034,1.18021,1.41499
2010-10-01,2.50875,2.38563,2.04702,2.17663,2.7258,1.38331,2.4737,1.47584,1.21767,1.613,1.7368,1.45494,1.85606,1.59871,2.19838,2.33344,2.17988,1.14033,0.570899,0.840353,0.712901,0.566736,1.21319,0.924364,1.0264,1.20116,1.5678,1.17536,1.13457,1.04481,1.2275,0.81299,0.883978,1.15004,1.36526,0.951802,2.51195,2.05456,4.65988,4.93488,3.97376,1.17805,1.39646
2010-10-08,2.52998,2.40514,2.06706,2.19796,2.74021,1.40075,2.46369,1.49074,1.22334,1.63776,1.75507,1.432,1.86395,1.63048,2.22587,2.33061,2.18162,1.1617,0.581129,0.846068,0.724326,0.576953,1.22457,0.931162,1.03107,1.20116,1.57941,1.19214,1.16245,1.04482,1.22306,0.811937,0.890868,1.12445,1.38966,0.957954,2.48624,2.07326,4.6122,4.81681,4.08085,1.19789,1.41755
2010-10-15,2.49123,2.37978,2.06967,2.19829,2.73334,1.39542,2.45765,1.49082,1.2146,1.63729,1.75461,1.43654,1.9008,1.6725,2.26227,2.32941,2.20276,1.19078,0.593276,0.859373,0.733636,0.572231,1.25057,0.940722,1.03604,1.20116,1.56099,1.19238,1.16055,1.04135,1.21397,0.80601,0.904478,1.13443,1.40559,0.959449,2.53526,2.12027,4.70314,4.97388,4.27384,1.20981,1.46713
2010-10-22,2.50234,2.39352,2.09065,2.22895,2.7674,1.40845,2.51093,1.51489,1.2141,1.68022,1.799,1.4309,1.90522,1.67954,2.29334,2.32988,2.20276,1.19742,0.604865,0.870337,0.734194,0.573251,1.23466,0.944829,1.03858,1.20206,1.58236,1.18207,1.15354,1.04599,1.21421,0.811929,0.904533,1.13772,1.41829,0.962011,2.57473,2.15024,4.77634,5.16613,4.39913,1.21649,1.4714
2010-10-29,2.49534,2.39452,2.07318,2.21605,2.7781,1.39733,2.4952,1.51946,1.21027,1.69239,1.80493,1.43867,1.95936,1.71496,2.29819,2.32973,2.18929,1.21862,0.616198,0.86962,0.743398,0.579888,1.25776,0.94937,1.03263,1.19407,1.57755,1.19063,1.17144,1.0645,1.20679,0.831969,0.913415,1.16284,1.43188,0.980664,2.73509,2.23538,5.07384,5.47901,4.67957,1.21793,1.48679
2010-11-05,2.53655,2.44025,2.09046,2.2684,2.82906,1.41654,2.52982,1.53514,1.218,1.7185,1.83551,1.46783,1.98146,1.7544,2.32281,2.3443,2.18918,1.24143,0.633473,0.890398,0.769526,0.60417,1.29388,0.982802,1.05151,1.20053,1.60893,1.24217,1.21566,1.08254,1.20754,0.850693,0.93488,1.20979,1.45774,1.00522,2.83487,2.27336,5.25892,5.5994,4.91351,1.26141,1.52924
2010-11-12,2.5299,2.43609,2.05132,2.24398,2.78608,1.40125,2.48708,1.52933,1.21555,1.66951,1.8139,1.43734,1.97162,1.74282,2.31826,2.34583,2.18918,1.22111,0.623028,0.882582,0.742631,0.591533,1.26831,0.967565,1.03691,1.19994,1.58604,1.21178,1.19763,1.06913,1.20693,0.839177,0.924972,1.17173,1.43804,1.00198,2.80787,2.2501,5.20885,5.60679,4.88997,1.23551,1.49619
2010-11-19,2.53779,2.43297,2.05011,2.26561,2.78046,1.41935,2.49704,1.52537,1.21016,1.66175,1.82078,1.4404,1.95608,1.72701,2.30681,2.4017,2.19898,1.23734,0.617572,0.874468,0.739145,0.585068,1.27724,0.960265,1.04604,1.19784,1.60532,1.19664,1.17564,1.07595,1.20917,0.831881,0.931856,1.18323,1.44039,1.01444,2.81307,2.29042,5.2185,5.60983,4.93611,1.23643,1.49505
2010-11-26,2.54285,2.42917,2.04731,2.26355,2.77871,1.42018,2.49604,1.52725,1.21067,1.64661,1.82245,1.46238,1.94536,1.72653,2.29582,2.41063,2.19898,1.25566,0.62774,0.899679,0.747075,0.591566,1.29391,0.975723,1.05186,1.19945,1.6295,1.20568,1.16408,1.08475,1.21237,0.8366,0.951078,1.1862,1.43502,1.01726,2.94878,2.38059,5.47024,5.81983,5.12499,1.22112,1.5036
2010-12-03,2.58051,2.46069,2.09874,2.30714,2.82927,1.44753,2.52404,1.53714,1.21486,1.67848,1.85177,1.50142,1.95266,1.75431,2.3311,2.4068,2.19898,1.28049,0.646358,0.926939,0.752631,0.596426,1.28489,1.00418,1.06084,1.19816,1.64431,1.21878,1.19058,1.08029,1.2096,0.833152,0.985854,1.22939,1.47086,1.04623,2.9639,2.42313,5.49829,5.88641,5.14122,1.26316,1.53494
2010-12-10,2.58134,2.46149,2.06549,2.2706,2.78695,1.41926,2.53285,1.54168,1.21463,1.68878,1.86039,1.50361,2.01092,1.80427,2.29735,2.39611,2.19898,1.26905,0.657103,0.929392,0.757225,0.609462,1.29478,1.00942,1.05886,1.19816,1.63608,1.23183,1.21088,1.07727,1.20796,0.830506,0.987333,1.25202,1.50065,1.06055,2.98445,2.44588,5.53641,5.90304,5.33965,1.2795,1.55261
2010-12-17,2.56148,2.46769,2.08848,2.26454,2.7891,1.38864,2.53268,1.56025,1.22592,1.70623,1.88393,1.48104,1.98899,1.80088,2.2855,2.42398,2.19898,1.24641,0.65219,0.923838,0.755058,0.604925,1.31431,1.02079,1.06299,1.19816,1.64509,1.23084,1.23049,1.07741,1.20796,0.827532,0.991151,1.27717,1.49552,1.08451,2.92681,2.40412,5.42948,5.74877,5.31445,1.28437,1.55654
2010-12-24,2.55739,2.46849,2.10174,2.2804,2.81525,1.39813,2.55891,1.56849,1.22787,1.72057,1.92266,1.4875,2.01185,1.84736,2.297,2.42595,2.19898,1.23724,0.659874,0.926461,0.760176,0.606392,1.28904,1.02477,1.06435,1.19816,1.64404,1.24753,1.23495,1.07592,1.20796,0.827476,0.997781,1.28985,1.51043,1.09705,2.97107,2.42713,5.51159,5.81869,5.27631,1.2978,1.56282
2010-12-31,2.55396,2.46365,2.08549,2.26647,2.81003,1.39232,2.55474,1.56224,1.22365,1.72508,1.91263,1.49071,2.02963,1.86021,2.2884,2.4222,2.19898,1.23974,0.658007,0.92042,0.758705,0.604699,1.28205,1.02723,1.06388,1.19816,1.64662,1.24144,1.22972,1.07517,1.20796,0.826773,1.00369,1.28585,1.51289,1.08824,2.91696,2.39305,5.41122,5.7576,5.14272,1.29935,1.55483
2011-01-07,2.5752,2.47508,2.08235,2.27205,2.82639,1.39925,2.57718,1.57464,1.24009,1.70129,1.93208,1.4838,2.02127,1.86322,2.29724,2.42366,2.19898,1.28408,0.677057,0.926347,0.761605,0.620552,1.2983,1.0392,1.06348,1.19646,1.64408,1.2465,1.2438,1.07356,1.20771,0.823078,1.01634,1.29514,1.51443,1.09552,3.04712,2.50788,5.65268,5.99694,5.33652,1.31372,1.59509
2011-01-14,2.6264,2.52351,2.12258,2.32968,2.90882,1.43547,2.60143,1.60316,1.25774,1.74396,1.98691,1.50256,2.06011,1.89076,2.34301,2.42687,2.19584,1.30911,0.693522,0.937687,0.775084,0.639428,1.31222,1.06284,1.07551,1.19668,1.64834,1.26726,1.26469,1.07578,1.20328,0.824485,1.0345,1.33004,1.54725,1.11317,3.1532,2.58156,5.84947,6.20737,5.41367,1.33604,1.62735
2011-01-21,2.63199,2.52898,2.12827,2.31723,2.9038,1.43331,2.63568,1.61169,1.25585,1.72874,1.98488,1.48963,2.0297,1.84643,2.30744,2.37768,2.17833,1.25354,0.669867,0.914826,0.75496,0.628778,1.28196,1.04154,1.06018,1.18919,1.61855,1.24552,1.21142,1.05916,1.19126,0.809228,1.0144,1.28606,1.52029,1.06141,2.91682,2.42856,5.41096,5.74433,5.05669,1.32643,1.58966
2011-01-28,2.63685,2.50494,2.13076,2.33837,2.89993,1.45193,2.5879,1.64754,1.27587,1.7261,1.98058,1.48243,2.03284,1.83008,2.33499,2.39989,2.21153,1.29095,0.668325,0.916358,0.757083,0.624257,1.25089,1.02892,1.05132,1.19471,1.62036,1.23263,1.21665,1.08887,1.20489,0.831756,1.01241,1.26508,1.51655,1.05119,3.01356,2.48723,5.59042,5.77869,5.12849,1.31971,1.59109
2011-02-04,2.68167,2.54981,2.1827,2.39956,2.96973,1.48832,2.63482,1.68149,1.28085,1.76358,2.02959,1.48038,2.07722,1.87839,2.35256,2.44327,2.20434,1.34888,0.705398,0.94445,0.784163,0.637814,1.29285,1.05011,1.05823,1.19471,1.63567,1.27382,1.24639,1.11881,1.1955,0.863025,1.03623,1.30158,1.54249,1.06802,3.23115,2.62486,5.99407,6.24981,5.57212,1.35515,1.6382
2011-02-11,2.73319,2.59879,2.25409,2.47916,3.02582,1.53771,2.69688,1.68558,1.28325,1.81292,2.0527,1.50634,2.13453,1.93955,2.39455,2.45303,2.21024,1.39727,0.736288,0.974299,0.803469,0.647075,1.30696,1.07016,1.08752,1.21171,1.68869,1.28306,1.25167,1.14021,1.19999,0.879151,1.05407,1.32504,1.56787,1.08324,3.38796,2.71857,6.28497,6.3909,5.67706,1.3754,1.66846
2011-02-18,2.72939,2.59517,2.30572,2.52678,3.06215,1.56312,2.69531,1.67991,1.28276,1.83448,2.10188,1.51486,2.16943,1.98511,2.39704,2.45017,2.21522,1.40126,0.746843,0.988169,0.813869,0.659042,1.32675,1.08418,1.08023,1.206,1.68997,1.30901,1.2609,1.13568,1.20266,0.880886,1.0672,1.32212,1.60412,1.0871,3.38837,2.70759,6.28573,6.49247,5.83275,1.39008,1.67674
2011-02-25,2.69162,2.56803,2.26537,2.48705,3.02527,1.51629,2.66743,1.6614,1.29703,1.81831,2.07606,1.52069,2.16116,1.98991,2.35515,2.48695,2.22852,1.33022,0.717471,0.950615,0.794902,0.642699,1.28475,1.0525,1.09158,1.21294,1.72762,1.30242,1.22134,1.14638,1.1946,0.871134,1.03194,1.30305,1.58223,1.06448,3.24098,2.60856,6.01229,6.30317,5.65879,1.36734,1.6459
2011-03-04,2.72675,2.60648,2.26667,2.50419,3.07335,1.506,2.73741,1.66053,1.29708,1.8473,2.04311,1.50976,2.16872,1.97015,2.33429,2.49135,2.232,1.30449,0.735507,0.959313,0.797845,0.654931,1.29209,1.06991,1.09574,1.20908,1.73247,1.30943,1.23081,1.12193,1.18709,0.858736,1.04484,1.29597,1.58939,1.06831,3.25221,2.6031,6.03314,6.19846,5.69283,1.36879,1.65504
2011-03-11,2.77826,2.63675,2.26671,2.48427,3.02869,1.49266,2.69628,1.66856,1.32572,1.84094,2.05808,1.49487,2.14125,1.93998,2.32903,2.45274,2.25419,1.28732,0.730006,0.942481,0.786789,0.648031,1.2735,1.03894,1.09867,1.20908,1.7314,1.29423,1.22453,1.11818,1.18047,0.842669,1.06603,1.279,1.58007,1.0643,3.15109,2.54883,5.84554,5.75715,5.25471,1.35195,1.61279
2011-03-18,2.76369,2.65318,2.21161,2.41749,2.95748,1.4568,2.63441,1.69092,1.32353,1.79476,2.0595,1.44368,2.13064,1.90145,2.28701,2.40728,2.26132,1.24404,0.718814,0.920554,0.768583,0.627849,1.26002,1.00405,1.07673,1.18659,1.6937,1.25022,1.20197,1.10238,1.17578,0.831655,1.05995,1.24475,1.54904,1.0302,3.05858,2.47054,5.67393,5.56358,5.1334,1.32586,1.55674
2011-03-25,2.80704,2.70917,2.29319,2.49626,3.07417,1.50305,2.67265,1.72145,1.33748,1.84695,2.12631,1.50657,2.1816,1.94183,2.3721,2.49366,2.27279,1.27679,0.737484,0.936015,0.790623,0.63173,1.28378,1.0316,1.08861,1.21649,1.73505,1.26047,1.23484,1.11143,1.17578,0.843936,1.07527,1.27872,1.60603,1.06277,3.26135,2.60806,6.0501,5.87996,5.49771,1.3626,1.62507
2011-04-01,2.81754,2.7193,2.29484,2.498,3.10857,1.50413,2.67505,1.72837,1.34124,1.84814,2.16489,1.524,2.24864,1.9944,2.37567,2.49408,2.27279,1.27792,0.754499,0.949432,0.805874,0.646268,1.32719,1.06077,1.08818,1.21649,1.73437,1.27763,1.25723,1.11175,1.17578,0.844319,1.10014,1.28779,1.65964,1.09309,3.3396,2.68929,6.19526,6.05084,5.673,1.38179,1.64279
2011-04-08,2.79439,2.69858,2.29388,2.50477,3.11034,1.50387,2.616,1.70798,1.31536,1.84744,2.1418,1.5269,2.25053,1.98913,2.35187,2.48598,2.26502,1.21033,0.762259,0.958347,0.815932,0.646003,1.3252,1.06237,1.09,1.21649,1.72917,1.30239,1.23937,1.10824,1.17578,0.842766,1.08174,1.27753,1.6382,1.09469,3.29915,2.66499,6.12021,6.06698,5.67491,1.37878,1.62821
2011-04-15,2.78448,2.69545,2.25719,2.51684,3.15185,1.51026,2.59746,1.69757,1.30428,1.85769,2.13543,1.51259,2.242,1.963,2.33324,2.46307,2.25522,1.20059,0.76747,0.960355,0.821967,0.649237,1.34759,1.07574,1.09011,1.21649,1.72848,1.30475,1.23744,1.10422,1.17578,0.845375,1.07705,1.28766,1.62534,1.10241,3.31825,2.68894,6.15565,6.11069,5.64736,1.37028,1.61964
2011-04-22,2.82616,2.7211,2.28563,2.54462,3.17518,1.52262,2.61826,1.69718,1.30423,1.92002,2.15883,1.5531,2.26957,1.97689,2.36209,2.5147,2.26475,1.23278,0.794599,0.984142,0.827247,0.664313,1.39651,1.06914,1.09257,1.21649,1.74862,1.3364,1.26048,1.11061,1.18037,0.849406,1.08305,1.29198,1.67511,1.10941,3.41729,2.77215,6.33937,6.26017,5.81817,1.38833,1.66795
2011-04-29,2.85206,2.74228,2.32155,2.58846,3.23444,1.54615,2.66124,1.70231,1.30404,1.97203,2.18711,1.60472,2.28413,1.99419,2.39621,2.50855,2.26591,1.28535,0.794598,0.997307,0.847489,0.665804,1.43182,1.11167,1.09506,1.21488,1.74842,1.35165,1.25557,1.10528,1.1759,0.845031,1.11559,1.31924,1.7001,1.12356,3.41656,2.76945,6.33803,6.33645,5.84307,1.41583,1.68911
2011-05-06,2.87222,2.76786,2.29904,2.57754,3.22247,1.53309,2.61744,1.69038,1.31479,1.97117,2.18686,1.57205,2.28359,1.97685,2.39123,2.49253,2.28404,1.26604,0.780502,0.990827,0.836191,0.648879,1.40928,1.10235,1.09586,1.21293,1.73906,1.3341,1.20936,1.08963,1.17476,0.832622,1.10946,1.29978,1.68664,1.12578,3.31103,2.67334,6.14224,6.24731,5.60403,1.39269,1.67167
2011-05-13,2.8986,2.7883,2.28805,2.56959,3.26383,1.54098,2.62202,1.7059,1.34648,1.97605,2.1876,1.56298,2.29772,1.96045,2.39603,2.51542,2.2934,1.26868,0.794677,1.0226,0.858443,0.657408,1.41429,1.1302,1.10369,1.21734,1.76127,1.33886,1.20707,1.09233,1.17397,0.83454,1.11262,1.31175,1.70729,1.13119,3.34544,2.70671,6.20608,6.30446,5.57724,1.39103,1.66996
2011-05-20,2.91535,2.79942,2.26826,2.57002,3.19807,1.53803,2.63863,1.71393,1.38121,1.98401,2.22284,1.57599,2.29839,1.96127,2.42629,2.54748,2.2934,1.26371,0.78631,1.00881,0.841315,0.654008,1.40681,1.13208,1.10125,1.21734,1.77297,1.32264,1.21482,1.0947,1.17441,0.838372,1.11861,1.31082,1.70339,1.12711,3.31535,2.68955,6.15027,6.26657,5.62173,1.38657,1.65166
2011-05-27,2.85011,2.74214,2.21809,2.52627,3.13484,1.5213,2.65235,1.71126,1.36873,1.98214,2.21804,1.61558,2.26572,1.92919,2.41773,2.58372,2.31344,1.2439,0.786193,1.00209,0.839041,0.662045,1.41092,1.12522,1.10295,1.21734,1.78969,1.30766,1.20622,1.10293,1.18468,0.831263,1.11416,1.31377,1.68016,1.12661,3.33126,2.72474,6.17978,6.28949,5.56684,1.38553,1.64194
2011-06-03,2.81642,2.70246,2.1918,2.49445,3.06939,1.50015,2.63516,1.71217,1.38104,1.92037,2.22127,1.57281,2.21836,1.88036,2.36718,2.58467,2.31269,1.19751,0.761199,0.977185,0.816575,0.640184,1.37931,1.10138,1.10408,1.21734,1.7913,1.2563,1.17648,1.07469,1.17668,0.801009,1.08645,1.27942,1.63988,1.09933,3.24499,2.66251,6.01973,6.16603,5.43617,1.35346,1.61106
2011-06-10,2.76723,2.66509,2.13675,2.4131,3.02468,1.46895,2.57462,1.68675,1.33852,1.88812,2.17305,1.5417,2.17175,1.83339,2.26118,2.50583,2.29785,1.19656,0.747465,0.963921,0.808169,0.626039,1.35258,1.0925,1.09871,1.21734,1.78915,1.23366,1.16241,1.06692,1.17516,0.785027,1.03993,1.24698,1.59409,1.06415,3.19171,2.61751,5.9209,5.78926,5.34926,1.3242,1.56217
2011-06-17,2.74911,2.6568,2.11503,2.41512,3.05892,1.44711,2.55011,1.68878,1.34247,1.87565,2.12591,1.52162,2.17504,1.84407,2.256,2.48853,2.29592,1.17264,0.737521,0.955518,0.808716,0.621855,1.35048,1.08181,1.10122,1.21734,1.76052,1.23682,1.1562,1.0552,1.16906,0.773573,1.03081,1.24434,1.57557,1.06629,3.10675,2.55615,5.7633,5.73114,5.38544,1.32503,1.54132
2011-06-24,2.79329,2.69755,2.16666,2.45812,3.15775,1.48487,2.55953,1.71682,1.34498,1.89925,2.17078,1.55957,2.2221,1.85961,2.29362,2.54721,2.30582,1.16807,0.739959,0.949196,0.814568,0.625277,1.36117,1.07822,1.10093,1.22031,1.77165,1.23392,1.16991,1.05723,1.16906,0.779609,1.038,1.25789,1.60673,1.06421,3.2531,2.65245,6.03478,6.01014,5.65803,1.32252,1.55822
2011-07-01,2.85294,2.75515,2.21716,2.5154,3.23313,1.51948,2.61319,1.74383,1.34646,1.94551,2.25596,1.60261,2.30599,1.93866,2.34622,2.54786,2.30582,1.23886,0.770635,0.991819,0.845876,0.64637,1.40582,1.11651,1.11572,1.22945,1.77394,1.28532,1.22372,1.05479,1.16906,0.793483,1.08928,1.32865,1.68567,1.11875,3.49562,2.84124,6.48467,6.36947,5.9986,1.39668,1.65937
2011-07-08,2.85237,2.7546,2.21399,2.51181,3.22904,1.5173,2.62792,1.74383,1.34646,1.95576,2.24725,1.60452,2.28581,1.93076,2.34239,2.54786,2.30582,1.24534,0.773758,1.00344,0.849607,0.653544,1.41704,1.11819,1.11572,1.22945,1.77644,1.29638,1.23766,1.0618,1.16906,0.800984,1.09085,1.31832,1.6859,1.1239,3.63451,2.92251,6.74233,6.48167,6.08926,1.40168,1.69147
2011-07-15,2.82625,2.72938,2.19244,2.48612,3.18487,1.50178,2.56388,1.70753,1.33348,1.91503,2.21904,1.59971,2.23014,1.88643,2.31144,2.49608,2.28768,1.22416,0.760127,0.98565,0.835667,0.64051,1.39823,1.10525,1.11783,1.22945,1.7758,1.27816,1.21097,1.05133,1.16906,0.797228,1.05648,1.25845,1.6654,1.10009,3.48286,2.82733,6.46101,6.34371,5.94003,1.37342,1.65765
2011-07-22,2.82178,2.73991,2.2266,2.50519,3.22977,1.51171,2.5557,1.72864,1.34745,1.91197,2.2423,1.60463,2.2323,1.92037,2.30397,2.54118,2.29306,1.23758,0.773103,0.993699,0.841012,0.650498,1.40677,1.09725,1.12016,1.23142,1.7975,1.29362,1.23603,1.06413,1.16906,0.800942,1.06429,1.28154,1.6907,1.09433,3.51879,2.8824,6.52766,6.27848,6.05517,1.40356,1.7078
2011-07-29,2.71524,2.63584,2.13838,2.40758,3.12228,1.43981,2.43433,1.68523,1.3378,1.82006,2.14924,1.55474,2.11797,1.82662,2.22957,2.50198,2.2966,1.19779,0.746658,0.965277,0.799784,0.62201,1.35744,1.05296,1.11057,1.21932,1.7531,1.23479,1.15074,1.01095,1.16881,0.763497,1.0105,1.22861,1.58478,1.04753,3.39412,2.76151,6.2964,5.96571,5.89814,1.34881,1.66195
2011-08-05,2.4477,2.39768,2.0001,2.24224,2.88754,1.28711,2.2391,1.54261,1.22536,1.70556,1.97942,1.45225,2.03483,1.74102,2.07376,2.27345,2.14421,1.11797,0.70663,0.915839,0.782786,0.598206,1.25996,0.990645,1.07095,1.19462,1.61477,1.13652,1.0713,0.918602,1.13273,0.66771,0.924911,1.10705,1.43861,0.950879,3.11775,2.43122,5.7837,5.4669,5.32917,1.25234,1.54246
2011-08-12,2.43007,2.34961,2.05907,2.24991,2.88488,1.25588,2.21121,1.49707,1.18749,1.77801,1.88739,1.47474,2.0729,1.77495,2.06692,2.25499,2.12229,1.1031,0.70871,0.918534,0.774915,0.589065,1.26313,0.99356,1.05227,1.17962,1.66145,1.13063,1.04703,0.883,1.2099,0.685144,0.934929,1.10719,1.41679,0.939503,3.2183,2.47157,5.97023,5.6827,5.37783,1.23189,1.53501
2011-08-19,2.42802,2.34764,2.04965,2.2423,2.86467,1.25014,2.19024,1.49482,1.18749,1.7634,1.88455,1.4687,1.94705,1.68411,2.06405,2.22774,2.12453,1.06807,0.706949,0.916423,0.77299,0.583344,1.22941,0.991505,1.05253,1.1793,1.6471,1.12744,1.00405,0.840512,1.2081,0.617082,0.858411,1.03839,1.32952,0.893785,2.86005,2.24401,5.30564,5.23138,4.85076,1.17474,1.43358
2011-08-26,2.49418,2.4116,2.15725,2.36001,3.07763,1.31577,2.26,1.51164,1.21555,1.82179,1.96512,1.47963,2.07988,1.81657,2.13819,2.35192,2.17991,1.10023,0.720206,0.930166,0.787486,0.593122,1.26214,1.00093,1.06284,1.18412,1.72807,1.12744,1.02839,0.875198,1.21923,0.659435,0.911134,1.11357,1.39946,0.915913,3.12049,2.44237,5.78877,5.60345,5.23541,1.23033,1.52241
2011-09-02,2.49418,2.4116,2.15831,2.36117,3.12814,1.31641,2.26144,1.51164,1.21555,1.8409,1.98013,1.48562,2.08665,1.81698,2.13819,2.35192,2.17991,1.10942,0.729914,0.931418,0.798101,0.588248,1.26196,1.00084,1.07963,1.18412,1.73274,1.12096,1.02784,0.875198,1.21923,0.663015,0.90133,1.10856,1.40161,0.91296,3.15513,2.445,6.09087,5.85814,5.52923,1.22908,1.5267
2011-09-09,2.47612,2.39414,2.20943,2.41709,3.22165,1.34759,2.27788,1.5391,1.21459,1.79239,1.95061,1.48562,2.07748,1.81252,2.18782,2.35192,2.17991,1.09247,0.725528,0.925363,0.790251,0.581066,1.2542,0.993572,1.07578,1.18387,1.77691,1.08989,1.01827,0.876294,1.21923,0.656759,0.915959,1.09008,1.37029,0.913274,3.21456,2.46684,6.09087,5.85814,5.52923,1.20895,1.52384
2011-09-16,2.49653,2.42336,2.23304,2.4641,3.32432,1.3738,2.32663,1.54033,1.21459,1.83218,1.9872,1.49491,2.07956,1.82337,2.20504,2.33994,2.16603,1.14556,0.749109,0.957864,0.813072,0.586208,1.26743,1.00112,1.10214,1.19734,1.80002,1.11145,1.04196,0.888779,1.21302,0.677685,0.963874,1.16682,1.43491,0.950541,3.27697,2.57853,6.09087,5.85814,5.52923,1.27391,1.62456
2011-09-23,2.45397,2.38205,2.11571,2.33743,3.06492,1.29584,2.2292,1.51018,1.19723,1.76829,1.9483,1.47574,1.98297,1.7286,2.12964,2.32872,2.17815,1.09667,0.716448,0.925932,0.781558,0.569341,1.22998,0.956982,1.10441,1.20282,1.81528,1.0497,1.0126,0.882697,1.21258,0.61697,0.901426,1.08178,1.3304,0.891363,3.1633,2.41061,6.09087,5.85814,5.52923,1.19025,1.55451
2011-09-30,2.49048,2.41249,2.12102,2.33739,2.99563,1.29929,2.25155,1.53285,1.19926,1.76203,1.90632,1.42909,1.92217,1.65871,2.12413,2.26857,2.14264,1.09476,0.703332,0.907978,0.783536,0.564908,1.20577,0.931951,1.08595,1.19543,1.818,1.02949,0.966354,0.840637,1.21258,0.608635,0.88403,1.08417,1.30745,0.89542,2.93052,2.26209,6.09087,5.85814,5.52923,1.18617,1.50686
2011-10-07,2.56745,2.49102,2.1834,2.4076,3.09422,1.33269,2.24412,1.58178,1.20506,1.78981,1.98259,1.45726,1.91228,1.63531,2.18525,2.34966,2.22447,1.09558,0.69416,0.902044,0.782595,0.557638,1.21886,0.924658,1.08859,1.19543,1.83301,1.03244,0.951204,0.880712,1.21258,0.630294,0.915584,1.09488,1.31909,0.890618,3.06828,2.35133,6.09087,5.85814,5.52923,1.213,1.55221
2011-10-14,2.57236,2.50079,2.18925,2.41889,3.11946,1.33897,2.26002,1.58178,1.20506,1.82454,2.01074,1.51431,1.9369,1.65765,2.1925,2.3522,2.22447,1.12571,0.697764,0.912999,0.801156,0.579423,1.27328,0.92906,1.09044,1.19543,1.83301,1.04463,0.990117,0.888397,1.2099,0.646369,0.974965,1.17259,1.3664,0.916956,3.292,2.48622,6.09087,5.85814,5.52923,1.28492,1.6702
2011-10-21,2.57963,2.50786,2.23288,2.4671,3.16711,1.36565,2.29981,1.58492,1.20724,1.83648,2.0231,1.50177,1.97888,1.67852,2.22761,2.33507,2.22447,1.13102,0.712296,0.919035,0.802036,0.589506,1.27916,0.938392,1.09313,1.19867,1.83418,1.05891,0.989953,0.883715,1.20116,0.652124,0.982217,1.1765,1.37805,0.929524,3.28709,2.4876,6.09087,5.85814,5.52923,1.29959,1.64494
2011-10-28,2.5983,2.52601,2.26558,2.50322,3.36314,1.38577,2.32251,1.59569,1.21336,1.86339,2.06791,1.51639,1.98137,1.68569,2.2745,2.32972,2.23857,1.15743,0.721624,0.915494,0.797973,0.607095,1.29143,0.943988,1.09209,1.19549,1.85729,1.0894,1.00135,0.872938,1.20878,0.722822,1.05603,1.26603,1.4807,0.954638,3.40892,2.58502,6.09087,5.85814,5.52923,1.34813,1.69202
2011-11-04,2.59486,2.52266,2.25642,2.49475,3.33606,1.38384,2.35838,1.6033,1.21592,1.8884,2.08413,1.51114,1.97823,1.66757,2.2822,2.33657,2.22844,1.16033,0.716185,0.910118,0.802755,0.591786,1.29382,0.940273,1.11193,1.19768,1.86606,1.07681,0.992003,0.880293,1.20444,0.702814,1.01486,1.24721,1.42883,0.937854,3.37048,2.57289,6.09087,5.85814,5.52923,1.31542,1.65929
2011-11-11,2.61247,2.53978,2.28471,2.52827,3.35736,1.40243,2.3485,1.61007,1.21666,1.87286,2.07588,1.51914,2.00618,1.70371,2.30374,2.35139,2.22844,1.17332,0.727707,0.917824,0.815535,0.585111,1.31559,0.956446,1.10772,1.19649,1.89128,1.0781,1.00122,0.883257,1.20519,0.700002,1.03742,1.2689,1.45233,0.936707,3.31334,2.56897,6.09087,5.85814,5.52923,1.32779,1.66073
2011-11-18,2.62594,2.55288,2.25021,2.50129,3.31791,1.38747,2.31086,1.61505,1.21627,1.80207,2.04759,1.50005,1.93168,1.64205,2.27098,2.3627,2.22844,1.1435,0.709058,0.895242,0.797677,0.560918,1.29904,0.938139,1.08193,1.19361,1.86012,1.06036,0.964339,0.86409,1.20519,0.69267,1.00058,1.22752,1.39321,0.90295,3.13662,2.44506,6.09087,5.85814,5.52923,1.27873,1.5904
2011-11-25,2.55396,2.4829,2.20047,2.43671,3.23325,1.34951,2.25346,1.57202,1.19224,1.75181,1.98258,1.4606,1.87916,1.58651,2.18956,2.29304,2.21664,1.11424,0.695471,0.879926,0.782894,0.548965,1.29933,0.908335,1.07842,1.19361,1.84159,1.03434,0.925734,0.864004,1.20519,0.653917,0.960752,1.16072,1.31768,0.87414,3.04661,2.37318,6.09087,5.85814,5.52923,1.21961,1.51805
2011-12-02,2.66136,2.58592,2.27686,2.49569,3.34164,1.38714,2.32896,1.59241,1.22216,1.84505,2.10123,1.54748,1.9892,1.70392,2.27546,2.38691,2.23052,1.18906,0.713559,0.921189,0.79524,0.555477,1.30153,0.927719,1.08919,1.19361,1.87228,1.05041,0.960644,0.869495,1.20519,0.713992,1.0259,1.24103,1.42413,0.921236,3.308,2.54357,6.09087,5.85814,5.52923,1.30892,1.62542
2011-12-09,2.66984,2.59416,2.27958,2.49867,3.33727,1.38879,2.35918,1.59085,1.22216,1.86125,2.12021,1.54748,1.97045,1.68563,2.28113,2.38419,2.23052,1.18384,0.717154,0.924645,0.803082,0.555292,1.31074,0.934472,1.08574,1.18868,1.86338,1.0561,0.971879,0.863501,1.20519,0.697951,1.03291,1.23545,1.42431,0.932424,3.29673,2.56306,6.09087,5.85814,5.52923,1.3214,1.6369
2011-12-16,2.64804,2.58022,2.23371,2.46078,3.25032,1.36751,2.31523,1.57333,1.2183,1.85025,2.07406,1.5474,1.98421,1.68702,2.26701,2.37308,2.23052,1.17672,0.711794,0.916208,0.782751,0.549906,1.29649,0.927714,1.08283,1.18549,1.85055,1.01462,0.937493,0.860545,1.20519,0.661,1.01515,1.1994,1.38961,0.90891,3.16462,2.45927,6.09087,5.85814,5.52923,1.28273,1.57954
2011-12-23,2.66837,2.60863,2.26486,2.49392,3.31349,1.38595,2.34109,1.58899,1.22623,1.90098,2.11247,1.54665,2.04439,1.74515,2.30987,2.3987,2.23052,1.21505,0.732871,0.942761,0.802712,0.578475,1.34006,0.952971,1.08185,1.18442,1.85836,1.04159,0.971758,0.864813,1.20519,0.671396,1.04652,1.24496,1.43777,0.943533,3.22492,2.50241,6.09087,5.85814,5.52923,1.33337,1.61466
2011-12-30,2.66837,2.60764,2.26537,2.49354,3.31944,1.38574,2.3591,1.59714,1.22623,1.90952,2.11935,1.542,2.06073,1.75869,2.3094,2.3987,2.23052,1.20912,0.734402,0.9406,0.799198,0.578636,1.34023,0.951594,1.08185,1.18442,1.85836,1.04364,0.968914,0.864952,1.20519,0.662827,1.04848,1.23312,1.43879,0.94535,3.18888,2.47157,6.09087,5.85814,5.52923,1.32398,1.60887
2012-01-06,2.68772,2.62655,2.23679,2.46036,3.37126,1.3673,2.34484,1.58665,1.22613,1.92034,2.14369,1.53425,2.02562,1.72656,2.27879,2.3987,2.23052,1.19649,0.726706,0.93519,0.796458,0.578238,1.34133,0.950224,1.08423,1.18442,1.86445,1.04053,0.975002,0.864952,1.20519,0.666225,1.05432,1.23414,1.43724,0.95382,3.27165,2.5319,6.14587,5.77011,5.56999,1.34729,1.66593
2012-01-13,2.70266,2.63964,2.2484,2.48898,3.35133,1.38321,2.36,1.57824,1.21746,1.93143,2.15392,1.54656,2.04616,1.7588,2.27729,2.39146,2.23052,1.21547,0.725543,0.957264,0.795988,0.585085,1.362,0.966251,1.09242,1.18442,1.87395,1.08136,0.987222,0.865549,1.20519,0.668389,1.08696,1.26442,1.46428,0.989329,3.4137,2.64622,6.41272,5.76739,5.85397,1.35921,1.67659
2012-01-20,2.73221,2.677,2.27515,2.52244,3.40719,1.4018,2.41413,1.59064,1.22462,1.95709,2.17866,1.54527,2.06539,1.77094,2.31632,2.40709,2.23052,1.21453,0.740712,0.966178,0.812498,0.600602,1.36273,0.971062,1.09305,1.18442,1.88065,1.10695,0.993491,0.86779,1.20519,0.683822,1.121,1.3012,1.49561,0.997109,3.4303,2.67874,6.44391,5.65388,6.08161,1.39202,1.72241
2012-01-27,2.75956,2.70689,2.29838,2.55788,3.4256,1.4215,2.44133,1.60078,1.22556,1.95633,2.16766,1.55859,2.1091,1.80125,2.32985,2.42934,2.23052,1.21598,0.743659,0.976819,0.805567,0.610908,1.37143,0.978199,1.09428,1.18727,1.87919,1.10309,1.00586,0.869569,1.2026,0.686066,1.14882,1.33021,1.50431,1.00143,3.47996,2.71358,6.53719,5.6511,6.17236,1.39065,1.74057
2012-02-03,2.81557,2.77988,2.34606,2.61187,3.49691,1.4515,2.49414,1.61009,1.23334,1.98172,2.22676,1.57004,2.11325,1.81161,2.4055,2.44388,2.23052,1.24705,0.75047,1.02778,0.820157,0.622639,1.39953,1.00029,1.11556,1.19453,1.92689,1.15838,1.04261,0.883648,1.20794,0.706829,1.15719,1.37418,1.53312,1.03358,3.60596,2.79922,6.77389,5.88052,6.4998,1.41935,1.78812
2012-02-10,2.80735,2.76612,2.31621,2.57691,3.46559,1.43207,2.49967,1.59465,1.2309,1.97756,2.22232,1.56103,2.12457,1.815,2.39872,2.44128,2.23052,1.24885,0.753311,1.03819,0.825364,0.615385,1.39461,1.01435,1.11707,1.19439,1.93095,1.15983,1.03487,0.885802,1.20769,0.712879,1.15481,1.38196,1.52027,1.03723,3.63442,2.81716,6.82735,5.92914,6.55554,1.41745,1.80022
2012-02-17,2.83644,2.79388,2.34583,2.60703,3.49854,1.44881,2.52284,1.63075,1.24283,1.98743,2.2116,1.5776,2.16439,1.85794,2.44557,2.4508,2.23922,1.25939,0.774956,1.05039,0.840154,0.625937,1.41752,1.02398,1.11684,1.19295,1.94191,1.15633,1.06548,0.893855,1.2124,0.719395,1.18675,1.40359,1.54739,1.04757,3.65091,2.84734,6.85832,6.00795,6.67318,1.43907,1.82788
2012-02-24,2.81209,2.77286,2.31761,2.59105,3.48534,1.43993,2.50505,1.61159,1.24699,1.99808,2.17521,1.57409,2.13891,1.84757,2.42888,2.44121,2.2296,1.28557,0.770093,1.07264,0.839429,0.62978,1.43107,1.02837,1.10819,1.18965,1.92569,1.17207,1.04597,0.881613,1.20266,0.70994,1.18278,1.40415,1.55958,1.05333,3.69826,2.87496,6.94727,6.11104,6.63822,1.44456,1.84316
2012-03-02,2.81982,2.78445,2.3001,2.59348,3.48965,1.43884,2.51155,1.6348,1.25005,1.98665,2.18207,1.58238,2.1627,1.85648,2.44621,2.4503,2.24449,1.2682,0.773353,1.08687,0.848742,0.63306,1.41969,1.01955,1.10369,1.18998,1.92147,1.17708,1.05615,0.88999,1.2002,0.703427,1.19507,1.41985,1.54833,1.06262,3.83534,2.91688,7.20478,6.11725,6.79616,1.44857,1.86938
2012-03-09,2.82256,2.79165,2.30438,2.59758,3.48828,1.44077,2.53324,1.66111,1.26031,1.99691,2.21181,1.57063,2.19796,1.88245,2.45142,2.57678,2.24449,1.2858,0.775572,1.11053,0.86047,0.643631,1.42488,1.0423,1.10995,1.18998,1.93683,1.18487,1.05041,0.923247,1.2002,0.727117,1.18825,1.41195,1.5427,1.06334,3.93394,2.9863,7.39,6.23383,6.72829,1.45131,1.8737
2012-03-16,2.83095,2.80622,2.32228,2.61527,3.53229,1.45058,2.55193,1.66922,1.26143,2.02291,2.21732,1.61183,2.21789,1.90671,2.48046,2.57591,2.24449,1.29527,0.782276,1.10827,0.871955,0.648459,1.43889,1.05336,1.11031,1.18998,1.94377,1.19979,1.08528,0.932384,1.2002,0.73377,1.18645,1.44151,1.58084,1.07146,3.92675,2.98525,7.3765,6.34486,6.86961,1.4866,1.92018
2012-03-23,2.83813,2.81333,2.32836,2.62212,3.53287,1.45438,2.54444,1.69155,1.26579,2.0221,2.23556,1.61456,2.23023,1.91332,2.49063,2.57591,2.24449,1.30886,0.786969,1.13083,0.879781,0.649462,1.45401,1.05852,1.10959,1.18998,1.94657,1.18887,1.07819,0.931666,1.2002,0.731753,1.18345,1.4361,1.58275,1.0601,3.99817,3.04016,7.51066,6.29862,6.94028,1.47971,1.93231
2012-03-30,2.8702,2.84512,2.38068,2.67875,3.60416,1.4858,2.58168,1.72503,1.28266,2.02029,2.2748,1.64249,2.24877,1.92929,2.52911,2.57591,2.24449,1.31044,0.787845,1.13164,0.874504,0.655399,1.46781,1.06664,1.10174,1.18998,1.95075,1.2,1.09165,0.931666,1.2002,0.723182,1.18947,1.463,1.60893,1.0571,4.01151,3.06377,7.53572,6.34119,6.93578,1.492,1.94992
2012-04-06,2.87684,2.8517,2.36737,2.66379,3.51524,1.4775,2.58637,1.72191,1.27925,1.99794,2.25129,1.64473,2.26529,1.92895,2.53474,2.56169,2.24449,1.30761,0.786961,1.10759,0.869863,0.650259,1.46635,1.04125,1.09978,1.18998,1.94912,1.17921,1.07768,0.931885,1.20049,0.713596,1.17835,1.45347,1.5974,1.05164,4.05707,3.10912,7.6213,6.21632,6.87537,1.48119,1.95482
2012-04-13,2.82674,2.79857,2.3235,2.60619,3.42898,1.44645,2.56229,1.71688,1.28134,1.94794,2.23664,1.59843,2.19154,1.86006,2.5001,2.58548,2.26391,1.30233,0.770926,1.07533,0.856413,0.641382,1.44959,1.0292,1.09699,1.18998,1.93072,1.15228,1.07247,0.955609,1.20362,0.730468,1.15331,1.41967,1.56111,1.03488,4.04085,3.07674,7.59083,6.17639,6.67311,1.45311,1.91066
2012-04-20,2.8149,2.79114,2.31751,2.60645,3.46333,1.43401,2.57404,1.7189,1.28965,1.94052,2.23074,1.57592,2.21068,1.87064,2.49096,2.60487,2.26103,1.31078,0.788476,1.08354,0.866737,0.649251,1.46951,1.03766,1.09493,1.18998,1.92867,1.17511,1.07962,0.964339,1.20244,0.731073,1.16625,1.42548,1.58101,1.04723,4.08534,3.11664,7.67441,6.27463,6.61348,1.4617,1.89594
2012-04-27,2.85633,2.83375,2.32827,2.61156,3.40856,1.44677,2.63585,1.76068,1.31786,1.95932,2.3047,1.59416,2.23983,1.90042,2.51605,2.61865,2.27426,1.34172,0.797948,1.11115,0.879132,0.652598,1.49197,1.04552,1.09281,1.18468,1.91985,1.19462,1.10145,0.979543,1.20242,0.749519,1.19808,1.44793,1.61848,1.08702,4.19568,3.20949,7.88168,6.80107,6.70145,1.48755,1.94097
2012-05-04,2.78986,2.75998,2.29349,2.57135,3.36813,1.41651,2.53901,1.71124,1.29205,1.88456,2.21643,1.55867,2.18295,1.83906,2.44985,2.5799,2.28203,1.32065,0.787082,1.09964,0.871453,0.636364,1.48259,1.02345,1.05474,1.16822,1.86483,1.17337,1.07205,0.956423,1.18691,0.73703,1.17633,1.41705,1.60639,1.07699,4.07751,3.10393,7.6597,6.5878,6.47814,1.45163,1.86765
2012-05-11,2.77774,2.74219,2.26251,2.55629,3.34509,1.39626,2.51955,1.68484,1.28417,1.85728,2.18275,1.53337,2.12219,1.79393,2.43979,2.59851,2.28938,1.33051,0.791868,1.09637,0.87799,0.640301,1.50167,1.03378,1.03134,1.14218,1.84736,1.18085,1.05715,0.938108,1.17958,0.715457,1.1605,1.41194,1.69821,1.05845,4.13539,3.10953,7.76843,6.71325,6.43149,1.4369,1.85264
2012-05-18,2.65464,2.57978,2.16022,2.414,3.1635,1.31996,2.3754,1.62408,1.21285,1.77025,2.08505,1.4659,2.02082,1.71921,2.27508,2.35026,2.2128,1.28774,0.755688,1.05539,0.846131,0.61973,1.43787,0.989161,1.00944,1.13599,1.76569,1.12879,1.00666,0.884332,1.1626,0.666117,1.09985,1.32342,1.58536,1.00739,3.86398,2.90634,7.25858,6.00137,6.01862,1.37471,1.75536
2012-05-25,2.7273,2.63874,2.19276,2.49116,3.24687,1.36313,2.43303,1.65479,1.24933,1.78962,2.15579,1.49615,2.08324,1.77164,2.32405,2.42984,2.28281,1.31477,0.766273,1.07306,0.85608,0.622721,1.46779,1.00813,1.00483,1.13599,1.79324,1.14438,1.03141,0.953417,1.21529,0.711085,1.13077,1.37133,1.62903,1.03429,4.04058,3.0441,7.59033,6.28497,6.19984,1.39971,1.79173
2012-06-01,2.64067,2.574,2.12498,2.42554,3.18566,1.32469,2.32385,1.62735,1.24722,1.74233,2.09093,1.43495,2.01974,1.71461,2.28283,2.42256,2.22043,1.28132,0.73496,1.02108,0.832909,0.616434,1.42373,0.962107,1.00652,1.13956,1.76393,1.13603,1.005,0.940092,1.21872,0.68823,1.09479,1.28782,1.53667,1.00295,3.85794,2.91363,7.24724,5.79408,5.93555,1.35796,1.74381
2012-06-08,2.74327,2.64901,2.21876,2.47091,3.27932,1.35862,2.41873,1.68622,1.25732,1.80843,2.18337,1.50871,2.08697,1.77483,2.36011,2.55384,2.28718,1.33132,0.745882,1.0241,0.842911,0.620446,1.44958,0.978839,1.0217,1.14214,1.86693,1.13792,1.02069,0.990709,1.25383,0.725572,1.15128,1.33387,1.60087,1.04136,4.05024,3.04242,7.60847,6.11108,6.19832,1.41031,1.81482
2012-06-15,2.75356,2.65818,2.26383,2.51158,3.30506,1.37517,2.45468,1.68944,1.26184,1.82369,2.18757,1.50586,2.12842,1.80689,2.40585,2.54776,2.28383,1.31846,0.747825,1.03274,0.850935,0.632357,1.46985,0.994369,1.01162,1.13054,1.8622,1.15844,1.02732,1.00248,1.25699,0.726042,1.17348,1.33478,1.65084,1.04745,4.05807,3.05813,7.62318,6.07218,6.12041,1.42869,1.82247
2012-06-22,2.73475,2.63912,2.2369,2.48172,3.27577,1.36171,2.44278,1.68641,1.26332,1.83203,2.20398,1.53628,2.12274,1.80982,2.38622,2.56045,2.29879,1.32428,0.739769,1.02892,0.857142,0.626022,1.45807,0.980275,1.0099,1.12896,1.86988,1.15039,1.03406,1.0059,1.2602,0.739586,1.18676,1.3234,1.62694,1.04768,4.01963,3.06903,7.55097,6.1757,6.15093,1.42145,1.83288
2012-06-29,2.80306,2.7038,2.26799,2.52147,3.33098,1.38166,2.46484,1.70981,1.28063,1.85839,2.25852,1.53388,2.18002,1.85489,2.40043,2.63991,2.32256,1.35182,0.766167,1.05394,0.893669,0.639466,1.49402,1.01233,1.01854,1.13107,1.8955,1.20942,1.05463,1.01896,1.26647,0.76524,1.19463,1.3433,1.65146,1.07042,3.9639,3.05781,7.44628,6.3278,6.19454,1.44957,1.85632
2012-07-06,2.8126,2.71272,2.28326,2.5364,3.3345,1.39102,2.46357,1.70961,1.28149,1.86265,2.25909,1.5355,2.16486,1.83213,2.39655,2.6601,2.32075,1.36067,0.774329,1.05692,0.899911,0.640843,1.50127,1.0131,1.01518,1.12979,1.88502,1.21488,1.06321,1.01622,1.26349,0.760192,1.17699,1.32886,1.64587,1.06447,4.06955,3.10691,7.64476,6.40442,6.23666,1.44307,1.85516
2012-07-13,2.83342,2.73281,2.29113,2.54515,3.31794,1.39002,2.47766,1.69182,1.29296,1.85941,2.25968,1.54534,2.17869,1.83206,2.39821,2.63921,2.32462,1.37617,0.784564,1.06415,0.904379,0.641028,1.51469,1.01866,1.01494,1.12979,1.88734,1.212,1.07347,1.02607,1.2653,0.760985,1.18554,1.32766,1.64928,1.06094,4.04843,3.111,7.60507,6.3691,6.14918,1.44584,1.83375
2012-07-20,2.78148,2.69106,2.23068,2.49035,3.23348,1.35959,2.439,1.68018,1.2903,1.84998,2.24097,1.54837,2.12488,1.79269,2.35753,2.65003,2.32888,1.35684,0.76996,1.04026,0.893348,0.638481,1.4951,0.99574,1.00154,1.12885,1.87661,1.21554,1.05919,1.01565,1.26768,0.737682,1.17815,1.32423,1.66351,1.05214,4.00769,3.05662,7.52855,6.27957,6.01539,1.45351,1.85863
2012-07-27,2.75664,2.67122,2.2788,2.47196,3.23309,1.367,2.4498,1.67895,1.31367,1.86861,2.25536,1.58185,2.16289,1.82371,2.32969,2.65551,2.32962,1.38087,0.80411,1.03316,0.916354,0.647868,1.5171,0.997007,1.01702,1.12681,1.88881,1.23903,1.0824,1.02927,1.2722,0.747543,1.18296,1.36171,1.68517,1.06868,4.17068,3.1053,7.83473,6.70435,6.2677,1.47705,1.87686
2012-08-03,2.73922,2.64464,2.25036,2.47341,3.19317,1.38666,2.4939,1.70182,1.31472,1.87108,2.25854,1.57005,2.17099,1.83364,2.33623,2.65047,2.31552,1.37391,0.804833,1.02495,0.915789,0.644031,1.48607,0.992853,1.01358,1.12969,1.8715,1.24927,1.08156,1.0064,1.26907,0.747394,1.1832,1.34089,1.67885,1.0529,4.18028,3.08548,7.85276,6.55151,6.23196,1.48418,1.89798
2012-08-10,2.70213,2.6153,2.20268,2.42277,3.21261,1.35834,2.49648,1.71493,1.31192,1.90917,2.30316,1.5772,2.15121,1.81368,2.3003,2.65267,2.31233,1.37176,0.833865,1.04109,0.913606,0.645698,1.46863,0.998584,1.01746,1.13479,1.861,1.27137,1.0545,0.992717,1.25628,0.77349,1.19156,1.37724,1.75931,1.04506,4.2167,3.13208,7.92117,6.63109,6.26958,1.50005,1.93443
2012-08-17,2.6977,2.62011,2.19073,2.42948,3.22265,1.3621,2.49708,1.69288,1.31929,1.9409,2.30551,1.59432,2.15163,1.80194,2.2853,2.66503,2.31115,1.36574,0.8571,1.05051,0.925704,0.646798,1.49023,1.01575,1.01816,1.13479,1.86557,1.29146,1.0742,1.00885,1.26989,0.779868,1.20762,1.38227,1.75934,1.04643,4.34504,3.25332,8.16226,6.83002,6.45532,1.51432,1.97668
2012-08-24,2.70138,2.60805,2.17906,2.42268,3.20444,1.35829,2.49364,1.68481,1.32604,1.93952,2.29692,1.60589,2.15282,1.79137,2.29866,2.66828,2.31115,1.35124,0.855545,1.0417,0.922727,0.650741,1.49698,1.01192,1.01494,1.13479,1.86889,1.29059,1.06309,1.00691,1.26989,0.788194,1.19596,1.35894,1.76685,1.0392,4.34993,3.23777,8.17144,6.86537,6.39849,1.50719,1.97581
2012-08-31,2.68165,2.58702,2.15938,2.34905,3.10861,1.32614,2.47501,1.67695,1.32612,1.93379,2.29992,1.6077,2.16103,1.8036,2.29896,2.67555,2.31115,1.35946,0.855963,1.04614,0.929145,0.648889,1.50571,1.02032,1.0136,1.13479,1.86856,1.2837,1.05689,1.00691,1.26989,0.777617,1.18022,1.36789,1.74753,1.03157,4.33846,3.23265,8.1499,6.9067,6.46036,1.50346,1.97205
2012-09-07,2.6916,2.5962,2.16124,2.37044,3.15927,1.33227,2.49931,1.69074,1.32804,1.95597,2.31936,1.64184,2.19461,1.8421,2.29686,2.67555,2.31115,1.37827,0.873697,1.07066,0.959089,0.668376,1.53885,1.05066,1.0032,1.13574,1.84885,1.31928,1.07256,1.01155,1.26989,0.79158,1.19645,1.4004,1.7793,1.04986,4.47248,3.32129,8.40166,7.16206,6.5935,1.53722,2.00879
2012-09-14,2.69968,2.59527,2.19403,2.40647,3.18703,1.35548,2.52409,1.7077,1.32722,1.9848,2.34499,1.6598,2.20985,1.85847,2.31953,2.68161,2.31115,1.39038,0.89408,1.08161,0.975863,0.683026,1.56259,1.07502,1.00535,1.13362,1.85271,1.3607,1.1157,1.0231,1.26989,0.805337,1.21322,1.43251,1.80818,1.06799,4.6131,3.40166,8.66583,7.36711,6.94009,1.56822,2.03049
2012-09-21,2.70621,2.60212,2.19186,2.40035,3.21189,1.35244,2.52026,1.71658,1.32351,1.9659,2.34441,1.67347,2.19644,1.84612,2.32952,2.69016,2.31115,1.39116,0.8923,1.08552,0.980683,0.6747,1.57551,1.08114,0.997819,1.13362,1.84414,1.34037,1.11355,1.02786,1.26989,0.791356,1.19326,1.41898,1.807,1.05975,4.64962,3.38447,8.73443,7.50292,6.86867,1.56192,2.03541
2012-09-28,2.68402,2.58599,2.16849,2.36238,3.12808,1.33089,2.49238,1.68779,1.30754,1.93337,2.31698,1.69063,2.17333,1.82784,2.30577,2.68257,2.31115,1.38529,0.874597,1.0611,0.96308,0.681087,1.55181,1.05366,0.989299,1.12917,1.82699,1.30064,1.08004,1.02423,1.26989,0.778428,1.1696,1.41124,1.79767,1.03767,4.52291,3.29077,8.4964,7.29043,6.782,1.54157,1.98957
2012-10-05,2.7421,2.63505,2.17133,2.38618,3.15908,1.34631,2.51347,1.70402,1.31451,1.96222,2.33748,1.71673,2.20885,1.84412,2.31879,2.70694,2.31115,1.40254,0.889053,1.07121,1.00487,0.686003,1.59577,1.07278,0.985146,1.12513,1.83787,1.3294,1.09827,1.02928,1.27615,0.784861,1.17689,1.44727,1.83241,1.03271,4.60726,3.37326,8.65485,7.61098,6.7751,1.56481,2.00146
2012-10-12,2.73089,2.6281,2.11448,2.32245,3.07937,1.30492,2.45208,1.66036,1.29808,1.925,2.25894,1.68308,2.15909,1.81244,2.27033,2.6747,2.30852,1.37069,0.866012,1.0495,0.949647,0.676019,1.55759,1.05212,0.983253,1.12635,1.83438,1.29567,1.08476,1.00319,1.25871,0.770644,1.14771,1.40783,1.77128,1.01849,4.39466,3.22881,8.25548,7.11663,6.53232,1.53001,1.93473
2012-10-19,2.70711,2.60784,2.10597,2.32468,3.07848,1.29215,2.48724,1.68887,1.32232,1.97066,2.2135,1.69382,2.15752,1.8167,2.24364,2.64378,2.31042,1.37662,0.873825,1.07397,0.98206,0.687278,1.54884,1.07543,0.973344,1.11703,1.81492,1.3008,1.08288,0.999676,1.2501,0.766055,1.14218,1.4476,1.77754,1.02641,4.44907,3.28191,8.35768,7.22055,6.67408,1.53536,1.90571
2012-10-26,2.68002,2.59386,2.10657,2.32369,3.05598,1.28296,2.47857,1.70123,1.31745,1.95214,2.19888,1.68634,2.14305,1.80053,2.24345,2.66664,2.31042,1.37294,0.864151,1.07309,0.977663,0.675402,1.53755,1.07098,0.982592,1.11627,1.81571,1.28892,1.06501,0.988742,1.2481,0.763301,1.13848,1.44759,1.74832,1.02645,4.3262,3.23356,8.12687,7.14112,6.67514,1.51352,1.89614
2012-11-02,2.7361,2.62652,2.12414,2.3584,3.07731,1.28967,2.51885,1.713,1.31685,1.96512,2.22177,1.69131,2.21155,1.86564,2.25971,2.6835,2.30871,1.39993,0.868168,1.08917,0.980695,0.688163,1.5366,1.07531,0.983194,1.11683,1.81463,1.30466,1.06007,0.995402,1.2481,0.760792,1.1724,1.44244,1.73003,1.03793,4.3403,3.26174,8.15336,7.12228,6.77376,1.51577,1.89092
2012-11-09,2.6832,2.59061,2.07364,2.31681,3.02909,1.26951,2.48086,1.67452,1.30495,1.91309,2.16239,1.66542,2.16315,1.81787,2.22001,2.68691,2.30753,1.38617,0.851067,1.06435,0.972024,0.674013,1.51813,1.05028,0.968031,1.10955,1.78702,1.27954,1.02612,0.989097,1.24684,0.76154,1.15974,1.40565,1.68802,1.02747,4.26957,3.21019,8.0205,7.08173,6.65988,1.47936,1.84043
2012-11-16,2.67532,2.57392,2.05861,2.29972,3.00481,1.25622,2.44212,1.65662,1.2832,1.88357,2.11263,1.68774,2.1178,1.81756,2.17729,2.68367,2.32167,1.37351,0.837568,1.03993,0.954555,0.656761,1.49262,1.03797,0.976124,1.11941,1.78644,1.26597,1.0089,0.974855,1.2453,0.75125,1.14537,1.36656,1.66457,1.03216,4.21973,3.15945,7.92686,6.88927,6.42371,1.4602,1.80764
2012-11-23,2.71598,2.60426,2.09142,2.33279,2.98586,1.27908,2.48317,1.69405,1.29539,1.93432,2.17811,1.73615,2.14629,1.87676,2.20473,2.74333,2.3346,1.41048,0.86442,1.07954,0.987923,0.677487,1.54809,1.06429,0.987756,1.12344,1.80481,1.30067,1.04175,0.985608,1.2453,0.751412,1.18192,1.40108,1.71497,1.07211,4.44873,3.32767,8.35705,7.14964,6.82425,1.51352,1.88308
2012-11-30,2.71196,2.60041,2.07484,2.31568,2.99013,1.26969,2.49177,1.69899,1.29521,1.9447,2.19055,1.73422,2.15428,1.87717,2.19282,2.73338,2.3346,1.4247,0.862611,1.07614,0.979541,0.691831,1.54915,1.0635,0.986769,1.12239,1.79636,1.29936,1.0475,0.982431,1.24128,0.750599,1.21457,1.41734,1.7161,1.08489,4.42235,3.33308,8.3075,7.24106,6.90951,1.52209,1.9092
2012-12-07,2.73927,2.60873,2.09258,2.32008,3.00633,1.27211,2.50393,1.72207,1.29305,1.96447,2.18192,1.73993,2.15894,1.88373,2.1919,2.73338,2.3346,1.42077,0.865543,1.07027,0.978661,0.690427,1.54556,1.05832,0.986866,1.12171,1.80667,1.31951,1.06416,0.9906,1.242,0.758879,1.21107,1.40482,1.72021,1.07603,4.47158,3.33844,8.39997,7.2875,6.94204,1.52487,1.88395
2012-12-14,2.74109,2.59816,2.07409,2.31021,2.99745,1.2667,2.4748,1.69565,1.29202,1.9416,2.14942,1.73272,2.1567,1.88363,2.17991,2.73338,2.3346,1.41541,0.869368,1.06668,0.979157,0.67666,1.54143,1.05945,0.982754,1.11756,1.80321,1.28966,1.06474,0.99089,1.242,0.748966,1.20583,1.42115,1.71474,1.07101,4.5059,3.36056,8.46445,7.36049,6.95923,1.52155,1.87699
2012-12-21,2.78419,2.64088,2.07382,2.31348,2.9917,1.26849,2.49121,1.7178,1.30344,1.95351,2.17736,1.75161,2.19032,1.88641,2.20656,2.71716,2.3346,1.43332,0.875875,1.08541,0.998411,0.680599,1.55288,1.06431,0.984831,1.11796,1.80159,1.31255,1.07101,0.983696,1.24102,0.749249,1.22262,1.45309,1.74373,1.08694,4.6453,3.45806,8.72631,7.43654,7.1755,1.53978,1.90232
2012-12-28,2.73159,2.59429,2.02631,2.26809,2.92873,1.24198,2.46181,1.6971,1.28666,1.91313,2.14682,1.72418,2.16487,1.86239,2.17134,2.69721,2.3346,1.4097,0.860821,1.0689,0.989934,0.67212,1.52592,1.0521,0.977579,1.11796,1.77816,1.2955,1.04721,0.977242,1.24041,0.738757,1.20111,1.42645,1.71526,1.06544,4.57522,3.40298,8.59466,7.28209,7.00964,1.51002,1.86089
2013-01-04,2.81184,2.69275,2.0919,2.33835,3.02292,1.27853,2.53898,1.74587,1.33311,1.98629,2.19777,1.79916,2.24357,1.9226,2.24855,2.74415,2.3346,1.46879,0.892353,1.10459,1.03263,0.695112,1.57217,1.10544,0.996836,1.11633,1.83545,1.31964,1.08494,0.977405,1.24041,0.750907,1.26269,1.51085,1.8023,1.12265,4.8744,3.60295,9.15669,7.72654,7.63859,1.57839,1.94405
2013-01-11,2.80933,2.69034,2.11394,2.36298,3.06393,1.292,2.54527,1.74884,1.32759,1.98495,2.21894,1.82141,2.24361,1.92284,2.24484,2.75869,2.3346,1.48171,0.901988,1.09654,1.03738,0.698113,1.61042,1.10829,0.995995,1.11895,1.83915,1.33519,1.08122,0.98225,1.24041,0.755018,1.26847,1.50898,1.8196,1.11179,4.87105,3.65547,9.15039,7.75001,7.72168,1.58594,1.96243
2013-01-18,2.84653,2.72597,2.12424,2.37972,3.07903,1.30115,2.55569,1.76363,1.33238,1.98045,2.20766,1.80961,2.23551,1.92589,2.24414,2.75708,2.3346,1.49232,0.91683,1.10032,1.05126,0.702411,1.64847,1.12525,0.994704,1.11334,1.8381,1.36849,1.10658,0.979501,1.24041,0.750893,1.28734,1.54392,1.85998,1.13981,4.93556,3.73361,9.27156,7.84622,7.61354,1.59952,1.95688
2013-01-25,2.91655,2.79341,2.18788,2.45279,3.12796,1.3411,2.64705,1.77851,1.3437,2.02827,2.25324,1.83083,2.30487,1.99015,2.30808,2.75433,2.3346,1.50829,0.925884,1.1227,1.06402,0.720117,1.6719,1.13065,0.999354,1.11359,1.84576,1.39123,1.12211,0.980947,1.24041,0.753305,1.33314,1.57136,1.88235,1.16161,5.11382,3.85942,9.60644,8.03352,8.32927,1.62023,1.95484
2013-02-01,2.92651,2.80661,2.1809,2.45667,3.15181,1.34323,2.64418,1.77811,1.34741,1.97051,2.26562,1.83039,2.33229,1.99374,2.29921,2.74046,2.33236,1.50929,0.932586,1.11636,1.06463,0.728148,1.69793,1.12017,0.994004,1.10693,1.85606,1.41457,1.13121,0.981731,1.23829,0.754108,1.35178,1.60223,1.90993,1.19027,5.10024,3.80544,9.58094,7.92889,8.06596,1.6309,1.9741
2013-02-08,2.96263,2.84026,2.13797,2.46086,3.18696,1.33893,2.61161,1.76049,1.34638,1.98846,2.24957,1.85153,2.32694,1.96549,2.32557,2.66399,2.27352,1.52314,0.946968,1.11891,1.08923,0.725225,1.69902,1.12416,0.98653,1.10545,1.84665,1.41172,1.12287,0.983065,1.20172,0.765538,1.35331,1.60842,1.90332,1.20846,5.05374,3.82229,9.49357,8.07077,8.24386,1.63694,1.98373
2013-02-15,2.97849,2.86213,2.14035,2.45444,3.15618,1.32926,2.64273,1.8004,1.35862,1.98619,2.26187,1.90266,2.3364,1.9772,2.35325,2.69287,2.30196,1.51427,0.938768,1.11197,1.09592,0.728871,1.70142,1.11625,0.985078,1.1077,1.85427,1.40905,1.12579,0.990516,1.21202,0.774838,1.37026,1.60593,1.91925,1.22165,5.29725,3.90456,9.95102,8.26508,8.25545,1.64029,1.97672
2013-02-22,2.9597,2.8335,2.1087,2.44612,3.13721,1.30434,2.55939,1.75511,1.34587,1.98604,2.23362,1.89096,2.33052,1.94479,2.35558,2.6927,2.28512,1.52017,0.927805,1.10262,1.07237,0.718694,1.69327,1.10858,0.974108,1.09503,1.83316,1.38073,1.12879,0.987399,1.20315,0.767851,1.35922,1.59631,1.90141,1.2183,5.06218,3.77313,9.50942,7.91409,7.97352,1.63792,1.95893
2013-03-01,2.95406,2.85111,2.10314,2.45663,3.13896,1.2923,2.47561,1.73576,1.34531,2.00717,2.22762,1.92679,2.36774,1.94692,2.3495,2.69474,2.27838,1.55605,0.927579,1.10321,1.0916,0.728516,1.6911,1.1153,0.957258,1.07643,1.81312,1.39237,1.12884,0.981215,1.19482,0.763077,1.39335,1.59166,1.91382,1.23935,5.14957,3.8366,9.67359,7.86617,8.17058,1.64029,1.96593
2013-03-08,2.97155,2.86184,2.11069,2.46548,3.14596,1.29946,2.51881,1.74082,1.35,2.0633,2.24634,1.98599,2.38524,1.98545,2.35894,2.68553,2.28389,1.60232,0.954306,1.13285,1.11617,0.736496,1.73838,1.13332,0.959536,1.07899,1.81478,1.43305,1.16152,0.984856,1.19767,0.762492,1.44069,1.649,1.94775,1.28534,5.32002,3.9359,9.99379,7.98966,8.53752,1.6762,2.00648
2013-03-15,2.99433,2.88378,2.11289,2.46494,3.10974,1.29917,2.52793,1.74165,1.3489,2.06483,2.2493,1.97192,2.39423,1.99108,2.34612,2.66102,2.28389,1.59832,0.949903,1.13686,1.11588,0.745372,1.74584,1.13123,0.959536,1.07899,1.81491,1.43728,1.15506,0.984856,1.19767,0.761702,1.44444,1.66176,1.94684,1.28795,5.34974,3.94493,10.0496,7.92493,8.59955,1.68787,2.00352
2013-03-22,2.99474,2.89307,2.12556,2.48395,3.14639,1.30919,2.52106,1.73761,1.36428,2.07639,2.25789,1.99221,2.37525,1.95309,2.34804,2.66152,2.28389,1.62047,0.961214,1.15598,1.14711,0.754622,1.77296,1.15332,0.962688,1.0732,1.79765,1.42741,1.15392,0.981966,1.19532,0.765741,1.44393,1.66066,1.94057,1.29548,5.38603,3.98956,10.1178,7.94863,8.6787,1.68538,2.00586
2013-03-29,3.0096,2.90234,2.16462,2.52889,3.17504,1.33288,2.54021,1.75626,1.36642,2.08193,2.26182,2.03313,2.40002,1.96431,2.35711,2.65682,2.28389,1.63927,0.989517,1.17989,1.17637,0.765656,1.80679,1.169,0.960385,1.07183,1.8019,1.44898,1.16633,0.979226,1.19625,0.764336,1.44823,1.69329,1.97163,1.31778,5.38837,4.01027,10.1222,8.03774,8.69872,1.69697,2.01698
2013-04-05,2.94958,2.83947,2.11971,2.46997,3.10073,1.29689,2.46563,1.72869,1.36333,2.04875,2.23622,1.99135,2.33413,1.9036,2.31998,2.68426,2.2893,1.60547,0.968938,1.15364,1.15402,0.752023,1.76608,1.17248,0.957839,1.07183,1.79394,1.42995,1.15071,0.973192,1.19467,0.759537,1.42551,1.67512,1.9668,1.29099,5.25629,3.86832,9.87407,7.63721,8.29761,1.68062,1.98452
2013-04-12,3.05033,2.942,2.1958,2.57094,3.21308,1.34672,2.51215,1.74462,1.36904,2.17297,2.3128,2.03284,2.34768,1.9213,2.38128,2.74175,2.3041,1.64891,1.01049,1.17661,1.17768,0.765382,1.79677,1.18474,0.981476,1.07183,1.82974,1.44235,1.1647,0.985756,1.19857,0.773752,1.46038,1.7812,2.0361,1.32261,5.37349,3.96322,10.0942,7.8434,8.43162,1.72004,2.04534
2013-04-19,3.02033,2.91307,2.13466,2.50767,3.12617,1.31012,2.44369,1.73309,1.37056,2.09877,2.29142,1.9815,2.32911,1.88165,2.34126,2.72627,2.3058,1.63851,0.98715,1.14681,1.17276,0.759404,1.79284,1.18286,0.976863,1.07183,1.82214,1.44339,1.14424,0.974528,1.19857,0.762055,1.42001,1.7378,2.00019,1.29617,5.23677,3.87516,9.83741,7.64964,8.1316,1.68408,1.99124
2013-04-26,3.10616,2.99933,2.17396,2.5596,3.19648,1.33353,2.43677,1.74069,1.35863,2.11202,2.32298,2.04586,2.32056,1.87711,2.38656,2.78852,2.30971,1.6617,0.979185,1.14905,1.19825,0.750332,1.82488,1.1946,0.975504,1.07408,1.83803,1.45743,1.16757,0.999159,1.19915,0.772741,1.44583,1.80024,2.02953,1.32759,5.37356,4.10522,10.0944,8.105,8.50916,1.71398,2.03452
2013-05-03,3.15095,3.04258,2.21632,2.62362,3.28065,1.35629,2.48784,1.76733,1.3727,2.13952,2.33761,2.0988,2.35033,1.90369,2.44473,2.81097,2.30971,1.70542,1.03319,1.17856,1.2269,0.768188,1.84525,1.21895,0.987614,1.08105,1.86279,1.4761,1.20657,1.02149,1.20417,0.795909,1.48125,1.83171,2.04552,1.35315,5.51736,4.23584,10.3645,8.15736,8.66484,1.74788,2.1091
2013-05-10,3.1456,3.02421,2.19006,2.58685,3.22624,1.33374,2.4955,1.77802,1.37101,2.14321,2.32299,2.15933,2.35679,1.92403,2.4382,2.84796,2.30971,1.71484,1.04578,1.19009,1.25818,0.793947,1.88409,1.23867,1.00544,1.08348,1.86815,1.52846,1.22462,1.03791,1.21983,0.812043,1.52277,1.88825,2.10212,1.37231,5.50152,4.25796,10.3347,8.72361,9.10274,1.76998,2.13629
2013-05-17,3.161,3.05355,2.21957,2.62821,3.3053,1.35453,2.52059,1.80479,1.37282,2.22806,2.37688,2.186,2.40457,1.95713,2.45038,2.8625,2.30971,1.74859,1.06392,1.22468,1.27633,0.804019,1.92068,1.25601,1.01705,1.08554,1.87836,1.55268,1.27345,1.069,1.22548,0.845695,1.54727,1.90459,2.13714,1.37843,5.78281,4.43174,10.8632,9.15476,9.45884,1.80821,2.17285
2013-05-24,3.10206,2.99233,2.18692,2.58057,3.2956,1.32997,2.51436,1.79454,1.37666,2.17778,2.37778,2.16752,2.31565,1.92457,2.41231,2.86283,2.3206,1.7137,1.04572,1.20553,1.26022,0.77072,1.88077,1.2346,1.01521,1.08309,1.87967,1.51471,1.25152,1.06143,1.22548,0.83974,1.51198,1.88597,2.13857,1.35524,5.69569,4.37596,10.6995,9.23152,9.60084,1.79056,2.14682
2013-05-31,3.07306,2.95859,2.15435,2.54028,3.26481,1.30333,2.48081,1.74805,1.354,2.14672,2.3162,2.09273,2.28694,1.88297,2.39117,2.8242,2.29707,1.67874,1.02866,1.20199,1.26327,0.755021,1.8621,1.22383,1.02829,1.08597,1.89289,1.49541,1.25598,1.06515,1.22548,0.840455,1.49937,1.86642,2.11692,1.33668,5.74544,4.3676,10.793,9.30204,9.75868,1.77041,2.14214
2013-06-07,3.11049,2.98738,2.16738,2.57996,3.29963,1.29779,2.5312,1.75441,1.38304,2.1674,2.36614,2.12472,2.30467,1.91209,2.37172,2.77857,2.31444,1.70068,1.03142,1.20235,1.25365,0.753404,1.87995,1.23594,1.03458,1.08617,1.88793,1.50609,1.2628,1.05662,1.22548,0.834283,1.50963,1.88728,2.13185,1.34624,5.6921,4.37551,10.6927,9.42502,9.98353,1.78503,2.14624
2013-06-14,3.16218,3.03977,2.20323,2.61682,3.2817,1.30319,2.51527,1.79279,1.38273,2.13424,2.39866,2.13507,2.30027,1.90241,2.41999,2.79129,2.31066,1.7035,1.01795,1.20031,1.22426,0.725336,1.84536,1.23819,1.03702,1.08617,1.89153,1.49687,1.25788,1.05232,1.22429,0.821376,1.48766,1.87796,2.12431,1.32848,5.49315,4.23733,10.319,9.19318,9.65121,1.76749,2.11378
2013-06-21,3.14341,3.02612,2.18981,2.60687,3.25599,1.29246,2.43974,1.77168,1.37784,2.10256,2.3238,2.08841,2.28002,1.85964,2.40091,2.7678,2.31788,1.66449,1.00198,1.18063,1.20708,0.711833,1.79983,1.23791,1.03378,1.08603,1.90048,1.48326,1.23297,1.02732,1.21881,0.807595,1.45566,1.84319,2.04903,1.2959,5.22176,4.03587,9.80921,9.06658,9.4562,1.73209,2.06619
2013-06-28,3.15632,3.03732,2.21958,2.64419,3.30396,1.30535,2.45118,1.78496,1.39087,2.11146,2.35399,2.11613,2.29278,1.86177,2.4371,2.89647,2.35086,1.689,0.999369,1.1834,1.20863,0.716138,1.84726,1.24332,1.05917,1.08668,1.92124,1.4942,1.22062,1.0657,1.21881,0.831155,1.48357,1.86303,2.06689,1.3141,5.32829,4.10377,10.0093,9.35582,9.77874,1.74679,2.09083
2013-07-05,3.17878,3.06175,2.23997,2.68281,3.3375,1.32731,2.48045,1.79394,1.39061,2.11587,2.3694,2.10141,2.32482,1.88832,2.44182,2.89647,2.35086,1.72195,1.03077,1.23134,1.24096,0.733884,1.86392,1.27132,1.06188,1.08668,1.91839,1.49503,1.24091,1.0657,1.21881,0.833886,1.50576,1.88761,2.08395,1.32409,5.44777,4.16344,10.2338,9.78747,10.0662,1.7751,2.12926
2013-07-12,3.18858,3.07119,2.27247,2.71862,3.50185,1.34503,2.50787,1.81419,1.39272,2.18589,2.41323,2.14548,2.36941,1.92694,2.45915,2.89398,2.34745,1.75966,1.04059,1.25762,1.2584,0.739512,1.88322,1.28838,1.06632,1.08668,1.93108,1.50126,1.28375,1.06723,1.21881,0.844293,1.53448,1.96,2.13357,1.35822,5.8436,4.38923,10.9773,10.0905,10.322,1.82399,2.20906
2013-07-19,3.22121,3.10262,2.36154,2.82517,3.61669,1.39775,2.56261,1.82708,1.3944,2.21549,2.43363,2.16418,2.391,1.95484,2.53721,2.94781,2.38489,1.76069,1.03608,1.2463,1.25501,0.743254,1.86655,1.28288,1.06738,1.08953,1.92747,1.50588,1.29274,1.08978,1.23704,0.862343,1.5596,1.9865,2.15636,1.37061,5.89426,4.42993,11.0725,10.0762,10.2397,1.84206,2.18823
2013-07-26,3.22409,3.09863,2.36112,2.8189,3.61343,1.39505,2.54833,1.83197,1.39648,2.21237,2.42291,2.17407,2.43142,1.99573,2.56185,2.93331,2.3845,1.76659,1.05076,1.24049,1.25941,0.741383,1.90739,1.28564,1.0767,1.09298,1.94602,1.50283,1.29259,1.09645,1.24151,0.861326,1.55666,1.98468,2.18726,1.36534,5.78873,4.39965,10.8743,9.86967,10.1264,1.84141,2.21111
2013-08-02,3.2911,3.15523,2.39629,2.90055,3.7108,1.44453,2.59476,1.85176,1.39589,2.23321,2.45944,2.18564,2.43521,1.99549,2.59752,3.00198,2.3909,1.75817,1.06659,1.27586,1.26478,0.752744,1.92845,1.30067,1.0869,1.10408,1.97101,1.52884,1.30023,1.1181,1.25065,0.87984,1.57668,2.01654,2.20981,1.37584,5.94882,4.5422,11.175,10.1047,10.5344,1.86145,2.25805
2013-08-09,3.30208,3.16939,2.42829,2.92995,3.72337,1.45464,2.61175,1.84338,1.39761,2.22266,2.47116,2.18754,2.4396,1.97873,2.61885,3.01454,2.39142,1.73618,1.05348,1.26762,1.26196,0.749817,1.94524,1.28669,1.08466,1.1048,1.97369,1.53883,1.28135,1.11974,1.258,0.889529,1.59015,2.05116,2.22016,1.35646,6.10274,4.57275,11.4642,10.1871,10.5943,1.84359,2.24397
2013-08-16,3.21149,3.07656,2.39222,2.86521,3.65834,1.4248,2.56066,1.80653,1.37704,2.14651,2.40584,2.13013,2.38706,1.94875,2.53664,3.00803,2.38109,1.67776,1.03572,1.23554,1.22642,0.727138,1.90708,1.25339,1.08387,1.10329,1.93467,1.498,1.24208,1.09449,1.24608,0.87006,1.54184,2.01184,2.14122,1.31899,5.99453,4.4889,11.2609,9.95281,10.2671,1.80569,2.21434
2013-08-23,3.23167,3.09773,2.40271,2.86766,3.67736,1.4278,2.55785,1.81979,1.39661,2.14013,2.40245,2.13947,2.3716,1.9516,2.54038,3.0248,2.3744,1.69631,1.0403,1.26339,1.22936,0.732375,1.92807,1.2682,1.08237,1.10234,1.93199,1.51188,1.25269,1.08686,1.24703,0.863991,1.57513,1.99755,2.16096,1.34897,6.17176,4.58957,11.5938,10.1549,10.4274,1.8143,2.24925
2013-08-30,3.16919,3.07227,2.39206,2.84033,3.63311,1.41059,2.52742,1.82618,1.39322,2.10669,2.39587,2.1069,2.31786,1.90783,2.57055,3.00954,2.36622,1.66628,1.01545,1.22887,1.20566,0.714032,1.88002,1.23218,1.07744,1.10234,1.93757,1.4845,1.22478,1.09244,1.24713,0.868771,1.54333,1.93828,2.09836,1.32085,6.11675,4.52201,11.4905,10.0322,10.1085,1.78196,2.21405
2013-09-06,3.17118,3.08382,2.38804,2.85957,3.6474,1.41833,2.56572,1.83552,1.39935,2.14568,2.42502,2.12473,2.32719,1.92035,2.58151,3.02077,2.36622,1.70124,1.02758,1.25041,1.22132,0.72618,1.90809,1.2526,1.07845,1.10205,1.94489,1.51123,1.23218,1.12694,1.24713,0.898512,1.57387,1.96325,2.13106,1.33871,6.28324,4.67712,11.8032,10.3555,10.5799,1.80798,2.25688
2013-09-13,3.19854,3.11364,2.41303,2.89622,3.67516,1.43652,2.60112,1.84111,1.39949,2.19884,2.45377,2.18865,2.36226,1.95571,2.61475,3.02077,2.36622,1.76198,1.05381,1.28475,1.25459,0.74095,1.95945,1.28411,1.08916,1.10278,1.94809,1.53909,1.28111,1.12602,1.24713,0.901411,1.61353,2.00871,2.16758,1.36422,6.63552,4.90003,12.465,10.6198,10.8798,1.8438,2.29003
2013-09-20,3.20902,3.12384,2.47383,2.96,3.70125,1.46815,2.62376,1.87005,1.40838,2.25208,2.50616,2.18077,2.35177,1.93854,2.65981,3.02682,2.36622,1.81563,1.09243,1.33389,1.29539,0.767788,2.04595,1.33432,1.09313,1.10561,1.95317,1.55325,1.29207,1.1262,1.24713,0.908308,1.63976,2.09387,2.20268,1.38963,6.82624,4.993,12.8233,10.7204,11.0787,1.868,2.32427
2013-09-27,3.24479,3.15866,2.4937,2.98499,3.71673,1.48055,2.61071,1.89621,1.40757,2.25676,2.51235,2.22439,2.34198,1.93511,2.6698,3.0254,2.36622,1.80293,1.08305,1.32158,1.29845,0.777514,2.06373,1.33841,1.09201,1.10449,1.95011,1.53447,1.28674,1.12585,1.24655,0.907418,1.62822,2.06977,2.179,1.36969,6.86396,5.01116,12.8941,10.8793,11.2211,1.8482,2.32662
2013-10-04,3.22709,3.15138,2.47341,2.98342,3.70203,1.47583,2.62348,1.89087,1.40752,2.23648,2.50164,2.25351,2.36039,1.92587,2.69569,3.03085,2.36622,1.80449,1.10154,1.34229,1.30506,0.773826,2.11583,1.37679,1.08766,1.10009,1.96454,1.55937,1.30019,1.13434,1.24609,0.907803,1.6366,2.0615,2.17608,1.37837,6.96936,5.09791,13.0921,11.0658,11.2949,1.84798,2.33633
2013-10-11,3.22352,3.16206,2.47047,2.96962,3.70118,1.47323,2.59534,1.8767,1.40653,2.21305,2.50165,2.26634,2.34002,1.90965,2.70048,3.09111,2.38931,1.79952,1.08425,1.31301,1.28526,0.770027,2.1133,1.33484,1.08655,1.10009,1.96623,1.54426,1.30207,1.1494,1.26163,0.919287,1.67984,2.08543,2.19853,1.40349,6.83854,5.00134,12.8464,10.7672,11.0939,1.86297,2.33133
2013-10-18,3.21862,3.15748,2.47799,2.97503,3.73192,1.47592,2.64837,1.87672,1.40636,2.25008,2.51865,2.35918,2.39255,1.95518,2.69258,3.10454,2.38931,1.86744,1.11313,1.34622,1.32495,0.780118,2.16537,1.38093,1.08757,1.10058,1.95737,1.58727,1.3477,1.15717,1.26121,0.925277,1.7155,2.11109,2.23008,1.43482,7.19363,5.27768,13.5134,11.5869,11.5741,1.90816,2.41725
2013-10-25,3.25963,3.19771,2.50962,3.013,3.80288,1.49475,2.67561,1.89122,1.41149,2.3049,2.53165,2.36943,2.38125,1.96723,2.74018,3.09205,2.38439,1.86954,1.11118,1.32745,1.34262,0.794856,2.18073,1.37122,1.0991,1.09652,1.96956,1.60645,1.37427,1.14777,1.25856,0.921069,1.70742,2.12878,2.25322,1.45269,7.23849,5.3055,13.5977,11.2173,11.4338,1.92523,2.43932
2013-11-01,3.21202,3.19235,2.4853,3.00051,3.74805,1.49354,2.67704,1.89207,1.39612,2.29415,2.55052,2.38133,2.36464,1.95032,2.72953,3.08049,2.37675,1.867,1.12794,1.31577,1.3393,0.786814,2.17783,1.37017,1.09365,1.09683,1.95761,1.57441,1.37886,1.1462,1.25771,0.925624,1.68171,2.09845,2.25341,1.46703,7.35665,5.34847,13.8196,11.1569,11.5029,1.92807,2.43667
2013-11-08,3.20959,3.18262,2.49398,3.01151,3.73822,1.5068,2.68336,1.93034,1.41397,2.31051,2.59949,2.34905,2.35829,1.95577,2.72688,3.0763,2.35213,1.84021,1.13918,1.31678,1.34885,0.782518,2.17717,1.38179,1.08326,1.09021,1.92437,1.56446,1.35868,1.10732,1.24604,0.902955,1.6901,2.07164,2.26561,1.49467,7.22808,5.31301,13.5781,11.1409,11.547,1.93989,2.42873
2013-11-15,3.25531,3.22966,2.53084,3.0621,3.80174,1.53397,2.66654,1.942,1.41572,2.30757,2.63874,2.39094,2.37633,1.97154,2.74252,3.0959,2.3513,1.88461,1.15141,1.34749,1.3539,0.798246,2.20513,1.40856,1.11579,1.10766,1.94528,1.61484,1.36725,1.11441,1.24467,0.906203,1.74036,2.10866,2.31536,1.52436,7.71382,5.46637,14.4906,11.5243,11.9198,1.97009,2.47051
2013-11-22,3.26627,3.23757,2.52869,3.04705,3.73369,1.52839,2.66133,1.94612,1.41974,2.29593,2.65321,2.37406,2.37617,1.97147,2.73983,3.0934,2.33275,1.89182,1.14823,1.35828,1.36956,0.818594,2.18562,1.4176,1.11879,1.10767,1.90866,1.60187,1.38303,1.11016,1.24773,0.904768,1.74016,2.09514,2.33457,1.5218,7.59678,5.42918,14.2707,11.1857,11.7946,1.97841,2.47139
2013-11-29,3.23885,3.24433,2.52235,3.05139,3.73007,1.54148,2.66109,1.93349,1.41636,2.26899,2.64485,2.37473,2.37846,1.96474,2.74518,3.11912,2.33592,1.89683,1.16149,1.35744,1.38091,0.82605,2.18104,1.41022,1.11581,1.10488,1.91107,1.6068,1.39858,1.10304,1.24642,0.902432,1.73504,2.07582,2.3456,1.53489,7.71623,5.49563,14.4951,11.2891,11.8305,1.98048,2.52259
2013-12-06,3.24282,3.27659,2.47954,3.00844,3.68534,1.51222,2.65282,1.93473,1.39492,2.26925,2.66506,2.39875,2.37051,1.97136,2.80806,3.13184,2.33744,1.88897,1.16025,1.36523,1.38089,0.821801,2.18972,1.41345,1.11977,1.105,1.92066,1.60501,1.412,1.09441,1.24723,0.896759,1.72303,2.05281,2.36955,1.53301,7.81197,5.54627,14.675,11.3617,11.6503,1.97983,2.53054
2013-12-13,3.21053,3.24531,2.45243,2.98804,3.63496,1.5033,2.65953,1.92404,1.39258,2.23105,2.64048,2.37047,2.33833,1.96233,2.7489,3.13888,2.33698,1.90461,1.1326,1.33198,1.357,0.805566,2.16979,1.39351,1.1165,1.105,1.91615,1.58481,1.40218,1.08935,1.24892,0.889441,1.7065,2.02084,2.34846,1.51952,7.84359,5.5496,14.7344,11.4609,11.5876,1.94886,2.4967
2013-12-20,3.30512,3.35085,2.56376,3.12617,3.76895,1.57624,2.69255,1.95361,1.40377,2.31351,2.69565,2.46775,2.43633,2.02942,2.85077,3.19104,2.33698,1.92742,1.15363,1.36061,1.39076,0.821091,2.21544,1.41849,1.11812,1.105,1.91953,1.62508,1.4331,1.09335,1.24892,0.893147,1.72721,2.06841,2.3828,1.55864,7.9428,5.69389,14.9207,11.6114,11.7308,1.9974,2.55334
2013-12-27,3.31958,3.36551,2.58478,3.14708,3.80516,1.58678,2.7215,1.95553,1.40377,2.32966,2.70039,2.47466,2.45321,2.04348,2.84819,3.19104,2.33698,1.93139,1.17958,1.38056,1.41513,0.833225,2.24191,1.43427,1.12136,1.105,1.92229,1.64307,1.45167,1.09397,1.24892,0.895589,1.74209,2.08399,2.40426,1.58734,7.99942,5.71844,15.0271,11.5181,11.6982,2.02259,2.58345
2014-01-03,3.32035,3.36629,2.58454,3.14679,3.824,1.58663,2.70713,1.96334,1.40241,2.31794,2.71614,2.46743,2.45987,2.04757,2.8432,3.19104,2.33698,1.93991,1.17704,1.3749,1.40562,0.830629,2.22938,1.43751,1.12386,1.105,1.92226,1.63824,1.43968,1.09397,1.24892,0.895589,1.73871,2.06207,2.39066,1.58332,7.99617,5.75146,15.021,11.457,11.6723,2.01203,2.55747
2014-01-10,3.31266,3.35244,2.59194,3.14024,3.81994,1.59485,2.68707,1.95172,1.40651,2.36374,2.69839,2.49901,2.51001,2.0846,2.82986,3.17766,2.33698,1.98476,1.19767,1.41175,1.42391,0.861975,2.25325,1.45232,1.12163,1.10254,1.91899,1.68322,1.44466,1.09353,1.24843,0.895235,1.76615,2.09282,2.4146,1.60089,8.16173,5.97589,15.332,12.1183,11.695,2.02578,2.57695
2014-01-17,3.29558,3.30499,2.528,3.11532,3.76334,1.55663,2.65602,1.95664,1.4099,2.35808,2.61869,2.49152,2.48651,2.07816,2.82828,3.17319,2.33307,2.00906,1.19705,1.40893,1.42081,0.883885,2.26792,1.44843,1.11888,1.102,1.9122,1.70159,1.45476,1.09993,1.24185,0.888505,1.73625,2.08436,2.38732,1.50872,7.97505,5.91338,14.9813,12.236,11.9768,2.02028,2.59407
2014-01-24,3.17447,3.20812,2.44441,3.01097,3.67894,1.50136,2.5519,1.88583,1.36745,2.296,2.5567,2.42667,2.40619,2.0492,2.7338,3.13606,2.33206,1.94593,1.16729,1.3583,1.38801,0.880017,2.19502,1.41957,1.10377,1.09898,1.88559,1.65755,1.42574,1.09415,1.24132,0.891141,1.69499,2.03725,2.33138,1.46059,8.14122,5.96192,15.2935,12.4931,11.7337,1.96802,2.56042
2014-01-31,3.16318,3.24884,2.42021,2.96372,3.62448,1.50648,2.58816,1.92959,1.37845,2.30678,2.5963,2.42588,2.41045,2.08881,2.72479,3.16529,2.35004,1.97806,1.18373,1.38683,1.42324,0.902312,2.21827,1.4497,1.09473,1.08948,1.87069,1.67884,1.4223,1.12075,1.24483,0.908507,1.70828,2.03038,2.32787,1.47027,8.37891,6.1388,15.74,13.0249,12.1976,1.96021,2.54655
2014-02-07,3.215,3.25585,2.4176,3.04656,3.65713,1.53953,2.57632,1.95521,1.38728,2.35203,2.63865,2.45471,2.41215,2.09633,2.76543,3.24508,2.33948,1.99115,1.19418,1.40357,1.4223,0.906862,2.23935,1.46295,1.10999,1.08321,1.87947,1.67608,1.42878,1.15646,1.25649,0.912834,1.70559,2.0458,2.31776,1.45153,8.63203,6.31091,16.2155,13.1519,12.5188,1.97672,2.57695
2014-02-14,3.2284,3.26707,2.44421,3.08306,3.71715,1.55315,2.61246,1.95602,1.38975,2.41576,2.6495,2.51326,2.43004,2.12739,2.78571,3.25011,2.33873,2.02953,1.21406,1.44127,1.47101,0.911507,2.30498,1.48826,1.1136,1.08297,1.87121,1.7483,1.46799,1.16391,1.26182,0.921637,1.7503,2.10645,2.3739,1.49561,8.96339,6.523,16.8379,13.5435,12.9161,2.02446,2.65104
2014-02-21,3.25985,3.2989,2.46577,3.11025,3.73626,1.56685,2.61045,1.96071,1.38631,2.40941,2.65253,2.51332,2.46425,2.13335,2.79645,3.28673,2.33873,2.03249,1.23216,1.46862,1.48102,0.926299,2.35908,1.49358,1.11025,1.07719,1.87182,1.76429,1.48722,1.16867,1.26395,0.92596,1.76387,2.11965,2.37503,1.51263,9.13609,6.7229,17.1624,13.8212,13.1741,2.02303,2.65458
2014-02-28,3.29222,3.34348,2.48804,3.13519,3.77414,1.57941,2.65457,1.97669,1.38856,2.45207,2.7165,2.51835,2.48581,2.16653,2.82705,3.30762,2.33873,2.03941,1.24628,1.50647,1.49154,0.91716,2.39943,1.51658,1.12263,1.08289,1.89835,1.76878,1.5016,1.17944,1.27183,0.936105,1.79352,2.15968,2.41844,1.5037,9.2943,6.82204,17.4596,13.8265,12.9349,2.04943,2.67776
2014-03-07,3.30973,3.33989,2.48912,3.13161,3.75683,1.57761,2.67306,2.00711,1.40163,2.48475,2.72877,2.52248,2.48561,2.17699,2.82457,3.35376,2.34885,2.06356,1.28888,1.55155,1.5619,0.912996,2.41989,1.58202,1.11791,1.08979,1.89991,1.82512,1.50804,1.19041,1.27994,0.940295,1.8047,2.16563,2.43605,1.50287,9.65557,6.97663,18.1382,14.3729,13.5218,2.07111,2.68339
2014-03-14,3.22171,3.263,2.43261,3.06404,3.71819,1.53882,2.62393,1.99851,1.3847,2.44964,2.69826,2.48665,2.43608,2.13522,2.78255,3.37179,2.34885,2.0096,1.25337,1.50895,1.5123,0.910474,2.38607,1.56453,1.10107,1.08983,1.86277,1.82235,1.48371,1.19548,1.27997,0.946338,1.78894,2.14551,2.42583,1.48359,9.40223,6.79489,17.6623,14.1683,13.0824,2.0315,2.62826
2014-03-21,3.28191,3.36725,2.48217,3.16578,3.82842,1.58363,2.65703,2.02711,1.38724,2.49276,2.691,2.49558,2.42716,2.1271,2.89494,3.39497,2.34885,2.00638,1.25095,1.50085,1.50238,0.898597,2.45311,1.55945,1.10617,1.08983,1.87917,1.85462,1.49304,1.19102,1.27997,0.947986,1.80943,2.18663,2.47216,1.4754,9.20049,6.83914,17.2833,13.8263,12.9116,2.05748,2.64407
2014-03-28,3.29144,3.36748,2.4644,3.1554,3.79375,1.56914,2.64516,2.01932,1.36687,2.44085,2.64632,2.46693,2.40054,2.07649,2.89214,3.17762,2.30247,1.93817,1.20336,1.45159,1.44111,0.899378,2.36043,1.51145,1.10684,1.08983,1.87449,1.82919,1.44055,1.12863,1.26949,0.887031,1.79414,2.17821,2.45354,1.45176,8.66278,6.50239,16.2732,13.0508,11.9246,2.04964,2.58614
2014-04-04,3.37095,3.43487,2.49586,3.20519,3.83422,1.60373,2.69051,2.04579,1.39448,2.45593,2.67061,2.49201,2.43881,2.10501,2.96814,3.22742,2.3622,1.93815,1.22008,1.45946,1.47179,0.894118,2.38791,1.50943,1.10175,1.08983,1.88235,1.83741,1.43524,1.1082,1.25096,0.855195,1.81046,2.18017,2.46694,1.45219,8.50642,6.40805,15.9795,13.0787,11.8518,2.05969,2.56594
2014-04-11,3.39899,3.41063,2.47614,3.21227,3.79439,1.57785,2.70541,2.04748,1.41278,2.40487,2.61175,2.43908,2.42082,2.07912,3.00059,3.25712,2.37784,1.88128,1.1963,1.43695,1.4574,0.875585,2.31797,1.47499,1.0882,1.085,1.84766,1.77438,1.41275,1.05632,1.20751,0.822811,1.76312,2.10846,2.4241,1.4081,7.99888,6.10108,15.0261,12.3689,11.2742,2.00566,2.49879
2014-04-18,3.42938,3.4435,2.52482,3.27418,3.85607,1.61181,2.7612,2.06478,1.40557,2.46146,2.67584,2.52871,2.44472,2.1115,3.03437,3.33164,2.3852,1.9608,1.21366,1.46449,1.47684,0.886778,2.35193,1.50402,1.07885,1.08008,1.84816,1.80217,1.4344,1.08765,1.20532,0.868177,1.79818,2.14958,2.47814,1.44787,8.29659,6.30275,15.5853,12.8042,11.4233,2.05958,2.56089
2014-04-25,3.46131,3.4375,2.50589,3.25534,3.86827,1.59654,2.74307,2.0246,1.38476,2.45921,2.70197,2.51757,2.38262,2.08467,2.97789,3.34196,2.3721,1.90423,1.22889,1.46166,1.48845,0.887291,2.32865,1.52199,1.06784,1.07785,1.82204,1.8067,1.43127,1.07667,1.20976,0.830187,1.78504,2.13602,2.45614,1.43722,8.17414,6.2521,15.3553,12.7384,11.547,2.05848,2.56059
2014-05-02,3.46067,3.44125,2.46882,3.19419,3.92108,1.58473,2.7944,2.04997,1.37836,2.4472,2.72161,2.57213,2.37332,2.08045,2.99827,3.42879,2.40792,1.94567,1.23031,1.47445,1.48918,0.891066,2.33282,1.53165,1.08462,1.08816,1.86069,1.82916,1.42603,1.10702,1.20496,0.851607,1.82763,2.16344,2.52696,1.4653,8.18591,6.33893,15.3774,12.7568,11.6615,2.07804,2.59921
2014-05-09,3.49695,3.44938,2.47605,3.13791,3.96539,1.59103,2.80553,2.03738,1.37776,2.44228,2.73602,2.54761,2.38621,2.08604,3.00972,3.41568,2.4024,1.95885,1.22725,1.47686,1.48806,0.897931,2.33063,1.54071,1.08378,1.09176,1.86079,1.83235,1.44046,1.09357,1.20705,0.846323,1.83027,2.12582,2.52707,1.44892,7.9055,6.15511,14.8507,12.472,11.634,2.07693,2.57871
2014-05-16,3.57112,3.49133,2.5184,3.20395,3.9917,1.63327,2.8547,2.0765,1.3981,2.47869,2.73944,2.59416,2.35198,2.05847,3.09757,3.51181,2.43274,1.96557,1.23133,1.47235,1.47283,0.902786,2.3305,1.54175,1.08543,1.09104,1.89379,1.84048,1.43113,1.09724,1.21392,0.856569,1.83017,2.1263,2.50897,1.44329,7.66902,6.10227,14.4065,12.1717,11.5217,2.07793,2.60574
2014-05-23,3.58667,3.50033,2.51509,3.22249,3.99726,1.64021,2.90163,2.1226,1.40198,2.48129,2.75663,2.59718,2.39307,2.11065,3.12927,3.50068,2.42115,2.00523,1.22981,1.48226,1.48235,0.90558,2.33967,1.53866,1.0838,1.08896,1.88519,1.85801,1.44529,1.09569,1.21088,0.865214,1.84599,2.19067,2.55137,1.46383,7.92488,6.29001,14.8871,12.5809,11.6639,2.10334,2.67021
2014-05-30,3.61844,3.53972,2.5455,3.26441,4.08869,1.66155,2.92537,2.12532,1.40346,2.51549,2.775,2.63821,2.41684,2.13671,3.16378,3.51278,2.42775,2.03453,1.24712,1.50138,1.49051,0.917542,2.36561,1.54947,1.08634,1.09265,1.89251,1.86972,1.46519,1.09786,1.20917,0.871701,1.87459,2.22155,2.5889,1.48875,8.081,6.39831,15.1804,13.0641,11.9376,2.12909,2.7127
2014-06-06,3.64455,3.56526,2.582,3.31121,4.14964,1.68537,2.96015,2.13483,1.40943,2.5544,2.81027,2.65263,2.42831,2.1426,3.17664,3.51278,2.42775,2.04929,1.25175,1.52717,1.52834,0.942283,2.38242,1.57178,1.09057,1.09549,1.90637,1.89029,1.48728,1.09912,1.20917,0.879257,1.90908,2.23026,2.6489,1.50973,8.30684,6.51526,15.6046,13.5556,12.2576,2.15892,2.75756
2014-06-13,3.66675,3.58697,2.57825,3.30157,4.14604,1.68371,2.93295,2.14785,1.41346,2.50043,2.79265,2.65467,2.35238,2.06971,3.16612,3.51364,2.41859,2.01103,1.23276,1.51925,1.52971,0.94634,2.38436,1.55396,1.08219,1.09277,1.90041,1.87502,1.50333,1.0957,1.20917,0.878211,1.88868,2.20218,2.64868,1.50353,8.47899,6.51837,15.928,13.596,12.1836,2.14511,2.7427
2014-06-20,3.74233,3.66156,2.6241,3.36893,4.21585,1.72361,2.97727,2.19125,1.41823,2.54684,2.871,2.69544,2.37809,2.09064,3.2106,3.52284,2.42157,2.04551,1.25729,1.5423,1.5641,0.956695,2.42454,1.58054,1.07769,1.08892,1.89702,1.94225,1.52094,1.09988,1.20917,0.884199,1.89782,2.23173,2.65903,1.53014,8.86317,6.75792,16.6497,14.2092,12.6209,2.17549,2.76348
2014-06-27,3.75634,3.68956,2.65143,3.36808,4.38465,1.72318,2.95578,2.19134,1.41626,2.52376,2.85463,2.70011,2.38207,2.09679,3.20366,3.53409,2.42157,2.05746,1.2552,1.52543,1.56304,0.956818,2.42418,1.60481,1.0751,1.08757,1.89854,1.95764,1.516,1.09866,1.20782,0.924136,1.89539,2.23639,2.65105,1.54793,8.81371,6.73367,16.5568,14.1188,12.6234,2.17415,2.79267
2014-07-04,3.76085,3.69494,2.67426,3.37624,4.43977,1.72735,2.98943,2.19954,1.42631,2.55876,2.87548,2.71426,2.39598,2.10974,3.2125,3.52953,2.42482,2.06806,1.27818,1.55161,1.5912,0.966631,2.45353,1.61334,1.07656,1.08748,1.89798,1.98582,1.51815,1.09756,1.20589,0.928151,1.92419,2.27239,2.69261,1.56984,9.05343,6.84895,17.0071,14.4447,12.7688,2.20058,2.85076
2014-07-11,3.80198,3.73772,2.68553,3.39876,4.4297,1.73247,2.94357,2.16825,1.41034,2.48364,2.83913,2.66868,2.38983,2.10307,3.22471,3.56156,2.42369,2.09611,1.26044,1.5131,1.56139,0.958315,2.42212,1.59755,1.07816,1.08748,1.89802,1.971,1.48607,1.09649,1.20589,0.92626,1.87798,2.21048,2.63842,1.53305,8.77797,6.63458,16.4896,14.1028,12.4387,2.18292,2.83795
2014-07-18,3.7891,3.72868,2.68118,3.3974,4.40783,1.72969,2.93917,2.16564,1.40097,2.47954,2.78957,2.6502,2.41152,2.11643,3.2261,3.56385,2.42369,2.09237,1.254,1.53515,1.55475,0.962503,2.44156,1.59774,1.08511,1.08748,1.90149,1.96543,1.48172,1.09841,1.20589,0.925268,1.87358,2.22497,2.64195,1.53596,8.83697,6.71995,16.6005,14.3142,12.6791,2.19514,2.86327
2014-07-25,3.85598,3.77791,2.68979,3.42054,4.41739,1.74147,2.9229,2.15809,1.40383,2.49728,2.83461,2.64662,2.39246,2.08665,3.25388,3.55285,2.42369,2.13296,1.25624,1.51645,1.55719,0.959839,2.44451,1.59277,1.08801,1.08748,1.90493,1.95779,1.49298,1.0868,1.20472,0.919367,1.88121,2.21997,2.6363,1.53223,8.92344,6.73939,16.7629,14.1703,12.5884,2.19525,2.88174
2014-08-01,3.7544,3.7138,2.64342,3.38934,4.41373,1.72559,2.80969,2.0918,1.35593,2.39349,2.75448,2.54338,2.3278,2.02779,3.21711,3.50683,2.42369,2.10822,1.22129,1.48249,1.52762,0.921859,2.36142,1.52528,1.06064,1.07979,1.84197,1.92269,1.46574,1.06304,1.19815,0.891554,1.84182,2.13703,2.55161,1.46732,8.63834,6.6202,16.2273,13.982,12.3135,2.13729,2.82008
2014-08-08,3.78767,3.79241,2.65324,3.38634,4.44985,1.72407,2.86042,2.12879,1.36201,2.39714,2.75595,2.53416,2.34784,2.03568,3.23286,3.49992,2.42369,2.0931,1.23556,1.49931,1.53922,0.920268,2.36942,1.54444,1.06023,1.07517,1.83042,1.9409,1.46272,1.07265,1.19246,0.894721,1.85058,2.13775,2.54271,1.46033,8.56904,6.66627,16.0972,13.7884,12.1572,2.14551,2.82693
2014-08-15,3.78803,3.7955,2.65668,3.40946,4.57598,1.73584,2.87821,2.13678,1.36029,2.44568,2.81518,2.58929,2.43078,2.11529,3.25923,3.51183,2.42369,2.12506,1.26225,1.54991,1.56875,0.941114,2.40327,1.57693,1.06097,1.07224,1.82957,1.96762,1.53723,1.07336,1.18937,0.894752,1.87317,2.15063,2.56935,1.48715,8.95814,6.92114,16.8281,14.2575,12.7067,2.17304,2.9014
2014-08-22,3.79101,3.79848,2.67341,3.43091,4.6398,1.74676,2.90552,2.144,1.36158,2.46857,2.82385,2.61604,2.45094,2.13968,3.27482,3.51178,2.42369,2.17121,1.29151,1.56726,1.59625,0.956544,2.40986,1.60685,1.06316,1.07224,1.83168,1.98687,1.54228,1.07132,1.18937,0.893058,1.89386,2.17916,2.63895,1.52081,9.12305,7.06751,17.1379,14.5095,12.8851,2.21157,2.95055
2014-08-29,3.80609,3.8136,2.68162,3.44145,4.6398,1.75212,2.92278,2.15514,1.36783,2.47507,2.85953,2.61735,2.47947,2.16806,3.2846,3.51112,2.42369,2.1765,1.30304,1.5968,1.61214,0.961964,2.43822,1.61246,1.06234,1.07224,1.83134,1.99634,1.55105,1.07136,1.18915,0.898823,1.9054,2.18578,2.62861,1.52758,9.431,7.2136,17.7164,14.7555,12.9927,2.22845,2.97229
2014-09-05,3.85785,3.86831,2.6947,3.46808,4.68036,1.76568,2.93193,2.17543,1.36956,2.48337,2.87563,2.61058,2.50611,2.1899,3.33445,3.50398,2.41795,2.21143,1.31152,1.59174,1.60286,0.961556,2.44268,1.62883,1.06234,1.07224,1.82752,2.00578,1.56882,1.06974,1.18673,0.896958,1.95615,2.18737,2.62294,1.55999,9.53349,7.32949,17.9089,14.905,12.9963,2.23289,2.97557
2014-09-12,3.80027,3.80345,2.65232,3.40825,4.64571,1.73522,2.86998,2.17557,1.36197,2.48434,2.84653,2.58434,2.43469,2.12942,3.32325,3.5007,2.42021,2.21252,1.31023,1.58212,1.60318,0.961829,2.45031,1.63161,1.06234,1.07224,1.83138,2.02161,1.54089,1.06849,1.18678,0.896686,1.92283,2.20369,2.64892,1.53761,9.29863,7.2848,17.4677,14.6248,12.9493,2.2109,2.96336
2014-09-19,3.78748,3.81943,2.63302,3.36753,4.65718,1.71449,2.86062,2.18125,1.36554,2.46077,2.82043,2.61072,2.43631,2.13465,3.32242,3.51903,2.42021,2.23839,1.31441,1.60049,1.60292,0.967324,2.46963,1.65282,1.06234,1.07224,1.83088,1.99651,1.56462,1.07018,1.18866,0.913609,1.93886,2.2374,2.65798,1.54551,9.46832,7.35175,17.7865,15.0399,12.9957,2.23875,2.98534
2014-09-26,3.7073,3.74018,2.59445,3.30847,4.59422,1.68442,2.82171,2.15037,1.35375,2.41925,2.77099,2.56306,2.40122,2.10672,3.26548,3.50985,2.4151,2.20622,1.27963,1.60193,1.5864,0.940573,2.4608,1.63463,1.064,1.0724,1.83337,1.97536,1.53013,1.06583,1.18205,0.899605,1.92999,2.1922,2.61908,1.52074,9.33759,7.25775,17.5409,14.7601,12.8063,2.20752,2.94951
2014-10-03,3.6812,3.71343,2.58695,3.24427,4.51843,1.64474,2.80951,2.13801,1.35027,2.42931,2.76658,2.51976,2.36773,2.06788,3.21297,3.55406,2.40603,2.21019,1.2743,1.57181,1.5689,0.930644,2.44848,1.59163,1.06035,1.07126,1.83405,1.95415,1.5283,1.07707,1.18544,0.905761,1.9257,2.19952,2.63006,1.52414,9.22424,7.15493,17.328,14.4677,12.4255,2.19212,2.93129
2014-10-10,3.53073,3.65434,2.49095,3.11703,4.37136,1.56299,2.71918,2.11895,1.34064,2.30806,2.66476,2.3829,2.34505,2.0495,3.05317,3.40573,2.41754,2.14925,1.23974,1.53375,1.49687,0.920406,2.32136,1.56368,1.05818,1.07126,1.83435,1.90098,1.48599,1.04294,1.1827,0.857009,1.86007,2.10453,2.48495,1.48203,8.05987,6.36477,15.1407,13.2182,11.4389,2.12542,2.81992
2014-10-17,3.49822,3.65812,2.47341,3.10319,4.42006,1.53825,2.62588,2.05668,1.3262,2.20487,2.63278,2.42925,2.30802,2.01176,3.01044,3.45729,2.46141,2.1385,1.21905,1.49909,1.4589,0.904186,2.30633,1.54781,1.07786,1.07126,1.87267,1.86218,1.46057,1.06096,1.21052,0.849998,1.84575,2.0973,2.45469,1.45916,8.45666,6.58401,15.8861,13.5013,11.7113,2.10233,2.77692
2014-10-24,3.53828,3.68477,2.51324,3.15797,4.51478,1.57057,2.66726,2.05718,1.32886,2.27565,2.68118,2.49143,2.37638,2.1186,3.0495,3.45729,2.46051,2.29127,1.26009,1.55688,1.51418,0.935039,2.42171,1.59812,1.12957,1.07126,1.89061,1.9363,1.51537,1.06249,1.20941,0.864062,1.92165,2.20328,2.56076,1.50948,9.0469,7.10231,16.9948,14.7003,12.4263,2.19112,2.94473
2014-10-31,3.53813,3.68461,2.50996,3.15659,4.58873,1.56988,2.69099,2.06743,1.32886,2.28932,2.69334,2.49761,2.43677,2.152,3.03286,3.4574,2.46051,2.3503,1.28607,1.60502,1.54513,0.943979,2.46334,1.62566,1.1387,1.07128,1.90152,1.94153,1.56579,1.06728,1.20941,0.893975,1.95808,2.2968,2.64913,1.56264,9.25625,7.32047,17.3881,14.9648,12.7377,2.24946,3.02774
2014-11-07,3.53736,3.67616,2.53202,3.16913,4.5803,1.57265,2.70654,2.08911,1.33261,2.30011,2.70827,2.49801,2.46023,2.16897,3.04654,3.46423,2.46051,2.36049,1.27571,1.60797,1.54623,0.941857,2.47728,1.63818,1.1355,1.07316,1.90503,1.93467,1.56697,1.06878,1.20941,0.889737,1.9697,2.29047,2.64436,1.58757,9.32258,7.37995,17.5127,15.2704,12.863,2.2682,3.03371
2014-11-14,3.57108,3.71056,2.583,3.23099,4.65864,1.60245,2.74597,2.10304,1.33394,2.32325,2.70948,2.48997,2.4797,2.17596,3.03695,3.4785,2.46051,2.37744,1.26368,1.58683,1.53758,0.943264,2.49187,1.62772,1.15556,1.07837,1.92691,1.9386,1.5732,1.07892,1.20941,0.90201,1.99502,2.30395,2.65651,1.59323,9.43776,7.45151,17.7291,15.1878,13.0517,2.27824,3.08208
2014-11-21,3.64924,3.79389,2.64189,3.30277,4.7056,1.6362,2.75165,2.12261,1.34135,2.34956,2.73988,2.52187,2.49126,2.18366,3.12836,3.47419,2.46051,2.37277,1.28436,1.61373,1.55039,0.951621,2.54141,1.65512,1.15889,1.07915,1.9355,1.96224,1.58728,1.08108,1.20941,0.911352,2.03256,2.33728,2.68752,1.60808,9.53988,7.51967,17.9209,15.186,13.1939,2.30545,3.10149
2014-11-28,3.69868,3.84892,2.68871,3.35758,4.767,1.66335,2.78725,2.13143,1.34712,2.40396,2.7861,2.53811,2.51671,2.20459,3.20813,3.49491,2.46051,2.45727,1.3162,1.63319,1.54907,0.953754,2.58157,1.65853,1.15843,1.07843,1.93421,1.98275,1.60683,1.10152,1.21443,0.926308,2.06398,2.33541,2.71037,1.62602,9.76621,7.69011,18.3461,16.0226,13.9691,2.31126,3.16539
2014-12-05,3.78376,3.93744,2.71541,3.3938,4.86195,1.67573,2.804,2.16138,1.34651,2.42329,2.84666,2.5556,2.54807,2.2284,3.28433,3.50439,2.46051,2.49015,1.30974,1.64454,1.53946,0.93544,2.56911,1.66927,1.1608,1.0733,1.93469,1.98189,1.61433,1.11043,1.21272,0.934534,2.07646,2.35598,2.71848,1.6304,9.68572,7.65726,18.1949,16.3116,14.1523,2.32018,3.14658
2014-12-12,3.71695,3.86791,2.67046,3.3229,4.59125,1.63971,2.76859,2.12846,1.33847,2.39401,2.76914,2.44545,2.46856,2.1603,3.21165,3.46098,2.46051,2.46794,1.30041,1.63608,1.53022,0.91574,2.50815,1.67249,1.14328,1.07348,1.92953,1.92485,1.56351,1.1022,1.21272,0.893186,2.01819,2.29141,2.6488,1.58295,9.32014,7.27582,17.5081,15.9292,13.8208,2.24087,3.06566
2014-12-19,3.79961,3.96823,2.727,3.39378,4.65444,1.67388,2.81552,2.16975,1.35951,2.45659,2.88716,2.53747,2.5328,2.21586,3.2792,3.58603,2.47471,2.52031,1.29354,1.64068,1.53436,0.932289,2.5511,1.68473,1.13727,1.07787,1.94474,1.98439,1.60931,1.11079,1.21272,0.879862,2.06845,2.36691,2.72688,1.61934,9.74323,7.5418,18.3029,16.5469,14.5025,2.31639,3.12653
2014-12-26,3.79581,3.96897,2.75666,3.43069,4.73,1.69209,2.85252,2.17244,1.35951,2.49224,2.91871,2.60933,2.55433,2.23217,3.31486,3.60861,2.47559,2.5336,1.30703,1.68335,1.56109,0.949252,2.56329,1.72967,1.13754,1.07787,1.94576,2.00621,1.61633,1.11871,1.22058,0.880949,2.08779,2.38651,2.73838,1.64038,9.87141,7.65286,18.5437,16.7775,14.6868,2.33792,3.14811
2015-01-02,3.78589,3.95859,2.72779,3.39477,4.70458,1.67437,2.81485,2.1382,1.34665,2.47514,2.87149,2.59853,2.52942,2.207,3.27761,3.62313,2.48592,2.50737,1.28733,1.64065,1.53222,0.93198,2.50927,1.70673,1.13628,1.07787,1.95348,1.98161,1.59173,1.12129,1.22291,0.882981,2.0668,2.34932,2.70954,1.602,9.65012,7.50268,18.128,16.4231,14.3463,2.30416,3.08517
2015-01-09,3.77339,3.97411,2.71295,3.40408,4.72088,1.67896,2.81255,2.13047,1.34637,2.44741,2.85927,2.62076,2.46315,2.20932,3.29209,3.6756,2.4914,2.5356,1.31875,1.66597,1.5573,0.938866,2.54934,1.71388,1.14469,1.07787,1.98014,1.99674,1.59475,1.12376,1.2256,0.878912,2.05177,2.35342,2.70413,1.58716,9.79567,7.56816,18.4014,16.5733,14.4063,2.29092,3.07558
2015-01-16,3.79026,3.99431,2.7337,3.42282,4.74422,1.69245,2.80568,2.12221,1.35543,2.45401,2.8297,2.52221,2.47853,2.2015,3.31799,3.63017,2.44506,2.5283,1.34801,1.6933,1.60477,0.951864,2.54366,1.7337,1.12881,1.07787,1.9222,2.00626,1.59588,1.09895,1.19867,0.849585,2.00117,2.31476,2.66661,1.53899,9.64449,7.4558,18.1174,16.4029,14.5314,2.26154,3.02164
2015-01-23,3.85726,4.05966,2.76497,3.51283,4.93343,1.73105,2.83944,2.14103,1.37151,2.46968,2.89392,2.57185,2.52816,2.25561,3.34245,3.64882,2.44726,2.61432,1.37038,1.72602,1.6186,0.960661,2.59094,1.77571,1.14422,1.08732,1.93701,2.0333,1.62422,1.09262,1.19874,0.860508,2.00236,2.34566,2.68422,1.56038,10.1747,7.78921,19.1135,17.2628,15.3964,2.299,3.12474
2015-01-30,3.76784,3.96556,2.7116,3.44503,4.83385,1.69763,2.79379,2.13616,1.36756,2.43725,2.85709,2.471,2.48609,2.23331,3.28275,3.57156,2.4439,2.57404,1.34651,1.70814,1.59783,0.943299,2.54172,1.71743,1.13745,1.07609,1.88054,1.99038,1.57548,1.08277,1.1889,0.846126,1.95435,2.27574,2.63273,1.51185,10.0243,7.56141,18.8309,16.7697,15.0644,2.23709,3.03003
2015-02-06,3.79093,3.98986,2.77531,3.53475,4.95441,1.74102,2.81783,2.16854,1.38886,2.48865,2.85959,2.54009,2.49285,2.26743,3.32059,3.63564,2.4366,2.60316,1.35355,1.69557,1.57031,0.959272,2.54674,1.71422,1.14089,1.08231,1.90501,2.02249,1.60294,1.09587,1.19618,0.879865,2.02722,2.39322,2.73537,1.53014,10.2503,7.6552,19.2555,16.5432,14.9146,2.30551,3.09087
2015-02-13,3.80115,3.9893,2.77619,3.54107,5.14723,1.7398,2.86864,2.19701,1.39058,2.49172,2.88814,2.56316,2.53356,2.30717,3.28253,3.6537,2.4366,2.63089,1.39568,1.72797,1.61805,0.967532,2.57374,1.74382,1.15598,1.08231,1.91709,2.07662,1.65853,1.08888,1.19907,0.889105,2.06524,2.43883,2.77616,1.55601,10.4428,7.84419,19.6171,16.788,14.9635,2.35295,3.20416
2015-02-20,3.83357,4.04805,2.86899,3.65787,5.228,1.79706,2.93188,2.24632,1.39194,2.53546,2.90919,2.59925,2.60438,2.35365,3.36504,3.66506,2.4366,2.67424,1.4249,1.76985,1.63939,0.976578,2.61653,1.77369,1.15605,1.08231,1.93583,2.09327,1.6854,1.09213,1.19907,0.889795,2.0971,2.42794,2.80435,1.57792,10.5353,7.96156,19.7908,17.3591,15.3684,2.36933,3.24911
2015-02-27,3.84297,4.05857,2.85809,3.65006,5.21156,1.79322,2.9101,2.23363,1.39179,2.53051,2.91972,2.5869,2.60881,2.36851,3.38422,3.66808,2.43721,2.65826,1.42198,1.76922,1.64912,0.965862,2.61248,1.75371,1.15692,1.08231,1.94148,2.09552,1.68448,1.08963,1.19937,0.88405,2.15705,2.43416,2.84836,1.57669,10.6635,7.98182,20.0316,17.5874,15.0161,2.36282,3.24881
2015-03-06,3.74892,3.97769,2.80513,3.61576,5.19572,1.75674,2.88003,2.21881,1.3951,2.50598,2.86739,2.52668,2.56557,2.3363,3.30053,3.65966,2.42857,2.63193,1.39812,1.75998,1.62928,0.938949,2.58742,1.72805,1.15264,1.08231,1.92929,2.07932,1.67843,1.08176,1.19337,0.866159,2.10217,2.41927,2.78766,1.52817,10.6599,7.96671,20.0249,17.4343,14.707,2.32738,3.21914
2015-03-13,3.73922,3.97721,2.79848,3.62496,5.14834,1.76472,2.88567,2.24177,1.40191,2.50542,2.86157,2.55376,2.57739,2.32165,3.30144,3.65002,2.42793,2.65586,1.40098,1.74797,1.62365,0.936685,2.60854,1.74205,1.15479,1.08231,1.93251,2.09632,1.67405,1.07872,1.19337,0.863993,2.08047,2.41372,2.77656,1.53783,10.7441,7.98849,20.183,17.57,14.6679,2.30865,3.1571
2015-03-20,3.75135,3.98948,2.8315,3.66524,5.23288,1.78552,2.92641,2.23988,1.40053,2.54275,2.91694,2.6247,2.61152,2.36053,3.33092,3.65611,2.42793,2.79935,1.44836,1.80198,1.6805,0.984051,2.7258,1.7953,1.15632,1.0835,1.93914,2.14782,1.73116,1.07823,1.19337,0.875687,2.13863,2.49751,2.8547,1.58549,11.2729,8.29103,21.1765,18.4254,15.1984,2.37055,3.26019
2015-03-27,3.70998,3.94536,2.79092,3.59922,5.12807,1.75537,2.86592,2.20927,1.42877,2.49785,2.88125,2.58476,2.57607,2.33149,3.27866,3.74401,2.43319,2.75165,1.41779,1.76203,1.6404,0.943741,2.63513,1.77603,1.1518,1.07137,1.93382,2.0807,1.69599,1.09668,1.1962,0.896435,2.09563,2.4175,2.79648,1.54333,10.9649,8.09723,20.5979,18.013,14.6397,2.31794,3.16977
2015-04-03,3.71056,3.95538,2.7914,3.58529,5.15556,1.74944,2.89866,2.24674,1.459,2.50604,2.89212,2.57825,2.59071,2.34662,3.28738,3.74001,2.42548,2.69074,1.40719,1.73832,1.63061,0.946056,2.58585,1.77405,1.13471,1.07101,1.93853,2.06756,1.69344,1.09113,1.1926,0.887992,2.12112,2.42609,2.82326,1.54703,10.8221,8.04498,20.3296,17.8818,14.3719,2.32582,3.15776
2015-04-10,3.76611,4.01041,2.82262,3.62064,5.23496,1.76669,2.95665,2.25776,1.46998,2.59018,2.99999,2.63107,2.598,2.33948,3.32541,3.75325,2.43283,2.73654,1.42521,1.76681,1.64802,0.963312,2.66827,1.79073,1.13007,1.07101,1.94131,2.08275,1.7059,1.08528,1.18974,0.88622,2.15209,2.47193,2.89176,1.5724,11.0985,8.21453,20.8488,18.5126,14.645,2.36638,3.23676
2015-04-17,3.72333,3.96485,2.79515,3.57545,5.18274,1.74464,2.90986,2.21007,1.46189,2.54004,2.96049,2.62774,2.55641,2.32139,3.27855,3.75262,2.43283,2.69665,1.40451,1.74168,1.6242,0.956822,2.63136,1.74163,1.13007,1.07101,1.93468,2.03764,1.69688,1.0851,1.18974,0.886425,2.13304,2.45755,2.89095,1.55942,10.8772,8.07631,20.4331,18.4282,14.8721,2.34284,3.18449
2015-04-24,3.75123,4.02528,2.81688,3.61643,5.30308,1.76463,2.94319,2.24603,1.48183,2.53181,2.99253,2.67286,2.57432,2.35971,3.31251,3.76782,2.43283,2.73741,1.44054,1.75325,1.64456,0.977211,2.66879,1.75544,1.12351,1.07105,1.93467,2.06029,1.7145,1.08341,1.19371,0.889143,2.16467,2.48461,2.94286,1.5744,10.999,8.15235,20.662,18.8606,14.9047,2.38452,3.32057
2015-05-01,3.72104,3.96496,2.77484,3.58498,5.23879,1.74969,2.93395,2.23589,1.4916,2.4929,2.95683,2.59224,2.5556,2.32903,3.34741,3.71956,2.4359,2.66883,1.40555,1.72131,1.61295,0.97759,2.64496,1.73308,1.11617,1.06695,1.90517,2.05886,1.69253,1.07563,1.19684,0.880513,2.1818,2.46595,2.90668,1.53416,10.5685,7.87499,19.8533,18.2568,14.3159,2.37404,3.27581
2015-05-08,3.75268,4.0122,2.77776,3.59838,5.22908,1.74855,2.97613,2.23952,1.49405,2.51261,2.96628,2.61638,2.55826,2.33092,3.38007,3.73527,2.44499,2.70012,1.39959,1.73095,1.61966,0.975741,2.65708,1.71945,1.11488,1.0628,1.89818,2.04984,1.69451,1.07747,1.19704,0.875649,2.19501,2.45646,2.90985,1.54579,10.6039,8.00965,19.9196,18.6134,14.5119,2.38418,3.265
2015-05-15,3.78289,4.04397,2.8477,3.67469,5.34142,1.78424,3.00871,2.25248,1.49602,2.5466,2.98236,2.64225,2.6082,2.367,3.43461,3.76385,2.45381,2.71771,1.40702,1.76734,1.6403,0.98601,2.66758,1.74689,1.12024,1.06335,1.93096,2.06407,1.71409,1.09379,1.19984,0.890897,2.21784,2.45498,2.93004,1.53236,10.7796,8.12869,20.2497,18.8303,14.6388,2.39342,3.29173
2015-05-22,3.80079,4.06309,2.86995,3.70516,5.47259,1.79975,2.99541,2.25352,1.49541,2.55535,2.98121,2.64453,2.58554,2.34779,3.45728,3.76385,2.45381,2.66702,1.41165,1.78781,1.64692,0.996037,2.68836,1.75895,1.11799,1.06335,1.92956,2.04932,1.72624,1.09202,1.19914,0.896002,2.2136,2.45738,2.92898,1.54876,10.8612,8.1322,20.4031,18.9913,14.6323,2.39962,3.31847
2015-05-29,3.80418,4.07372,2.85157,3.68248,5.36038,1.78874,2.95818,2.25035,1.5015,2.50918,2.94037,2.62663,2.57186,2.32192,3.44852,3.75933,2.45381,2.66813,1.39183,1.78026,1.65272,0.99172,2.67282,1.73789,1.11615,1.06335,1.93075,2.04213,1.67438,1.08948,1.19914,0.887203,2.20633,2.45777,2.90867,1.54193,11.2142,8.39032,21.0662,19.3868,14.666,2.37878,3.30585
2015-06-05,3.74556,4.02384,2.81885,3.63274,5.38278,1.76458,2.94663,2.2332,1.49461,2.48706,2.90751,2.6441,2.56075,2.30333,3.40896,3.76165,2.45381,2.69488,1.39158,1.77979,1.66215,1.0001,2.68307,1.73155,1.11615,1.06335,1.93075,2.02677,1.66395,1.08872,1.19914,0.888364,2.17745,2.45298,2.8754,1.53525,11.2139,8.38989,21.0656,19.344,14.6456,2.36334,3.28332
2015-06-12,3.76351,4.04773,2.82639,3.62356,5.33354,1.7654,2.98074,2.23011,1.50139,2.48826,2.89397,2.63951,2.54242,2.30077,3.44155,3.75395,2.45381,2.7174,1.39025,1.78901,1.65957,0.991347,2.67623,1.72965,1.11153,1.06335,1.92276,2.01027,1.68637,1.08587,1.19914,0.889017,2.17826,2.47783,2.88165,1.56519,11.2731,8.3335,21.1767,19.3487,14.6752,2.36604,3.2668
2015-06-19,3.76882,4.05419,2.88699,3.70019,5.41005,1.80299,3.0158,2.23935,1.5044,2.54455,2.90682,2.6662,2.55822,2.32938,3.51331,3.77198,2.45381,2.75573,1.39779,1.82311,1.6616,1.00788,2.66263,1.72377,1.11498,1.06005,1.92631,2.01269,1.69111,1.08865,1.19914,0.887653,2.19051,2.50743,2.91133,1.57126,11.6943,8.60685,21.9681,19.6377,14.8058,2.38661,3.30864
2015-06-26,3.75235,3.99963,2.88416,3.69304,5.34462,1.79951,2.9836,2.23527,1.49926,2.51945,2.87853,2.6258,2.56073,2.36546,3.51246,3.79314,2.45381,2.77595,1.39748,1.8321,1.66646,0.98617,2.64024,1.73303,1.11112,1.05766,1.91141,2.00614,1.68544,1.08946,1.19914,0.888313,2.12762,2.48792,2.9108,1.56319,11.5981,8.5529,21.7874,19.2242,14.6075,2.3754,3.28997
2015-07-03,3.76205,3.98777,2.87857,3.65907,5.30394,1.78295,2.94177,2.22905,1.49983,2.47095,2.88894,2.57193,2.55457,2.34866,3.48767,3.79686,2.45268,2.75495,1.37017,1.81711,1.6439,0.966435,2.60266,1.69819,1.10903,1.05644,1.89829,1.94386,1.64377,1.0895,1.19858,0.887057,2.11164,2.45506,2.88748,1.56418,11.361,8.39858,21.342,19.0723,14.4401,2.34699,3.25023
2015-07-10,3.75696,4.0196,2.8671,3.61483,5.22292,1.75376,2.88417,2.23636,1.49506,2.44575,2.90448,2.57383,2.55226,2.3259,3.47032,3.79565,2.46071,2.76009,1.35881,1.81313,1.62959,0.969148,2.61663,1.70838,1.10785,1.05602,1.90006,1.94012,1.61927,1.09117,1.19909,0.879332,2.08421,2.47663,2.91364,1.55938,11.4443,8.41975,21.4984,19.0797,14.3276,2.34891,3.24119
2015-07-17,3.77518,4.0325,2.8938,3.66085,5.23292,1.77268,2.87536,2.25781,1.50183,2.46368,2.94864,2.59875,2.57933,2.35125,3.48865,3.82444,2.46438,2.84327,1.37224,1.8511,1.65603,1.00071,2.72516,1.76189,1.10842,1.05602,1.90994,2.04579,1.6514,1.0977,1.19909,0.886658,2.10254,2.51341,3.00009,1.57607,11.889,8.62976,22.3338,19.9733,14.8811,2.40552,3.42004
2015-07-24,3.73636,3.99104,2.86094,3.61928,5.10674,1.75059,2.77881,2.20583,1.47739,2.44835,2.89703,2.53497,2.51672,2.31601,3.39035,3.81383,2.46438,2.82352,1.36056,1.8297,1.63076,0.985121,2.7143,1.73548,1.09702,1.04341,1.89975,1.99816,1.61484,1.09017,1.19993,0.852403,2.08611,2.47768,2.96448,1.55091,11.5759,8.49296,21.7457,19.4268,14.4214,2.3548,3.34507
2015-07-31,3.81576,4.08697,2.93111,3.69965,5.23709,1.7746,2.83057,2.23789,1.49862,2.46011,2.91251,2.53294,2.53881,2.32456,3.46401,3.83009,2.46438,2.80485,1.38201,1.81517,1.64534,0.993142,2.75816,1.73835,1.10915,1.05132,1.91159,1.99318,1.64365,1.08381,1.19162,0.848344,2.13334,2.49232,3.01894,1.56844,11.4581,8.42565,21.5243,19.3405,14.575,2.3831,3.37066
2015-08-07,3.83138,4.08098,2.90771,3.64119,5.15226,1.74975,2.8302,2.22439,1.49872,2.44391,2.84188,2.50512,2.47148,2.26836,3.41873,3.80906,2.43701,2.7802,1.37757,1.82549,1.6455,0.99366,2.77844,1.73705,1.0964,1.04533,1.90033,2.00185,1.62118,1.06633,1.17692,0.826054,2.0881,2.50695,3.01386,1.56038,11.3069,8.33451,21.2402,19.6986,14.8972,2.35423,3.32128
2015-08-14,3.86309,4.1185,2.96476,3.69947,5.29388,1.77761,2.86797,2.25644,1.50215,2.44585,2.88831,2.52408,2.50608,2.31023,3.47335,3.84065,2.44817,2.81512,1.39812,1.84726,1.68325,1.00687,2.79332,1.7389,1.09704,1.04757,1.9167,2.03927,1.62352,1.08263,1.17422,0.854017,2.10933,2.52126,3.061,1.56538,11.3707,8.37343,21.3602,20.0278,14.8522,2.37087,3.3273
2015-08-21,3.78931,4.02705,2.83892,3.56616,4.94571,1.7034,2.73676,2.198,1.48198,2.32631,2.83957,2.40488,2.36957,2.19613,3.32762,3.83967,2.44817,2.67474,1.33941,1.7768,1.62216,0.977049,2.68113,1.68327,1.0925,1.04835,1.89683,1.93671,1.51355,1.06759,1.17422,0.830723,1.99219,2.38495,2.90359,1.48114,10.5574,7.82308,19.8324,18.5054,13.6656,2.23966,3.08312
2015-08-28,3.78184,4.02326,2.85819,3.59575,5.00235,1.68498,2.69849,2.18508,1.57701,2.31666,2.82246,2.44444,2.35703,2.17812,3.34395,4.07966,2.59573,2.71408,1.30747,1.75604,1.56752,0.942331,2.67473,1.65236,1.14468,1.0864,2.05812,1.91544,1.47683,1.08846,1.18782,0.869454,1.99201,2.38231,2.95639,1.46054,11.1837,8.11369,21.0089,18.9846,14.1494,2.25608,3.18007
2015-09-04,3.78041,4.02181,2.87808,3.62425,4.92728,1.69729,2.70103,2.18036,1.57812,2.28224,2.81636,2.40276,2.3957,2.21952,3.36448,4.05248,2.59607,2.6634,1.29949,1.73814,1.56062,0.934824,2.61081,1.64049,1.11343,1.04561,2.03985,1.9121,1.4181,1.07995,1.17754,0.842895,1.92562,2.30629,2.88924,1.41787,10.8147,7.83186,20.2584,18.3962,13.6072,2.18034,3.0759
2015-09-11,3.76705,4.0076,2.94105,3.70354,5.00991,1.73443,2.71639,2.18754,1.57906,2.33579,2.82429,2.41145,2.48277,2.3057,3.43961,4.05148,2.59535,2.70696,1.3312,1.7752,1.59799,0.944698,2.6748,1.65435,1.11107,1.04561,2.07282,1.91052,1.47363,1.10767,1.18222,0.867266,1.97386,2.35898,2.96413,1.43727,11.399,8.13648,20.2584,18.3962,13.6072,2.22732,3.17857
2015-09-18,3.76705,4.0076,2.9493,3.71393,5.20393,1.7393,2.72139,2.19181,1.57906,2.3315,2.82368,2.41229,2.51722,2.32985,3.44553,4.05148,2.59535,2.7333,1.32297,1.75839,1.58698,0.938965,2.65523,1.64234,1.11176,1.04561,2.07282,1.90251,1.47449,1.10776,1.18222,0.864549,1.96354,2.38365,2.97832,1.43524,11.4709,8.19672,20.2584,18.3962,13.6072,2.22422,3.17966
2015-09-25,3.69282,3.92863,2.86086,3.60257,4.99707,1.68553,2.62079,2.19245,1.55331,2.28782,2.81182,2.39783,2.49622,2.29811,3.37999,3.97324,2.57946,2.68353,1.2934,1.72384,1.56137,0.926759,2.5746,1.59925,1.11045,1.04561,2.07215,1.85583,1.43575,1.09776,1.18222,0.792857,1.92074,2.35435,2.98285,1.43349,11.0788,7.9965,20.2584,18.3962,13.6072,2.19463,3.10632
2015-10-02,3.58646,3.86727,2.7804,3.56399,5.09046,1.62645,2.57803,2.14437,1.53859,2.30533,2.7808,2.4505,2.46855,2.25048,3.30195,3.95835,2.60136,2.74074,1.29037,1.73259,1.51832,0.929628,2.60327,1.59462,1.10993,1.04561,2.07181,1.87127,1.43588,1.10878,1.18222,0.810418,1.91814,2.38476,2.98683,1.4413,10.9572,7.98913,20.2584,18.3962,13.6072,2.2191,3.13922
2015-10-09,3.59215,3.86871,2.77803,3.55762,5.10024,1.62385,2.58639,2.14675,1.53859,2.32382,2.77591,2.49466,2.53021,2.27182,3.3248,3.92952,2.59433,2.79616,1.29508,1.73892,1.52092,0.956645,2.59028,1.59988,1.11126,1.04561,2.0808,1.91034,1.45379,1.10832,1.18222,0.834842,2.0213,2.47597,3.09175,1.4751,10.8739,8.03525,20.2584,18.3962,13.6072,2.29114,3.21527
2015-10-16,3.6244,3.93246,2.80033,3.62768,5.19041,1.63618,2.59165,2.13935,1.53713,2.30365,2.80816,2.53017,2.53467,2.24483,3.42687,3.96461,2.59178,2.82413,1.31054,1.77304,1.53995,0.974414,2.60038,1.60963,1.11579,1.04781,2.09784,1.88851,1.47173,1.1092,1.18072,0.839656,2.00765,2.48258,3.124,1.46496,10.8606,8.06382,20.2584,18.3962,13.6072,2.31321,3.26326
2015-10-23,3.62601,3.96848,2.8182,3.67556,5.23514,1.65763,2.63627,2.15761,1.54503,2.33908,2.82247,2.49979,2.59909,2.28809,3.46325,3.97174,2.5945,2.85501,1.34586,1.79137,1.57224,1.0102,2.68112,1.65323,1.09992,1.04598,2.09783,1.9442,1.47872,1.1173,1.17904,0.84628,2.0516,2.5183,3.19912,1.47241,10.7135,7.96998,20.2584,18.3962,13.6072,2.36146,3.40391
2015-10-30,3.60343,3.94363,2.79441,3.64441,5.18179,1.64358,2.64781,2.14053,1.54176,2.36659,2.81829,2.47297,2.63518,2.33711,3.44062,3.9768,2.59439,2.93402,1.35185,1.78643,1.55983,1.01686,2.65547,1.64599,1.09783,1.04598,2.10456,1.90287,1.46727,1.12727,1.17904,0.884627,2.04847,2.52746,3.21156,1.48405,11.1176,8.13552,20.2584,18.3962,13.6072,2.36624,3.42051
2015-11-06,3.64602,3.95524,2.80698,3.62934,5.18748,1.63679,2.70828,2.17204,1.53607,2.36299,2.82865,2.48165,2.64736,2.35288,3.39422,4.01864,2.59941,2.98209,1.36287,1.79424,1.59661,1.03395,2.65842,1.64598,1.12232,1.04589,2.14829,1.91692,1.46674,1.13737,1.18462,0.907824,2.10949,2.52174,3.2469,1.49649,11.1693,8.1958,20.2416,18.7624,13.6924,2.39026,3.46458
2015-11-13,3.53897,3.84161,2.73928,3.56477,5.03417,1.59816,2.6258,2.10597,1.51264,2.31912,2.75045,2.45747,2.57425,2.28693,3.3394,4.01311,2.60547,2.89802,1.33058,1.74911,1.53671,0.997224,2.59232,1.61856,1.10924,1.04001,2.11913,1.86425,1.42997,1.1267,1.18725,0.853443,2.02756,2.42935,3.07047,1.44131,10.8443,7.86062,19.6526,18.0555,13.3625,2.30491,3.31518
2015-11-20,3.6381,3.93743,2.79359,3.62373,5.20017,1.62904,2.66955,2.13908,1.54035,2.40173,2.78753,2.54868,2.64676,2.34317,3.41698,4.07977,2.60477,2.98113,1.39707,1.83489,1.59762,1.02085,2.6853,1.67212,1.10924,1.04001,2.12098,1.92675,1.47501,1.13055,1.18503,0.904765,2.09094,2.51444,3.11195,1.51016,11.5337,8.256,20.9021,18.8352,13.8452,2.38195,3.45522
2015-11-27,3.63484,3.93392,2.79621,3.62713,5.24583,1.63056,2.70217,2.14941,1.54,2.43555,2.76992,2.56218,2.67653,2.36393,3.41838,4.07977,2.60477,2.99502,1.40252,1.83505,1.63976,1.03459,2.70892,1.70762,1.1101,1.04094,2.13039,1.95385,1.48153,1.13503,1.18503,0.91423,2.09147,2.50398,3.12987,1.52112,11.8364,8.3982,21.4506,19.0216,13.988,2.38479,3.45009
2015-12-04,3.72683,4.03347,2.85645,3.7094,5.04311,1.66755,2.70164,2.17469,1.54863,2.41013,2.76504,2.55544,2.72539,2.39218,3.45303,4.09192,2.60477,2.99985,1.41077,1.82649,1.63729,1.03964,2.70764,1.72725,1.11143,1.03877,2.12417,1.95585,1.46974,1.12388,1.18503,0.863632,2.073,2.51869,3.0965,1.51815,11.8193,8.38259,21.4196,19.3622,14.4637,2.38548,3.47514
2015-12-11,3.68883,4.00538,2.77597,3.63427,4.94985,1.63363,2.65557,2.1679,1.5472,2.31403,2.69581,2.48074,2.64149,2.31883,3.38048,4.04788,2.60477,2.88727,1.35592,1.7516,1.57562,0.999902,2.59975,1.65355,1.10133,1.04002,2.08731,1.90612,1.41538,1.11072,1.18046,0.833628,1.97162,2.45764,2.9829,1.45074,11.2241,7.97979,20.341,18.5038,13.7817,2.29739,3.34385
2015-12-18,3.75323,4.08635,2.81259,3.68239,4.93697,1.65569,2.6682,2.20603,1.56384,2.36479,2.72459,2.47094,2.67174,2.35657,3.44092,4.07039,2.61166,2.88732,1.33519,1.71185,1.56945,0.982683,2.57983,1.62701,1.11423,1.05286,2.10381,1.86437,1.38268,1.13195,1.17897,0.837021,1.95812,2.44419,2.95069,1.45691,11.236,7.97687,20.3625,18.2408,13.7076,2.28978,3.325
2015-12-25,3.75335,4.09173,2.84346,3.7306,5.17482,1.67986,2.69974,2.21407,1.56432,2.40856,2.73673,2.52097,2.72205,2.40466,3.48684,4.11292,2.61166,2.96194,1.36712,1.76195,1.61008,1.00574,2.63941,1.65789,1.11308,1.05524,2.11058,1.91565,1.39338,1.13639,1.18162,0.863434,1.99375,2.50888,2.999,1.48534,11.3716,8.11219,20.6083,18.4461,13.986,2.35457,3.40855
2016-01-01,3.74907,4.0835,2.84643,3.73229,5.17417,1.68092,2.69237,2.21139,1.56341,2.41523,2.7393,2.51207,2.72274,2.39705,3.48423,4.10931,2.61166,2.93503,1.35393,1.74412,1.59867,1.00422,2.63402,1.64424,1.11309,1.05524,2.11296,1.90639,1.38936,1.13462,1.18162,0.850031,1.97349,2.48169,2.94346,1.4698,11.2706,8.04594,20.4252,18.355,13.7932,2.33385,3.38646
2016-01-08,3.53122,3.84951,2.68063,3.5149,4.80166,1.58038,2.5911,2.08567,1.50002,2.28248,2.57064,2.38876,2.55226,2.23656,3.27414,4.00746,2.60786,2.74664,1.31011,1.68173,1.53717,0.984472,2.57153,1.61215,1.10543,1.05524,2.11138,1.83908,1.3031,1.1105,1.18162,0.787139,1.84838,2.36907,2.82,1.4012,10.4816,7.5411,19.9655,17.9499,13.5104,2.19705,3.1488
2016-01-15,3.53848,3.87616,2.6559,3.56066,4.71956,1.57131,2.60916,2.08256,1.49079,2.21009,2.55576,2.35746,2.51789,2.21506,3.30654,3.87079,2.60683,2.71719,1.30006,1.68298,1.52754,0.978958,2.53396,1.58406,1.11006,1.05524,2.11159,1.79217,1.28798,1.08834,1.18171,0.757748,1.79088,2.32131,2.74254,1.36701,9.93234,7.16534,19.9655,17.9499,13.5104,2.15,3.05284
2016-01-22,3.60653,3.97838,2.75172,3.68504,4.86359,1.60267,2.62382,2.09423,1.48769,2.23718,2.56989,2.38141,2.52168,2.22839,3.39921,3.89309,2.60683,2.78223,1.30656,1.69345,1.53412,0.969743,2.55201,1.58421,1.11004,1.05524,2.12706,1.81111,1.30626,1.10676,1.17997,0.767059,1.76788,2.37853,2.88041,1.38405,10.0725,7.28365,19.9655,17.9499,13.5104,2.18102,3.14154
2016-01-29,3.62245,4.01061,2.76382,3.70766,4.83721,1.60874,2.63156,2.10445,1.48671,2.25124,2.61796,2.38657,2.56992,2.29235,3.40958,3.87211,2.59224,2.86053,1.33643,1.74332,1.56542,0.993978,2.61555,1.60873,1.09648,1.05524,2.11488,1.82801,1.35459,1.10057,1.17336,0.764874,1.75733,2.47445,2.93925,1.44293,9.99117,7.27088,19.9655,17.9499,13.5104,2.21765,3.15244
2016-02-05,3.59149,3.96383,2.63286,3.53925,4.72778,1.53572,2.53879,2.08298,1.48671,2.1441,2.59792,2.3488,2.47264,2.19909,3.2947,3.797,2.54878,2.75897,1.30742,1.74631,1.51235,1.01513,2.56991,1.58139,1.08472,1.04132,2.07359,1.82458,1.28988,1.06865,1.17084,0.725342,1.64725,2.35958,2.79587,1.36979,9.17386,6.692,19.9655,17.9499,13.5104,2.1516,2.97049
2016-02-12,3.56198,3.95904,2.60169,3.4881,4.72488,1.49199,2.4768,2.06258,1.50492,2.13716,2.63721,2.34285,2.51126,2.23479,3.30044,3.88481,2.58739,2.69041,1.29747,1.7205,1.48686,1.00608,2.53275,1.55465,1.08335,1.03841,2.09308,1.84959,1.2512,1.06431,1.17084,0.685408,1.59832,2.35545,2.75085,1.35162,9.11653,6.69343,19.9655,17.9499,13.5104,2.13649,2.96746
2016-02-19,3.59332,3.9889,2.64285,3.60001,4.86746,1.52409,2.51622,2.07986,1.51869,2.18416,2.68373,2.40827,2.55924,2.29257,3.40478,3.90955,2.59047,2.79731,1.3178,1.74859,1.51505,1.00916,2.58262,1.587,1.07952,1.03841,2.09606,1.90262,1.27696,1.07415,1.17084,0.722314,1.64636,2.45179,2.86131,1.36491,9.45088,6.94558,19.9655,17.9499,13.5104,2.19796,3.07675
2016-02-26,3.60726,4.00437,2.65821,3.62094,5.04453,1.53295,2.52768,2.08069,1.51869,2.19125,2.68622,2.41802,2.58826,2.31569,3.40576,3.91178,2.59047,2.82295,1.32939,1.74427,1.53452,1.02387,2.61924,1.60423,1.08282,1.03841,2.10312,1.94985,1.30086,1.07415,1.17084,0.777531,1.69156,2.50176,2.94364,1.37892,9.9224,7.18454,19.9655,17.9499,13.5104,2.23334,3.13125
2016-03-04,3.60514,4.00202,2.67391,3.64232,5.17485,1.542,2.54902,2.08069,1.51869,2.24028,2.68839,2.43272,2.6025,2.32613,3.43034,3.91178,2.59047,2.86386,1.34837,1.74522,1.55316,1.03954,2.59956,1.61157,1.08858,1.03841,2.09781,1.97319,1.31131,1.07187,1.17084,0.788304,1.71965,2.59531,3.00547,1.38755,10.152,7.31226,19.9655,17.9499,13.5104,2.29447,3.19906
2016-03-11,3.67898,4.08399,2.74262,3.73592,5.34126,1.58162,2.56858,2.12034,1.52402,2.29213,2.75314,2.4637,2.64051,2.35306,3.51502,3.93561,2.59047,2.90803,1.36653,1.77452,1.5816,1.06353,2.61736,1.63164,1.08912,1.03841,2.11176,1.97296,1.33379,1.07869,1.17505,0.812586,1.74417,2.5878,3.11841,1.3986,10.1498,7.35354,19.9655,17.9499,13.5104,2.32114,3.22388
2016-03-18,3.68128,4.08655,2.76568,3.76734,5.39282,1.59493,2.58323,2.12365,1.52173,2.30939,2.75717,2.47034,2.66365,2.38134,3.51357,3.92506,2.59047,2.91845,1.37471,1.78944,1.58596,1.08373,2.66839,1.64818,1.08912,1.03841,2.11192,1.99589,1.36489,1.07816,1.17385,0.81237,1.76116,2.65642,3.10147,1.40574,10.3152,7.53039,19.9655,17.9499,13.5104,2.35175,3.26017
2016-03-25,3.69743,4.10447,2.7771,3.77737,5.45239,1.59917,2.58486,2.13754,1.52433,2.3134,2.76939,2.47282,2.6436,2.36445,3.52568,3.92893,2.59047,2.91867,1.36538,1.77666,1.58243,1.06667,2.63186,1.64656,1.08835,1.03768,2.1155,1.96795,1.36117,1.08451,1.175,0.823698,1.75305,2.6313,3.08453,1.39876,10.3839,7.50619,19.9655,17.9499,13.5104,2.33726,3.25683
2016-04-01,3.74774,4.16031,2.84173,3.87005,5.59648,1.63841,2.64667,2.16325,1.53148,2.34541,2.82237,2.4994,2.69583,2.43065,3.59928,3.94947,2.59047,2.99238,1.39341,1.82171,1.61972,1.07943,2.68413,1.67999,1.08754,1.03691,2.12763,1.99737,1.39517,1.08938,1.17774,0.825969,1.80342,2.69016,3.168,1.44005,10.7972,7.76522,20.3591,18.1995,13.6799,2.38098,3.35096
2016-04-08,3.77351,4.18892,2.86713,3.90419,5.55937,1.65642,2.59908,2.1438,1.52763,2.32504,2.81886,2.48685,2.66347,2.40815,3.57719,3.95729,2.59047,3.03676,1.37511,1.80435,1.58687,1.06818,2.65062,1.65701,1.09371,1.03691,2.14848,1.98646,1.38947,1.08449,1.17774,0.839135,1.77744,2.66924,3.14955,1.44715,10.7269,7.70851,20.2265,18.1754,13.7495,2.35314,3.30966
2016-04-15,3.77302,4.24244,2.89024,3.95792,5.64705,1.67884,2.64928,2.14717,1.52072,2.3825,2.82904,2.50429,2.67615,2.423,3.64847,3.97448,2.59047,3.06402,1.38798,1.81079,1.57836,1.09108,2.65369,1.62783,1.096,1.03691,2.15633,1.98114,1.40242,1.0817,1.17774,0.822911,1.82829,2.69361,3.14845,1.4699,10.8143,7.74798,20.3914,18.1785,13.8756,2.39088,3.35946
2016-04-22,3.72634,4.18102,2.88149,3.91672,5.53947,1.66136,2.63353,2.13161,1.51128,2.36164,2.80541,2.51349,2.71755,2.452,3.58953,3.98075,2.59047,3.06427,1.36712,1.78777,1.5522,1.08897,2.65391,1.61055,1.11843,1.03691,2.20054,1.98275,1.40508,1.08668,1.17706,0.840935,1.83062,2.63012,3.12854,1.46268,10.5147,7.52567,19.8265,18.9949,14.2317,2.40457,3.30905
2016-04-29,3.67185,4.13321,2.81934,3.86996,5.45555,1.64153,2.63834,2.13502,1.51006,2.34173,2.80574,2.48846,2.70623,2.43718,3.55556,3.98048,2.58996,3.08375,1.37316,1.78287,1.57415,1.07577,2.69373,1.66631,1.10682,1.03472,2.16028,1.95127,1.38624,1.07414,1.17111,0.826426,1.81114,2.62438,3.08584,1.46528,10.3885,7.41145,19.5885,18.4976,14.7359,2.37419,3.21007
2016-05-06,3.62861,4.09437,2.7777,3.79739,5.3967,1.61393,2.63939,2.15365,1.52458,2.34694,2.79662,2.50127,2.65594,2.40079,3.51318,3.96011,2.57885,3.10041,1.34417,1.73676,1.53804,1.07744,2.71545,1.67701,1.09763,1.02968,2.15316,1.94823,1.3756,1.08357,1.16955,0.810568,1.79027,2.59129,3.05118,1.46852,10.7636,7.6304,20.2959,18.3782,13.9489,2.36717,3.20582
2016-05-13,3.66142,4.14269,2.80974,3.79208,5.31589,1.62921,2.61977,2.14606,1.52839,2.35266,2.7481,2.52238,2.64683,2.37748,3.48886,3.99092,2.57617,3.09178,1.3372,1.74673,1.5112,1.0741,2.67838,1.68143,1.09965,1.02968,2.17926,1.96618,1.38557,1.08615,1.16206,0.797396,1.76801,2.58356,3.01188,1.46792,11.1057,7.77987,20.9409,18.0747,13.7309,2.35613,3.20339
2016-05-20,3.64666,4.12675,2.88163,3.91493,5.44877,1.67174,2.63329,2.14749,1.52069,2.33377,2.77317,2.52759,2.75316,2.45742,3.59091,4.05701,2.57617,3.03115,1.333,1.75022,1.50649,1.06917,2.68431,1.64145,1.09663,1.02695,2.20508,1.9572,1.37767,1.11877,1.17044,0.817028,1.79368,2.57284,3.04356,1.45842,10.8842,7.62793,20.5233,17.9627,14.1067,2.36453,3.23284
2016-05-27,3.66697,4.15802,2.93144,3.9744,5.55044,1.69801,2.64902,2.16177,1.52991,2.34684,2.78903,2.59945,2.81344,2.52446,3.62292,4.06941,2.57617,3.05703,1.34236,1.78595,1.51289,1.06126,2.74811,1.67758,1.10998,1.03318,2.21399,2.01508,1.41113,1.11487,1.1797,0.820194,1.8453,2.65946,3.12971,1.47891,11.107,7.79122,20.9433,18.8423,14.6019,2.41918,3.34397
2016-06-03,3.65843,4.14541,2.94653,3.99521,5.6018,1.7069,2.65227,2.17579,1.52861,2.35384,2.80979,2.61025,2.81359,2.54298,3.62759,4.10026,2.57617,3.12407,1.36269,1.80169,1.53773,1.06428,2.78314,1.69372,1.11664,1.03293,2.21844,2.02987,1.42646,1.11487,1.1797,0.826754,1.83975,2.6922,3.1379,1.47601,11.04,7.80115,20.8169,19.2345,14.6338,2.41964,3.34185
2016-06-10,3.6781,4.16426,2.95214,3.99354,5.50384,1.70619,2.65467,2.17637,1.53622,2.38746,2.82216,2.58704,2.75837,2.45484,3.61622,4.11052,2.57617,3.12736,1.36494,1.80334,1.53858,1.07427,2.74808,1.68675,1.10165,1.03207,2.17741,2.02185,1.41206,1.09977,1.1797,0.811741,1.85143,2.67098,3.14896,1.46493,11.0441,7.83899,20.8247,19.1073,14.1053,2.41723,3.30784
2016-06-17,3.68452,4.16509,2.91561,3.94158,5.44123,1.68917,2.6264,2.17132,1.54113,2.36828,2.7931,2.61672,2.73465,2.43517,3.58725,4.14942,2.56807,3.09248,1.35341,1.80103,1.52787,1.06187,2.70945,1.6725,1.10021,1.03207,2.15911,2.01202,1.38928,1.1072,1.17599,0.809544,1.82525,2.62692,3.12991,1.45352,11.2119,7.87695,21.1412,19.7134,14.6408,2.38874,3.24206
2016-06-24,3.70089,4.19359,2.9038,3.94476,5.39468,1.69287,2.59647,2.15705,1.55353,2.35807,2.81647,2.58206,2.67528,2.37371,3.57549,4.18961,2.56881,3.07032,1.34377,1.7857,1.52412,1.05014,2.64361,1.6728,1.09912,1.03207,2.16082,1.94369,1.37839,1.09709,1.17633,0.803054,1.76503,2.57513,3.07611,1.44054,11.0712,7.82986,20.8758,19.0884,14.3117,2.3508,3.17508
2016-07-01,3.77809,4.28107,2.97243,4.04868,5.57401,1.73744,2.62175,2.16806,1.55353,2.37975,2.82022,2.69604,2.73967,2.4339,3.65393,4.33802,2.60714,3.20819,1.39548,1.81766,1.57539,1.08577,2.72843,1.69913,1.15835,1.06528,2.23887,2.00298,1.44186,1.13964,1.20177,0.828646,1.81299,2.67408,3.16928,1.5023,11.4652,8.13269,21.6187,19.9785,14.753,2.42806,3.29047
2016-07-08,3.78351,4.28722,3.00524,4.08082,5.69273,1.75123,2.68519,2.17547,1.55353,2.44993,2.82962,2.7191,2.77253,2.47895,3.66408,4.33506,2.60528,3.28898,1.41065,1.83547,1.60124,1.09852,2.75846,1.70968,1.14798,1.05641,2.25109,2.00468,1.44435,1.13972,1.19144,0.8543,1.83728,2.71017,3.21195,1.5225,11.752,8.29895,22.1596,20.1211,15.0965,2.45964,3.35805
2016-07-15,3.77796,4.28092,2.98945,4.05938,5.71027,1.74203,2.67314,2.17865,1.55315,2.46743,2.84541,2.74937,2.76931,2.4633,3.64358,4.33506,2.60528,3.29542,1.40838,1.82737,1.58577,1.09196,2.73802,1.68771,1.14971,1.05641,2.25751,1.99605,1.44635,1.16338,1.19144,0.898406,1.87519,2.74546,3.21035,1.54257,11.8593,8.31528,22.3619,20.6595,15.4159,2.49642,3.40372
2016-07-22,3.80774,4.31467,2.99543,4.07762,5.7469,1.74986,2.67676,2.2044,1.56872,2.50869,2.8582,2.75197,2.79145,2.49926,3.67759,4.33924,2.60528,3.34175,1.41284,1.83874,1.59258,1.09159,2.74644,1.68784,1.14769,1.05641,2.2669,2.04689,1.45553,1.17461,1.19144,0.90671,1.88656,2.79382,3.21733,1.5415,12.1476,8.45086,22.9055,20.8516,15.5502,2.51273,3.46004
2016-07-29,3.80913,4.34419,3.002,4.08156,5.79215,1.75155,2.68709,2.20101,1.56414,2.50714,2.8486,2.76188,2.76025,2.51714,3.69888,4.3607,2.60528,3.42281,1.42419,1.79743,1.61939,1.11398,2.77291,1.65922,1.14901,1.0525,2.26508,2.10414,1.44355,1.17717,1.1945,0.918083,1.89279,2.77362,3.18757,1.53281,12.4006,8.5166,23.3825,21.3636,15.9144,2.51134,3.50815
2016-08-05,3.82711,4.37846,3.05538,4.12361,5.86994,1.75004,2.66653,2.17062,1.56211,2.48983,2.8538,2.77793,2.75051,2.51723,3.71286,4.48463,2.60528,3.39348,1.42703,1.80018,1.61044,1.11086,2.77136,1.66636,1.13775,1.04711,2.27382,2.07433,1.44215,1.21508,1.19145,0.940474,1.86557,2.69859,3.22875,1.4916,12.1233,8.36187,22.8596,21.4365,15.8575,2.5236,3.55534
2016-08-12,3.80002,4.34027,3.04884,4.09088,5.83501,1.73447,2.65581,2.15393,1.54648,2.50949,2.86399,2.77354,2.74328,2.50219,3.68547,4.45945,2.60528,3.40904,1.43932,1.8025,1.6214,1.11709,2.79274,1.6792,1.14062,1.04228,2.26565,2.10365,1.42405,1.21319,1.18869,0.907787,1.84179,2.70087,3.2173,1.49731,12.2808,8.37601,23.1567,21.7582,16.042,2.52684,3.56812
2016-08-19,3.79835,4.33269,3.04377,4.08536,5.79021,1.73348,2.63193,2.16169,1.54316,2.50974,2.86672,2.77914,2.77538,2.51256,3.69889,4.46529,2.60528,3.41534,1.46596,1.83029,1.64905,1.13842,2.84226,1.69171,1.14651,1.04576,2.28749,2.11203,1.41879,1.21907,1.19078,0.9074,1.88244,2.69591,3.18898,1.50325,12.2774,8.40866,23.1502,22.2306,16.5919,2.52777,3.56995
2016-08-26,3.7909,4.30707,2.9783,4.01982,5.78438,1.7017,2.64923,2.1854,1.53973,2.54506,2.90348,2.7326,2.76265,2.51224,3.61793,4.43557,2.60528,3.3508,1.45687,1.81019,1.60972,1.13698,2.79324,1.6848,1.14844,1.04527,2.30387,2.10306,1.41787,1.20953,1.18731,0.897266,1.88442,2.7109,3.14643,1.5021,12.0603,8.2321,22.7408,21.7023,16.6436,2.51331,3.55534
2016-09-02,3.71531,4.344,2.9646,4.02472,5.71479,1.70288,2.6879,2.1862,1.54595,2.56244,2.91395,2.74444,2.72331,2.48064,3.66132,4.45792,2.60528,3.37105,1.47501,1.81707,1.62431,1.15322,2.83398,1.70954,1.14901,1.04608,2.29593,2.12538,1.43717,1.19391,1.18369,0.888662,1.91591,2.73663,3.22681,1.52683,12.087,8.2934,22.7911,21.7572,16.7607,2.5258,3.56569
2016-09-09,3.55808,4.17875,2.84031,3.84086,5.51991,1.6286,2.59772,2.12267,1.52885,2.45287,2.76488,2.65458,2.65244,2.43069,3.54276,4.35015,2.57672,3.30196,1.44129,1.76925,1.59822,1.12626,2.76511,1.67078,1.1468,1.04577,2.25192,2.08215,1.39343,1.18521,1.16899,0.880151,1.86493,2.66135,3.12563,1.47325,11.368,7.93626,21.4354,20.8425,16.2498,2.46693,3.47922
2016-09-16,3.59824,4.23861,2.85561,3.94689,5.60008,1.65282,2.59376,2.12284,1.54266,2.49411,2.79224,2.66918,2.68427,2.45789,3.62009,4.43982,2.58798,3.32576,1.45931,1.78605,1.61573,1.12618,2.82106,1.69184,1.1484,1.04577,2.27382,2.08866,1.40582,1.19531,1.17323,0.896485,1.85904,2.6672,3.11471,1.46243,11.4972,7.99223,21.6791,20.8192,16.6616,2.48043,3.57981
2016-09-23,3.61052,4.24354,2.88637,4.00806,5.66415,1.67752,2.62953,2.11966,1.54363,2.53724,2.8002,2.7337,2.75449,2.51693,3.67357,4.44671,2.58798,3.38528,1.45454,1.77532,1.625,1.1316,2.85843,1.70461,1.14846,1.04444,2.26468,2.10939,1.43003,1.19618,1.17548,0.895638,1.88882,2.72532,3.23236,1.48171,11.868,8.19618,22.3782,21.4694,17.1469,2.51089,3.61155
2016-09-30,3.63168,4.2684,2.85127,3.96797,5.58416,1.66074,2.65177,2.11796,1.53169,2.58353,2.80896,2.73925,2.73729,2.49861,3.68813,4.48799,2.59118,3.36643,1.45416,1.78142,1.61143,1.14141,2.89227,1.72495,1.14846,1.04444,2.26453,2.13356,1.41659,1.21553,1.17548,0.913055,1.89766,2.72913,3.25654,1.50647,12.0595,8.21908,22.7393,22.0415,17.2513,2.5145,3.62345
2016-10-07,3.53094,4.17241,2.74428,3.83966,5.51555,1.59792,2.5624,2.03006,1.47364,2.52172,2.74276,2.73687,2.66181,2.41933,3.61127,4.3803,2.55677,3.26688,1.45191,1.78459,1.61293,1.14092,2.89334,1.73952,1.14458,1.04444,2.23066,2.10224,1.38004,1.20319,1.16249,0.906327,1.86829,2.6802,3.22468,1.48532,11.7095,7.99421,22.0794,21.7544,17.1569,2.49985,3.61582
2016-10-14,3.44629,4.09282,2.70242,3.81031,5.49966,1.58944,2.46132,1.99579,1.47877,2.47406,2.71381,2.73083,2.64271,2.40199,3.55864,4.38877,2.57052,3.24245,1.40422,1.73164,1.56739,1.12007,2.84456,1.68921,1.14043,1.04096,2.23708,2.05073,1.35613,1.20961,1.17155,0.920484,1.85921,2.66587,3.23534,1.4775,11.2554,7.83186,21.2232,21.0024,16.4332,2.47753,3.57523
2016-10-21,3.50794,4.1856,2.70594,3.78315,5.51914,1.59031,2.47241,2.02115,1.49027,2.49639,2.7354,2.75119,2.63769,2.38876,3.56268,4.3765,2.57034,3.24537,1.43365,1.77009,1.58239,1.11495,2.84574,1.68133,1.13553,1.03871,2.22292,2.08423,1.35793,1.20891,1.17293,0.926486,1.85376,2.68089,3.23609,1.47631,11.4952,7.93607,21.6753,21.3179,16.6686,2.48753,3.60606
2016-10-28,3.47402,4.14664,2.66261,3.73382,5.46948,1.5696,2.44522,2.02789,1.47894,2.46876,2.69626,2.67454,2.56449,2.33165,3.52032,4.36165,2.57034,3.10548,1.37899,1.73257,1.54551,1.13885,2.78282,1.6353,1.1541,1.05522,2.21772,2.04104,1.34022,1.20775,1.16832,0.937906,1.86242,2.65697,3.23041,1.4578,11.4624,7.83488,21.6135,21.085,16.3537,2.47079,3.57401
2016-11-04,3.42264,4.08429,2.6061,3.66493,5.41281,1.55003,2.43951,2.0044,1.46157,2.42339,2.69014,2.60764,2.53747,2.3104,3.45996,4.31199,2.5729,3.01972,1.35036,1.70499,1.53492,1.1271,2.72884,1.59787,1.14375,1.0566,2.16522,2.02793,1.32245,1.21044,1.1694,0.923748,1.84012,2.6441,3.20265,1.41053,11.1618,7.62662,21.0466,19.965,15.6752,2.4244,3.46871
2016-11-11,3.50576,4.12528,2.66481,3.70994,5.45623,1.60798,2.48554,2.05464,1.49764,2.47712,2.78256,2.63149,2.5541,2.35862,3.53751,4.38867,2.59308,3.04379,1.34719,1.74779,1.57921,1.19581,2.82477,1.69346,1.14121,1.05489,2.17009,2.05636,1.3552,1.2206,1.17608,0.962127,1.91152,2.75354,3.34318,1.49166,11.465,7.91922,21.6183,21.931,16.9212,2.51589,3.53433
2016-11-18,3.57683,4.21661,2.71199,3.77563,5.58524,1.63645,2.49852,2.06009,1.49509,2.53079,2.82894,2.68213,2.57545,2.36891,3.61002,4.4822,2.60542,3.05776,1.36832,1.79484,1.59352,1.24048,2.87631,1.70865,1.17805,1.05907,2.20856,2.13507,1.39332,1.26852,1.21121,1.00795,1.93988,2.79402,3.4008,1.51843,12.4005,8.29271,23.3823,23.4284,18.0212,2.54007,3.58072
2016-11-25,3.61886,4.26617,2.76858,3.8544,5.68152,1.6706,2.53405,2.08542,1.50025,2.60446,2.91474,2.70132,2.61969,2.40423,3.67782,4.50444,2.60542,3.08523,1.38465,1.82496,1.61391,1.26878,2.90054,1.74173,1.19819,1.0615,2.2431,2.16508,1.42813,1.27226,1.21121,1.02786,1.97556,2.84651,3.47927,1.5314,12.3682,8.35348,23.3215,23.5925,18.1576,2.57518,3.6259
2016-12-02,3.69289,4.34487,2.78139,3.87028,5.64799,1.67781,2.51739,2.06309,1.50115,2.50498,2.84039,2.71845,2.61779,2.37054,3.71533,4.62202,2.61855,3.0597,1.31631,1.75725,1.59253,1.23949,2.83064,1.75794,1.1918,1.05901,2.25184,2.09073,1.38579,1.29464,1.21121,1.0336,1.94127,2.77926,3.49954,1.50521,11.9299,8.13193,22.495,22.8942,18.0227,2.55379,3.53128
2016-12-09,3.77987,4.44374,2.83006,3.93597,5.77282,1.70301,2.57424,2.09661,1.5277,2.56761,2.90126,2.75026,2.6294,2.42697,3.77602,4.77657,2.61822,3.13476,1.33904,1.81746,1.65688,1.28089,2.88487,1.79061,1.22037,1.07124,2.31234,2.14352,1.44697,1.35122,1.19831,1.05582,2.05175,2.87999,3.62394,1.56577,12.59,8.44205,23.7397,24.5516,18.897,2.63319,3.64726
2016-12-16,3.70114,4.36435,2.79739,3.90708,5.66926,1.68441,2.56205,2.04349,1.51849,2.53905,2.83976,2.74171,2.61805,2.41848,3.73415,4.82699,2.63832,3.08737,1.32152,1.80598,1.63163,1.25367,2.86217,1.77121,1.21841,1.07154,2.31221,2.10169,1.4395,1.35825,1.20294,1.04808,2.03969,2.89177,3.58329,1.54626,12.5635,8.40545,23.6897,24.4613,18.5577,2.63152,3.66111
2016-12-23,3.72807,4.39358,2.81297,3.92696,5.69336,1.69538,2.60322,2.07146,1.54015,2.55123,2.89437,2.73791,2.62116,2.43189,3.76561,4.89945,2.64562,3.10179,1.34087,1.81413,1.62694,1.25382,2.88111,1.77059,1.21927,1.07241,2.3202,2.11524,1.45585,1.36181,1.20294,1.04765,2.02921,2.86115,3.60153,1.56109,12.8941,8.4973,24.313,25.3917,18.8804,2.63935,3.67947
2016-12-30,3.65911,4.33639,2.77345,3.87912,5.65291,1.67329,2.57889,2.02848,1.52624,2.51949,2.86057,2.71149,2.58262,2.39998,3.6956,4.89197,2.64562,3.06305,1.29899,1.7906,1.6002,1.22826,2.83976,1.75066,1.21952,1.07241,2.31989,2.08864,1.44047,1.36792,1.20294,1.04992,2.01087,2.80199,3.5679,1.54701,12.6808,8.3693,23.9109,24.7591,18.4879,2.61386,3.62682
2017-01-06,3.72813,4.42399,2.80008,3.90893,5.78237,1.68804,2.59235,2.0628,1.53767,2.53744,2.90505,2.74156,2.61225,2.45886,3.73055,4.87937,2.64562,3.09735,1.32404,1.81062,1.6081,1.24844,2.83921,1.74751,1.21952,1.07241,2.31826,2.08813,1.46262,1.36792,1.20294,1.05704,2.04604,2.88407,3.62782,1.55717,12.9508,8.51492,24.42,24.8667,18.5473,2.65689,3.73243
2017-01-13,3.70217,4.41466,2.75579,3.85149,5.77504,1.6711,2.59957,2.05698,1.54115,2.55279,2.91646,2.77043,2.60425,2.44976,3.70731,4.88913,2.64539,3.09132,1.31598,1.79856,1.59585,1.23355,2.82037,1.7573,1.21952,1.07241,2.31783,2.08302,1.47399,1.3678,1.20284,1.06312,2.04304,2.88951,3.6058,1.56882,12.8603,8.53432,24.2492,24.9628,18.5116,2.65502,3.77008
2017-01-20,3.71868,4.43936,2.75027,3.88558,5.72472,1.68134,2.6002,2.06404,1.55025,2.53927,2.9278,2.77295,2.59583,2.43848,3.7368,4.90396,2.65342,3.09143,1.31841,1.79659,1.59796,1.22584,2.79697,1.74292,1.22084,1.07141,2.33892,2.06802,1.46814,1.3832,1.20435,1.07012,2.05569,2.92013,3.62099,1.56043,12.8369,8.54595,24.2052,24.5062,18.1781,2.6514,3.77284
2017-01-27,3.7327,4.44232,2.76213,3.89117,5.70625,1.6834,2.63993,2.08416,1.56461,2.51915,2.98515,2.82843,2.59008,2.42517,3.7732,4.96963,2.6618,3.15909,1.35883,1.82501,1.64318,1.24712,2.81091,1.7774,1.2438,1.07155,2.37757,2.09679,1.49186,1.42855,1.21191,1.09449,2.07805,2.9392,3.6745,1.57672,13.1477,8.87216,24.7912,25.3849,19.0264,2.67747,3.8509
2017-02-03,3.75285,4.46548,2.76752,3.89947,5.71538,1.68842,2.69626,2.12046,1.56623,2.51373,3.02046,2.84973,2.58393,2.42855,3.79641,4.96462,2.6618,3.11321,1.36852,1.84943,1.67119,1.23749,2.82709,1.78804,1.25265,1.07758,2.39318,2.10407,1.53479,1.40945,1.21082,1.08099,2.08817,2.9376,3.68826,1.58011,13.4215,9.00097,25.3075,25.4894,19.0956,2.6818,3.84722
2017-02-10,3.80568,4.53945,2.80308,3.96732,5.83894,1.71923,2.7124,2.13564,1.55584,2.52513,3.03717,2.89513,2.60692,2.45093,3.81707,4.9567,2.6618,3.14457,1.40354,1.84998,1.67542,1.2466,2.88369,1.79364,1.26194,1.07972,2.40503,2.16555,1.54217,1.41683,1.21098,1.10319,2.08997,2.94099,3.76104,1.59404,13.8704,9.18278,26.154,25.5435,19.3114,2.70717,3.89926
2017-02-17,3.83401,4.57298,2.83612,4.00979,5.88249,1.73657,2.74558,2.15498,1.56391,2.59571,3.10318,2.94876,2.63696,2.47949,3.87145,4.98023,2.6618,3.16767,1.39308,1.88836,1.69346,1.25151,2.93502,1.81652,1.26855,1.0819,2.42115,2.21937,1.57165,1.44193,1.21515,1.1188,2.09603,3.00002,3.80173,1.6316,13.6496,9.16091,25.7376,25.4177,19.2477,2.74904,3.97365
2017-02-24,3.80189,4.54924,2.80257,4.00518,5.87817,1.72707,2.67978,2.12246,1.56051,2.57097,3.11883,2.98622,2.58614,2.43427,3.87746,4.94615,2.65228,3.18488,1.39031,1.89107,1.72763,1.2661,2.95616,1.83422,1.27275,1.08153,2.42875,2.22351,1.58772,1.44236,1.21723,1.13139,2.07868,3.01749,3.78533,1.6106,13.2862,9.02495,25.0525,24.875,18.7816,2.76833,3.98742
2017-03-03,3.85997,4.62859,2.86639,4.09002,5.96099,1.76274,2.71939,2.12817,1.55799,2.61736,3.13694,3.05297,2.59918,2.45928,3.94474,5.0371,2.66846,3.21183,1.38583,1.88552,1.72623,1.26638,2.9781,1.85788,1.28305,1.08493,2.48231,2.21324,1.60447,1.45345,1.22206,1.11528,2.08003,2.99978,3.85133,1.60866,13.4416,9.13805,25.3455,24.8765,19.0124,2.78798,4.01069
2017-03-10,3.80436,4.57816,2.81097,3.98464,5.81137,1.71699,2.68645,2.11825,1.55301,2.57631,3.10463,3.02297,2.57979,2.43299,3.89752,5.01326,2.67845,3.2213,1.37581,1.90038,1.72048,1.255,2.9689,1.86134,1.27607,1.08276,2.46086,2.1993,1.60173,1.44823,1.2185,1.11572,2.04788,3.00272,3.84027,1.59362,13.1511,8.97333,24.7977,24.3715,19.0198,2.77944,4.02201
2017-03-17,3.83641,4.63002,2.79273,3.98043,5.83243,1.71095,2.6924,2.13532,1.56258,2.6485,3.16709,3.03727,2.58842,2.42571,3.90987,5.02139,2.6845,3.2427,1.40192,1.91443,1.73595,1.28713,3.00504,1.89299,1.28006,1.08371,2.46246,2.23046,1.59982,1.44666,1.21718,1.11698,2.07138,3.04746,3.87315,1.60837,13.4009,9.07352,25.2687,24.1605,19.3708,2.78378,4.03958
2017-03-24,3.65307,4.46113,2.70503,3.88564,5.69316,1.66722,2.66667,2.14136,1.55449,2.60713,3.14945,2.97788,2.53322,2.32566,3.77888,5.08029,2.6845,3.16888,1.38615,1.89263,1.71206,1.27648,2.94415,1.85618,1.27638,1.08129,2.4551,2.18777,1.58845,1.45213,1.21718,1.11469,2.04832,3.03991,3.83507,1.59529,13.538,8.99574,25.5273,24.1659,19.3599,2.74655,4.00707
2017-03-31,3.67235,4.49008,2.72276,3.90459,5.70585,1.6648,2.66424,2.13663,1.54891,2.60907,3.13315,3.01702,2.51012,2.29142,3.77291,5.08228,2.6845,3.19475,1.3995,1.89746,1.71938,1.30152,2.97518,1.86693,1.2981,1.08062,2.49005,2.19162,1.59248,1.46452,1.21718,1.12766,2.04548,3.05986,3.83006,1.59798,13.9658,9.21927,26.3338,24.5697,19.7756,2.76863,4.06075
2017-04-07,3.64616,4.46405,2.72704,3.8801,5.7006,1.65718,2.63567,2.12958,1.53865,2.59624,3.10229,2.97127,2.49192,2.28284,3.76006,5.04502,2.67157,3.17667,1.39018,1.89498,1.73049,1.28493,2.9403,1.85322,1.28669,1.08062,2.48444,2.18003,1.57837,1.46752,1.21718,1.13185,2.03075,3.01494,3.79836,1.5861,13.7676,9.16124,25.96,23.9312,19.7118,2.76229,4.04817
2017-04-14,3.57357,4.39286,2.68128,3.79774,5.59337,1.61211,2.6022,2.12259,1.53537,2.55461,3.08228,2.94498,2.47532,2.26943,3.71208,4.92528,2.66032,3.13823,1.35912,1.86863,1.72088,1.2809,2.92884,1.82766,1.28669,1.08062,2.45314,2.17093,1.56338,1.44846,1.2146,1.11388,2.00739,2.96702,3.77745,1.57023,13.3453,8.93566,25.1638,23.1821,19.4515,2.7307,4.00001
2017-04-21,3.55143,4.37372,2.66997,3.83271,5.58263,1.6169,2.62563,2.13726,1.54678,2.62043,3.12005,2.97648,2.4857,2.27741,3.74415,4.96904,2.66134,3.19664,1.39566,1.90444,1.7215,1.28258,2.95405,1.85447,1.28099,1.07867,2.45457,2.1958,1.5797,1.45017,1.2126,1.11856,2.04515,3.05353,3.82348,1.59272,13.4664,9.05218,25.3922,23.8006,19.4928,2.75513,4.06627
2017-04-28,3.54683,4.36342,2.66808,3.83892,5.63474,1.61861,2.6333,2.15068,1.54511,2.61765,3.15041,3.03406,2.52236,2.31599,3.79426,4.9767,2.66442,3.21553,1.41724,1.92579,1.73123,1.29732,3.01062,1.88534,1.28816,1.08288,2.49218,2.24351,1.61411,1.44731,1.21086,1.11508,2.08584,3.0764,3.84424,1.60603,13.6769,9.24535,25.7891,24.0395,19.8705,2.79611,4.17148
2017-05-05,3.60464,4.4204,2.71162,3.87163,5.68879,1.62954,2.68855,2.17371,1.5631,2.65761,3.18051,3.01025,2.5326,2.31577,3.81795,5.0228,2.66514,3.23491,1.45875,1.94881,1.74076,1.29763,3.03815,1.88956,1.29658,1.08177,2.50987,2.27167,1.62935,1.45313,1.22117,1.12909,2.11382,3.10602,3.87517,1.62121,13.7683,9.38976,25.9615,23.878,20.0406,2.81514,4.21903
2017-05-12,3.55991,4.40026,2.69071,3.8736,5.6913,1.62895,2.67978,2.16934,1.5599,2.66056,3.15108,3.03406,2.49404,2.27674,3.77342,5.07401,2.67141,3.18188,1.45206,1.94471,1.71737,1.30259,3.04626,1.88546,1.30023,1.07993,2.50672,2.29827,1.60423,1.44912,1.22429,1.11706,2.10381,3.07878,3.85087,1.59565,14.5495,9.66313,27.4346,24.5602,20.5967,2.80668,4.25155
2017-05-19,3.57333,4.41316,2.68919,3.88461,5.73965,1.6353,2.66058,2.16158,1.57563,2.64301,3.17105,3.0905,2.52849,2.30817,3.77636,5.08078,2.68148,3.16773,1.4221,1.96109,1.69253,1.30148,3.07258,1.88589,1.288,1.0691,2.5352,2.27571,1.64271,1.47752,1.2289,1.13553,2.10172,3.09408,3.79423,1.58657,14.7918,9.59983,27.8914,24.0694,20.3003,2.79882,4.22823
2017-05-26,3.63417,4.5264,2.75363,4.01843,5.92222,1.69164,2.70624,2.17805,1.57639,2.7081,3.22203,3.10461,2.59013,2.37586,3.84452,5.13743,2.67152,3.19701,1.45346,1.99922,1.71362,1.32737,3.12373,1.93104,1.30546,1.08037,2.59377,2.33084,1.66997,1.52013,1.22439,1.18784,2.10295,3.20003,3.85545,1.60042,15.4394,9.9511,29.1125,25.1557,20.7278,2.83875,4.33191
2017-06-02,3.63836,4.53166,2.7637,4.03213,5.96025,1.69741,2.72152,2.18636,1.5787,2.76404,3.26852,3.12715,2.59466,2.40458,3.86026,5.13946,2.67017,3.24257,1.47771,2.03768,1.73075,1.35345,3.2025,1.96788,1.29931,1.07652,2.62458,2.36179,1.71248,1.52058,1.22439,1.18978,2.13707,3.25111,3.91841,1.62789,15.5787,10.0322,29.3751,25.9716,21.4122,2.86764,4.40063
2017-06-09,3.68019,4.57772,2.77874,4.04769,6.01691,1.70396,2.72859,2.1915,1.58092,2.73478,3.24686,3.08667,2.57545,2.37036,3.91133,5.14682,2.67017,3.24566,1.47478,2.02635,1.69901,1.3492,3.11617,1.93516,1.29871,1.07652,2.62517,2.32141,1.72287,1.51103,1.22439,1.19312,2.12495,3.23068,3.88169,1.61894,15.4764,9.92821,29.1822,25.2491,20.6588,2.85871,4.29388
2017-06-16,3.70487,4.60758,2.7785,4.03723,6.0711,1.69956,2.73354,2.24159,1.59435,2.73414,3.29523,3.0864,2.58089,2.35917,3.92267,5.15779,2.66839,3.31605,1.46808,2.01181,1.70681,1.34808,3.11605,1.91506,1.28873,1.07652,2.60446,2.30374,1.71738,1.51448,1.22439,1.19327,2.18067,3.24815,3.91909,1.63278,15.2613,9.80597,28.7766,25.0822,20.2333,2.86357,4.24929
2017-06-23,3.69668,4.5837,2.7905,4.0509,6.04718,1.70531,2.7364,2.25122,1.60301,2.71105,3.38967,3.11971,2.58258,2.36478,3.9092,5.22716,2.67237,3.29961,1.45283,2.00566,1.71644,1.37104,3.09855,1.91,1.30751,1.0757,2.60688,2.3164,1.73362,1.51319,1.22439,1.17791,2.16414,3.23811,3.97375,1.61241,16.1808,10.1587,30.5104,25.9259,21.2727,2.86935,4.34433
2017-06-30,3.72466,4.63368,2.78353,4.06389,6.04241,1.71078,2.69615,2.24757,1.60429,2.72093,3.39076,3.0603,2.55684,2.33827,3.92805,5.22841,2.67033,3.30993,1.46515,1.99048,1.67601,1.34565,3.07039,1.91026,1.30763,1.0758,2.61691,2.27376,1.75645,1.50555,1.22439,1.1727,2.16041,3.23809,3.94076,1.61626,15.283,9.60807,28.8175,24.7268,20.088,2.85365,4.2336
2017-07-07,3.72032,4.61894,2.80551,4.07634,6.0109,1.71161,2.71045,2.26765,1.61663,2.7242,3.37175,3.04331,2.5459,2.33611,3.92739,5.24771,2.67959,3.31619,1.48541,2.00539,1.67625,1.35373,3.0885,1.91344,1.30763,1.0758,2.61393,2.27015,1.7686,1.50394,1.22439,1.16261,2.17156,3.24479,3.92598,1.63241,15.6073,9.77705,29.4291,24.7224,19.9096,2.85731,4.23729
2017-07-14,3.77854,4.68176,2.81765,4.10625,6.00324,1.73238,2.73062,2.32614,1.65106,2.77355,3.55048,3.0471,2.58609,2.36781,3.97209,5.29248,2.69413,3.33212,1.48284,1.99972,1.70075,1.36987,3.16275,1.93026,1.30887,1.0758,2.63633,2.31564,1.76951,1.52121,1.22439,1.17815,2.21303,3.26184,3.96043,1.65268,16.434,10.212,30.9879,25.6513,21.1449,2.89803,4.3714
2017-07-21,3.79474,4.70686,2.83517,4.1472,6.07868,1.74965,2.76446,2.32442,1.64257,2.79289,3.6001,3.07432,2.6097,2.40117,4.02226,5.28922,2.69413,3.34378,1.51145,2.00744,1.75253,1.37526,3.2066,1.93345,1.31744,1.0758,2.64353,2.38953,1.79605,1.51565,1.2251,1.17878,2.21094,3.29932,3.97397,1.6811,16.2909,10.163,30.718,26.4639,21.4613,2.9136,4.43261
2017-07-28,3.71535,4.58838,2.76767,4.03106,5.94555,1.69893,2.82678,2.36367,1.63958,2.79061,3.58921,3.02661,2.59378,2.38001,3.93016,5.24026,2.68917,3.25819,1.50774,1.98744,1.70598,1.35677,3.20696,1.9323,1.31157,1.0762,2.60643,2.3654,1.77577,1.48928,1.2155,1.1814,2.22121,3.19074,3.94064,1.65293,16.1159,10.0385,30.388,26.5315,21.7212,2.91396,4.4243
2017-08-04,3.6786,4.54623,2.74448,4.01115,5.89247,1.66523,2.88491,2.3626,1.64825,2.78863,3.53881,3.05847,2.59252,2.39123,4.04152,5.25228,2.69428,3.2858,1.49918,1.99882,1.67301,1.3575,3.17269,1.93964,1.30267,1.07197,2.6066,2.31259,1.79563,1.48258,1.21948,1.17084,2.24777,3.19968,3.93778,1.66014,15.9039,10.0428,29.9883,26.3034,21.2085,2.91986,4.41846
2017-08-11,3.62158,4.49169,2.69312,3.94948,5.82994,1.62489,2.85411,2.30795,1.64617,2.74659,3.49083,2.97177,2.57563,2.35925,3.99102,5.19252,2.67363,3.23728,1.46852,1.96423,1.64494,1.34841,3.11403,1.88905,1.29325,1.07197,2.54412,2.2839,1.77729,1.44075,1.21097,1.14262,2.24169,3.14601,3.86939,1.6391,15.4925,9.89289,29.2125,25.6731,20.5947,2.88103,4.37078
2017-08-18,3.63219,4.49326,2.67713,3.8851,5.76513,1.59724,2.87518,2.33084,1.65894,2.74252,3.5079,2.965,2.57846,2.33001,4.01232,5.26195,2.67003,3.20933,1.45582,1.9733,1.65317,1.35033,3.0807,1.87033,1.28914,1.07197,2.5367,2.3052,1.75155,1.42733,1.21054,1.12961,2.22427,3.16082,3.82599,1.62413,15.82,9.9873,29.8301,25.5727,20.3025,2.86439,4.34402
2017-08-25,3.65043,4.51845,2.68268,3.8832,5.73194,1.59769,2.88873,2.32419,1.65729,2.74781,3.51221,3.04947,2.60642,2.36858,4.03466,5.269,2.68039,3.23313,1.47596,2.00679,1.66343,1.35914,3.11374,1.89135,1.28856,1.07043,2.53754,2.33071,1.80123,1.43104,1.21137,1.1244,2.24705,3.19759,3.89735,1.65674,16.2723,10.2202,30.6829,25.9443,20.6004,2.88622,4.36678
2017-09-01,3.69373,4.54468,2.72047,3.93952,5.83191,1.62533,2.924,2.3588,1.65774,2.77636,3.59819,3.04613,2.61576,2.35994,4.06043,5.29738,2.69851,3.30693,1.50621,2.02265,1.69199,1.35669,3.17522,1.9303,1.2895,1.07092,2.56571,2.3619,1.81118,1.43882,1.2174,1.13874,2.24138,3.22268,3.88273,1.66164,16.7149,10.4026,31.5176,26.849,21.6326,2.92493,4.49074
2017-09-08,3.71588,4.55237,2.72156,3.94753,5.80148,1.6261,2.92666,2.36293,1.66186,2.79145,3.60887,3.01638,2.62432,2.32937,4.06331,5.30399,2.70193,3.28153,1.51495,2.01845,1.68717,1.35245,3.18111,1.92769,1.2895,1.07092,2.56771,2.36659,1.78566,1.44677,1.21762,1.14185,2.24698,3.23285,3.89384,1.6651,16.6977,10.3195,31.4851,26.6084,21.5685,2.91006,4.43568
2017-09-15,3.75739,4.62508,2.73201,3.99333,5.7773,1.64936,2.9825,2.40125,1.68168,2.79996,3.63569,3.02676,2.65487,2.35933,4.08748,5.26189,2.6998,3.2935,1.53706,2.04016,1.66926,1.36662,3.20113,1.94793,1.2895,1.07092,2.56068,2.3631,1.79874,1.43019,1.21762,1.11746,2.29988,3.23189,3.9381,1.69692,17.2249,10.6695,32.4791,27.3907,21.5816,2.95546,4.49259
2017-09-22,3.7231,4.51681,2.71168,3.95,5.74902,1.63411,2.96058,2.36593,1.65596,2.75358,3.60542,3.01023,2.63435,2.34746,4.04807,5.2608,2.70062,3.2709,1.54182,2.07541,1.70192,1.36071,3.2266,1.94396,1.28994,1.07092,2.55843,2.36448,1.81535,1.4372,1.22078,1.12883,2.27504,3.2609,3.94229,1.68195,17.4755,10.8221,32.9518,27.5845,21.5658,2.95843,4.44878
2017-09-29,3.72264,4.50544,2.75002,3.97625,5.819,1.6449,2.98827,2.3707,1.64305,2.76007,3.63395,3.00689,2.64812,2.37732,4.05916,5.29521,2.71537,3.28416,1.55152,2.08633,1.71627,1.37991,3.22644,1.93216,1.29233,1.07092,2.56269,2.40424,1.82413,1.46212,1.21913,1.15475,2.28862,3.27411,3.95101,1.6865,17.4577,10.8604,32.9182,27.5797,21.1927,2.97966,4.48362
2017-10-06,3.75923,4.51911,2.80399,4.03978,5.8948,1.67601,3.02268,2.38892,1.6465,2.79647,3.70736,3.05051,2.66295,2.38851,4.09251,5.32591,2.71632,3.34753,1.58482,2.09653,1.73157,1.40405,3.30257,1.9423,1.29253,1.07078,2.56167,2.42349,1.86547,1.4628,1.2224,1.15735,2.29703,3.27897,4.00844,1.71607,17.5322,10.9897,33.0587,27.7401,21.0592,3.0169,4.55174
2017-10-13,3.77942,4.54565,2.82107,4.0443,5.91632,1.67592,3.01066,2.38336,1.64449,2.7833,3.76086,3.07318,2.64865,2.37609,4.09117,5.30221,2.70602,3.40479,1.58494,2.10259,1.72467,1.42586,3.33305,1.96492,1.28765,1.06689,2.55128,2.45869,1.88933,1.46071,1.21977,1.14577,2.32758,3.31765,4.07406,1.72797,17.8854,11.2206,33.7246,28.3471,21.3308,3.02378,4.5727
2017-10-20,3.93255,4.7489,2.86423,4.12457,6.04502,1.70931,3.04957,2.41166,1.65572,2.8161,3.80123,3.14495,2.65069,2.36875,4.176,5.27919,2.71362,3.42453,1.60854,2.12865,1.7272,1.44842,3.31357,1.95451,1.30997,1.07818,2.57983,2.45271,1.90084,1.45446,1.21579,1.15012,2.30726,3.32757,4.02849,1.74939,18.0391,11.2589,34.0145,28.7318,21.4182,3.04939,4.58411
2017-10-27,3.99408,4.81079,2.88745,4.11218,6.00808,1.7037,2.97898,2.36239,1.64706,2.81628,3.75245,3.11959,2.62456,2.34962,4.11667,5.26018,2.71362,3.43463,1.60813,2.16247,1.72968,1.45657,3.33142,1.96458,1.30674,1.07909,2.58321,2.39804,1.91451,1.46673,1.21579,1.16036,2.30993,3.37552,4.00662,1.77252,18.3592,11.3718,34.6181,30.3,21.9517,3.05651,4.6621
2017-11-03,3.96591,4.83333,2.88602,4.13881,6.01371,1.71623,2.99754,2.4067,1.65141,2.84423,3.76021,3.18419,2.64816,2.36222,4.14763,5.34964,2.72393,3.44283,1.63634,2.09959,1.7422,1.45456,3.30418,1.90429,1.27783,1.06416,2.54814,2.38225,1.89836,1.48549,1.22733,1.19973,2.33663,3.40204,4.02449,1.79917,18.5219,11.4994,34.9247,30.4046,21.8785,3.06529,4.72467
2017-11-10,3.94011,4.8341,2.87855,4.15012,6.05588,1.72018,2.99639,2.40289,1.6449,2.82257,3.77814,3.16847,2.59219,2.34608,4.15719,5.36251,2.72342,3.40815,1.62054,2.07848,1.75771,1.44787,3.31095,1.9173,1.28378,1.06018,2.55341,2.36352,1.91033,1.49243,1.23703,1.18198,2.37384,3.36826,4.04885,1.80138,18.7827,11.5669,35.4166,30.8257,22.2565,3.06102,4.73731
2017-11-17,3.98423,4.85603,2.87449,4.18234,6.01015,1.72735,3.01848,2.40658,1.64907,2.79896,3.78929,3.20216,2.61866,2.34082,4.1713,5.36813,2.7105,3.40474,1.63044,2.06666,1.78039,1.47798,3.32401,1.92667,1.29279,1.06025,2.53842,2.38103,1.93398,1.47325,1.23328,1.17617,2.38169,3.3872,4.03584,1.81489,19.3597,11.7684,36.5045,31.5447,22.5255,3.05829,4.74564
2017-11-24,4.02371,4.91369,2.89282,4.22149,6.0342,1.7439,3.01793,2.41591,1.65524,2.81117,3.83607,3.23805,2.63002,2.34883,4.19503,5.37718,2.7105,3.43508,1.6717,2.1055,1.82322,1.51296,3.3543,1.95065,1.29943,1.05921,2.55399,2.4212,1.95338,1.47373,1.23368,1.17358,2.39701,3.41636,4.13592,1.83249,19.987,12.1011,37.6873,32.4344,22.9114,3.08794,4.81684
2017-12-01,4.09331,4.99732,2.91075,4.29447,6.15801,1.76069,3.08067,2.46218,1.65457,2.83423,3.88793,3.22659,2.60924,2.33339,4.20784,5.19903,2.69407,3.5082,1.65853,2.08407,1.82047,1.50289,3.38949,1.9535,1.28621,1.05985,2.48786,2.44009,1.95165,1.41492,1.21307,1.13689,2.4035,3.464,4.10488,1.84851,18.3429,11.5464,34.5873,31.0364,21.1736,3.13657,4.76228
2017-12-08,4.07908,5.01049,2.86004,4.25732,6.1439,1.75697,3.02886,2.44645,1.64672,2.85399,3.87929,3.19816,2.63911,2.34314,4.21132,5.22859,2.78843,3.52242,1.69481,2.10886,1.83523,1.53061,3.39291,1.93748,1.28619,1.05985,2.51755,2.45545,1.96664,1.41036,1.21925,1.13627,2.39903,3.49434,4.08451,1.84065,17.9337,11.5095,33.8157,32.0469,21.0444,3.14902,4.76876
2017-12-15,4.1058,5.03171,2.87234,4.282,6.2083,1.76822,3.0211,2.4512,1.64849,2.86558,3.90944,3.24563,2.62928,2.33481,4.20367,5.24215,2.78983,3.49956,1.69456,2.09337,1.83643,1.52532,3.40038,1.91865,1.28665,1.05985,2.52112,2.4932,1.98217,1.41166,1.21645,1.13136,2.41223,3.49728,4.04293,1.85225,18.1375,11.6699,34.2,31.8911,20.972,3.17704,4.85969
2017-12-22,4.16019,5.09839,2.90217,4.32933,6.27782,1.78773,3.01982,2.45618,1.65485,2.86075,3.9528,3.21731,2.63693,2.32042,4.18263,5.28522,2.78983,3.46796,1.71602,2.12084,1.86329,1.52839,3.39542,1.93383,1.29608,1.06687,2.54285,2.47035,1.99449,1.43128,1.21681,1.15318,2.41661,3.55375,4.09809,1.87858,18.0419,11.6765,34.0198,31.9484,21.1085,3.18896,4.86121
2017-12-29,4.17676,5.119,2.89595,4.33662,6.27535,1.79074,3.02258,2.45706,1.65202,2.8644,3.9724,3.22522,2.65095,2.32633,4.16983,5.29551,2.78983,3.47987,1.70887,2.11813,1.8601,1.52822,3.4044,1.93145,1.30022,1.07098,2.55344,2.4813,1.98271,1.43704,1.21744,1.15397,2.41244,3.54776,4.10437,1.87978,17.8335,11.5519,33.6268,31.1323,20.7711,3.18121,4.81147
2018-01-05,4.29342,5.23149,2.99199,4.44893,6.49219,1.83712,3.04818,2.47569,1.66204,2.91071,4.04286,3.19405,2.66332,2.34469,4.24747,5.33807,2.78983,3.52114,1.75402,2.17936,1.92673,1.55484,3.4393,1.99059,1.30969,1.07605,2.57444,2.54144,2.04233,1.44135,1.21744,1.16414,2.49917,3.60477,4.22836,1.92449,19.1563,12.2407,36.1211,32.1718,21.501,3.25941,5.00176
2018-01-12,4.27362,5.20144,3.001,4.4777,6.43842,1.849,3.07338,2.50678,1.67533,2.94918,4.0998,3.14972,2.67304,2.37108,4.26172,5.34874,2.78983,3.56874,1.8087,2.23068,1.98117,1.58008,3.46128,2.01095,1.31485,1.0765,2.57864,2.59037,2.05893,1.44423,1.21744,1.17741,2.52396,3.67412,4.31945,1.95362,19.4337,12.5498,36.6442,33.1824,22.1013,3.31306,5.08114
2018-01-19,4.33338,5.24687,3.05788,4.5621,6.46366,1.88385,3.15533,2.53341,1.67799,3.01444,4.13579,3.21147,2.72422,2.3859,4.32681,5.36109,2.78983,3.60273,1.82688,2.25402,2.00481,1.58484,3.49606,2.03852,1.31223,1.07632,2.59296,2.63323,2.08643,1.45505,1.21744,1.18326,2.55777,3.75932,4.28505,1.97799,19.717,12.7879,37.1783,33.4464,22.1899,3.34274,5.13829
2018-01-26,4.29936,5.2254,3.08805,4.59648,6.57376,1.89805,3.22163,2.5348,1.67967,3.12407,4.24782,3.25439,2.78063,2.40525,4.34895,5.30625,2.78572,3.76354,1.82181,2.2801,2.01023,1.60188,3.53423,2.08078,1.31382,1.07574,2.55624,2.72645,2.11048,1.45392,1.20622,1.17029,2.59519,3.82157,4.31813,2.00714,20.3816,13.0765,38.4315,34.1554,22.7794,3.41629,5.28008
2018-02-02,4.08292,4.95207,2.93867,4.35408,6.19029,1.78796,3.16717,2.47663,1.67703,3.00635,4.10886,3.12245,2.65848,2.29189,4.18005,5.10282,2.76262,3.61302,1.72333,2.15475,1.91159,1.54759,3.33222,1.97269,1.26286,1.05719,2.46999,2.64412,2.0854,1.39785,1.18616,1.12995,2.51786,3.62169,4.15286,1.95572,19.596,12.4131,36.95,32.6059,21.5468,3.28361,5.08485
2018-02-09,3.91282,4.71956,2.85616,4.19309,5.89083,1.68226,3.00956,2.3693,1.62889,2.77687,3.86293,2.97315,2.46449,2.12282,4.00724,4.80386,2.70433,3.43089,1.64849,2.0569,1.8221,1.48324,3.09748,1.86032,1.17092,1.00517,2.31826,2.50072,1.98096,1.31593,1.17267,1.06304,2.39346,3.52151,3.98131,1.87573,18.43,11.7146,34.7516,30.9246,20.6869,3.11731,4.82198
2018-02-16,3.98453,4.79326,2.93461,4.2691,6.05626,1.73037,3.08288,2.40634,1.65261,2.86683,3.95039,3.10514,2.52398,2.17423,4.07822,4.88559,2.76849,3.5056,1.63425,2.03533,1.85448,1.52281,3.16948,1.85018,1.19923,1.01401,2.36826,2.61314,2.09871,1.35046,1.17869,1.11064,2.4447,3.67367,4.12586,1.97772,19.6075,12.3839,36.9718,32.2667,21.7462,3.25571,5.09566
2018-02-23,3.99188,4.80211,2.95837,4.30568,6.12507,1.74438,3.11421,2.43189,1.6558,2.86072,3.98992,3.08887,2.57561,2.20685,4.13131,4.87042,2.77159,3.54596,1.64566,2.04651,1.86827,1.52642,3.17343,1.85226,1.20935,1.01641,2.35799,2.58257,2.12693,1.33493,1.17483,1.10133,2.45335,3.71699,4.12823,2.00956,19.5868,12.5172,36.9327,33.0762,22.0672,3.27479,5.19482
2018-03-02,3.98493,4.77494,2.96422,4.3142,6.05077,1.74783,3.11864,2.46525,1.65173,2.8159,3.95181,3.08356,2.57314,2.20863,4.1622,4.89547,2.78835,3.41991,1.63121,2.00657,1.86389,1.49223,3.18249,1.84889,1.19018,1.00334,2.32865,2.60945,2.10896,1.33059,1.18104,1.08393,2.425,3.64645,4.07434,1.98558,19.5323,12.4523,36.83,33.4391,22.0186,3.20767,5.12748
2018-03-09,4.02128,4.83154,3.00708,4.36513,6.17276,1.76846,3.17714,2.49999,1.66914,2.89468,4.0153,3.12669,2.6099,2.24645,4.18799,4.98793,2.7962,3.52804,1.72484,2.09852,1.95883,1.56095,3.2655,1.92349,1.21137,1.00593,2.34497,2.68783,2.14715,1.35011,1.17988,1.11007,2.50579,3.77774,4.2035,2.06319,20.8478,13.1719,39.3105,35.9617,22.6445,3.32438,5.34896
2018-03-16,4.01802,4.82632,2.99085,4.34225,6.13209,1.75919,3.17005,2.49051,1.66441,2.84986,3.99029,3.13907,2.58306,2.21118,4.17248,5.00601,2.79196,3.52111,1.71167,2.07406,1.9496,1.53163,3.22699,1.90463,1.1988,1.00578,2.34574,2.64147,2.13913,1.3499,1.17988,1.11088,2.52502,3.81469,4.18827,2.07635,20.5028,13.071,38.66,35.504,22.3986,3.2818,5.28286
2018-03-23,3.83394,4.61343,2.86451,4.08618,5.8842,1.65106,2.99759,2.34538,1.60732,2.66309,3.79172,2.97971,2.45183,2.08534,3.97766,4.84189,2.79117,3.35264,1.64723,1.9981,1.89296,1.46047,3.05693,1.85339,1.16246,0.994274,2.25592,2.52895,2.04485,1.30955,1.178,1.06503,2.39845,3.64187,3.9683,1.97112,19.0582,12.2249,35.936,33.1986,21.5984,3.08851,4.90436
2018-03-30,3.90055,4.70725,2.91977,4.13843,5.95894,1.65725,3.08527,2.41242,1.66447,2.71519,3.90052,3.05344,2.54224,2.16033,4.04757,4.917,2.807,3.4078,1.65589,2.02548,1.91737,1.45794,3.05295,1.8628,1.17303,1.00069,2.24581,2.55186,2.08448,1.33556,1.17279,1.08896,2.44333,3.69761,4.09849,2.00206,18.5373,12.1436,34.9538,33.0159,22.1238,3.14955,4.95449
2018-04-06,3.91706,4.70431,2.8991,4.15631,6.00296,1.65093,3.076,2.41044,1.66644,2.68611,3.90127,3.03432,2.5351,2.18859,4.05841,4.83735,2.7507,3.41209,1.65415,2.00128,1.89637,1.46076,2.96841,1.84974,1.12088,0.996217,2.15296,2.5337,2.06725,1.34114,1.16978,1.11475,2.40333,3.61077,4.01275,1.94456,18.0547,11.8569,34.0439,32.7892,21.3933,3.1085,4.8462
2018-04-13,3.94003,4.74848,2.96411,4.26055,6.21525,1.69317,3.1505,2.41553,1.6656,2.75443,3.92962,3.11614,2.60951,2.2759,4.17478,4.85868,2.77073,3.4618,1.67322,2.02178,1.92383,1.46246,3.00081,1.85671,1.16602,0.998065,2.19461,2.51839,2.05662,1.36165,1.16978,1.14244,2.45028,3.69213,4.10584,2.01229,18.6463,12.2083,35.1594,34.215,22.4094,3.17348,4.99285
2018-04-20,3.91803,4.72197,3.01588,4.335,6.19183,1.72276,3.17299,2.40738,1.66687,2.75608,3.99687,3.17554,2.65126,2.31302,4.22614,4.89554,2.77073,3.54974,1.7003,2.05529,1.95881,1.48093,3.05483,1.88333,1.16205,0.994664,2.18195,2.52733,2.06785,1.36319,1.17224,1.13618,2.45538,3.72416,4.12749,2.05664,19.3425,12.5448,36.4721,34.8978,22.7135,3.19096,5.02163
2018-04-27,3.90896,4.70946,2.98581,4.30599,6.18003,1.73599,3.07132,2.39278,1.68819,2.74692,3.95807,3.11538,2.61033,2.29917,4.29052,4.76721,2.82241,3.52244,1.71709,2.05471,1.9272,1.51274,3.08386,1.91899,1.15761,0.988301,2.16844,2.47462,2.06991,1.35032,1.17259,1.10449,2.39957,3.76274,4.12368,2.03204,19.1912,12.5153,36.1868,34.1366,21.7156,3.19036,5.01513
2018-05-04,3.78656,4.60301,2.98428,4.32891,6.17408,1.75734,2.98706,2.35221,1.6602,2.73041,3.90771,3.01674,2.57586,2.29072,4.19295,4.77213,2.81419,3.55876,1.69265,1.97093,1.95173,1.49845,3.10929,1.8894,1.16656,0.998003,2.14896,2.47344,2.07357,1.35195,1.16977,1.1215,2.42139,3.66866,4.13548,2.04071,19.2397,12.5273,36.2783,34.2538,22.0565,3.1839,5.10114
2018-05-11,3.83102,4.67226,3.0174,4.37018,6.1889,1.77975,3.01464,2.38162,1.67019,2.75932,3.99835,3.12257,2.64878,2.36604,4.32431,4.83259,2.83034,3.60761,1.73469,2.00355,2.01868,1.49829,3.20431,1.93968,1.19871,1.01149,2.1571,2.50658,2.13945,1.36858,1.17768,1.14221,2.52179,3.79205,4.12145,2.09844,20.7484,13.3163,39.1231,36.6895,23.5814,3.26564,5.24316
2018-05-18,3.79624,4.62378,2.97656,4.31249,6.14373,1.73947,2.99767,2.38215,1.66879,2.73298,4.03892,3.10958,2.65679,2.37633,4.27766,4.86613,2.83034,3.62092,1.73345,1.99099,2.03714,1.48796,3.23048,1.9773,1.19974,1.0183,2.1624,2.52708,2.18523,1.37182,1.17838,1.15841,2.52343,3.78212,4.14568,2.10756,20.6924,13.4246,39.0174,37.051,23.4553,3.24745,5.18128
2018-05-25,3.7609,4.59898,2.97497,4.29188,6.17105,1.72766,2.97977,2.39781,1.69201,2.72193,4.06106,3.14812,2.59521,2.35407,4.27623,4.82147,2.82683,3.64411,1.73978,1.97511,2.05543,1.47722,3.27076,2.04487,1.20312,1.02065,2.14254,2.52123,2.16582,1.35981,1.17833,1.14979,2.53764,3.84172,4.14158,2.12861,21.0835,13.8683,39.7549,38.241,23.8986,3.25727,5.2512
2018-06-01,3.84551,4.68832,3.07942,4.4268,6.23652,1.76508,3.09115,2.47696,1.73801,2.80805,4.17921,3.13351,2.67554,2.38899,4.44184,4.81193,2.8381,3.67708,1.7686,1.99476,2.10522,1.48952,3.33927,2.09727,1.2089,1.02123,2.16678,2.55349,2.19309,1.36862,1.17684,1.15822,2.57917,3.88279,4.1623,2.13538,21.7133,14.1575,40.9424,39.879,24.4572,3.27462,5.34465
2018-06-08,3.76777,4.5998,3.02326,4.37009,6.09858,1.76201,3.0428,2.4811,1.73595,2.80531,4.22156,3.19086,2.72484,2.41265,4.43511,4.84915,2.83833,3.71658,1.82374,2.02993,2.14847,1.51522,3.42553,2.12121,1.21068,1.02131,2.17976,2.67545,2.20665,1.38741,1.17684,1.16849,2.61973,3.9291,4.24363,2.15753,22.3614,14.3907,42.1645,41.2223,25.3187,3.32956,5.39724
2018-06-15,3.77656,4.62312,3.053,4.4558,6.15086,1.7912,3.02639,2.46723,1.73461,2.82597,4.27232,3.18971,2.70404,2.39333,4.46882,4.85212,2.83833,3.75178,1.83987,2.05734,2.21203,1.4932,3.45945,2.14421,1.21257,1.02337,2.1894,2.7084,2.19556,1.39002,1.17684,1.17511,2.65722,3.9681,4.211,2.16987,23.1239,14.7612,43.6024,43.1625,25.722,3.33176,5.47583
2018-06-22,3.72591,4.55963,3.00537,4.39249,6.04273,1.76572,2.96916,2.42155,1.70688,2.76762,4.2267,3.15942,2.70168,2.39384,4.38823,4.88372,2.85228,3.73975,1.81084,2.0691,2.20416,1.5027,3.43948,2.13872,1.20952,1.02117,2.18629,2.70164,2.1559,1.38772,1.18088,1.17986,2.63683,3.97143,4.20633,2.15564,22.9624,14.6281,43.2978,43.728,26.1415,3.30303,5.43608
2018-06-29,3.62222,4.50294,2.92352,4.33844,5.92911,1.73834,2.92388,2.36,1.67775,2.71447,4.11908,3.07639,2.63044,2.37913,4.3277,4.80235,2.86138,3.69617,1.75599,2.03376,2.20511,1.51217,3.38495,2.13535,1.20203,1.02117,2.1673,2.66492,2.08631,1.36598,1.18472,1.15271,2.54666,4.00494,4.13887,2.1076,22.6246,14.3146,42.6609,43.1628,26.0204,3.26143,5.32229
2018-07-06,3.66299,4.54169,2.97271,4.41036,5.97328,1.76146,2.97678,2.36191,1.67787,2.75961,4.11989,3.09052,2.67642,2.41705,4.35021,4.91876,2.87921,3.772,1.7827,2.07041,2.25924,1.54536,3.44391,2.19418,1.2026,1.02117,2.17861,2.73258,2.12097,1.39628,1.18708,1.17455,2.60623,4.10416,4.2602,2.17038,23.1374,14.5915,43.6278,45.6028,27.3395,3.31121,5.44507
2018-07-13,3.6741,4.55437,3.02018,4.46264,6.0631,1.77863,3.01055,2.34887,1.67355,2.77253,4.10854,3.17285,2.69908,2.42864,4.41708,4.92691,2.87921,3.79205,1.78579,2.08457,2.25108,1.55563,3.47427,2.21749,1.20361,1.02117,2.17518,2.76834,2.16981,1.40205,1.18708,1.18322,2.65278,4.15024,4.33438,2.18754,23.4717,14.9082,44.2581,46.1784,27.2903,3.36134,5.5691
2018-07-20,3.66185,4.53919,2.97616,4.41152,6.1294,1.75083,3.01963,2.34124,1.67632,2.8026,4.11731,3.17458,2.75771,2.48116,4.33201,4.90059,2.87921,3.79327,1.77852,2.07593,2.26948,1.55357,3.49869,2.24441,1.19722,1.01572,2.16115,2.81707,2.22985,1.39455,1.18708,1.17762,2.63667,4.16958,4.37592,2.1719,23.9206,15.179,45.1046,47.0362,27.6452,3.36242,5.54988
2018-07-27,3.73067,4.62317,2.99706,4.43881,6.11994,1.77336,3.06605,2.33891,1.69167,2.80201,4.10931,3.1736,2.78149,2.47954,4.37729,4.89245,2.87921,3.76651,1.77656,2.06319,2.27364,1.5266,3.51008,2.20131,1.17867,1.01076,2.14366,2.85735,2.21518,1.39045,1.18606,1.17238,2.60967,4.15607,4.4012,2.20097,23.4019,14.9533,44.1266,45.5034,27.3838,3.38334,5.5074
2018-08-03,3.77085,4.65186,3.04182,4.51997,6.12623,1.80666,3.11858,2.3609,1.73166,2.80849,4.15663,3.2398,2.80539,2.50509,4.41954,5.18506,2.92426,3.93113,1.77074,2.04282,2.26679,1.53901,3.52258,2.1674,1.19732,1.02206,2.22341,2.82292,2.24152,1.45782,1.19379,1.19016,2.62427,4.23683,4.50649,2.21776,23.5913,15.0477,44.4836,46.6025,27.8887,3.40955,5.58367
2018-08-10,3.75658,4.64894,3.02846,4.50615,6.09759,1.80112,3.13335,2.36164,1.74324,2.77898,4.19706,3.27392,2.82036,2.52874,4.38204,5.18939,2.927,3.89841,1.76819,2.02939,2.27518,1.53817,3.55968,2.19221,1.20412,1.01946,2.25646,2.78781,2.23221,1.48082,1.1954,1.21308,2.64926,4.30877,4.45706,2.23431,24.1975,15.7259,45.6267,49.6578,29.7015,3.40426,5.59732
2018-08-17,3.71601,4.59771,2.99908,4.46799,6.0713,1.78475,3.10273,2.33558,1.74756,2.81413,4.18088,3.25531,2.78957,2.49763,4.33952,5.08974,2.91772,3.93404,1.81962,2.05449,2.29938,1.53833,3.6088,2.20522,1.20134,1.01771,2.24373,2.80428,2.24349,1.46534,1.19538,1.20526,2.62887,4.28609,4.50219,2.2383,24.1561,15.68,45.5487,50.2294,30.3495,3.4271,5.57685
2018-08-24,3.8064,4.70931,3.15101,4.68217,6.3523,1.86184,3.15962,2.40273,1.76221,2.87617,4.39253,3.29255,2.823,2.52143,4.4823,5.17611,2.93363,4.03233,1.85462,2.14362,2.29987,1.61734,3.7469,2.31333,1.20709,1.01917,2.25335,2.83139,2.25921,1.47911,1.19538,1.22184,2.63095,4.27653,4.48179,2.24015,25.9242,16.7242,48.8826,53.3831,32.5169,3.45656,5.65809
2018-08-31,3.78643,4.67346,3.15758,4.68009,6.40768,1.86102,3.15981,2.4129,1.76309,2.84721,4.41567,3.31475,2.83144,2.53651,4.50133,5.18192,2.93363,4.09031,1.89889,2.1899,2.30394,1.63173,3.78722,2.38782,1.21574,1.0252,2.26165,2.86739,2.29209,1.48605,1.19672,1.25226,2.66866,4.30184,4.50957,2.25696,27.1988,17.3723,51.2859,56.4552,34.1209,3.49022,5.78739
2018-09-07,3.7621,4.65615,3.11754,4.653,6.28277,1.84986,3.11051,2.40012,1.76781,2.82372,4.42592,3.31328,2.78314,2.48965,4.48234,5.17771,2.94979,4.05929,1.87138,2.18541,2.33869,1.62412,3.77095,2.38092,1.20951,1.02507,2.25824,2.90816,2.29772,1.46746,1.1924,1.23854,2.65977,4.30102,4.49446,2.27964,26.6838,16.9846,50.3149,56.6538,34.472,3.45764,5.61561
2018-09-14,3.81433,4.72476,3.16915,4.72014,6.47845,1.87032,3.11831,2.43173,1.77503,2.86107,4.47466,3.34013,2.81389,2.50799,4.5637,5.25587,2.9773,4.13068,1.86213,2.28537,2.35776,1.62136,3.80061,2.4689,1.23144,1.02419,2.2764,2.94598,2.31874,1.50393,1.19265,1.30824,2.71801,4.30804,4.53321,2.32951,27.4667,17.3249,51.7911,58.9474,35.6571,3.49707,5.70491
2018-09-21,3.844,4.75289,3.2056,4.71694,6.61467,1.88181,3.02631,2.39388,1.77546,2.84957,4.48809,3.39427,2.75929,2.46997,4.57843,5.24345,2.98872,4.11679,1.84465,2.24406,2.33582,1.60125,3.79427,2.45377,1.2253,1.0181,2.28721,2.9851,2.32039,1.48536,1.20037,1.28495,2.73201,4.31243,4.57546,2.31486,26.8387,16.8179,50.6069,56.9786,34.2107,3.52631,5.69623
2018-09-28,3.74804,4.69595,3.1936,4.69106,6.57973,1.87591,3.10186,2.41674,1.78301,2.86966,4.48886,3.36918,2.75348,2.46219,4.56047,5.24782,2.98045,4.16403,1.84571,2.24751,2.30358,1.58457,3.73551,2.48649,1.22392,1.01237,2.26346,2.94763,2.30663,1.47586,1.1974,1.26828,2.6813,4.26005,4.55181,2.29109,27.9586,17.4087,52.7187,58.7511,35.7153,3.51097,5.77109
2018-10-05,3.667,4.5945,3.11533,4.57516,6.43123,1.83653,3.0539,2.41166,1.78552,2.77604,4.37113,3.3587,2.72059,2.41644,4.46223,5.15099,2.96588,4.04846,1.76773,2.09929,2.23585,1.5511,3.72322,2.36844,1.21577,1.01039,2.22271,2.92437,2.28726,1.42322,1.1974,1.16592,2.64848,4.26403,4.45175,2.23302,25.6234,16.2833,48.3153,53.8133,32.8736,3.47595,5.5959
2018-10-12,3.49065,4.41138,3.00872,4.43739,6.19145,1.77744,2.91948,2.32207,1.70287,2.67061,4.19148,3.21215,2.60725,2.28051,4.32131,4.88894,2.88477,3.90216,1.66508,2.01574,2.15298,1.51672,3.55699,2.29447,1.21039,1.00592,2.1682,2.82146,2.20391,1.38052,1.21173,1.10588,2.54821,4.04863,4.27219,2.15865,23.5809,15.1806,44.464,49.7325,30.5363,3.33259,5.4148
2018-10-19,3.56198,4.49249,3.06037,4.54206,6.20786,1.81562,2.92184,2.35321,1.71017,2.70379,4.21777,3.16409,2.63315,2.29322,4.35578,4.9675,2.91867,3.9637,1.67306,2.0313,2.15264,1.52851,3.61912,2.30226,1.21494,1.0123,2.20532,2.84455,2.29433,1.39631,1.22514,1.10165,2.47626,4.11222,4.251,2.15003,22.6366,14.6427,42.6835,47.2241,29.4406,3.33622,5.37442
2018-10-26,3.38719,4.24956,2.91328,4.27339,5.99412,1.68251,2.75373,2.25933,1.66076,2.42735,4.01326,3.02157,2.53256,2.19432,4.10753,4.58517,2.81279,3.76034,1.63037,1.94142,2.09307,1.47537,3.47828,2.22994,1.13537,1.00541,2.12062,2.7539,2.24683,1.32362,1.18719,1.06509,2.35871,3.96955,4.0678,2.05049,21.0384,13.5929,39.67,43.7361,27.3473,3.20434,5.17686
2018-11-02,3.50961,4.3886,3.00427,4.4168,6.26851,1.71038,2.77662,2.2442,1.67826,2.5315,3.93108,3.11614,2.60934,2.29772,4.23757,4.77609,2.89898,3.91337,1.6653,1.95034,2.13497,1.49284,3.49506,2.25143,1.16068,1.04084,2.21547,2.72487,2.26627,1.38399,1.19499,1.12915,2.48138,4.145,4.1969,2.14982,22.4418,14.3768,41.9668,46.5953,28.9648,3.28356,5.26135
2018-11-09,3.51577,4.39629,3.07012,4.51347,6.48571,1.74784,2.85386,2.25088,1.67826,2.58311,4.02455,3.25298,2.66327,2.37699,4.24697,4.84294,2.91873,4.12096,1.72658,2.0163,2.22077,1.53995,3.61079,2.34802,1.18406,1.05378,2.25,2.77957,2.28423,1.40772,1.19796,1.152,2.50533,4.05588,4.32588,2.20115,22.3105,14.3194,41.9668,46.5953,28.9648,3.35445,5.32783
2018-11-16,3.49927,4.37566,3.05379,4.48541,6.27135,1.73819,2.85181,2.2489,1.69935,2.5835,4.00774,3.21414,2.6128,2.33501,4.2775,4.90649,2.99455,4.0464,1.71482,1.99242,2.15542,1.51779,3.55651,2.36442,1.18579,1.0572,2.2198,2.73722,2.2395,1.39745,1.22954,1.13627,2.54423,3.97867,4.23201,2.16823,21.4562,13.8277,41.9668,46.5953,28.9648,3.30578,5.20295
2018-11-23,3.3659,4.17361,3.0104,4.38518,6.11916,1.69921,2.82356,2.20616,1.6081,2.47615,3.88219,3.03751,2.62088,2.3496,4.18153,4.76753,3.00168,3.88911,1.65861,1.92796,2.05486,1.48759,3.45071,2.31494,1.17611,1.05428,2.16429,2.6708,2.20061,1.38554,1.19087,1.14345,2.51738,3.82393,4.09204,2.10703,19.8236,12.9425,41.9668,46.5953,28.9648,3.17922,4.94545
2018-11-30,3.43497,4.26957,3.08628,4.49308,6.25109,1.75466,2.85392,2.24163,1.61461,2.58723,4.00849,3.18017,2.69894,2.4639,4.25192,4.91615,3.02845,4.03672,1.70575,1.97018,2.1145,1.52318,3.53532,2.37533,1.25486,1.08088,2.1821,2.68423,2.26241,1.43032,1.20052,1.20531,2.56437,3.92682,4.22586,2.15074,21.4398,14.0439,41.9668,46.5953,28.9648,3.32897,5.26104
2018-12-07,3.43125,4.26496,3.07605,4.47819,6.0697,1.74884,2.81892,2.24977,1.61447,2.52637,3.97188,3.10311,2.60442,2.36867,4.25742,4.81377,3.02845,3.8825,1.67289,1.98429,2.05855,1.4514,3.48812,2.37244,1.21037,1.08088,2.09702,2.56551,2.16106,1.3827,1.17319,1.13245,2.4154,3.80225,4.04208,2.10027,20.227,13.179,38.3594,43.8861,27.76,3.18308,5.01285
2018-12-14,3.46449,4.30209,3.09068,4.5048,5.94858,1.76106,2.81373,2.27867,1.60034,2.50394,3.90436,3.09407,2.60262,2.37619,4.25686,4.87577,3.05792,3.83765,1.67522,1.98616,2.0523,1.43859,3.49613,2.3848,1.22033,1.08088,2.16584,2.58843,2.12919,1.43685,1.1798,1.14779,2.35032,3.77473,3.93651,2.07074,20.0839,13.1535,38.0881,43.6161,28.072,3.14565,5.00354
2018-12-21,3.28052,4.10841,2.89171,4.2248,5.52543,1.62096,2.73256,2.18304,1.51938,2.39014,3.7131,2.92615,2.43072,2.22061,4.01101,4.5534,2.96969,3.5938,1.60379,1.89892,1.99916,1.38062,3.27644,2.29529,1.20924,1.0771,2.13025,2.47925,2.02669,1.35694,1.16039,1.08425,2.1934,3.53328,3.75021,1.94777,18.0476,11.9524,34.2263,40.086,26.4779,2.92386,4.58388
2018-12-28,3.30282,4.10412,2.9069,4.22587,5.57292,1.62484,2.73442,2.18224,1.52059,2.35857,3.78528,2.97414,2.40675,2.19109,4.01612,4.64498,2.99449,3.68691,1.6105,1.88746,1.96577,1.37288,3.32151,2.2915,1.20602,1.07414,2.13319,2.47825,2.02892,1.39063,1.15946,1.13159,2.2811,3.6182,3.85308,1.95997,19.3984,12.7406,36.788,41.3821,26.7449,3.0095,4.76521
2019-01-04,3.31211,4.11162,2.93153,4.26074,5.65688,1.63904,2.75025,2.18224,1.52059,2.35715,3.76306,2.96547,2.45004,2.19751,4.03389,4.6574,2.99449,3.72204,1.62303,1.89386,1.97243,1.38409,3.3277,2.2915,1.21095,1.07414,2.14191,2.47188,2.02949,1.37578,1.15946,1.1728,2.2956,3.65984,3.8278,1.95449,19.5891,12.976,36.2511,41.1114,26.6707,3.06586,4.86677
2019-01-11,3.31202,4.1115,2.96524,4.30974,5.74509,1.65789,2.74415,2.18224,1.52059,2.364,3.76306,2.99152,2.50317,2.23005,4.07465,4.6904,2.99449,3.91038,1.66349,1.91723,2.01314,1.44354,3.3639,2.2915,1.23286,1.07414,2.16712,2.48609,2.06935,1.40183,1.15946,1.22475,2.40748,3.77059,3.99652,1.98259,21.58,13.9038,36.2511,41.1114,26.6707,3.14592,5.0057
2019-01-18,3.31202,4.1115,2.99281,4.34981,5.5506,1.6733,2.75272,2.18263,1.52094,2.39436,3.77408,2.99152,2.57571,2.30198,4.10538,4.70667,2.99449,3.98277,1.69682,1.92304,2.04942,1.45131,3.36103,2.2915,1.25487,1.07414,2.18972,2.48181,2.13834,1.40183,1.15946,1.25079,2.4497,3.88447,4.10337,2.02971,22.5082,14.4453,36.2511,41.1114,26.6707,3.23678,5.14775
2019-01-25,3.30408,4.10164,2.99586,4.35424,5.66798,1.67501,2.7393,2.18183,1.52094,2.41317,3.78646,2.98435,2.573,2.32538,4.12378,4.70667,2.99449,3.96463,1.73963,1.97221,2.08027,1.43721,3.37735,2.30263,1.25203,1.07719,2.19287,2.53846,2.13797,1.42198,1.15946,1.29699,2.41668,3.89384,4.17918,2.04347,23.0447,14.6785,36.2511,41.1114,26.6707,3.22852,5.14464
2019-02-01,3.35263,4.16191,3.02163,4.39169,5.74016,1.68941,2.73327,2.19443,1.52292,2.44295,3.87345,3.0423,2.61685,2.39589,4.18745,4.70504,2.99346,4.00581,1.74681,1.97953,2.11303,1.4586,3.40991,2.32483,1.24692,1.07398,2.2322,2.57753,2.13985,1.44146,1.15906,1.31458,2.45368,3.95793,4.31097,2.09837,22.986,14.8177,36.2511,41.1114,26.6707,3.28051,5.21628
2019-02-08,3.35779,4.17297,3.04243,4.42866,5.7836,1.69141,2.76123,2.21866,1.52818,2.45376,3.90776,3.0754,2.62697,2.41009,4.21604,4.74173,3.00258,3.97713,1.76182,2.01586,2.14122,1.4662,3.50277,2.38814,1.25176,1.07474,2.26062,2.60049,2.1902,1.43737,1.16146,1.30654,2.45742,3.9919,4.35262,2.11385,23.2667,14.9846,36.2511,41.1114,26.6707,3.28549,5.25086
2019-02-15,3.40767,4.2362,3.08962,4.51282,5.9759,1.72473,2.80382,2.22042,1.52622,2.50625,3.93313,3.10331,2.72044,2.49471,4.2778,4.75187,3.00258,4.03222,1.82308,2.06058,2.19765,1.51684,3.56586,2.43115,1.26054,1.08,2.26076,2.67401,2.22903,1.4373,1.16002,1.36089,2.52709,4.17059,4.50488,2.10363,24.2196,15.5095,36.2511,41.1114,26.6707,3.36931,5.35615
2019-02-22,3.44646,4.28442,3.12524,4.56589,6.08089,1.74385,2.81689,2.22953,1.526,2.53062,4.00522,3.09958,2.69505,2.49261,4.30362,4.73842,3.00258,4.0337,1.81932,2.06533,2.18442,1.53308,3.65589,2.43367,1.26181,1.08082,2.32833,2.6995,2.24874,1.47708,1.15674,1.39418,2.55613,4.18058,4.52876,2.12887,25.0999,15.842,36.2511,41.1114,26.6707,3.39081,5.38575
2019-03-01,3.44812,4.30576,3.09073,4.5358,6.02105,1.73524,2.82411,2.2175,1.52512,2.53653,3.9723,3.12036,2.70236,2.48549,4.34876,4.74659,3.00258,4.11206,1.85738,2.15273,2.21191,1.56306,3.63974,2.45372,1.2597,1.08082,2.33654,2.65567,2.2855,1.4833,1.15719,1.40764,2.55443,4.17834,4.61098,2.13631,25.5781,16.0161,36.277,41.1827,26.7547,3.40635,5.43248
2019-03-08,3.43695,4.2913,3.05276,4.53084,6.0209,1.72698,2.75889,2.18831,1.50823,2.46923,3.88987,3.10526,2.61436,2.39625,4.27176,4.75413,3.00258,4.03227,1.78542,2.09346,2.13961,1.51171,3.54305,2.40659,1.25176,1.08082,2.32958,2.57318,2.21895,1.48026,1.15719,1.34851,2.5017,4.07002,4.48758,2.08133,24.8635,15.6313,35.2634,40.0345,25.8339,3.33396,5.33217
2019-03-15,3.47858,4.32324,3.11612,4.61074,6.21091,1.75996,2.8036,2.22009,1.53179,2.53194,3.97867,3.19623,2.64449,2.41044,4.33736,4.84591,3.00287,4.14986,1.78528,2.14759,2.19116,1.5173,3.70191,2.48541,1.26572,1.07916,2.36436,2.64054,2.29205,1.49924,1.15719,1.4123,2.60901,4.22982,4.7141,2.15218,26.2968,16.2937,37.2963,40.768,26.9546,3.43222,5.55583
2019-03-22,3.50193,4.35299,3.14467,4.6521,6.17194,1.7729,2.81411,2.23987,1.53899,2.52649,4.03351,3.21088,2.64872,2.3855,4.38246,4.83934,2.9988,4.03984,1.78447,2.15337,2.16138,1.51182,3.70642,2.48919,1.26434,1.07691,2.3779,2.65306,2.27533,1.49735,1.15719,1.37826,2.5941,4.25583,4.67397,2.15891,25.8305,16.2871,36.6349,40.444,26.8304,3.40708,5.5725
2019-03-29,3.56822,4.42889,3.21226,4.73676,6.31575,1.80643,2.77199,2.25475,1.541,2.49253,4.11457,3.29361,2.68666,2.44624,4.44058,4.86502,2.99392,4.01029,1.82745,2.22304,2.1998,1.52847,3.755,2.54904,1.26443,1.07691,2.38799,2.66545,2.29551,1.52807,1.14909,1.40385,2.64697,4.35432,4.75266,2.18351,26.5039,16.4866,37.5899,41.4524,27.5811,3.44649,5.60683
2019-04-05,3.62829,4.50248,3.25544,4.7871,6.39169,1.82834,2.79595,2.29566,1.55048,2.57401,4.28896,3.32701,2.69618,2.45046,4.51902,4.90399,2.99783,4.0251,1.84582,2.20983,2.21465,1.53615,3.79287,2.54406,1.26632,1.07493,2.38571,2.73042,2.33954,1.54884,1.1491,1.42004,2.70288,4.41262,4.90203,2.19917,26.6338,16.5597,37.7742,40.7215,27.6553,3.5208,5.76287
2019-04-12,3.62639,4.50011,3.25145,4.76116,6.39128,1.82004,2.83653,2.28685,1.55016,2.59733,4.25924,3.31563,2.70349,2.44919,4.50927,4.91618,2.99783,4.07355,1.86108,2.20702,2.24238,1.53376,3.86568,2.54819,1.26742,1.07586,2.38221,2.71956,2.38642,1.57539,1.15839,1.43646,2.732,4.41073,4.95978,2.22204,27.2507,16.97,38.6492,41.2292,28.6851,3.54019,5.79938
2019-04-19,3.46625,4.3192,3.11026,4.6062,6.21108,1.75073,2.69112,2.21419,1.53318,2.54821,4.16542,3.22485,2.58486,2.35651,4.26057,4.91713,2.99783,4.04362,1.85595,2.21506,2.19736,1.54202,3.84669,2.50995,1.26835,1.07684,2.38425,2.63919,2.35115,1.57573,1.15839,1.40354,2.7364,4.31932,4.92667,2.20184,26.4635,16.5317,37.5327,40.3097,28.2886,3.53849,5.84807
2019-04-26,3.49385,4.33008,3.14897,4.61149,6.25275,1.74077,2.70989,2.25327,1.53594,2.59009,4.20554,3.31105,2.58415,2.3746,4.23298,5.05749,2.99685,4.11517,1.84285,2.23281,2.22815,1.54506,3.90997,2.46885,1.2772,1.08231,2.40314,2.68145,2.35324,1.59227,1.16575,1.47687,2.7513,4.28436,4.95262,2.23492,27.1233,16.9714,38.4684,41.3177,28.7398,3.57985,5.9498
2019-05-03,3.47247,4.3047,3.14789,4.60077,6.26784,1.72392,2.73429,2.27537,1.53391,2.60312,4.14978,3.37916,2.63682,2.46106,4.26807,5.06922,3.00636,4.14524,1.83887,2.23348,2.27273,1.55895,3.94486,2.46089,1.26043,1.08389,2.41826,2.73703,2.38157,1.58961,1.16068,1.45759,2.81095,4.37738,4.97787,2.23589,27.8348,17.2701,39.4775,43.0481,28.9329,3.58741,5.96416
2019-05-10,3.36406,4.19175,3.07858,4.46445,6.12818,1.67699,2.64109,2.21892,1.52284,2.52715,4.06431,3.24263,2.56312,2.40532,4.12711,4.93629,2.97444,4.11433,1.81679,2.17666,2.266,1.52506,3.89536,2.41225,1.23092,1.06956,2.37255,2.6583,2.339,1.55835,1.15167,1.435,2.73965,4.21253,4.92745,2.17958,27.5218,17.0028,39.0337,41.382,26.8985,3.51506,5.77348
2019-05-17,3.23545,4.08807,3.03802,4.43461,6.13603,1.6639,2.61561,2.19565,1.4807,2.52277,4.05015,3.12389,2.60941,2.45222,4.15121,4.77835,2.96777,4.13228,1.83573,2.20091,2.25767,1.53149,3.87791,2.43003,1.21664,1.04774,2.32899,2.64359,2.34564,1.57932,1.16347,1.419,2.68053,4.11886,4.90441,2.18669,27.6504,17.0739,39.216,42.1288,26.4051,3.48749,5.71231
2019-05-24,3.11347,3.94586,2.91509,4.23907,6.14871,1.60225,2.55937,2.17925,1.47125,2.47038,4.00553,3.03346,2.55751,2.40022,4.07569,4.57963,2.92185,4.16289,1.83241,2.15884,2.25978,1.53409,3.84218,2.42553,1.2088,1.04465,2.23693,2.59337,2.3272,1.50291,1.15814,1.38029,2.61855,3.98849,4.81611,2.15903,26.3348,16.7189,37.3501,40.595,25.162,3.45015,5.56002
2019-05-31,3.05952,3.8899,2.84477,4.21294,5.97682,1.5991,2.51931,2.17184,1.44969,2.4023,3.90925,2.99375,2.50051,2.32813,4.00448,4.63266,2.92339,4.0891,1.79456,2.12286,2.2317,1.51124,3.82317,2.38423,1.20953,1.04348,2.25882,2.57516,2.29213,1.48341,1.15551,1.34312,2.57181,3.90408,4.75021,2.12836,26.2207,16.6188,37.1883,40.3902,24.3232,3.35852,5.42863
2019-06-07,3.17646,4.05199,2.9781,4.39323,6.25284,1.66694,2.57182,2.23169,1.49605,2.51781,4.04605,3.14092,2.60653,2.46223,4.15133,4.84593,2.93009,4.25825,1.8811,2.22177,2.32614,1.57977,3.96981,2.48054,1.22355,1.05037,2.27205,2.68,2.37821,1.5538,1.14554,1.39438,2.67641,4.10066,4.97917,2.25022,28.7735,18.002,37.3725,40.3471,24.4671,3.50957,5.64989
2019-06-14,3.18035,4.05696,2.99756,4.42193,6.2427,1.67784,2.57569,2.24008,1.49771,2.5644,4.09273,3.18085,2.57555,2.41875,4.17342,4.85263,2.92949,4.28153,1.89557,2.25243,2.36328,1.5735,4.00766,2.48501,1.2239,1.05093,2.25871,2.70694,2.39542,1.55819,1.14647,1.39302,2.70495,4.13231,5.13401,2.26104,28.8586,17.9664,37.3725,40.3471,24.4671,3.52921,5.69983
2019-06-21,3.25921,4.16194,3.07583,4.53036,6.36135,1.71898,2.69373,2.28081,1.5065,2.64087,4.12629,3.19952,2.64183,2.50967,4.26382,4.89321,2.94375,4.32949,1.90506,2.26519,2.38974,1.581,4.11061,2.52864,1.25015,1.05555,2.30611,2.76983,2.41916,1.59006,1.14647,1.44718,2.77209,4.19496,5.2225,2.28309,29.6483,18.3579,37.3725,40.3471,24.4671,3.60449,5.88489
2019-06-28,3.29427,4.20672,3.07798,4.53636,6.3127,1.72126,2.67944,2.28272,1.52324,2.60192,4.16266,3.24231,2.66395,2.51637,4.23757,4.91718,2.95494,4.28887,1.89072,2.25356,2.36809,1.55768,4.07285,2.49582,1.25678,1.05878,2.29923,2.74476,2.39331,1.58702,1.15088,1.49883,2.76255,4.15696,5.22018,2.26034,28.9137,17.97,37.3725,40.3471,24.4671,3.59223,5.84067
2019-07-05,3.31277,4.23034,3.1033,4.58754,6.42288,1.74068,2.67811,2.28587,1.53382,2.65361,4.221,3.30122,2.72785,2.58007,4.26094,4.95562,2.95798,4.38702,1.91704,2.29388,2.40198,1.58674,4.08719,2.5225,1.26723,1.06208,2.30423,2.76301,2.46099,1.60412,1.16186,1.52803,2.79102,4.24754,5.36348,2.29726,30.1883,18.7756,38.1383,40.9759,24.3967,3.65917,5.97547
2019-07-12,3.3564,4.30474,3.1616,4.65257,6.44102,1.76535,2.66896,2.31586,1.54155,2.64188,4.2675,3.33724,2.70769,2.56244,4.33276,4.97578,2.95997,4.38929,1.92782,2.30941,2.39329,1.58954,4.06597,2.52912,1.26474,1.06208,2.3048,2.80331,2.48332,1.61277,1.16186,1.55267,2.79891,4.25612,5.41141,2.31027,30.5872,18.9829,38.6422,41.2253,24.1389,3.68602,6.05304
2019-07-19,3.36003,4.30997,3.09745,4.56497,6.28196,1.73718,2.68426,2.27388,1.53472,2.63709,4.19944,3.34644,2.71562,2.53483,4.29939,4.89688,2.95578,4.33847,1.89835,2.29245,2.3807,1.55608,3.99725,2.51503,1.25896,1.0602,2.30463,2.73744,2.45877,1.58963,1.1598,1.49191,2.77713,4.23927,5.40956,2.29351,30.2332,18.7681,38.195,40.5769,23.9563,3.64336,5.97422
2019-07-26,3.44124,4.43889,3.13551,4.64928,6.46697,1.76674,2.66283,2.25507,1.55306,2.68324,4.18745,3.38234,2.76995,2.58616,4.28798,4.96841,2.98322,4.42485,1.8992,2.29253,2.40188,1.6111,4.04589,2.53316,1.26785,1.06487,2.3267,2.77587,2.4759,1.61679,1.16537,1.53883,2.82859,4.31216,5.51819,2.32791,31.3577,19.3879,39.6156,42.3397,24.7107,3.7027,6.10808
2019-08-02,3.36831,4.37815,3.04392,4.48164,6.30064,1.69814,2.60548,2.16503,1.51928,2.64661,4.05411,3.19068,2.66608,2.47376,4.2603,4.8078,2.95115,4.32532,1.86591,2.20025,2.34085,1.55974,3.95327,2.48015,1.22903,1.03767,2.22921,2.72477,2.38163,1.56466,1.14324,1.4805,2.83007,4.06679,5.30614,2.28066,29.7116,18.4078,37.536,40.394,23.5996,3.58757,5.85974
2019-08-09,3.53806,4.47062,3.00602,4.42991,6.21913,1.67703,2.57356,2.16739,1.50732,2.65891,4.1086,3.20633,2.58892,2.44546,4.21488,4.84403,3.04834,4.34359,1.90236,2.25467,2.34742,1.58374,4.00688,2.48817,1.27639,1.04008,2.19185,2.79406,2.3571,1.58703,1.14482,1.46691,2.82659,4.01241,5.32826,2.29621,30.6806,19.2084,38.7602,43.9779,25.648,3.57531,5.83285
2019-08-16,3.54827,4.48555,3.02091,4.44692,6.03824,1.68575,2.59716,2.19915,1.5107,2.68615,4.13715,3.18026,2.61945,2.46458,4.29256,4.88075,3.05398,4.31757,1.89334,2.25208,2.34888,1.58903,3.98524,2.51029,1.25838,1.03047,2.17202,2.73641,2.34057,1.5955,1.14233,1.43187,2.83029,4.01738,5.27103,2.30324,29.8014,18.708,37.6496,42.5213,24.9326,3.54135,5.80126
2019-08-23,3.55348,4.49539,3.0169,4.44102,5.89182,1.68351,2.5539,2.20516,1.51419,2.6542,4.16805,3.15841,2.58171,2.46651,4.27066,4.95869,3.07753,4.25024,1.89611,2.25788,2.34331,1.59103,3.92641,2.482,1.25999,1.02468,2.21065,2.69163,2.30406,1.61808,1.14036,1.39294,2.78272,3.93025,5.1981,2.26834,29.1978,18.5569,36.8869,41.8305,24.8126,3.49231,5.6946
2019-08-30,3.5666,4.52857,3.03954,4.44907,5.95076,1.69938,2.58231,2.22276,1.51457,2.7224,4.24038,3.13619,2.59525,2.49059,4.32553,4.98363,3.0666,4.37981,1.93603,2.2908,2.40485,1.62168,3.98916,2.53383,1.26393,1.02789,2.23309,2.78888,2.38454,1.64657,1.14738,1.44387,2.87701,4.0609,5.27217,2.27247,29.0138,18.7816,36.6545,42.1765,25.1095,3.58549,5.8635
2019-09-06,3.56396,4.53299,3.03094,4.44827,5.95493,1.68629,2.60719,2.22406,1.51588,2.75927,4.1891,3.1325,2.64297,2.53297,4.33474,4.99326,3.0569,4.43195,1.93784,2.2993,2.39629,1.62612,4.05984,2.52237,1.26074,1.02529,2.22389,2.84793,2.3804,1.63888,1.14662,1.44827,2.95137,4.12663,5.34448,2.31413,28.2721,18.6517,35.7175,42.0404,25.5578,3.65415,5.99236
2019-09-13,3.48398,4.44602,2.94908,4.32625,5.86441,1.64068,2.58802,2.23941,1.52715,2.72064,4.16308,3.03993,2.5868,2.46099,4.22692,4.81545,3.07499,4.37224,1.89008,2.21231,2.35812,1.60822,3.9655,2.47935,1.25987,1.02313,2.2389,2.83861,2.35197,1.61635,1.14533,1.42513,2.97299,4.1266,5.47744,2.33425,26.06,17.3924,32.9228,40.6177,25.1043,3.69142,6.02207
2019-09-20,3.54364,4.52259,3.00732,4.42129,5.97348,1.6757,2.55441,2.2424,1.53711,2.73939,4.21717,3.10753,2.5985,2.44484,4.27587,4.85833,3.09039,4.4265,1.86985,2.17886,2.31736,1.60842,3.90557,2.46701,1.25465,1.02313,2.23955,2.83089,2.3629,1.62768,1.15571,1.46525,2.92303,4.09841,5.31307,2.31068,26.1553,17.4971,33.0432,40.845,24.7219,3.67385,5.96765
2019-09-27,3.49923,4.481,3.00086,4.39757,5.88275,1.66661,2.51707,2.23232,1.52021,2.70617,4.1946,3.05394,2.57046,2.43707,4.21089,4.79162,3.0756,4.37836,1.82903,2.15325,2.28669,1.56971,3.90645,2.45903,1.24658,1.02313,2.23558,2.79821,2.35378,1.59896,1.15666,1.42312,2.92712,4.05188,5.21079,2.28117,25.0306,16.9838,31.6223,39.4932,23.8582,3.63838,5.86153
2019-10-04,3.41703,4.38747,2.95852,4.3499,5.87933,1.65638,2.50881,2.26489,1.5408,2.71494,4.18418,3.1119,2.51496,2.38337,4.21367,4.7696,3.09944,4.36948,1.81175,2.13415,2.27412,1.52023,3.92444,2.43984,1.24613,1.02313,2.25215,2.78595,2.35713,1.58059,1.16436,1.41577,2.89954,3.9959,5.05547,2.28294,25.3183,17.159,31.9858,39.3741,23.935,3.62545,5.91732
2019-10-11,3.40167,4.38786,2.98154,4.36737,5.96502,1.67724,2.48582,2.23692,1.53449,2.71551,4.14887,3.16551,2.56465,2.43996,4.29252,4.80432,3.10303,4.36595,1.80638,2.1159,2.27021,1.51028,3.87784,2.4276,1.2466,1.02313,2.24897,2.75662,2.36207,1.60659,1.16363,1.41994,2.9495,3.96078,5.19992,2.30578,25.5043,17.1731,32.2207,40.2295,23.8281,3.64922,5.9894
2019-10-18,3.37833,4.35902,2.96773,4.36279,5.84046,1.67003,2.48023,2.25209,1.53061,2.75369,4.15738,3.18841,2.56922,2.448,4.28394,4.80033,3.10303,4.39803,1.81471,2.12315,2.23524,1.51789,3.94739,2.46797,1.2466,1.02313,2.23778,2.81232,2.34587,1.59256,1.16363,1.37325,2.89708,3.96873,5.2037,2.30942,25.1602,16.9267,31.786,40.5798,23.9994,3.67003,6.00758
2019-10-25,3.3335,4.30048,2.92532,4.30343,5.87742,1.64675,2.52091,2.27199,1.5359,2.79167,4.14527,3.18509,2.56744,2.46921,4.21685,4.80619,3.12196,4.36942,1.80356,2.13716,2.23781,1.53655,3.99542,2.4985,1.24926,1.02425,2.23545,2.87042,2.35768,1.58202,1.16363,1.34831,2.9192,4.08079,5.48545,2.32305,24.8783,16.7513,31.4299,41.4109,25.5615,3.71474,6.13137
2019-11-01,3.41348,4.42487,3.01512,4.45076,5.9888,1.69649,2.55279,2.29023,1.53839,2.84212,4.12251,3.18888,2.63097,2.53004,4.27611,4.88966,3.13397,4.41852,1.83557,2.18562,2.26355,1.55517,4.00917,2.51778,1.24582,1.02167,2.24944,2.92555,2.36215,1.59922,1.17345,1.38126,2.94318,4.13261,5.5575,2.35639,24.6717,16.8309,31.169,41.6648,25.3105,3.77066,6.2326
2019-11-08,3.38573,4.40191,2.95323,4.37076,5.99087,1.6728,2.53523,2.29102,1.52773,2.7964,4.13755,3.14267,2.60753,2.49456,4.15939,4.92832,3.13821,4.31003,1.8455,2.19473,2.24779,1.55543,4.06905,2.49876,1.2349,1.01036,2.22801,2.98888,2.33213,1.59053,1.17054,1.38172,2.92802,4.23816,5.65442,2.35872,24.767,16.8287,31.2893,42.3012,25.5598,3.80515,6.30656
2019-11-15,3.45659,4.48155,2.96364,4.40516,5.9755,1.68954,2.57511,2.3245,1.53898,2.83668,4.18789,3.19116,2.68685,2.55243,4.24669,4.94416,3.13821,4.38532,1.86508,2.20662,2.30979,1.55755,4.06888,2.53317,1.24108,1.01126,2.23165,3.11736,2.3324,1.60336,1.17054,1.41087,2.94996,4.29674,5.77337,2.36711,25.9203,17.7049,32.7463,43.1413,26.5089,3.84025,6.35921
2019-11-22,3.44956,4.47047,2.92128,4.33891,5.82485,1.66336,2.5352,2.30633,1.5371,2.80263,4.14622,3.1955,2.68566,2.58526,4.22496,4.95092,3.15092,4.38438,1.80103,2.13657,2.28945,1.54092,4.0251,2.51439,1.24307,1.01224,2.22656,3.14749,2.33203,1.59627,1.17528,1.38151,2.94159,4.28028,5.79419,2.36578,25.3234,17.5575,31.9922,42.2831,25.379,3.83003,6.32537
2019-11-29,3.54731,4.60088,3.01423,4.46705,5.92169,1.71248,2.59482,2.3457,1.55471,2.84502,4.24102,3.23459,2.70596,2.60224,4.33248,5.0015,3.17006,4.42952,1.82471,2.16653,2.33533,1.55091,4.04846,2.56059,1.25069,1.0174,2.25952,3.21366,2.37509,1.60996,1.18047,1.38423,2.98866,4.2958,5.81455,2.38291,26.1932,18.0789,33.0911,43.1392,25.5694,3.87129,6.42785
2019-12-06,3.54817,4.56766,2.97678,4.40815,5.82653,1.68884,2.56675,2.40012,1.56517,2.84796,4.31504,3.19551,2.70327,2.58005,4.33783,5.08684,3.2076,4.42908,1.79549,2.14583,2.30973,1.53974,4.01532,2.57089,1.25142,1.0174,2.26978,3.14625,2.37049,1.62991,1.19446,1.36413,2.96781,4.28855,5.84416,2.37953,26.1595,18.0426,33.0485,43.4988,25.1564,3.87819,6.42471
2019-12-13,3.55778,4.65155,2.95623,4.39521,5.78054,1.68573,2.54833,2.39861,1.56026,2.82235,4.31182,3.21549,2.71738,2.58304,4.36766,5.11154,3.20876,4.41478,1.81074,2.17726,2.25931,1.57211,4.05971,2.55599,1.25113,1.0174,2.27181,3.1844,2.39754,1.62267,1.18941,1.36365,2.95655,4.3735,5.96769,2.38866,26.721,18.179,33.7578,43.6095,26.0891,3.90837,6.49335
2019-12-20,3.654,4.79211,3.00764,4.51084,5.96032,1.73371,2.58738,2.44379,1.56802,2.87013,4.3946,3.25921,2.7385,2.60921,4.46317,5.14596,3.21582,4.51838,1.8538,2.21438,2.31909,1.60718,4.15074,2.60764,1.25113,1.0174,2.27737,3.21128,2.39619,1.61501,1.19209,1.38359,3.04553,4.47487,6.08622,2.42837,27.3211,18.6335,34.5161,45.4246,26.6561,3.96979,6.63501
2019-12-27,3.65194,4.7894,3.04712,4.55483,6.00276,1.75062,2.59626,2.45464,1.57142,2.86842,4.43493,3.24586,2.73631,2.60235,4.5173,5.14596,3.21582,4.5042,1.87014,2.24019,2.32306,1.60353,4.18167,2.61102,1.25089,1.0174,2.27798,3.20087,2.40177,1.61573,1.19209,1.38169,3.04111,4.48136,6.10634,2.43966,27.6592,18.8382,34.9431,46.1213,26.8258,3.99615,6.70906
2020-01-03,3.68937,4.81702,3.09749,4.62938,6.10801,1.77927,2.58738,2.4257,1.5866,2.86513,4.36786,3.20436,2.7432,2.55656,4.57193,5.14596,3.21582,4.49852,1.85942,2.23701,2.30869,1.60756,4.21122,2.61388,1.25074,1.0174,2.27798,3.2791,2.38655,1.63456,1.19209,1.39655,3.01238,4.46878,6.0955,2.42887,27.8042,18.8392,35.1263,46.2389,27.6316,3.99058,6.72697
2020-01-10,3.63658,4.76929,3.142,4.70634,6.08754,1.80885,2.57699,2.42188,1.57725,2.86076,4.34161,3.18799,2.75296,2.56094,4.56392,5.14046,3.21582,4.5455,1.88293,2.27409,2.32181,1.66239,4.27347,2.6293,1.24797,1.01102,2.28115,3.2841,2.40627,1.64187,1.19209,1.39173,2.99341,4.47352,6.11253,2.43867,28.3946,19.1405,35.8722,46.4179,28.7589,4.03143,6.86045
2020-01-17,3.71802,4.82772,3.17265,4.71562,6.07755,1.81401,2.62772,2.45187,1.58614,2.92718,4.40486,3.25171,2.80493,2.62304,4.57955,5.20963,3.21582,4.67995,1.92485,2.33444,2.34175,1.70099,4.413,2.69661,1.25522,1.01484,2.28968,3.31879,2.4219,1.65632,1.19209,1.40219,3.03597,4.5614,6.33469,2.51556,29.1325,19.5066,36.8044,46.7206,29.1688,4.10866,7.01592
2020-01-24,3.64007,4.77757,3.14391,4.69443,5.91433,1.79888,2.5323,2.37369,1.57096,2.84582,4.26739,3.17389,2.77847,2.57684,4.53409,5.15721,3.21582,4.68172,1.93429,2.31059,2.34705,1.67013,4.38162,2.69386,1.25131,1.00398,2.25937,3.24756,2.40456,1.62622,1.19209,1.37296,2.98691,4.43587,6.32952,2.45564,29.3135,19.6117,37.0332,47.022,29.2091,4.0693,6.99456
2020-01-31,3.44619,4.55685,3.08788,4.49063,5.60716,1.71943,2.47675,2.32877,1.55804,2.7824,4.16531,3.07788,2.76664,2.53303,4.46768,4.98423,3.20206,4.5967,1.9193,2.27258,2.2952,1.6415,4.3869,2.64046,1.20108,0.981189,2.1708,3.15697,2.35228,1.5639,1.18591,1.35361,2.93543,4.26453,6.20363,2.39825,28.4704,19.1684,35.968,46.2755,28.3706,3.98216,6.88055
2020-02-07,3.54918,4.66978,3.20765,4.62442,5.83584,1.76713,2.56811,2.40962,1.59704,2.85933,4.33534,3.1531,2.87812,2.6377,4.56355,5.22871,3.27395,4.70346,1.97496,2.33327,2.33254,1.70687,4.51872,2.68561,1.22983,0.993402,2.23698,3.16403,2.38964,1.60682,1.2078,1.34775,3.05186,4.36047,6.27643,2.51195,29.6833,19.9606,37.5003,48.0955,30.2674,4.11176,7.19872
2020-02-14,3.60502,4.73917,3.28171,4.74028,6.01292,1.81436,2.61321,2.39025,1.59618,2.94811,4.36795,3.22054,2.8872,2.62504,4.63662,5.32804,3.27854,4.84889,1.98849,2.37184,2.44614,1.71791,4.62994,2.73853,1.27949,1.00793,2.29563,3.23888,2.41637,1.63984,1.20649,1.37276,3.13604,4.46628,6.39499,2.56179,31.1412,20.7895,39.3421,49.7416,31.9509,4.17859,7.36958
2020-02-21,3.58054,4.70699,3.22739,4.65986,6.01821,1.78358,2.6022,2.41119,1.59967,2.96084,4.34335,3.20523,2.86311,2.58262,4.55821,5.26447,3.26085,4.78915,1.99823,2.40098,2.47985,1.69625,4.57806,2.67595,1.26057,1.00675,2.22151,3.22464,2.38785,1.64833,1.19607,1.3893,3.08785,4.46295,6.29631,2.50446,31.3027,20.5595,39.5462,49.5118,32.8915,4.1276,7.23232
2020-02-28,3.19584,4.11589,3.11582,4.38332,5.67099,1.67947,2.32523,2.16296,1.43496,2.64346,3.78671,2.86413,2.48139,2.23206,3.98148,5.13209,3.21195,4.26683,1.80588,2.1329,2.18407,1.61014,4.13618,2.44125,1.19198,0.913209,2.16712,2.79788,2.13227,1.45226,1.16171,1.26552,2.83213,4.02041,5.70632,2.28889,27.3957,18.1557,34.6103,46.2634,28.2632,3.66691,6.46377
2020-03-06,3.3373,4.23914,3.2145,4.64364,5.85117,1.76389,2.42997,2.24714,1.50354,2.72352,3.85966,2.86499,2.49072,2.24748,4.18519,5.37684,3.38128,4.38369,1.80157,2.11891,2.21127,1.62987,4.29286,2.44648,1.17876,0.936496,2.23491,2.83519,2.09482,1.49854,1.17342,1.26718,2.78354,4.04779,5.86979,2.35769,27.1815,17.9157,34.9438,47.1482,28.9726,3.68177,6.53349
2020-03-13,3.35107,4.25663,2.99042,4.33352,4.68093,1.55556,2.37334,2.17311,1.52404,2.51374,3.65894,2.60541,2.43993,2.11627,3.90043,4.93447,3.01271,4.00832,1.61631,1.93512,1.88571,1.49641,4.08056,2.23841,1.00691,0.86286,1.95103,2.8487,1.8157,1.38706,1.07317,0.991094,2.34652,3.60145,5.36068,2.13852,23.6972,15.6258,34.9438,47.1482,28.9726,3.33347,6.04102
2020-03-20,3.13887,3.95293,2.64283,3.66027,4.05104,1.483,2.25541,2.03899,1.51077,2.30209,3.48525,2.1437,2.31548,1.85712,3.30893,4.29214,2.6637,3.44587,1.51937,1.84045,1.74967,1.39405,3.6302,2.15535,0.922011,0.668112,1.60354,2.66036,1.41019,1.24513,0.942012,0.772146,1.9062,3.05701,4.64802,1.89115,19.0488,12.3178,34.9438,47.1482,28.9726,2.84859,5.36135
2020-03-27,3.15598,3.96712,2.64768,3.6802,4.71191,1.47585,2.22154,2.06846,1.51077,2.44594,3.70257,2.44679,2.46933,1.92162,3.42587,4.41762,2.82232,3.80275,1.46873,1.79777,1.6995,1.34788,3.68291,2.10843,0.93099,0.706083,1.63953,2.59524,1.46746,1.38148,0.974027,0.946685,2.12954,3.37077,5.12214,1.91601,23.1865,14.9408,34.9438,47.1482,28.9726,3.15511,5.83231
2020-04-03,3.16087,3.97326,2.65717,3.69339,4.51458,1.479,2.21882,2.06403,1.51077,2.4594,3.73036,2.45219,2.46677,1.95354,3.4385,4.37961,2.82113,3.79207,1.48024,1.81314,1.76441,1.36294,3.75273,2.12618,0.901954,0.705774,1.63413,2.6145,1.45497,1.31743,0.970457,0.897726,2.05436,3.13236,4.97773,1.9135,21.7377,13.9962,34.9438,47.1482,28.9726,3.09,5.77156
2020-04-10,3.16087,3.97326,2.69589,3.74721,5.48836,1.50055,2.25203,2.07283,1.51077,2.5601,3.76411,2.45219,2.6775,2.11206,3.4886,4.98039,2.94385,3.92112,1.48469,1.80809,1.77171,1.39431,3.77895,2.13033,0.94839,0.715897,1.72449,2.6145,1.52978,1.42367,0.990707,1.04707,2.38463,3.81985,5.85092,1.94039,24.6274,15.8797,34.9438,47.1482,28.9726,3.46363,6.32206
2020-04-17,3.16087,3.97326,2.69677,3.74844,5.78555,1.50104,2.27685,2.07283,1.51077,2.6216,3.76411,2.45219,2.80573,2.26381,3.4886,5.03945,2.94385,4.05379,1.57462,1.9281,1.96946,1.54341,3.82416,2.1292,0.983306,0.718839,1.78573,2.61312,1.60519,1.48666,0.990707,1.06793,2.4156,3.85356,5.82721,2.12149,27.7939,17.0613,34.9438,47.1482,28.9726,3.56871,6.77624
2020-04-24,3.15973,3.97183,2.74199,3.81129,5.60974,1.52621,2.28063,2.07407,1.51077,2.66082,3.76637,2.45219,2.86091,2.25369,3.53605,5.16062,2.96521,4.07026,1.55518,1.93833,1.98821,1.55448,3.8959,2.16632,1.02314,0.729415,1.80072,2.64502,1.55566,1.46115,0.986348,1.06119,2.40655,3.82163,5.66673,2.15913,27.8328,17.059,34.9438,47.1482,28.9726,3.52301,6.7306
2020-05-01,3.19443,4.01545,2.76829,3.84785,5.88363,1.53996,2.29804,2.08034,1.50715,2.69052,3.76573,2.45219,2.78567,2.1898,3.56706,5.19299,2.99428,3.98003,1.53549,1.89432,1.9073,1.50673,3.73953,2.08648,1.01658,0.727458,1.79808,2.53603,1.53493,1.45602,0.981869,1.08179,2.37118,3.91083,5.91919,2.18611,26.8739,16.7066,34.9438,47.1482,28.9726,3.52077,6.69598
2020-05-08,3.31558,4.16774,2.89592,4.01217,6.01903,1.61741,2.36179,2.13441,1.52007,2.81866,3.8777,2.45219,2.9074,2.30056,3.73106,5.64035,3.10616,4.10484,1.6504,1.92258,2.06216,1.53741,4.09585,2.24509,1.07481,0.756684,1.87892,2.68904,1.60656,1.55719,1.01083,1.13721,2.45171,4.07757,6.23606,2.27053,30.2083,18.0697,34.9438,47.1482,28.9726,3.64092,7.07745
2020-05-15,3.29077,4.13654,2.95045,4.09058,5.88974,1.64787,2.39084,2.14259,1.52007,2.84476,3.8786,2.44904,2.86917,2.21433,3.74016,5.69643,3.11899,4.11517,1.68783,1.8991,2.11212,1.55397,4.23091,2.3064,1.05478,0.740047,1.87562,2.68742,1.58677,1.56658,1.01844,1.04524,2.31056,3.84293,5.94217,2.2195,31.2532,18.4181,34.9438,47.1482,28.9726,3.56422,7.02741
2020-05-22,3.32289,4.17322,3.0125,4.16993,6.11815,1.67983,2.41864,2.2015,1.51621,2.88496,4.05268,2.46696,2.86923,2.18242,3.81188,5.99947,3.10486,4.14508,1.69114,1.92874,2.10938,1.563,4.25729,2.31764,1.10848,0.743904,1.92229,2.76163,1.5888,1.60683,1.01645,1.14373,2.4197,4.18467,6.34244,2.22845,32.01,18.6702,34.9438,47.1482,28.9726,3.67827,7.22853
2020-05-29,3.39618,4.26528,3.09829,4.29118,6.36798,1.72675,2.4768,2.22535,1.50343,2.97196,4.06991,2.53904,2.99396,2.3049,3.85586,6.22467,3.10344,4.39895,1.75045,1.94222,2.11165,1.52297,4.28591,2.22137,1.14163,0.759417,1.9673,2.72575,1.63241,1.60411,0.993122,1.18609,2.54315,4.36177,6.69274,2.23988,31.1938,18.7732,34.9438,47.1482,28.9726,3.78882,7.34499
2020-06-05,3.42937,4.3127,3.13183,4.33289,6.93994,1.7443,2.6021,2.29822,1.51161,3.0934,4.27158,2.55944,3.15346,2.41718,3.88245,6.39828,3.13924,4.38115,1.73578,1.93428,2.14748,1.64304,4.21607,2.21126,1.15647,0.757207,2.02751,2.93764,1.66228,1.67199,0.993122,1.39109,2.62249,4.749,7.15446,2.18951,30.8242,18.987,34.5641,47.2682,29.1661,3.97583,7.54423
2020-06-12,3.42926,4.31619,3.15461,4.37142,6.98703,1.75012,2.62368,2.299,1.52796,3.09936,4.22226,2.53874,2.92252,2.21747,3.88036,6.49999,3.09052,4.37932,1.66229,1.86501,2.08888,1.53524,4.20255,2.17229,1.10801,0.757207,1.92517,2.71239,1.56959,1.62564,0.986113,1.32966,2.47476,4.46986,6.88117,2.07863,31.1493,18.6418,34.9285,47.7599,29.5995,3.78745,7.42431
2020-06-19,3.49902,4.37743,3.24193,4.4996,7.12036,1.79708,2.66125,2.35482,1.56538,3.20958,4.34643,2.61703,3.03091,2.2707,3.90504,6.67855,3.15192,4.52366,1.70961,1.95232,2.14389,1.57922,4.31165,2.28927,1.12349,0.757207,1.99354,2.73305,1.59493,1.65258,1.0459,1.34573,2.51673,4.62121,7.04144,2.14432,33.5553,19.9174,37.6265,51.6588,31.7543,3.85952,7.68744
2020-06-26,3.41255,4.24648,3.13154,4.30885,6.6546,1.72252,2.57474,2.25133,1.53743,3.13615,4.15551,2.58767,3.0349,2.24353,3.74345,6.50954,3.12151,4.42638,1.68726,1.89011,2.11557,1.53462,4.30167,2.24964,1.13197,0.757207,1.98519,2.65662,1.54845,1.6043,1.04595,1.19735,2.39438,4.49905,6.89704,2.14209,32.6323,19.5297,36.5915,50.1924,30.6974,3.7521,7.57406
2020-07-03,3.57814,4.44266,3.29451,4.55847,6.91301,1.78271,2.65399,2.31785,1.56803,3.28603,4.36456,2.73341,3.13729,2.40497,3.96445,7.01419,3.27122,4.61221,1.73676,1.98658,2.19025,1.57092,4.46121,2.38845,1.12257,0.749483,1.97441,2.74551,1.59209,1.75125,1.10432,1.3037,2.50989,4.64976,7.18693,2.20122,35.0581,20.6099,39.3117,54.1316,32.4565,3.90441,7.95147
2020-07-10,3.59463,4.46313,3.34138,4.62333,6.96344,1.80807,2.68797,2.32172,1.56793,3.31569,4.3878,2.71422,3.2399,2.49469,4.01245,7.06145,3.28243,4.80113,1.77397,2.0774,2.25978,1.60653,4.62637,2.53605,1.15088,0.767094,1.98813,2.8744,1.65622,1.75611,1.12481,1.34002,2.56922,4.76912,7.14899,2.25163,37.1539,21.5256,41.6617,58.7481,32.9907,3.97144,8.32289
2020-07-17,3.67127,4.55829,3.40245,4.71562,7.17849,1.84416,2.75104,2.3477,1.56916,3.45143,4.54612,2.78213,3.28089,2.61462,4.08233,7.21876,3.27231,4.75021,1.7555,2.13812,2.27527,1.65044,4.60056,2.49294,1.14395,0.765938,1.97616,3.065,1.72429,1.84926,1.16707,1.41347,2.68544,4.77256,7.19554,2.2537,37.6291,21.8314,42.1946,58.119,33.5954,4.02308,8.17943
2020-07-24,3.90159,4.84425,3.59752,4.93502,7.57055,1.92996,2.86983,2.39771,1.58266,3.53666,4.56456,2.81109,3.27319,2.58285,4.17969,7.53968,3.31336,4.8143,1.74616,2.16564,2.29485,1.64924,4.60802,2.4185,1.12696,0.763254,1.9835,3.02735,1.66322,1.90437,1.17707,1.41105,2.66655,4.9522,7.1433,2.28051,36.881,21.6064,41.3557,55.61,32.8208,4.01258,8.05772
2020-07-31,3.90434,4.84766,3.60277,4.9318,7.77063,1.92795,2.80893,2.36713,1.57332,3.53767,4.69663,2.76031,3.38099,2.61533,4.20249,7.48348,3.2793,5.00573,1.8004,2.1713,2.35859,1.67983,4.68803,2.43697,1.12082,0.762707,1.97324,3.08447,1.65718,1.90766,1.18016,1.37689,2.68586,4.98783,7.29834,2.34041,39.0603,22.7655,43.7994,59.5227,35.0861,4.08311,8.38028
2020-08-07,3.99076,4.97648,3.66086,5.02657,7.92097,1.99688,2.91459,2.42773,1.59375,3.61642,4.75814,2.80971,3.45523,2.68041,4.23295,7.5472,3.31343,5.10473,1.79426,2.23059,2.39594,1.71284,4.80391,2.48444,1.13077,0.771061,1.98532,3.22007,1.70059,1.90005,1.18789,1.366,2.78215,5.20013,7.55009,2.39126,40.0619,23.6288,44.9225,60.6168,36.3129,4.18377,8.55936
2020-08-14,4.03864,5.06457,3.63195,4.98271,7.98994,1.99368,2.96721,2.41726,1.6048,3.68346,4.88324,2.81651,3.42429,2.66026,4.23816,7.64482,3.32902,5.07644,1.7522,2.22456,2.36889,1.69697,4.77756,2.46663,1.12833,0.767142,1.99544,3.2146,1.73925,1.95148,1.18375,1.37103,2.79485,5.19056,7.66654,2.3947,40.065,23.3506,44.926,61.5216,37.2733,4.21216,8.58112
2020-08-21,4.05618,5.04119,3.56629,4.91451,7.74155,1.96337,2.87459,2.36754,1.60678,3.65043,4.8417,2.85505,3.37659,2.63755,4.17443,7.57298,3.31202,5.1532,1.76618,2.26868,2.42158,1.68261,4.79486,2.50636,1.13065,0.770426,2.00731,3.16272,1.73881,1.92378,1.18383,1.34415,2.77231,5.08983,7.51668,2.38332,42.0732,24.1525,47.1779,65.1606,39.8763,4.24517,8.88727
2020-08-28,4.08467,5.1086,3.64156,4.9746,8.06658,1.99975,2.9217,2.41533,1.64241,3.73337,4.82661,2.86104,3.41237,2.65902,4.24338,7.65413,3.34645,5.27275,1.78483,2.27831,2.4466,1.70751,4.83639,2.53834,1.14435,0.774392,2.02667,3.22825,1.78068,1.93689,1.19037,1.38558,2.81291,5.19833,7.71853,2.48539,43.3506,24.8128,48.6102,66.6726,40.5927,4.38398,9.22338
2020-09-04,4.15982,5.20241,3.64694,5.01372,8.20031,2.01065,3.07421,2.44967,1.65681,3.69354,4.69884,2.81181,3.50063,2.70865,4.28755,7.55127,3.34364,5.10914,1.72871,2.19181,2.39819,1.70279,4.66774,2.4777,1.14109,0.773105,1.9969,3.16008,1.76377,1.88241,1.174,1.35732,2.71164,5.09785,7.58265,2.42574,40.944,23.3438,45.9116,62.3535,38.0672,4.28381,8.94119
2020-09-11,4.09735,5.15079,3.57006,4.92159,7.83468,1.96975,3.15978,2.4248,1.62574,3.65655,4.52161,2.75049,3.37476,2.64585,4.25214,7.28034,3.29652,4.95019,1.7367,2.17762,2.40353,1.65709,4.59582,2.48697,1.10914,0.75843,1.92411,3.09624,1.75379,1.81271,1.12073,1.27132,2.64381,4.97152,7.45226,2.38953,38.7063,22.2034,43.4025,59.5911,36.4004,4.17739,8.5272
2020-09-18,4.13399,5.17832,3.56375,4.90234,7.92324,1.96975,3.12225,2.4372,1.64348,3.65724,4.57889,2.8032,3.34406,2.63622,4.23293,7.34144,3.44038,4.94183,1.72395,2.17026,2.38973,1.66191,4.59267,2.50528,1.1444,0.787435,1.95132,3.08475,1.72587,1.85346,1.14091,1.26398,2.65242,5.03405,7.57365,2.44965,41.1065,22.8454,46.0939,61.8935,37.6049,4.1513,8.41432
2020-09-25,4.23475,5.28128,3.65988,4.89092,7.84945,2.00212,3.10009,2.51304,1.68825,3.65698,4.60661,2.80424,3.33743,2.57448,4.23884,7.32431,3.5083,5.03992,1.61773,2.06247,2.26713,1.52356,4.55014,2.42949,1.13109,0.778724,1.98902,2.96135,1.6958,1.86771,1.15972,1.25108,2.63642,4.89115,7.37025,2.40456,41.1551,23.5037,46.1483,63.4316,38.4745,4.1272,8.5622
2020-10-02,4.33295,5.3822,3.68581,4.97342,8.14891,2.0267,3.2403,2.54142,1.70911,3.84775,4.67866,2.83843,3.35697,2.61013,4.28466,7.42799,3.60461,5.10451,1.64355,2.09697,2.34864,1.58158,4.61292,2.45506,1.13109,0.779897,2.03215,3.0287,1.74462,1.9004,1.20531,1.29794,2.69207,5.20593,7.54653,2.45394,41.6809,24.3829,46.738,65.6821,40.4348,4.19135,8.64891
2020-10-09,4.37322,5.43222,3.7583,5.10075,8.56201,2.08046,3.33589,2.56051,1.7111,4.00467,4.74257,2.93033,3.49906,2.72949,4.40378,7.55573,3.63695,5.40348,1.7452,2.22109,2.51871,1.63952,4.82748,2.57441,1.17721,0.779897,2.07358,3.13575,1.82242,1.97356,1.21397,1.37021,2.79349,5.41167,7.92046,2.55677,44.9545,26.1736,50.4087,71.8574,43.2957,4.35469,9.00834
2020-10-16,4.37231,5.43108,3.80758,5.16764,8.45704,2.10774,3.3671,2.57347,1.70594,4.06849,4.76101,2.93035,3.54696,2.7681,4.42904,7.54103,3.62628,5.45127,1.72978,2.18644,2.4798,1.6318,4.75858,2.58681,1.17129,0.77744,2.06098,3.11706,1.84797,1.9815,1.21248,1.34001,2.84219,5.4687,7.96973,2.55488,44.7074,26.2315,50.1317,70.2015,42.8573,4.36022,9.09663
2020-10-23,4.42378,5.49502,3.84551,5.21297,8.64974,2.09315,3.2764,2.50717,1.65177,4.02687,4.74146,2.96706,3.59429,2.8219,4.43172,7.47189,3.62018,5.39029,1.65479,2.1476,2.37573,1.62833,4.65006,2.5204,1.14859,0.770687,2.02118,3.07808,1.86669,1.97431,1.21783,1.34747,2.82265,5.45796,8.03495,2.54031,43.0613,25.439,48.2858,67.1283,41.3442,4.34126,8.97776
2020-10-30,4.25092,5.29598,3.62014,4.93046,8.12025,1.96156,3.11612,2.41878,1.63489,3.71298,4.44373,2.78996,3.41616,2.66287,4.20513,7.04769,3.54697,5.1287,1.55309,2.00108,2.26087,1.51639,4.41327,2.38378,1.10683,0.758539,1.84924,2.87141,1.73875,1.84387,1.18162,1.25459,2.68807,5.12713,7.689,2.41212,39.0949,23.3527,43.8382,60.1682,38.1097,4.0997,8.49346
2020-11-06,4.55296,5.58834,3.84877,5.16322,8.49855,2.09082,3.19938,2.57749,1.67837,3.84736,4.70004,3.02213,3.70077,2.96668,4.44514,7.53431,3.81816,5.54281,1.6407,2.07496,2.43254,1.55238,4.7559,2.53799,1.18936,0.779271,1.99563,3.08406,1.84414,1.92892,1.31036,1.31596,2.79677,5.31901,8.20005,2.60196,45.6882,26.7243,51.2314,68.8296,41.3018,4.39625,9.28896
2020-11-13,4.66548,5.72657,3.94226,5.31987,8.9729,2.1535,3.41902,2.59529,1.68371,4.00104,4.74192,3.17213,3.93608,3.15121,4.56124,8.09992,3.97603,5.35685,1.66652,2.11251,2.66197,1.62154,4.72736,2.50729,1.27774,0.784157,2.13351,3.18114,1.87841,1.9916,1.33986,1.41522,2.9864,5.70748,8.70206,2.62777,44.3973,25.4736,49.784,66.3398,43.9292,4.49594,9.17293
2020-11-20,4.62099,5.67688,3.97581,5.37012,9.03836,2.17385,3.44162,2.5957,1.69454,3.95628,4.79619,3.18907,3.94437,3.15168,4.52895,8.30926,4.06029,5.39867,1.6767,2.14224,2.61414,1.62414,4.88643,2.52621,1.25468,0.784797,2.13119,3.21966,1.86965,2.01844,1.34423,1.47514,2.99834,5.78316,8.74785,2.63795,48.6752,26.8956,54.5808,70.3555,45.9168,4.46116,9.15559
2020-11-27,4.62196,5.73492,3.99896,5.44095,9.12548,2.20252,3.57765,2.62666,1.69201,3.99605,4.83107,3.21555,4.04267,3.2177,4.56225,8.57256,4.06743,5.52476,1.73557,2.23468,2.72566,1.6808,5.18503,2.55819,1.26168,0.780339,2.18617,3.39977,1.9382,2.08525,1.36352,1.53029,3.10243,5.81947,8.92864,2.73228,55.3625,29.1463,62.0796,77.6175,50.6156,4.56587,9.42769
2020-12-04,4.73982,5.88251,4.09283,5.5244,9.2299,2.24141,3.66846,2.73447,1.70379,4.13559,4.90873,3.18892,4.06871,3.239,4.72538,8.92552,4.15948,5.73585,1.78698,2.24791,2.8268,1.69689,5.43322,2.60271,1.26821,0.785495,2.25231,3.51302,1.99405,2.2211,1.41127,1.58743,3.15726,6.02672,9.12039,2.77736,60.0431,30.664,67.328,79.1549,52.5346,4.64346,9.63295
2020-12-11,4.76406,5.9357,4.0675,5.45367,9.13852,2.22839,3.64074,2.78392,1.71458,4.12444,4.90984,3.17925,4.01698,3.21653,4.67439,8.93115,4.17508,5.69905,1.82575,2.23101,2.80815,1.67842,5.39651,2.58553,1.26753,0.78599,2.2488,3.52396,1.97744,2.24524,1.40868,1.63313,3.15713,6.04367,9.02954,2.64661,59.6405,30.6847,66.8766,79.4901,51.9873,4.59889,9.51724
2020-12-18,4.79538,5.96951,4.10832,5.51223,9.25255,2.25925,3.70892,2.8004,1.72035,4.14424,5.0443,3.24948,4.1171,3.28158,4.73015,9.01326,4.25695,5.90821,1.85186,2.25955,2.91816,1.68478,5.41423,2.5874,1.26396,0.78599,2.294,3.64407,1.99422,2.30868,1.42274,1.66144,3.19847,6.10474,9.13511,2.72519,62.8551,32.5927,70.4811,81.8588,52.334,4.6548,9.77609
2020-12-25,4.73108,5.89396,3.9903,5.40799,9.13616,2.21052,3.72793,2.81008,1.72693,4.11271,4.98757,3.24872,4.05271,3.25401,4.70904,9.01165,4.21863,5.99332,1.87733,2.28131,2.94596,1.66868,5.45639,2.6089,1.27299,0.789431,2.2894,3.62008,1.98878,2.36371,1.41923,1.70598,3.17916,6.09218,9.14555,2.74529,63.2187,33.0437,70.8889,83.7591,52.8448,4.65253,9.77802
2021-01-01,4.74079,5.83742,4.06629,5.41663,9.10398,2.24872,3.7129,2.83523,1.73481,4.09782,4.98189,3.27968,4.06703,3.28841,4.72493,8.8692,4.14043,5.90483,1.8545,2.29909,3.0453,1.66328,5.52007,2.61647,1.27028,0.788654,2.27198,3.57024,2.02281,2.35228,1.38988,1.6972,3.19747,6.05796,9.40845,2.77246,61.3244,32.1158,68.7647,82.5378,53.2588,4.71406,9.91005
2021-01-08,4.87435,5.96898,4.18413,5.61042,9.35387,2.30178,3.79947,2.88693,1.75343,4.36681,5.09332,3.31006,4.25939,3.55284,4.81255,9.19445,4.20527,6.03708,1.96063,2.5133,3.28037,1.76061,5.50436,2.73445,1.30051,0.789993,2.39181,3.74099,2.13953,2.47481,1.39745,1.79836,3.2742,6.38708,9.52351,2.80728,65.9739,34.9305,73.9784,93.6968,59.6798,4.80711,10.0771
2021-01-15,4.82362,5.92939,4.15352,5.54957,9.27726,2.27441,3.79424,2.87756,1.75953,4.32083,5.06337,3.33166,4.1968,3.49638,4.79071,9.11312,4.19525,6.11504,1.97671,2.54482,3.18649,1.74736,5.39371,2.74632,1.31433,0.798541,2.39073,3.76637,2.09677,2.51354,1.39806,1.82647,3.22977,6.39214,9.57322,2.82041,65.8896,35.0756,73.8838,94.8191,62.3122,4.73701,9.85067
2021-01-22,4.83868,5.93545,4.20693,5.61248,9.41161,2.28075,3.80275,2.90673,1.77749,4.31206,5.04243,3.42093,4.2234,3.52016,4.75232,9.46097,4.26341,6.18728,1.94198,2.50705,3.22984,1.75414,5.42197,2.73729,1.34555,0.821671,2.45119,3.74567,2.10745,2.55615,1.40536,1.84554,3.2244,6.47469,9.64627,2.8334,68.16,36.278,76.4297,97.2344,64.5216,4.82754,10.279
2021-01-29,4.71307,5.7598,4.07403,5.40771,9.09361,2.1468,3.57829,2.77378,1.75552,4.21679,4.86638,3.36618,4.13217,3.39728,4.59592,9.06822,4.28288,5.99684,1.79313,2.25583,3.07489,1.62105,5.16093,2.49719,1.31119,0.844098,2.35352,3.59461,1.99289,2.5282,1.38703,1.83051,3.05211,6.28664,9.25599,2.71041,66.7989,34.8693,74.9035,95.5545,64.2934,4.66603,9.93595
2021-02-05,4.95273,6.03056,4.23817,5.6371,9.49567,2.24059,3.73353,2.86951,1.78293,4.42299,5.05998,3.4722,4.2943,3.55726,4.72442,9.65357,4.52823,6.26179,1.84065,2.3679,3.26644,1.64415,5.3963,2.58946,1.35113,0.856461,2.4438,3.71691,2.13382,2.6283,1.43153,1.90421,3.21028,6.63471,9.54382,2.87916,73.3144,38.4864,82.2094,107.208,71.1314,4.88844,10.4666
2021-02-12,4.94506,6.02123,4.30745,5.73395,9.59136,2.27909,3.77111,2.89534,1.78865,4.51224,5.13512,3.53815,4.32896,3.59834,4.79763,9.585,4.48168,6.5302,1.86696,2.48699,3.3187,1.70711,5.56735,2.68579,1.37467,0.862616,2.45651,3.90447,2.20595,2.65285,1.4181,1.90792,3.22457,6.81182,9.59246,2.91139,75.2533,40.6529,84.3836,111.193,75.7105,4.9506,10.6274
2021-02-19,5.01148,6.11499,4.35004,5.80501,9.76041,2.30816,3.70592,2.88956,1.81121,4.47728,5.16921,3.47757,4.35474,3.60952,4.81912,9.41123,4.47841,6.41255,1.87385,2.45392,3.27889,1.71938,5.49878,2.65357,1.35269,0.872002,2.36903,3.818,2.19882,2.62154,1.40543,1.92098,3.22515,6.74135,9.41475,2.94106,73.5576,40.5744,82.4822,109.005,72.488,4.91769,10.4559
2021-02-26,4.80775,5.95494,4.31369,5.83239,9.65411,2.28442,3.61874,2.82111,1.78363,4.46324,5.04029,3.466,4.24644,3.51407,4.72625,8.75819,4.21656,6.09756,1.80713,2.43581,3.10917,1.67304,5.27761,2.54552,1.25204,0.834022,2.20985,3.59702,2.13091,2.59955,1.39229,1.83557,3.14229,6.67617,9.1672,2.84083,64.8725,36.2822,72.7433,101.576,68.426,4.79577,9.92268
2021-03-05,4.94275,6.18919,4.45375,5.96666,9.80581,2.3502,3.75241,2.88397,1.81223,4.55301,5.1131,3.4085,4.24906,3.51793,4.77076,8.64216,4.2904,5.81495,1.84899,2.60269,3.13997,1.74494,5.13556,2.59558,1.28027,0.852812,2.22494,3.51526,2.21245,2.54205,1.36987,1.75045,3.21702,6.83373,9.39271,2.84448,56.8503,32.787,63.7478,95.6043,65.4024,4.837,9.75022
2021-03-12,5.13829,6.42589,4.65954,6.32534,10.1768,2.46418,3.81976,3.03361,1.8845,4.6785,5.31463,3.60895,4.41853,3.65731,4.92424,9.49342,4.54705,5.96842,1.89899,2.59567,3.23892,1.80403,5.4107,2.63287,1.29691,0.852812,2.29213,3.60218,2.24206,2.70683,1.46746,1.85028,3.35351,7.02899,9.70515,2.92839,61.981,35.4296,69.501,103.767,70.3144,4.9685,9.96438
2021-03-19,5.12726,6.4121,4.59677,6.24023,10.0954,2.43108,3.79152,3.0081,1.88162,4.66562,5.24229,3.56132,4.48161,3.69767,4.89178,9.57563,4.64434,5.92726,1.92594,2.52169,3.20742,1.7701,5.33015,2.61168,1.26305,0.849878,2.31015,3.57381,2.2012,2.78442,1.52749,1.90326,3.32645,7.06901,9.58146,2.87155,59.9194,34.6863,67.1893,103.471,70.5627,4.92684,9.8911
2021-03-26,5.32106,6.62063,4.75275,6.43218,10.3372,2.53006,3.9385,3.06407,1.94671,4.7411,5.28369,3.65429,4.46829,3.59764,5.09221,9.62508,4.55898,5.95798,1.94387,2.4658,3.20216,1.78942,5.38604,2.58702,1.27525,0.840014,2.29757,3.53202,2.26441,2.74451,1.48135,1.87616,3.39249,7.19129,9.72108,2.89833,56.4782,33.6044,63.3305,96.5426,66.351,5.00906,9.99404
2021-04-02,5.38615,6.71394,4.85762,6.60769,10.8125,2.53726,3.98869,3.09794,1.9619,4.88902,5.43795,3.75893,4.56571,3.6805,5.12666,9.7486,4.56473,6.09948,1.95741,2.46972,3.18008,1.82082,5.39662,2.62587,1.30497,0.851694,2.2916,3.53299,2.2626,2.78354,1.52543,1.90618,3.42351,7.1754,9.82014,2.92882,58.2847,34.9386,65.3563,101.228,69.8285,5.06763,10.2651
2021-04-09,5.46446,6.83348,4.97722,6.77018,11.0905,2.61259,4.01594,3.11057,1.9619,4.94622,5.50498,3.83541,4.56857,3.6577,5.21846,9.8345,4.59027,6.19644,1.98571,2.50495,3.21229,1.84111,5.46594,2.67273,1.32916,0.854556,2.30951,3.54624,2.31283,2.77418,1.52001,1.90107,3.47504,7.26746,9.90054,2.94772,58.5609,35.5512,65.666,99.9314,67.755,5.20526,10.6617
2021-04-16,5.60014,7.00314,5.04951,6.84047,11.2801,2.63925,4.08112,3.18443,1.96131,5.05594,5.58441,3.88182,4.74344,3.79952,5.258,9.8741,4.55377,6.37073,2.00974,2.55834,3.31271,1.8613,5.54425,2.71814,1.3282,0.855689,2.31643,3.51701,2.34294,2.79457,1.50793,1.9058,3.44753,7.36064,10.0799,3.0038,61.339,36.5277,68.7811,102.076,66.9386,5.27825,10.8167
2021-04-23,5.58707,6.94453,5.04097,6.79951,11.2318,2.58304,4.00384,3.24457,1.96877,5.1097,5.60153,4.01862,4.74323,3.78405,5.25222,10.1318,4.50468,6.42767,2.03289,2.59973,3.35701,1.87496,5.69545,2.75979,1.32447,0.855051,2.31454,3.53809,2.37367,2.85068,1.51667,1.93342,3.35649,7.36871,10.1939,3.02206,60.8704,36.2977,68.2557,99.7068,65.5944,5.27167,10.7347
2021-04-30,5.69322,7.12935,5.03847,6.79591,11.3262,2.60495,4.00277,3.29326,1.98515,5.18448,5.79887,4.12797,4.74862,3.77824,5.36028,10.4304,4.541,6.39958,2.03601,2.61227,3.35476,1.87805,5.64259,2.75635,1.40166,0.862823,2.35051,3.54925,2.3625,2.89988,1.52534,1.96201,3.35727,7.36302,10.1527,2.99306,62.2432,36.7204,69.7951,103.473,67.4662,5.27876,10.6895
2021-05-07,5.75527,7.20228,5.03615,6.80469,11.4114,2.59473,3.8187,3.17768,1.92224,5.18008,5.85189,4.17013,4.86068,3.8773,5.25717,10.356,4.50257,6.33975,2.08804,2.67988,3.47959,1.93834,5.88515,2.81885,1.43486,0.871182,2.34205,3.63391,2.41575,2.87529,1.53988,1.99147,3.37292,7.57968,10.1277,3.05077,61.2289,36.9265,68.6576,106.333,71.3323,5.33973,10.5697
2021-05-14,5.71141,7.18624,5.00404,6.86165,11.528,2.60167,3.78632,3.2134,1.91533,4.95523,5.77439,4.12506,4.79706,3.80695,5.20282,10.3667,4.52002,6.34439,2.0918,2.67134,3.43338,1.93136,5.78516,2.79052,1.39294,0.851579,2.27738,3.64157,2.38133,2.81234,1.53332,1.99672,3.39705,7.47616,10.1112,2.98894,56.5286,34.7822,63.3871,101.76,70.6808,5.26965,10.3226
2021-05-21,5.65548,7.09038,4.98027,6.86588,11.4838,2.58157,3.82676,3.22975,1.91566,4.9036,5.75656,4.18883,4.8053,3.81666,5.23222,10.204,4.43478,6.35349,2.06868,2.66611,3.4039,1.90237,5.70507,2.75245,1.34791,0.823992,2.22659,3.60943,2.36889,2.79699,1.52805,2.00585,3.36903,7.53336,9.9687,2.95538,55.6007,34.4396,62.3466,98.0134,68.7287,5.2489,10.3423
2021-05-28,5.642,7.09774,5.01638,6.89551,11.6374,2.57638,3.83465,3.26711,1.92587,4.871,5.78058,4.24807,4.86002,3.86106,5.23603,10.3528,4.45964,6.55745,2.09931,2.67656,3.40398,1.93683,5.76129,2.75532,1.39676,0.833838,2.2712,3.62382,2.42408,2.84915,1.52805,2.04923,3.39514,7.56535,10.2634,2.96783,59.7299,36.0524,66.9768,102.48,70.5517,5.31342,10.5611
2021-06-04,5.71773,7.17363,5.06406,6.97818,11.8122,2.60851,3.86426,3.29618,1.94987,4.8674,5.76316,4.21257,4.88511,3.90464,5.30821,10.4501,4.45964,6.57869,2.12876,2.80193,3.41748,1.96642,5.94773,2.80544,1.40107,0.833838,2.28565,3.64449,2.50036,2.87498,1.53265,2.12741,3.45819,7.57856,10.4092,2.93103,59.462,35.9389,66.6763,107.573,71.529,5.3458,10.6139
2021-06-11,5.70743,7.13385,5.00259,6.91506,11.6837,2.5878,3.76982,3.2867,1.93467,4.81232,5.77853,4.16099,4.89533,3.91199,5.31455,10.4508,4.45964,6.80528,2.12502,2.79778,3.42084,1.99424,5.94565,2.76059,1.40165,0.833838,2.27094,3.61019,2.60766,2.88207,1.5328,2.15298,3.44252,7.59534,10.4776,2.93227,60.4795,36.6497,67.8173,107.506,71.0736,5.36743,10.7923
2021-06-18,5.39302,6.75302,4.76654,6.68487,11.2858,2.44938,3.59432,3.14181,1.83249,4.62149,5.3871,3.95551,4.71964,3.76654,5.07683,10.1327,4.46267,6.73127,2.07067,2.69738,3.35081,1.94124,5.8069,2.67675,1.39999,0.833838,2.23568,3.57946,2.515,2.84097,1.5328,2.11888,3.39199,7.29612,10.1249,2.78026,60.9748,36.2463,68.3727,104.435,67.0486,5.26582,10.8363
2021-06-25,5.52321,6.89244,4.92018,6.83111,11.7356,2.51391,3.68167,3.20588,1.87642,4.81146,5.58444,4.0853,4.8219,3.81896,5.17233,10.6056,4.55302,6.90033,2.14556,2.75691,3.40537,2.00739,5.95319,2.74665,1.39497,0.829563,2.29808,3.61898,2.59962,2.98461,1.53703,2.25011,3.47151,7.47997,10.3913,2.84069,62.3399,37.9582,69.9035,106.916,68.7414,5.41418,11.0651
2021-07-02,5.6084,6.99931,5.00472,6.94754,11.9029,2.55612,3.76948,3.18934,1.88505,4.91208,5.58069,4.1194,4.80291,3.81729,5.25209,10.7889,4.63125,6.92793,2.16497,2.77729,3.49373,2.02602,5.98067,2.79019,1.41453,0.843174,2.34307,3.72717,2.57511,3.06176,1.56556,2.30377,3.48302,7.57265,10.5939,2.88439,63.3014,38.3728,70.9816,108.638,69.5005,5.50442,11.3558
2021-07-09,5.69509,7.10749,5.10283,7.08666,12.0574,2.58696,3.75138,3.1635,1.88437,4.92882,5.58167,4.09037,4.72259,3.75738,5.24972,10.9483,4.63125,7.06906,2.18771,2.80237,3.43878,1.98215,5.93364,2.81288,1.43034,0.845224,2.36412,3.72209,2.56644,2.9302,1.56556,2.19643,3.49126,7.60804,10.5828,2.87769,63.214,38.0567,70.8836,106,70.0287,5.52726,11.4308
2021-07-16,5.60336,6.95125,4.97664,6.97348,11.7583,2.5293,3.62461,3.07385,1.86403,4.83874,5.49481,3.90473,4.55409,3.6373,5.03928,10.2356,4.62491,6.96373,2.12571,2.77614,3.29354,1.99693,5.77269,2.79138,1.36481,0.831185,2.29115,3.64837,2.52555,2.84781,1.56556,2.09585,3.4014,7.57425,10.4161,2.8432,60.9444,36.4859,68.3387,100.922,67.8671,5.47421,11.3228
2021-07-23,5.82025,7.29819,5.14655,7.21641,12.0191,2.59569,3.75572,3.14842,1.95207,5.08214,5.65399,3.97481,4.66147,3.69579,5.15279,10.5469,4.94072,7.14662,2.18153,2.87249,3.38905,2.01552,6.02101,2.86716,1.42937,0.84785,2.44394,3.7465,2.63905,2.91162,1.56556,2.12412,3.48051,7.65909,10.7754,2.9591,63.8592,37.8302,71.6071,105.551,73.606,5.58336,11.6585
2021-07-30,5.78154,7.25744,5.10277,7.1221,12.072,2.58138,3.80108,3.1611,1.95262,5.13634,5.70836,4.02178,4.75639,3.79246,5.19939,10.5406,4.94912,7.05944,2.21358,2.90537,3.46007,2.03947,6.02184,2.90517,1.45181,0.851115,2.41966,3.80856,2.62301,2.87272,1.56848,2.10081,3.5236,7.68376,10.8485,2.96126,66.6283,38.9383,74.7121,105.874,72.5031,5.56521,11.5435
2021-08-06,5.8058,7.31651,5.13244,7.12901,12.1188,2.6059,3.89634,3.24678,2.00582,5.24451,5.70062,4.01041,4.7635,3.77544,5.25679,10.6045,4.95593,7.17227,2.25438,2.9359,3.49968,2.07194,6.16649,2.94537,1.44744,0.845763,2.43788,3.84626,2.66401,2.89368,1.57136,2.08748,3.56314,7.75337,10.8615,2.99317,70.1073,40.08,78.6133,110.388,76.0239,5.61572,11.6537
2021-08-13,5.86838,7.37085,5.19498,7.12136,12.1286,2.59001,3.89583,3.26204,2.00114,5.29285,5.85303,3.99806,4.85763,3.83237,5.28773,10.6512,4.94303,7.2241,2.288,2.9551,3.58197,2.0756,6.32541,2.98868,1.47491,0.853013,2.44088,3.88367,2.68868,2.88027,1.56542,2.0606,3.55929,7.86719,10.747,2.97774,69.7633,40.5369,78.2276,114.513,77.3654,5.65925,11.6781
2021-08-20,5.7305,7.19785,5.07562,6.98561,12.1091,2.54102,3.76378,3.19312,1.98328,5.1627,5.76645,3.93252,4.84157,3.7902,5.14453,10.3602,5.03575,7.20217,2.28406,2.89545,3.56113,2.08979,6.17332,2.98231,1.46566,0.853013,2.42955,3.81867,2.63279,2.84238,1.56347,2.0299,3.52421,7.78681,10.5715,2.94249,65.282,38.2599,73.2025,108.814,76.3079,5.62676,11.6436
2021-08-27,5.84734,7.33296,5.20433,7.14625,12.3524,2.59974,3.81502,3.2452,2.00858,5.29456,5.86669,4.08587,4.89589,3.82762,5.2543,10.8376,5.16007,7.38633,2.31434,2.90563,3.59224,2.09021,6.43216,3.00126,1.48032,0.852752,2.50049,3.87793,2.77848,2.87018,1.56409,2.11925,3.68247,7.94028,11.0103,3.05162,70.3846,40.9875,78.9242,115.28,78.3124,5.7142,11.9067
2021-09-03,5.83128,7.30323,5.18724,7.11677,12.4003,2.58901,3.81156,3.23235,2.00689,5.38328,5.92259,4.02543,4.92183,3.85005,5.20687,10.7534,5.1656,7.62233,2.36668,2.93944,3.63986,2.10159,6.41194,3.06993,1.50191,0.853163,2.49515,3.99026,2.77134,2.81351,1.54963,2.08683,3.72072,7.99867,11.0186,3.07147,69.4315,40.4455,77.8555,116.31,80.1332,5.75012,12.0818
2021-09-10,5.75069,7.17227,5.07812,6.94199,12.0237,2.52813,3.71072,3.18749,1.99235,5.3341,5.75314,3.97708,4.92946,3.84674,5.12081,10.5733,5.16175,7.37415,2.32286,2.8575,3.52397,2.06924,6.28125,3.0112,1.50062,0.849165,2.46536,3.88639,2.68249,2.75226,1.54178,2.03987,3.6534,7.92156,10.8188,3.00872,68.0083,39.8775,76.2596,116.087,78.6875,5.65316,11.9241
2021-09-17,5.62635,7.06478,4.99365,6.83633,11.998,2.50631,3.70784,3.15669,1.98938,5.2739,5.74103,3.98487,4.97582,3.89859,5.0418,10.6439,5.181,7.32996,2.27444,2.81529,3.50362,2.05474,6.25094,2.99764,1.50084,0.849494,2.45948,3.86039,2.69067,2.73601,1.54468,2.00989,3.62699,7.83886,10.7984,2.98685,68.8304,39.7614,77.1815,113.602,78.8782,5.61983,11.8367
2021-09-24,5.58349,6.94885,4.97669,6.851,12.0149,2.51373,3.70681,3.1297,1.98772,5.21298,5.72152,4.03754,5.06028,3.95907,5.04436,10.7707,5.18185,7.35462,2.28608,2.87894,3.50863,2.06351,6.32067,2.99056,1.582,0.849494,2.50579,3.80873,2.69488,2.78585,1.54046,1.98725,3.65789,7.90022,10.8565,2.98378,69.5141,39.708,77.948,113.637,80.064,5.65179,11.834
2021-10-01,5.48155,6.75966,4.90359,6.62017,11.7207,2.42483,3.68224,3.0777,1.97983,5.19299,5.68991,3.93877,4.92083,3.87545,4.91898,10.3905,5.10203,7.04261,2.26708,2.88371,3.35287,2.08079,6.17171,2.91734,1.59184,0.849494,2.42953,3.71422,2.65285,2.66271,1.53897,1.9104,3.54558,7.8655,10.7831,2.8986,67.8648,38.1525,76.0987,105.795,75.258,5.52867,11.4172
2021-10-08,5.52728,6.76562,4.92498,6.69571,11.9037,2.4437,3.65945,3.05504,1.96672,5.23773,5.71778,3.9758,4.98502,3.93229,4.9624,10.2272,5.0745,6.97419,2.29638,2.95894,3.37756,2.12885,6.21571,2.93356,1.58675,0.842759,2.40272,3.74898,2.74564,2.60925,1.5362,1.88526,3.58047,8.01289,11.0078,2.92642,69.9778,38.9402,78.468,104.572,73.3904,5.57476,11.4482
2021-10-15,5.65059,6.92231,5.04826,6.81839,12.0293,2.48977,3.76345,3.11945,1.98288,5.33614,5.74031,4.07149,5.13897,4.03988,5.09233,10.2791,5.08748,7.18478,2.30535,2.98714,3.44907,2.17423,6.30272,2.94976,1.58951,0.844803,2.41567,3.76841,2.8719,2.64549,1.53335,1.93917,3.67976,8.09155,11.2581,2.99931,72.1987,40.1791,80.9583,109.88,77.1746,5.67674,11.6949
2021-10-22,5.70757,6.99845,5.12176,6.90684,12.163,2.52207,3.79589,3.13968,1.98854,5.43135,5.83144,4.121,5.28545,4.14774,5.18772,10.3123,5.08748,7.52504,2.35647,3.05859,3.52114,2.21189,6.40553,3.00363,1.61935,0.848981,2.45103,3.86684,2.97185,2.65586,1.53544,1.94253,3.73104,8.16269,11.4018,3.09375,73.0561,40.9554,81.9198,114.879,80.5769,5.76905,11.8584
2021-10-29,5.74523,7.06126,5.22417,7.04465,12.0957,2.57238,3.79012,3.12946,1.98551,5.46582,5.75517,4.1368,5.2262,4.04394,5.24962,10.3641,5.07724,7.54954,2.34874,3.07019,3.48765,2.18556,6.43371,2.97639,1.63627,0.851081,2.46897,3.82527,2.98286,2.64083,1.52645,1.93572,3.79032,8.06891,11.4194,3.14792,74.6534,41.4184,83.7109,118.339,84.3124,5.84709,12.2391
2021-11-05,5.81056,7.15545,5.26273,7.14167,12.268,2.58869,3.96869,3.16505,1.98553,5.52692,5.84879,4.23085,5.28495,4.12912,5.37395,10.3327,5.0436,7.71619,2.40786,3.14843,3.54443,2.23982,6.50623,3.08843,1.67134,0.848874,2.45738,3.93245,3.06704,2.6985,1.51559,1.99545,3.91052,8.19073,11.589,3.24067,76.0215,42.6798,85.2451,117.375,86.395,5.96525,12.635
2021-11-12,5.9223,7.27458,5.22235,7.13071,12.4292,2.59427,4.01033,3.22059,2.01168,5.66825,5.89982,4.25217,5.35606,4.2136,5.44341,10.39,5.04376,7.93343,2.4071,3.08948,3.55507,2.24588,6.51067,3.04986,1.64946,0.844582,2.45345,3.94932,3.0984,2.83513,1.5413,1.99445,3.88556,8.25448,11.6307,3.22547,74.4914,41.9776,83.5292,119.239,86.8683,5.9492,12.5114
2021-11-19,5.81697,7.21321,5.18892,6.99928,12.0111,2.52583,3.95841,3.15193,1.98578,5.58473,5.811,4.25396,5.25077,4.11313,5.42516,10.3753,4.99899,8.0825,2.39618,3.04697,3.48125,2.23256,6.49622,2.9865,1.64804,0.83802,2.42865,3.84406,2.99902,2.83188,1.5573,1.95407,3.82064,8.14302,11.2301,3.16931,71.412,40.4285,80.0762,118.822,83.1766,5.96983,12.8059
2021-11-26,5.83677,7.21894,5.2677,7.07915,11.7896,2.53459,3.89435,3.15076,2.01818,5.57779,5.67124,4.26501,5.21176,4.06278,5.43592,9.96158,4.72547,7.819,2.32569,3.02957,3.37298,2.1366,6.25351,2.87162,1.64032,0.839565,2.32523,3.72644,2.92319,2.7185,1.53454,1.84626,3.77788,8.0161,10.9321,3.08156,72.7275,40.4958,81.5514,116.036,82.4569,5.84353,12.4005
2021-12-03,5.679,7.05936,5.14814,7.10448,11.5043,2.50427,3.84819,3.14388,2.05691,5.33278,5.50851,4.0425,5.22732,4.08884,5.48083,9.6113,4.71976,7.63022,2.25928,2.97148,3.28903,2.11836,6.07466,2.86678,1.55579,0.797084,2.31198,3.67102,2.9392,2.63046,1.48432,1.77309,3.68255,7.84654,10.7824,3.09776,70.0612,38.3982,78.5616,106.169,79.2534,5.77287,12.1447
2021-12-10,5.82561,7.19923,5.41069,7.30595,11.9333,2.62407,3.92864,3.18594,2.0706,5.52983,5.68392,4.18489,5.28057,4.1894,5.54187,9.94938,4.91682,7.72864,2.29115,3.05054,3.31306,2.15368,6.34542,2.95716,1.58974,0.806926,2.32717,3.70604,3.02562,2.72526,1.5022,1.82007,3.77801,7.89727,11.0634,3.18772,70.8504,39.1196,79.4465,107.869,82.0275,5.99338,12.6163
2021-12-17,5.83927,7.21078,5.38875,7.26035,11.9742,2.6188,3.80119,3.25859,2.11427,5.54628,5.58554,4.14363,5.33336,4.21442,5.61091,10.0574,5.04018,7.5894,2.28899,3.06229,3.29964,2.18088,6.17309,2.87855,1.57968,0.807032,2.32795,3.69834,3.00057,2.69353,1.51074,1.81986,3.73813,7.80738,10.7082,3.13876,68.6176,37.7018,76.9428,102.59,78.6141,5.87556,12.2011
2021-12-24,5.87437,7.30695,5.4909,7.41917,12.2744,2.67934,3.84798,3.25716,2.13486,5.6897,5.61665,4.22042,5.26414,4.15963,5.7342,10.2428,5.03383,7.89154,2.36193,3.11814,3.33424,2.21262,6.27145,2.95966,1.66399,0.815267,2.37109,3.74656,3.10471,2.67129,1.50487,1.8292,3.80526,7.98879,11.0611,3.22326,69.8314,39.0221,78.3039,108.791,83.6158,6.01265,12.5978
2021-12-31,5.867,7.29331,5.50685,7.45471,12.4616,2.6923,3.85647,3.24759,2.12891,5.79676,5.66286,4.29097,5.21893,4.14324,5.75584,10.2223,5.0232,7.93895,2.37607,3.1494,3.38014,2.24835,6.36108,2.99023,1.69098,0.819759,2.37034,3.76722,3.14433,2.66425,1.50487,1.81295,3.83521,8.09433,11.1558,3.29025,70.8385,39.0722,79.4332,107.04,84.4109,6.06836,12.6274
2022-01-07,5.47785,6.81056,5.19468,7.05841,12.0045,2.54533,3.75797,3.18372,2.05971,5.66092,5.59203,4.10653,5.14076,4.07055,5.29052,9.38559,4.91596,7.3595,2.26108,3.05466,3.264,2.20547,6.30592,2.89512,1.69284,0.819759,2.36722,3.72227,3.12597,2.46392,1.46777,1.66527,3.78275,8.17207,11.5177,3.26588,69.993,38.3001,78.4851,97.5744,82.6444,5.95503,12.0564
2022-01-14,5.50365,6.78911,5.10453,7.02233,12.1322,2.46698,3.807,3.25201,2.03707,5.54957,5.47528,4.01851,5.13878,4.024,5.25892,9.51827,5.11657,7.30408,2.30239,3.16544,3.29495,2.24269,6.31889,2.88124,1.65047,0.819759,2.37367,3.81558,3.06542,2.53989,1.47128,1.73116,3.75377,8.21773,11.7737,3.22354,70.3322,38.6874,78.8654,96.4581,83.2691,5.93752,12.0611
2022-01-21,5.22963,6.48775,4.87184,6.81599,11.6151,2.35311,3.62567,3.14384,1.96299,5.28145,5.18553,3.72376,4.87571,3.86436,5.0352,8.84191,4.98442,6.86272,2.16585,2.97305,3.1282,2.16071,5.91468,2.69676,1.61594,0.818693,2.25837,3.59758,2.89406,2.2871,1.45277,1.55115,3.59081,7.89095,11.0301,3.0655,62.8222,34.7902,70.4442,87.3303,73.0313,5.59588,11.1623
2022-01-28,5.32535,6.58619,5.13199,6.95182,11.8371,2.37072,3.67955,3.21419,1.95117,5.36733,5.32243,3.65329,4.73599,3.7247,5.07057,8.77241,4.8956,6.93876,2.16102,2.9579,3.16512,2.1283,6.00536,2.65292,1.65329,0.823667,2.35316,3.60323,2.87409,2.26069,1.45853,1.5121,3.61876,7.8891,10.994,3.01592,65.6472,35.9516,73.612,85.9741,69.6221,5.6466,11.1658
2022-02-04,5.36217,6.63721,5.14698,6.92271,12.2469,2.38919,3.71368,3.22469,1.96389,5.50196,5.37563,3.67105,4.78032,3.71858,5.07212,8.96888,5.12232,7.08902,2.19054,2.99855,3.19176,2.14722,6.25527,2.67859,1.71354,0.82176,2.40764,3.63763,2.86802,2.34443,1.46487,1.55794,3.64539,7.96534,11.0405,3.0608,68.3386,37.6143,76.63,93.3979,74.4196,5.73284,11.3629
2022-02-11,5.38094,6.6735,5.24571,7.05798,12.1423,2.43588,3.77917,3.2432,1.97055,5.52033,5.39042,3.6948,4.85923,3.78218,5.12028,8.98044,5.13249,7.11025,2.18781,2.97815,3.23477,2.15416,6.22534,2.72749,1.69379,0.816036,2.32231,3.54054,2.87341,2.31913,1.46331,1.52015,3.67592,8.08213,11.0005,3.07524,67.3326,37.5003,75.5019,94.7668,75.0058,5.62756,11.0153
2022-02-18,5.28698,6.57591,5.11448,6.90849,11.8412,2.3954,3.76167,3.21387,1.94835,5.44746,5.31252,3.71037,4.86519,3.78339,5.11718,9.14757,5.17554,6.95411,2.16008,2.92796,3.12143,2.17227,6.14119,2.67455,1.69406,0.819341,2.332,3.45913,2.82972,2.31045,1.45921,1.44072,3.62844,7.92751,10.7673,2.97418,66.8029,37.1243,74.908,92.8806,75.7913,5.54797,10.8392
2022-02-25,5.39801,6.59792,5.1753,7.01103,12.1308,2.42394,3.76779,3.22697,1.99035,5.46553,5.34571,3.79524,4.77127,3.7113,5.04581,9.32452,5.28986,6.87404,2.1545,2.93692,3.06779,2.14539,6.22026,2.72828,1.76374,0.834027,2.36823,3.45465,2.79903,2.26292,1.45376,1.50476,3.70882,7.96192,10.9302,2.98204,68.5696,37.9377,76.889,94.8031,76.6941,5.59294,10.9744
2022-03-04,5.28569,6.43997,5.02124,6.90634,11.7591,2.38079,3.75195,3.20735,1.96499,5.43135,5.20522,3.81468,4.8566,3.77282,4.86933,8.85874,5.29412,7.12051,2.2807,3.17538,3.25467,2.26518,6.21412,3.02379,1.71613,0.807522,2.26599,3.52426,2.8455,2.18004,1.43544,1.4284,3.76985,7.93466,11.2463,2.97501,70.5495,39.6643,78.0791,98.2723,77.5711,5.52165,10.7056
2022-03-11,5.3369,6.4761,5.0312,6.92252,11.2236,2.42265,3.83692,3.18751,1.9677,5.45832,5.15773,3.77502,4.84432,3.6971,4.91756,8.52646,5.32381,6.75494,2.28876,3.12907,3.21237,2.24324,6.23718,3.03667,1.72979,0.807522,2.25207,3.5016,2.76342,2.11023,1.42939,1.37827,3.67252,7.65874,10.9921,2.95281,69.4134,38.7102,78.0791,98.2723,77.5711,5.36705,10.2961
2022-03-18,5.55518,6.70921,5.2771,7.17336,12.4129,2.48488,4.02029,3.25123,1.97914,5.55662,5.31854,3.93546,4.8693,3.74904,5.08518,8.95219,5.36859,6.94926,2.29297,3.10266,3.2131,2.21275,6.20746,2.94864,1.68463,0.815528,2.32967,3.55081,2.81493,2.24924,1.44389,1.57421,3.83939,8.17804,11.4237,3.06828,71.6237,40.1823,78.0791,98.2723,77.5711,5.69708,11.1559
2022-03-25,5.63417,6.80461,5.42276,7.37153,12.871,2.54494,4.04035,3.26197,1.97664,5.60967,5.61415,3.94487,4.96962,3.84094,5.15061,9.05129,5.401,7.33294,2.40415,3.33673,3.50461,2.25915,6.67227,3.17829,1.70744,0.82455,2.35919,3.52532,2.88391,2.36338,1.45148,1.63503,3.90078,8.28701,11.5036,3.13087,75.1632,42.4133,78.0791,98.2723,77.5711,5.80179,11.4195
2022-04-01,5.59285,6.75471,5.37802,7.27414,12.9941,2.514,3.98006,3.27632,1.98575,5.54814,5.71915,3.93962,4.79595,3.75675,5.0519,8.99235,5.401,7.35236,2.36444,3.23066,3.53499,2.25387,6.57805,3.07099,1.6982,0.822243,2.35819,3.47872,2.83097,2.35921,1.45148,1.58421,3.83973,8.23896,11.529,3.09863,74.2918,42.105,78.4832,98.7935,77.9444,5.80474,11.499
2022-04-08,5.51777,6.70696,5.28592,7.18638,12.7935,2.48762,3.9036,3.16977,1.95979,5.50424,5.69213,3.9931,4.78835,3.78533,4.9623,8.8039,5.37903,7.39746,2.36739,3.27004,3.58836,2.26658,6.75758,3.15226,1.70363,0.828599,2.39069,3.46961,2.82771,2.32737,1.45148,1.50319,3.79358,8.0963,11.4453,3.21766,73.846,42.2613,78.0122,101.872,81.1331,5.73617,11.0954
2022-04-15,5.56216,6.7503,5.36057,7.24903,12.5417,2.50362,3.90209,3.16866,1.95114,5.525,5.76982,4.01469,4.77906,3.77364,4.98375,8.79943,5.42568,7.52474,2.379,3.28465,3.65794,2.24254,6.73859,3.18819,1.70104,0.828599,2.37277,3.46274,2.79721,2.31679,1.45148,1.50358,3.78277,7.95922,11.302,3.23659,74.2972,42.2716,78.4888,102.67,81.8043,5.61083,10.7547
2022-04-22,5.55635,6.73995,5.31943,7.21437,12.5088,2.48653,3.82931,3.17688,1.97628,5.46017,5.77887,3.99931,4.59563,3.58622,4.97142,8.65869,5.40634,7.39562,2.31783,3.17846,3.48581,2.20105,6.64009,3.03534,1.69725,0.826754,2.37692,3.40387,2.6795,2.27964,1.43531,1.40971,3.72984,7.79554,10.7112,3.16569,68.8541,39.4867,72.7387,94.4683,76.0567,5.46024,10.3406
2022-04-29,5.43527,6.56107,5.24452,7.09383,12.314,2.38139,3.74374,3.21313,1.96491,5.34322,5.76295,3.91974,4.48753,3.48849,4.90099,8.59649,5.49771,7.14947,2.26121,3.05838,3.43724,2.13455,6.4675,2.91476,1.70552,0.827431,2.43275,3.33725,2.59363,2.27951,1.43119,1.36316,3.60171,7.72105,10.3705,3.0642,67.4613,38.3604,71.2673,92.0999,73.827,5.2803,9.95453
2022-05-06,5.52659,6.65573,5.33463,7.20936,11.975,2.41547,3.79922,3.17938,1.95939,5.37847,5.72056,3.92085,4.49422,3.49143,5.04474,8.60749,5.50394,7.07611,2.26079,3.0856,3.42492,2.15065,6.49414,2.89941,1.72339,0.826329,2.45843,3.36268,2.58152,2.20361,1.43585,1.31159,3.65499,7.56521,10.2725,3.09135,73.5312,40.0327,70.7198,91.3858,73.0143,5.27184,9.82742
2022-05-13,5.53445,6.54684,5.23956,6.99863,11.886,2.37572,3.71692,3.10709,1.96041,5.27065,5.65776,3.88544,4.54125,3.35359,5.09687,8.31869,5.5671,6.75683,2.22855,3.04634,3.32847,2.07726,6.40908,2.85027,1.67434,0.822398,2.46729,3.30737,2.5359,2.27766,1.45762,1.28027,3.53941,7.29619,10.0263,3.00593,71.8135,38.7387,70.7198,91.3858,73.0143,5.14855,9.59512
2022-05-20,5.53162,6.56473,5.24198,6.96697,11.5103,2.38779,3.70712,3.11772,1.96712,5.21306,5.68483,3.81072,4.50834,3.31334,5.12659,8.35753,5.59946,6.71136,2.20426,3.01664,3.29279,2.04856,6.41078,2.79792,1.65091,0.820573,2.46501,3.31993,2.50191,2.35896,1.50324,1.25786,3.47554,7.10862,9.98013,2.93996,71.7664,38.0637,70.7198,91.3858,73.0143,4.9936,9.17374
2022-05-27,5.77297,6.85115,5.54763,7.34947,12.8792,2.52702,3.75651,3.1304,1.9787,5.31696,5.80167,3.94922,4.64462,3.43098,5.30812,8.77253,5.76939,7.26667,2.3423,3.19559,3.4601,2.1683,6.70579,2.88854,1.66854,0.822169,2.58685,3.325,2.68833,2.48919,1.5409,1.44372,3.70783,7.47499,10.4404,3.08128,78.0786,41.6503,70.7198,91.3858,73.0143,5.32208,9.82265
2022-06-03,5.76192,6.83804,5.51415,7.30512,12.7642,2.51177,3.69232,3.12566,1.9787,5.27615,5.76904,3.88335,4.60282,3.37344,5.30812,8.83654,5.76939,7.14905,2.35136,3.16771,3.45286,2.16055,6.64838,2.86996,1.63416,0.818785,2.54558,3.27823,2.62597,2.49785,1.5409,1.37891,3.55469,7.26827,10.3279,2.99002,77.8472,41.7682,70.7198,91.3858,73.0143,5.26159,9.7305
2022-06-10,5.71325,6.79634,5.355,7.1469,12.3707,2.45736,3.60303,3.09913,1.99174,5.1081,5.61721,3.8661,4.49017,3.27174,5.23961,8.73532,5.76939,6.92582,2.31826,3.11679,3.34099,2.0918,6.48552,2.78724,1.63884,0.8189,2.55797,3.21622,2.48515,2.46026,1.53902,1.28988,3.34259,6.8414,9.85769,2.86894,74.7374,40.4764,70.7198,91.3858,73.0143,4.99578,9.17883
2022-06-17,5.24279,6.26187,5.096,6.75227,11.738,2.259,3.49242,2.86885,1.86905,4.83483,5.20992,3.57136,4.17847,2.9904,4.83071,8.06438,5.23187,6.17588,2.2242,2.98875,3.19344,2.07095,6.26992,2.70217,1.60481,0.8189,2.19752,3.0998,2.18052,2.20723,1.48763,1.19792,3.18586,6.35587,9.15669,2.67696,64.8388,35.1622,70.7198,91.3858,73.0143,4.70921,8.72916
2022-06-24,5.24623,6.34062,5.1677,6.89161,12.4329,2.31853,3.44903,2.87749,1.87455,4.90813,5.31113,3.71609,4.15115,2.90202,4.82626,8.14879,5.27562,6.43526,2.26954,2.99273,3.23883,2.10855,6.35112,2.6987,1.54789,0.793004,2.14669,3.13566,2.19876,2.21237,1.45249,1.27965,3.38644,6.71171,9.77947,2.69577,63.605,35.4827,70.7198,91.3858,73.0143,5.02096,9.38018
2022-07-01,5.30171,6.38924,5.4353,6.951,12.6536,2.42749,3.57302,2.89005,1.87473,5.05741,5.33996,3.77684,4.23177,2.88092,5.01938,8.32701,5.44464,6.48985,2.24736,2.95884,3.20432,2.07911,6.37183,2.70288,1.56344,0.799319,2.26006,3.12281,2.25776,2.22067,1.47712,1.26295,3.36617,6.61754,9.8186,2.79729,64.0873,35.6652,70.7198,91.3858,73.0143,4.90718,8.98283
2022-07-08,5.33145,6.42508,5.57898,7.13474,12.9498,2.49166,3.5941,2.90596,1.88432,5.06034,5.33221,3.76418,4.19288,2.84319,5.02315,8.42276,5.54942,6.42998,2.27645,2.9774,3.23918,2.09497,6.41565,2.7186,1.56111,0.799319,2.28949,3.15342,2.2682,2.23977,1.47682,1.32696,3.36719,6.72977,9.79477,2.75715,62.4206,35.0065,70.7198,91.3858,73.0143,5.00281,9.40374
2022-07-15,5.31548,6.4174,5.53896,7.07058,12.6872,2.46925,3.56412,2.90964,1.88697,4.92044,5.33595,3.75742,4.20452,2.85135,4.98723,8.32005,5.55035,6.45363,2.24834,2.96124,3.2006,2.09103,6.39755,2.71092,1.58718,0.799319,2.33262,3.13898,2.30078,2.19271,1.48146,1.30716,3.34064,6.7333,9.69147,2.74097,61.0828,34.2853,70.7198,91.3858,73.0143,4.95725,9.29294
2022-07-22,5.32679,6.43749,5.59459,7.12734,12.91,2.48907,3.5809,2.91274,1.88549,4.92825,5.20233,3.75297,4.21332,2.85402,5.03465,8.3295,5.55035,6.52511,2.20818,2.91143,3.14514,2.14433,6.33365,2.68379,1.634,0.799319,2.35027,3.15582,2.28749,2.18949,1.48146,1.3528,3.50077,6.98092,9.99627,2.76361,64.1426,35.3109,70.7198,91.3858,73.0143,5.08545,9.61516
2022-07-29,5.39786,6.52338,5.75163,7.31349,13.1801,2.55408,3.63847,2.91274,1.88549,5.04564,5.20233,3.79449,4.30182,2.95462,5.0913,8.4324,5.55035,6.87215,2.26658,2.97493,3.23658,2.27345,6.35005,2.67976,1.68292,0.799319,2.44117,3.20761,2.40487,2.22377,1.49262,1.41062,3.59016,7.18032,10.5135,2.86621,70.1852,38.2862,70.7198,91.3858,73.0143,5.30298,10.044
2022-08-05,5.42406,6.55505,5.6255,7.15313,13.3094,2.48772,3.5771,2.94502,1.88763,4.94058,5.21973,3.77177,4.21959,2.9118,5.04121,8.53192,5.60283,6.6893,2.21174,2.97298,3.15807,2.27424,6.31903,2.64886,1.68252,0.799319,2.4445,3.46309,2.39858,2.20568,1.49356,1.43495,3.57034,7.23315,10.6027,2.85755,66.6759,36.5178,70.7198,91.3858,73.0143,5.32203,10.2443
2022-08-12,5.57772,6.73783,5.79652,7.37578,13.8283,2.56336,3.65434,2.98463,1.90235,5.10624,5.42097,3.78534,4.43304,3.02557,5.13131,8.6659,5.65346,6.90834,2.31391,3.07932,3.23781,2.33435,6.50144,2.7216,1.70973,0.799319,2.4543,3.59544,2.502,2.28975,1.49356,1.50502,3.71746,7.6555,11.0965,2.92803,72.6229,39.3497,70.7198,91.3858,73.0143,5.49747,10.5194
2022-08-19,5.57772,6.73783,5.79763,7.37717,13.4703,2.56359,3.63585,2.98278,1.90235,5.09833,5.38079,3.80039,4.39768,3.0388,5.12921,8.62668,5.64318,6.92263,2.32027,3.12885,3.32049,2.29266,6.50005,2.72813,1.76417,0.799319,2.45581,3.30207,2.52468,2.29067,1.49085,1.42626,3.64413,7.59783,10.9055,2.93029,74.8307,39.9481,70.7198,91.3858,73.0143,5.43363,10.2796
2022-08-26,5.61918,6.7879,5.70824,7.31295,13.2003,2.54127,3.61244,2.94345,1.88896,5.029,5.27212,3.78772,4.36847,3.01152,5.18257,8.74431,5.67766,6.84923,2.28214,3.02093,3.27512,2.19589,6.43101,2.66208,1.79716,0.799319,2.48714,3.18479,2.48247,2.30054,1.48532,1.38347,3.49898,7.48235,10.4509,2.85126,79.068,41.5471,70.7198,91.3858,73.0143,5.217,9.78868
2022-09-02,5.55046,6.69615,5.68276,7.27748,12.853,2.51998,3.54483,2.93394,1.86083,4.8976,5.15791,3.71663,4.29663,2.97945,5.15214,8.57276,5.71465,6.59657,2.26213,2.89884,3.21116,2.17198,6.3088,2.6182,1.80257,0.799319,2.50393,3.12829,2.44599,2.28218,1.48532,1.26965,3.40937,7.20626,10.0849,2.7642,75.8619,39.9058,70.7198,91.3858,73.0143,5.04876,9.39801
2022-09-09,5.69351,6.84734,5.78886,7.38173,13.4767,2.55125,3.60239,2.96561,1.88668,5.09336,5.29842,3.84786,4.35855,3.02031,5.24375,8.84014,5.74654,6.80179,2.30663,2.96724,3.27729,2.21557,6.37737,2.65318,1.81512,0.799319,2.52831,3.16002,2.47441,2.27576,1.48532,1.32728,3.62469,7.55192,10.6231,2.86833,76.1316,40.4365,70.7198,91.3858,73.0143,5.2336,9.77754
2022-09-16,5.64766,6.79226,5.74227,7.32242,13.3997,2.52556,3.57195,2.95556,1.88284,4.99901,5.28061,3.76363,4.28391,2.98163,5.23736,8.80825,5.72566,6.43507,2.21342,2.86163,3.15672,2.14757,6.1829,2.55687,1.82856,0.800505,2.56845,3.03289,2.39029,2.26873,1.47992,1.26615,3.42025,7.29655,10.2427,2.77584,74.4739,39.0866,70.7198,91.3858,73.0143,4.98317,9.21175
2022-09-23,5.41589,6.59304,5.29915,6.86965,12.6905,2.34821,3.28852,2.7319,1.75055,4.72457,5.0097,3.59088,4.01215,2.75544,5.00199,8.2818,5.68926,6.09075,2.11566,2.74697,3.02319,2.04595,5.92682,2.46826,1.75032,0.795732,2.3461,2.87169,2.2789,2.19967,1.46726,1.15072,3.24032,6.87341,9.53452,2.63684,67.9084,35.6855,70.7198,91.3858,73.0143,4.75557,8.78782
2022-09-30,5.45676,6.58284,5.30844,6.91396,12.3953,2.36772,3.26666,2.71675,1.75097,4.64475,5.01307,3.55234,3.94377,2.73865,4.98849,8.28173,5.74792,5.94312,2.09095,2.73662,2.99042,2.00234,5.87501,2.45585,1.74372,0.795732,2.35656,2.87849,2.26944,2.23411,1.47233,1.10661,3.12929,6.60578,9.43288,2.6237,69.3979,36.336,70.7198,91.3858,73.0143,4.61637,8.52467
2022-10-07,5.4831,6.6348,5.37116,6.93684,12.5629,2.38084,3.28156,2.71675,1.75097,4.83301,5.07129,3.70005,4.02683,2.79612,5.00342,8.33242,5.77983,6.08158,2.11458,2.78487,3.0171,2.05284,6.09944,2.47677,1.7663,0.80065,2.36516,2.90965,2.36899,2.24787,1.4871,1.11092,3.24027,6.98459,9.93652,2.77437,77.1004,40.0549,70.7198,91.3858,73.0143,4.68888,8.58336
2022-10-14,5.50333,6.65928,5.49477,7.09648,12.7446,2.44222,3.35408,2.79474,1.76713,4.73472,5.0346,3.68038,4.08189,2.847,5.14998,8.1409,5.76188,5.96913,2.12277,2.71942,3.00855,1.96204,6.10152,2.43159,1.70635,0.789244,2.27173,2.87854,2.34115,2.16682,1.47617,1.08472,3.15826,6.794,9.79515,2.75611,73.9385,38.6217,70.7198,91.3858,73.0143,4.62219,8.3167
2022-10-21,5.6533,6.84074,5.73232,7.40329,13.3893,2.52954,3.35749,2.80273,1.76905,4.8301,5.22135,3.77375,4.22033,2.95824,5.32829,8.41845,5.86701,6.22338,2.19006,2.87572,3.10997,1.9864,6.1842,2.48022,1.72402,0.797279,2.33754,2.98221,2.45268,2.32575,1.50075,1.13007,3.24618,6.95524,10.103,2.82326,79.2041,41.6283,70.7198,91.3858,73.0143,4.83751,8.78495
2022-10-28,5.67396,6.86575,5.77119,7.45348,14.5456,2.5467,3.39249,2.80418,1.76997,4.92467,5.2575,3.75987,4.30628,3.05318,5.34775,8.42069,5.86701,6.53948,2.30537,3.005,3.24546,2.04974,6.42616,2.58155,1.72305,0.797279,2.35227,3.17553,2.58608,2.33295,1.50053,1.1836,3.4407,6.91609,10.3653,2.97583,81.3023,42.7983,70.7198,91.3858,73.0143,5.02789,8.96995
2022-11-04,5.73791,6.94312,5.87675,7.58981,13.8312,2.59328,3.43739,2.78694,1.75871,4.86633,5.2292,3.76663,4.41784,3.09893,5.43442,8.55931,5.90056,6.64996,2.33185,3.08391,3.28782,2.06136,6.37825,2.57078,1.74157,0.81067,2.39163,3.12103,2.59916,2.33863,1.51009,1.13393,3.35823,6.82593,10.2512,2.97791,83.447,43.9024,70.7198,91.3858,73.0143,4.86413,8.44238
2022-11-11,5.8089,7.05028,5.89809,7.71074,14.6774,2.63242,3.47289,2.77884,1.75373,4.95394,5.29965,3.76848,4.47325,3.13528,5.51429,8.82057,5.90641,6.90114,2.33082,3.09594,3.29924,2.11291,6.39549,2.60114,1.79189,0.827208,2.43846,3.29406,2.66604,2.49674,1.52255,1.22785,3.50426,7.47886,10.7325,2.99376,83.451,43.9996,70.7198,91.3858,73.0143,5.15054,9.18493
2022-11-18,5.91187,7.17527,5.98591,7.80925,14.934,2.6528,3.53485,2.80404,1.75277,5.05546,5.48225,3.85491,4.5252,3.10116,5.59244,8.84421,5.92185,6.9688,2.37268,3.1029,3.35915,2.0899,6.4838,2.61861,1.77315,0.827208,2.44146,3.28828,2.70945,2.43909,1.51473,1.14487,3.48227,7.42704,10.6217,2.96939,83.7105,44.0655,70.7198,91.3858,73.0143,5.11849,9.08477
2022-11-25,5.91505,7.17913,6.01584,7.84209,15.2213,2.66444,3.51079,2.80542,1.75946,5.10727,5.626,3.88974,4.55885,3.19786,5.60543,8.83685,5.94434,7.20049,2.38969,3.10749,3.36508,2.11314,6.53824,2.63277,1.79246,0.827208,2.45829,3.34176,2.7328,2.48107,1.51473,1.18386,3.56005,7.4436,10.7593,3.00447,86.3277,44.8038,70.7198,91.3858,73.0143,5.19991,9.15176
2022-12-02,6.08216,7.38195,6.19293,8.03858,15.654,2.73124,3.72238,2.91945,1.76681,5.14568,5.83238,3.94944,4.80144,3.37849,5.72238,8.87618,5.94434,7.22574,2.42411,3.12385,3.39686,2.13723,6.55646,2.6618,1.79339,0.827208,2.54723,3.43813,2.72368,2.46086,1.51473,1.19805,3.62831,7.61145,11.0103,3.04691,84.1065,43.9637,68.8785,90.9281,73.5882,5.2591,9.33133
2022-12-09,5.84281,7.09145,5.8365,7.5506,14.9183,2.55788,3.5528,2.86603,1.72877,4.95964,5.61136,3.68145,4.59147,3.19188,5.49155,8.62843,5.92498,6.8659,2.33969,3.00408,3.28452,2.11929,6.41033,2.58711,1.73219,0.827208,2.46633,3.33185,2.63475,2.41044,1.51473,1.13636,3.54172,7.41476,10.8945,2.94241,76.4717,40.5823,62.626,86.4368,69.663,5.08294,8.9961
2022-12-16,5.94162,7.28558,5.85105,7.79582,15.0519,2.64376,3.60676,2.94986,1.79943,5.00644,5.69784,3.68683,4.61511,3.24795,5.73564,9.11053,5.98821,6.78169,2.31402,2.98407,3.21733,2.06483,6.33031,2.52896,1.72717,0.827208,2.50547,3.22676,2.58215,2.50695,1.51814,1.11818,3.43516,7.34817,10.7788,2.90768,78.562,41.293,64.3378,85.7285,70.2645,4.97632,8.74763
2022-12-23,5.99055,7.34824,5.88091,7.85149,14.9192,2.66695,3.6432,2.94934,1.81318,5.05579,5.69775,3.71434,4.57917,3.27925,5.78807,9.12143,5.94607,6.82697,2.34701,2.98927,3.24377,2.06306,6.35088,2.54191,1.72447,0.826441,2.50445,3.2814,2.55845,2.48309,1.52763,1.08846,3.44964,7.36889,10.8449,2.9271,80.8988,42.4081,66.2515,85.9204,70.2427,4.97164,8.54828
2022-12-30,5.97752,7.3341,5.93093,7.88747,14.8309,2.66985,3.63949,2.9418,1.80744,5.05093,5.74068,3.72139,4.58187,3.2583,5.81346,9.1068,5.93764,6.78693,2.32057,2.96287,3.14812,2.06392,6.21163,2.53068,1.72475,0.826459,2.50723,3.24336,2.55033,2.48121,1.52552,1.08402,3.46431,7.32018,10.8178,2.87727,79.895,41.8759,65.4295,83.719,69.0366,4.96541,8.51374
2023-01-06,6.07365,7.48484,5.87096,7.83154,15.0891,2.6723,3.60232,2.95371,1.81228,5.08775,5.78561,3.77613,4.70909,3.32907,5.90964,9.08147,5.97243,6.9734,2.33189,3.00406,3.22909,2.14817,6.2036,2.52601,1.73316,0.826459,2.51946,3.28157,2.65107,2.48155,1.52094,1.11409,3.52996,7.45269,11.0676,2.98322,78.6715,42.0584,64.5686,83.9995,69.1897,5.03877,8.59431
2023-01-13,6.05308,7.44007,5.90902,7.953,15.2875,2.70994,3.62045,2.97834,1.81279,5.16212,5.80594,3.83573,4.82142,3.39883,5.95459,9.18561,5.97339,7.13713,2.35693,3.02247,3.32678,2.17788,6.29427,2.55341,1.76369,0.826459,2.55388,3.41897,2.69445,2.54706,1.52349,1.21224,3.6359,7.72209,11.3349,3.08177,81.8035,43.6486,64.5686,83.9995,69.1897,5.17406,8.98343
2023-01-20,5.91062,7.25092,5.76589,7.76151,14.9837,2.64469,3.55117,2.94277,1.81231,5.06243,5.62556,3.78049,4.70696,3.33776,5.78925,9.22487,5.9771,6.97898,2.3264,2.95199,3.24385,2.12168,6.21184,2.52849,1.76279,0.828213,2.57593,3.34304,2.6444,2.53983,1.52444,1.2331,3.56843,7.66491,11.2494,3.00912,80.9722,43.3757,64.5686,83.9995,69.1897,5.14004,9.0381
2023-01-27,5.96515,7.31146,5.76248,7.7829,15.4805,2.65198,3.6114,2.94963,1.81497,5.1338,5.66624,3.76484,4.74022,3.3613,5.79858,9.44627,6.02814,7.17549,2.38309,3.02698,3.31379,2.17425,6.20496,2.52263,1.78117,0.833262,2.63752,3.44904,2.7006,2.593,1.53237,1.25718,3.64387,7.69686,11.5345,3.11916,81.8616,43.8086,64.5686,83.9995,69.1897,5.26729,9.47229
2023-02-03,5.92828,7.28712,5.77636,7.80449,15.4503,2.66082,3.53789,2.93879,1.80642,5.25891,5.93203,3.78981,4.76336,3.32648,5.84726,9.35122,6.03002,7.29112,2.39759,3.03306,3.33138,2.27746,6.29934,2.60335,1.7924,0.842493,2.67131,3.51226,2.75546,2.66852,1.53237,1.30183,3.7236,7.7012,11.8568,3.22029,79.0733,42.4717,63.8978,82.8734,71.178,5.35389,9.78946
2023-02-10,6.05219,7.43167,5.88308,7.91807,15.6971,2.6941,3.50287,2.90016,1.82883,5.3509,5.98052,3.88584,4.65305,3.26095,5.9029,9.22208,5.9436,7.21782,2.34314,2.98424,3.34128,2.23668,6.24114,2.59561,1.72831,0.817295,2.71738,3.40949,2.69545,2.63967,1.49693,1.32121,3.64028,7.65573,11.5259,3.10451,80.5263,43.1177,65.072,83.0642,70.2855,5.29793,9.58228
2023-02-17,6.20189,7.6137,5.97918,8.04961,15.9863,2.73906,3.55199,2.89867,1.83314,5.37269,5.95664,3.82764,4.75031,3.25901,6.02899,9.68161,6.12506,7.32113,2.34256,3.00645,3.3656,2.22936,6.33562,2.60619,1.72441,0.819499,2.77982,3.39263,2.68401,2.77088,1.52166,1.33262,3.60446,7.72416,11.4074,3.08546,78.8209,42.4261,63.6938,83.2596,69.4185,5.2878,9.62896
2023-02-24,6.0861,7.47154,5.87889,7.90108,15.658,2.69335,3.44894,2.83242,1.80208,5.22309,5.81657,3.7444,4.70368,3.21111,5.91479,9.30575,6.07217,7.07192,2.29571,2.95767,3.32424,2.16499,6.28119,2.60484,1.66079,0.807489,2.68427,3.30539,2.63226,2.64515,1.49204,1.2913,3.57133,7.47556,11.0926,3.01144,78.627,42.3091,63.5371,80.9024,67.2916,5.14653,9.33129
2023-03-03,6.12562,7.52731,5.96431,8.01394,15.9071,2.77162,3.48332,2.87177,1.81278,5.27949,5.87643,3.87092,4.79106,3.21755,6.01086,9.57184,6.15128,7.30295,2.32198,3.0293,3.45664,2.24839,6.40918,2.7006,1.72289,0.811167,2.77091,3.37384,2.58928,2.69541,1.52478,1.3611,3.75103,7.54219,11.345,3.05855,84.2082,43.8489,68.0472,86.0776,71.8689,5.24794,9.58164
2023-03-10,5.69708,7.02629,5.59264,7.49039,14.852,2.58711,3.31514,2.78392,1.80949,5.03006,5.51046,3.5697,4.44075,2.95775,5.63704,9.17178,6.1149,6.8349,2.26701,2.92251,3.34303,2.11911,6.09517,2.61018,1.70093,0.782303,2.67357,3.2871,2.45026,2.55607,1.51588,1.21818,3.49216,7.20191,10.744,2.92608,79.8138,41.3509,64.4962,79.2533,65.4641,5.01059,9.22578
2023-03-17,5.63469,6.89815,5.46759,7.3067,14.4773,2.46891,3.29518,2.69523,1.79383,4.9643,5.65337,3.37476,4.42271,2.9664,5.61502,9.03749,5.85309,6.51479,2.26049,2.88116,3.31291,2.1064,6.01762,2.55947,1.72389,0.785525,2.67471,3.26675,2.41869,2.47212,1.51342,1.23522,3.41789,7.2656,10.4317,2.94584,77.3453,40.0636,62.5015,77.3762,70.8661,5.08289,9.76324
2023-03-24,5.7319,7.05285,5.59514,7.51262,14.7726,2.59072,3.35392,2.71097,1.80345,5.04155,5.70953,3.4213,4.46175,2.97603,5.77389,9.51264,6.1564,6.6645,2.29312,2.97291,3.35777,2.09674,6.01801,2.57505,1.7995,0.789951,2.76602,3.30003,2.42608,2.51425,1.52752,1.26664,3.40256,7.33586,10.5175,2.91075,78.0107,40.7413,63.0391,77.0207,69.5982,5.15797,9.95544
2023-03-31,5.77304,7.11873,5.70221,7.6878,15.133,2.64892,3.45937,2.74135,1.81589,5.27566,5.88999,3.5212,4.65042,3.08192,5.85535,9.74986,6.28196,6.92331,2.35607,3.04491,3.44295,2.16958,6.10023,2.60507,1.79067,0.786083,2.76373,3.34268,2.50307,2.57533,1.54099,1.32774,3.57605,7.62825,10.9885,3.04408,81.5069,42.6037,65.8644,80.8486,73.7668,5.33574,10.277
2023-04-07,5.77868,7.12568,5.73374,7.73037,15.1129,2.66357,3.42338,2.74993,1.81837,5.22042,5.88764,3.51423,4.61839,3.0526,5.90054,9.84356,6.28196,6.68494,2.29911,2.97233,3.3729,2.15036,5.97258,2.59319,1.81272,0.795762,2.78797,3.38227,2.46225,2.56466,1.55098,1.32739,3.56645,7.61044,10.7385,3.01677,78.6692,41.7212,63.5712,77.7373,70.9111,5.33313,10.1847
2023-04-14,6.0028,7.40205,5.96316,8.03968,15.6497,2.77015,3.46328,2.82071,1.8475,5.27678,5.96173,3.63783,4.67695,3.10035,6.18051,10.3096,6.28196,6.86498,2.34361,3.03423,3.37992,2.18205,6.0627,2.65928,1.84142,0.807185,2.8368,3.36191,2.48144,2.65074,1.55583,1.36686,3.64386,7.76401,10.7289,3.06836,80.1462,42.4841,64.7647,79.0624,73.6168,5.37575,10.2014
2023-04-21,5.95087,7.34739,5.9252,7.94285,15.4094,2.72954,3.43352,2.81977,1.82115,5.29437,5.93289,3.6826,4.68272,3.08493,6.16432,10.3098,6.2683,6.96838,2.34966,3.02491,3.37308,2.21227,6.09046,2.6974,1.80976,0.806334,2.78208,3.32602,2.45685,2.62375,1.55583,1.36167,3.64083,7.77858,10.7133,3.10778,82.004,43.0209,66.266,81.1622,70.2355,5.37237,10.1386
2023-04-28,5.83102,7.22035,6.00212,7.84627,15.3305,2.74188,3.44845,2.80184,1.81697,5.12272,5.91456,3.70359,4.57476,3.01185,6.12951,10.4818,6.34837,6.84584,2.31262,2.98713,3.39346,2.16079,5.99333,2.64168,1.77784,0.816714,2.76935,3.30745,2.47882,2.61025,1.57921,1.34521,3.6499,7.79587,10.8155,3.10276,80.5118,42.7029,65.0602,79.0167,69.0129,5.42098,10.3291
2023-05-05,5.89576,7.21998,5.94331,7.76767,15.5369,2.73169,3.47157,2.82699,1.82478,5.09297,5.92828,3.69811,4.57596,3.0185,6.16622,10.6166,6.30286,6.8122,2.31735,2.96893,3.40585,2.13376,5.93026,2.63204,1.74196,0.814488,2.70714,3.30732,2.5292,2.65169,1.58807,1.34606,3.66702,7.75662,10.9426,3.14786,81.8709,42.6843,66.1585,83.2839,70.542,5.37797,10.3397
2023-05-12,5.92699,7.22388,6.02064,7.78467,15.1942,2.75034,3.43755,2.80496,1.83185,4.97834,5.88848,3.73303,4.52322,2.97059,6.22598,10.5822,6.2425,6.85014,2.31911,2.96216,3.41911,2.1055,6.07579,2.62493,1.73806,0.805718,2.70463,3.26519,2.47614,2.63261,1.5843,1.28579,3.63095,7.90825,10.9455,3.10117,83.3204,43.1677,67.3298,84.0086,72.2158,5.36441,10.4082
2023-05-19,5.96528,7.29583,6.02238,7.84599,15.1471,2.76567,3.45983,2.85603,1.84676,5.04166,6.00569,3.70681,4.54542,2.96681,6.20469,10.6167,6.3002,6.89532,2.34682,3.03491,3.39875,2.20756,6.11845,2.71584,1.80136,0.807687,2.75607,3.34209,2.54438,2.65686,1.59192,1.30246,3.70946,8.067,11.0985,3.10988,84.4447,43.9801,68.2384,86.7795,77.5152,5.45604,10.7759
2023-05-26,5.81909,7.03278,5.82999,7.55217,15.1464,2.66491,3.5182,2.82571,1.80526,4.8762,5.86407,3.56758,4.48276,2.92201,5.95194,10.5788,6.2884,6.91893,2.38056,3.18166,3.46573,2.28912,6.1633,2.90643,1.82933,0.812504,2.76406,3.45337,2.48923,2.70373,1.59192,1.37244,3.73871,7.91186,11.0768,3.05928,89.4775,46.395,72.3053,91.6981,84.1603,5.47429,11.1566
2023-06-02,5.9257,7.12864,5.99457,7.6631,15.5773,2.6964,3.61931,2.84217,1.82346,4.93473,5.93698,3.68656,4.6224,3.02217,6.0693,10.7819,6.30178,7.10353,2.41972,3.19078,3.50547,2.28905,6.29106,2.94484,1.83861,0.811401,2.79079,3.48826,2.50719,2.70788,1.59192,1.3874,3.79052,8.06857,11.4115,3.11285,90.8979,46.8515,73.4531,93.8606,84.962,5.57725,11.3567
2023-06-09,5.95401,7.17292,6.06569,7.77478,15.6954,2.73621,3.63476,2.84143,1.81486,4.92226,5.89517,3.70477,4.71096,3.02916,6.09514,10.914,6.3373,7.16584,2.40862,3.26069,3.57725,2.36974,6.37518,3.06567,1.79385,0.811561,2.76383,3.60867,2.51074,2.72967,1.59765,1.41493,3.79965,8.08777,11.5496,3.13916,92.635,47.2431,74.8568,96.8799,86.1723,5.60306,11.3519
2023-06-16,6.07209,7.32521,6.19078,7.94595,16.1927,2.79645,3.72269,2.86219,1.81823,5.12582,6.07032,3.71964,4.85707,3.15532,6.22343,11.0432,6.33256,7.46516,2.52883,3.34208,3.70319,2.41531,6.70042,3.12421,1.79952,0.811561,2.78666,3.71987,2.6083,2.77224,1.59691,1.43303,3.84509,8.29084,11.9601,3.23168,93.2235,47.7313,75.3323,103.792,87.8743,5.74893,11.782
2023-06-23,5.92545,7.15697,6.02693,7.73987,15.8336,2.72393,3.63862,2.8041,1.80969,5.00653,5.9489,3.71902,4.82385,3.13185,6.07108,10.9141,6.33945,7.19975,2.48815,3.27664,3.65495,2.39481,6.62447,3.10315,1.81436,0.811561,2.78036,3.64592,2.53874,2.77567,1.59683,1.43462,3.74436,8.15851,12.0408,3.18266,90.6234,46.6023,73.2312,99.9727,84.9832,5.66717,11.6253
2023-06-30,5.98193,7.27396,6.24189,7.933,16.6049,2.7919,3.72658,2.84353,1.83531,5.11554,6.10134,3.82536,5.01038,3.23767,6.21381,11.0628,6.41278,7.41418,2.58514,3.39984,3.83379,2.47354,6.74794,3.21839,1.84914,0.811561,2.86263,3.78265,2.63562,2.96146,1.59645,1.53185,3.90667,8.30058,12.9665,3.33061,94.5287,48.2428,76.3871,107.444,88.2054,5.79891,11.8459
2023-07-07,5.92587,7.18549,6.17094,7.80247,16.3047,2.74596,3.69268,2.81977,1.82243,5.08836,6.0049,3.75654,4.96577,3.19766,6.11951,11.0536,6.41278,7.3461,2.55339,3.32865,3.81009,2.43557,6.62372,3.19651,1.84731,0.811561,2.88011,3.76998,2.59925,3.02412,1.61852,1.56631,3.87949,8.26391,13.1462,3.31331,93.6152,47.5782,75.6489,110.682,90.2283,5.73703,11.744
2023-07-14,6.05223,7.30764,6.51174,8.08655,16.7627,2.83764,3.76224,2.8765,1.83554,5.20954,6.27844,3.91466,5.06967,3.27359,6.28636,11.2658,6.4515,7.547,2.63121,3.46793,3.99976,2.49986,6.85901,3.242,1.86691,0.813301,2.91135,3.81742,2.63215,3.09459,1.6351,1.65683,4.00537,8.47044,13.3637,3.40165,96.6343,49.3925,78.0886,119.895,95.1815,5.8774,12.1554
2023-07-21,6.25771,7.55572,6.70695,8.2915,17.2416,2.90577,3.82455,2.94947,1.84153,5.3396,6.47529,3.97153,5.06616,3.25657,6.55916,11.3019,6.43039,7.5565,2.63737,3.43755,3.97888,2.5379,6.65371,3.23513,1.9008,0.834007,2.85433,3.88208,2.59188,3.05323,1.60665,1.71621,3.96886,8.62809,13.5538,3.3621,97.1683,49.6891,78.5201,122.011,98.428,5.91533,12.0451
2023-07-28,6.25544,7.57269,6.56892,8.11111,16.8788,2.84078,3.865,2.9628,1.83506,5.47826,6.49317,3.98407,5.05897,3.27471,6.70179,11.6204,6.39017,7.6045,2.69412,3.58921,4.03119,2.55028,6.51581,3.26168,1.92802,0.836342,2.94095,3.88505,2.62688,3.04139,1.57764,1.72232,3.94785,8.57983,13.6491,3.40675,100.31,50.1727,81.0587,127.933,102.598,5.97734,12.2968
2023-08-04,6.11959,7.53002,6.51286,7.99454,16.5919,2.81384,3.85881,2.90116,1.80529,5.54014,6.3675,3.91309,4.91704,3.16503,6.58284,11.5934,6.44817,7.49008,2.69603,3.66736,4.13498,2.53417,6.30753,3.35596,1.8828,0.826785,2.87325,3.88753,2.59762,3.00509,1.56639,1.72383,3.88217,8.84022,13.4142,3.36765,101.467,50.3569,81.9938,129.475,103.128,5.84508,11.93
2023-08-11,6.08209,7.52077,6.45687,7.92878,16.5129,2.82389,3.78989,2.78369,1.77517,5.45235,6.18864,3.87557,4.89077,3.19269,6.54649,11.4746,6.31579,7.31986,2.67573,3.54858,4.06515,2.50525,6.07931,3.29119,1.84608,0.814098,2.78893,3.88873,2.62958,2.8475,1.51999,1.66326,3.89164,8.94838,13.5154,3.33301,96.7428,49.3313,78.1762,123.489,96.5215,5.82991,11.744
2023-08-18,5.92262,7.26944,6.16802,7.66332,15.8669,2.72122,3.72549,2.72401,1.72118,5.28302,5.98479,3.78801,4.80831,3.11121,6.33619,11.3306,6.14024,7.11084,2.63533,3.52807,3.96844,2.42701,5.9603,3.24604,1.81743,0.806349,2.73155,3.84712,2.55279,2.7308,1.52078,1.5887,3.75189,8.84018,13.2382,3.22067,94.2641,47.9423,76.1732,118.813,93.8459,5.71021,11.4839
2023-08-25,5.97966,7.35684,6.22541,7.86751,16.2822,2.78923,3.7321,2.77321,1.7238,5.29912,6.06119,3.82067,4.88379,3.17215,6.46578,11.5707,6.17441,7.13139,2.64491,3.58392,4.0314,2.3846,5.94863,3.29797,1.81843,0.806349,2.75076,3.86029,2.57881,2.73114,1.51787,1.61152,3.78157,8.87048,13.3101,3.27572,96.7565,48.5631,78.1873,123.61,96.918,5.7556,11.6728
2023-09-01,6.05596,7.47493,6.25421,7.88691,16.4358,2.80296,3.77055,2.77564,1.72903,5.42709,6.10039,3.98976,4.86985,3.1949,6.4941,11.8209,6.25594,7.281,2.7013,3.74167,4.07572,2.46331,6.06401,3.40164,1.87308,0.806349,2.83852,3.96891,2.702,2.9903,1.5281,1.71564,3.81585,9.03361,13.6377,3.41016,101.942,51.0777,82.3774,132.378,104.919,5.90238,12.1079
2023-09-08,5.99489,7.39944,6.21761,7.82062,16.141,2.76633,3.72782,2.76793,1.7132,5.35181,6.16667,3.92508,4.75914,3.1586,6.42798,11.8563,6.23135,7.22372,2.68959,3.72733,4.0237,2.42963,5.99968,3.38583,1.87544,0.806349,2.83533,3.9429,2.63893,2.98827,1.5216,1.70696,3.74883,8.89922,13.4782,3.33165,100.134,50.1226,80.9163,130.877,102.794,5.82821,11.9473
2023-09-15,5.9546,7.42106,6.19627,7.83411,16.0925,2.76918,3.74109,2.76002,1.71824,5.15885,6.07181,3.91946,4.70294,3.1183,6.36174,11.8892,6.2969,7.25271,2.63376,3.66884,3.94482,2.38545,5.94871,3.34922,1.86995,0.806349,2.86146,3.91557,2.64559,3.00479,1.53111,1.71312,3.8241,8.96358,13.5937,3.26523,97.226,49.1037,78.5667,128.454,101.976,5.82054,11.8905
2023-09-22,5.72557,7.11007,5.93283,7.60838,15.5292,2.68753,3.56578,2.67233,1.69622,4.91794,5.88507,3.80036,4.55015,2.99811,6.18271,11.4271,6.15676,7.02851,2.55028,3.59674,3.83984,2.36589,5.71518,3.21429,1.86735,0.805216,2.8471,3.72263,2.57821,2.89669,1.50317,1.61226,3.72548,8.6275,13.1144,3.19522,91.8361,47.0041,74.2112,119.775,95.8147,5.65053,11.4935
2023-09-29,5.83528,7.05874,5.87921,7.62729,15.6704,2.73656,3.46812,2.63753,1.68233,4.88127,5.87127,3.86957,4.54484,2.94701,6.23797,11.5962,6.25643,7.08608,2.50141,3.53675,3.79993,2.34287,5.685,3.14958,1.8761,0.803533,2.86797,3.67788,2.59838,2.94958,1.5022,1.61591,3.6734,8.59967,13.1817,3.21173,95.3626,48.1951,77.0609,124.671,96.568,5.61194,11.505
2023-10-06,5.87506,7.12857,5.8718,7.6818,15.5314,2.77777,3.48427,2.68283,1.69497,4.9039,5.93654,3.81127,4.4723,2.90207,6.33332,11.6446,6.30104,6.96574,2.49999,3.5874,3.80948,2.35067,5.65093,3.1465,1.82776,0.785396,2.85707,3.69073,2.62212,3.02552,1.49352,1.53737,3.59358,8.62816,13.0013,3.21813,97.4428,48.8083,78.7419,126.437,94.5656,5.63898,11.7115
2023-10-13,5.87749,7.11859,5.82299,7.72423,15.3785,2.79445,3.39408,2.69793,1.71277,4.95025,6.01775,3.77413,4.31523,2.83389,6.37237,11.8863,6.33749,7.15553,2.58963,3.71768,3.93666,2.36386,5.68741,3.209,1.79116,0.783047,2.87105,3.7343,2.61382,3.10964,1.49283,1.51808,3.58926,8.56577,13.1426,3.19409,96.7608,48.6697,78.1908,125.571,94.4683,5.66471,11.7301
2023-10-20,5.75544,6.98953,5.73064,7.47434,15.0464,2.71161,3.35401,2.69172,1.70858,4.87014,5.88755,3.67725,4.25567,2.78154,6.18707,11.6062,6.27045,7.04247,2.50008,3.64618,3.78586,2.3075,5.44442,3.08638,1.75118,0.783372,2.78931,3.62937,2.51148,2.98889,1.47864,1.49439,3.53187,8.34374,12.7424,3.12883,91.8486,46.3187,74.2213,117.47,92.8451,5.52936,11.3872
2023-10-27,5.64418,6.86632,5.60208,7.23816,14.479,2.66984,3.31084,2.64616,1.68711,4.73235,5.84839,3.65079,4.09228,2.69269,6.04541,11.771,6.21734,7.00165,2.42385,3.54114,3.69925,2.24208,5.35256,3.06249,1.74623,0.783372,2.74494,3.57227,2.43411,2.91394,1.47885,1.47463,3.46878,8.14292,12.5783,3.11917,89.3962,45.4841,72.2396,114.373,90.5932,5.39139,11.0889
2023-11-03,5.86069,6.96539,5.89753,7.40175,15.3369,2.82052,3.36896,2.693,1.71652,5.10934,6.33651,3.85158,4.32887,2.85552,6.16612,12.269,6.3475,7.45909,2.56187,3.64571,3.94286,2.32228,5.52913,3.06785,1.82922,0.7932,2.8971,3.79173,2.57849,3.09901,1.5245,1.57214,3.63241,8.65285,13.424,3.33282,100.276,50.3182,73.5083,115.675,91.7451,5.70659,11.8082
2023-11-10,5.86264,6.96771,5.86512,7.34978,15.2805,2.80423,3.39689,2.71563,1.71894,5.16839,6.4061,3.83797,4.25003,2.79901,6.12796,12.1432,6.3475,7.52282,2.65192,3.73379,4.05606,2.31649,5.61017,3.0919,1.81225,0.793271,2.91512,3.77603,2.59269,3.08366,1.51693,1.53954,3.67922,8.38287,13.2952,3.29767,102.825,52.0569,73.5083,115.675,91.7451,5.78431,12.1511
2023-11-17,5.93332,7.05171,6.0778,7.62317,15.8219,2.8993,3.47796,2.73974,1.72445,5.23796,6.44428,3.86172,4.26094,2.82258,6.21749,12.431,6.45442,7.5683,2.64948,3.72194,4.07989,2.34489,5.68941,3.14905,1.82279,0.793738,2.92982,3.96054,2.65405,3.11577,1.53003,1.59431,3.8022,8.71431,13.8419,3.33647,106.248,54.0788,73.5083,115.675,91.7451,5.91795,12.3968
2023-11-24,5.97032,7.09569,6.14832,7.71163,16.0653,2.93294,3.50199,2.75824,1.72835,5.31447,6.49307,3.88286,4.3057,2.85759,6.287,12.453,6.45442,7.60429,2.72362,3.82704,4.19881,2.38349,5.82529,3.1832,1.84476,0.800673,2.94778,4.14444,2.68807,3.12959,1.53039,1.60459,3.84459,8.85272,13.9764,3.3625,105.124,53.9127,73.5083,115.675,91.7451,5.97716,12.5082
2023-12-01,6.07591,7.22118,6.20847,7.74466,16.4535,2.9455,3.53201,2.7773,1.72431,5.40925,6.6151,3.86023,4.39809,2.9446,6.39257,12.5722,6.46043,7.66196,2.73863,3.88734,4.27266,2.43376,6.02169,3.24675,1.84505,0.799856,2.96827,4.24032,2.76251,3.1615,1.53526,1.64859,3.95649,9.11173,13.997,3.42424,108.351,54.9016,76.1269,120.257,93.5394,6.02704,12.522
2023-12-08,6.03623,7.18936,6.17101,7.67982,16.2676,2.9273,3.49973,2.75829,1.72414,5.36717,6.61315,3.82392,4.45357,2.94437,6.31831,12.5942,6.47771,7.41936,2.75131,3.94371,4.33948,2.39802,5.97996,3.2868,1.83692,0.796468,2.94178,4.22695,2.70388,3.12991,1.52377,1.60852,3.90463,9.05707,13.8623,3.46344,112.271,56.2993,78.8813,124.415,94.9809,6.04148,12.5937
2023-12-15,6.17143,7.34453,6.45182,8.04235,17.1606,3.07855,3.59108,2.81898,1.74575,5.28633,6.63199,4.01613,4.63127,2.99833,6.44708,12.6781,6.48237,7.54991,2.79205,3.99352,4.39532,2.50467,6.14824,3.34712,1.83754,0.797585,2.96372,4.35638,2.83461,3.16982,1.52302,1.6343,4.05449,9.54616,14.4234,3.61347,119.36,59.4877,83.8622,132.807,97.0856,6.18632,13.0166
2023-12-22,6.22779,7.41393,6.58345,8.20508,17.4551,3.14084,3.63369,2.83075,1.7516,5.35129,6.68737,4.05925,4.67952,3.02979,6.5384,12.7258,6.48184,7.56246,2.86081,4.09549,4.42494,2.52595,6.10489,3.39709,1.83723,0.796589,2.99151,4.43991,2.85055,3.19852,1.52289,1.66875,4.10223,9.56761,14.6096,3.66209,123.678,61.0232,86.8955,138.198,100.877,6.24326,13.1404
2023-12-29,6.23293,7.43365,6.57985,8.20328,17.4392,3.14015,3.61428,2.82812,1.75151,5.30524,6.70694,4.09162,4.63951,3.00664,6.54104,12.6476,6.48869,7.54094,2.86648,4.07349,4.41883,2.5399,6.11463,3.40944,1.82596,0.796827,2.97314,4.48699,2.8929,3.19842,1.52652,1.66827,4.1235,9.63254,14.6407,3.64316,122.427,60.6251,86.017,137.301,101.304,6.26515,13.184
2024-01-05,6.13168,7.33182,6.41717,8.00542,16.9992,3.06146,3.48657,2.77489,1.73065,5.11351,6.51499,4.10112,4.51965,2.92105,6.44704,12.5931,6.5624,7.45724,2.82793,3.90816,4.26479,2.49644,6.0118,3.35726,1.80426,0.798248,2.96589,4.34667,2.86262,3.15783,1.53505,1.63701,4.02815,9.57597,14.6056,3.56367,117.591,58.1286,82.619,132.197,96.537,6.16774,12.7729
2024-01-12,6.15675,7.409,6.48726,8.1539,17.1457,3.07279,3.48749,2.74754,1.7417,5.1724,6.50215,4.17075,4.61618,2.97808,6.51344,12.3542,6.41952,7.60921,2.84172,3.93505,4.3193,2.47826,6.05768,3.38617,1.82087,0.80448,2.9774,4.3808,2.91873,3.15325,1.51795,1.63378,4.03679,9.68724,14.5298,3.69999,120.912,60.3078,84.9523,131.321,96.2887,6.2832,13.1853
2024-01-19,6.13037,7.38223,6.56722,8.19333,17.108,3.06581,3.55069,2.7841,1.77138,5.17085,6.42297,4.17702,4.59393,3.04421,6.48347,12.6824,6.45228,7.63922,2.8886,4.02134,4.48145,2.48942,6.1154,3.41733,1.77722,0.799638,2.95327,4.39884,2.94631,3.1109,1.50021,1.59178,3.98484,9.68283,14.4518,3.69202,127.325,63.0081,89.4579,132.16,96.3643,6.359,13.5594
2024-01-26,6.1868,7.43213,6.65408,8.26133,17.0724,3.07237,3.5881,2.81358,1.78462,5.27136,6.56637,4.18175,4.66325,3.11512,6.40822,12.9946,6.46656,7.69737,2.92547,4.06814,4.6348,2.46355,6.11307,3.44774,1.78685,0.798169,3.00823,4.44215,2.98531,3.12147,1.4884,1.57283,3.9946,9.56611,14.6476,3.74088,130.432,63.374,91.6409,133.542,94.9497,6.42464,13.6441
2024-02-02,6.22593,7.50285,6.73244,8.25964,17.2189,3.07735,3.62937,2.82754,1.77692,5.45827,6.64059,4.17939,4.72075,3.18302,6.48228,13.4154,6.59126,7.90347,3.00766,4.21168,4.96522,2.48014,6.21383,3.508,1.80512,0.804326,3.02136,4.48216,3.07462,3.16257,1.49512,1.59894,4.0167,9.8108,14.9802,3.86059,142.542,66.726,100.15,136.071,98.1032,6.51612,13.8115
2024-02-09,6.24933,7.50824,6.95169,8.37304,17.4482,3.12717,3.61281,2.82986,1.79053,5.57354,6.72373,4.23547,4.72707,3.20618,6.55129,13.4885,6.6094,8.60181,3.02922,4.26817,5.21337,2.47285,6.24304,3.50901,1.78969,0.809445,3.05955,4.47873,3.19379,3.26068,1.53507,1.62812,3.96219,9.98097,15.0297,3.94653,163.777,72.5168,115.069,140.319,112.248,6.60641,14.0703
2024-02-16,6.20442,7.44047,6.82047,8.2716,17.4269,3.08991,3.57629,2.78126,1.7988,5.5632,6.71787,4.22821,4.88424,3.27842,6.53884,13.46,6.63287,8.63638,3.05111,4.26453,5.36038,2.51922,6.29852,3.52929,1.79354,0.824571,3.07433,4.61171,3.20002,3.22278,1.53037,1.62623,3.92741,9.93709,15.0626,3.95268,175.157,74.9764,123.065,141.018,116.101,6.58413,13.8617
2024-02-23,6.45542,7.67119,7.02243,8.59389,17.8878,3.21033,3.6475,2.8311,1.80243,5.65253,6.81928,4.34149,4.89029,3.31897,6.74984,13.8771,7.06817,8.62131,3.05374,4.2716,5.44076,2.55597,6.39564,3.58152,1.79674,0.822626,3.26135,4.55994,3.21229,3.31394,1.61351,1.66451,4.00573,10.1014,15.3048,4.03779,178.765,75.844,125.6,138.162,117.341,6.69406,14.0616
2024-03-01,6.62936,7.82024,7.23625,8.84688,18.3251,3.30483,3.64511,2.82367,1.79641,5.79828,7.00998,4.39544,4.946,3.369,6.85635,14.1053,7.2388,8.9202,3.11408,4.34403,5.88657,2.6347,6.77998,3.60772,1.82744,0.828527,3.27804,4.6666,3.29764,3.37815,1.64539,1.69282,4.0236,10.1939,15.655,4.09809,202.915,85.1477,142.568,152.287,126.894,6.75997,14.3459
2024-03-08,6.65664,7.86425,7.10918,8.7048,18.3997,3.25638,3.66208,2.80018,1.79151,5.79924,7.14949,4.29022,4.98253,3.38983,6.79797,13.8877,7.29167,9.17363,3.17506,4.38248,6.51521,2.69242,6.76555,3.6395,1.79367,0.828527,3.23501,4.65544,3.29896,3.40369,1.67188,1.70588,4.01713,10.4451,15.814,4.06018,210.825,88.5971,148.125,165.092,131.247,6.74507,14.1337
2024-03-15,6.66103,7.84163,7.20349,8.84456,18.6591,3.30866,3.59901,2.74827,1.7753,5.73126,7.04205,4.37052,4.84764,3.31359,6.74313,13.6206,7.22642,8.90848,3.06622,4.23143,6.76018,2.6607,6.67298,3.74084,1.81991,0.844677,3.25829,4.57994,3.28819,3.47755,1.67273,1.71765,4.08279,10.4913,15.5732,4.08481,202.662,87.2565,142.39,164.598,128.531,6.74104,13.9695
2024-03-22,6.89428,8.09542,7.27404,8.91752,18.8055,3.36305,3.58394,2.83117,1.82333,5.79858,7.25114,4.45694,4.90659,3.36816,6.86195,13.9404,7.41658,9.01457,3.11958,4.31333,6.49063,2.77946,6.90906,3.83595,1.8411,0.861081,3.33457,4.6135,3.40369,3.53813,1.71407,1.76547,4.20263,10.8161,16.0473,4.18732,210.835,89.8445,148.132,163.131,133.352,6.89151,14.3897
2024-03-29,7.0266,8.23447,7.42936,9.0549,19.2815,3.39142,3.61457,2.87945,1.83699,5.87411,7.38673,4.53365,4.94773,3.41273,6.93974,14.3898,7.55726,9.02481,3.15005,4.26262,6.6379,2.81896,6.97051,3.85873,1.88843,0.902481,3.42614,4.67325,3.44163,3.61677,1.7767,1.79135,4.20508,10.9898,16.3509,4.27285,208.368,89.9531,146.399,165.306,133.252,6.9161,14.3133
2024-04-05,7.0204,8.2237,7.46006,9.0883,19.257,3.40491,3.58204,2.87536,1.81385,5.79366,7.25606,4.46667,4.8579,3.37673,6.88008,14.3479,7.5199,8.93803,3.09651,4.1043,6.45959,2.83211,6.79329,3.83097,1.84786,0.889816,3.37882,4.63211,3.43515,3.56803,1.7449,1.78054,4.09369,10.8029,16.2381,4.30167,207.155,90.056,145.546,159.692,133.12,6.85475,14.1992
2024-04-12,6.91701,8.10485,7.27616,8.88354,17.996,3.33628,3.50978,2.84478,1.80488,5.62322,7.16537,4.33611,4.82053,3.35221,6.76673,14.3989,7.61015,8.69315,2.99112,3.9949,6.39521,2.75528,6.61519,3.71251,1.77458,0.881536,3.37349,4.55491,3.34316,3.57174,1.75159,1.78793,4.02643,10.5442,15.9507,4.19743,201.339,87.413,141.46,155.169,129.324,6.75453,14.1282
2024-04-19,6.83919,7.99278,7.1923,8.76962,17.5848,3.31205,3.49294,2.80492,1.76252,5.63388,7.29506,4.32885,4.65585,3.25977,6.71191,13.8346,7.46387,8.49383,2.94855,3.92755,6.27693,2.75792,6.4985,3.66341,1.72085,0.881157,3.27365,4.55452,3.2396,3.43457,1.70578,1.70542,4.00411,10.1467,15.7702,4.12467,178.217,79.6436,125.215,134.472,112.466,6.54707,13.3668
2024-04-26,7.02835,8.30652,7.39014,9.07485,18.2026,3.49795,3.55668,2.87846,1.78459,5.78017,7.44885,4.51325,4.84595,3.37324,6.8773,14.4687,7.82976,8.75507,3.05736,4.04501,6.36441,2.83817,6.65754,3.70687,1.74209,0.889402,3.43047,4.62337,3.39193,3.66279,1.79179,1.77811,4.0032,10.4354,16.1848,4.25556,200.865,86.1541,141.127,152.512,127.608,6.72028,13.8939
2024-05-03,7.054,8.38331,7.35178,9.06521,18.2752,3.51516,3.62166,2.94707,1.81456,5.78159,7.5591,4.52795,4.86057,3.38844,7.04709,15.2325,8.13123,8.89673,3.00759,3.9835,6.29035,2.87081,6.66428,3.7396,1.80553,0.923187,3.48843,4.65928,3.46892,3.62778,1.83901,1.7202,4.10902,10.434,16.1498,4.19777,209.004,88.8325,146.846,161.677,137.358,6.76034,14.0383
2024-05-10,7.14094,8.45206,7.53164,9.29485,18.4249,3.59535,3.65656,2.99431,1.81782,5.90612,7.83925,4.66447,4.96408,3.46641,7.17504,15.4612,8.17918,8.76177,3.0452,4.05285,6.45961,2.9069,6.75552,3.82607,1.82672,0.92309,3.57475,4.69947,3.50856,3.69451,1.86088,1.71866,4.08138,10.6691,16.2876,4.22872,210.977,90.3343,148.232,163.146,139.491,6.88662,14.2504
2024-05-17,7.31817,8.65546,7.90869,9.65191,19.0472,3.73347,3.80662,3.04467,1.83631,6.20743,8.02428,4.67862,5.11639,3.56253,7.39963,15.9353,8.39009,8.92201,3.12181,4.12794,6.52725,2.9508,6.82384,3.86367,1.91107,0.93388,3.60879,4.77916,3.64663,3.91175,1.8941,1.80192,4.10929,10.8422,16.4343,4.25808,224.947,94.8597,158.047,174.213,148.198,7.00046,14.5631
2024-05-24,7.2304,8.52266,7.82566,9.50229,18.5715,3.67559,3.73842,3.01001,1.81361,6.15921,7.84152,4.60792,5.10341,3.5562,7.26034,15.9416,8.41147,8.99248,3.10488,4.08832,6.3202,2.92295,6.97707,3.8216,1.92585,0.939936,3.62637,4.79287,3.71278,4.05385,1.91063,1.82035,4.07158,10.6051,16.3478,4.25656,235.572,97.9715,165.513,180.884,153.969,7.00033,14.7627
2024-05-31,7.06166,8.46082,7.77863,9.45962,18.4755,3.63917,3.70261,3.00618,1.79147,6.15217,7.88194,4.64225,4.98694,3.50791,7.18087,15.6418,8.40844,9.15436,3.09422,4.04752,6.24855,2.89071,6.95505,3.74252,1.92196,0.936978,3.64464,4.7302,3.7246,3.98274,1.88103,1.79216,4.00202,10.5089,16.3182,4.21044,222.499,93.8168,156.327,173.448,146.637,6.97296,14.5293
2024-06-07,7.12352,8.46959,7.68352,9.31986,18.4719,3.6346,3.80676,3.02921,1.81782,6.11602,7.86928,4.63576,5.05046,3.53261,7.19054,15.9123,8.42767,9.22202,3.07165,4.05761,6.21819,2.87021,6.97935,3.71994,1.92059,0.935464,3.63119,4.67104,3.65731,3.97916,1.8818,1.79928,4.00516,10.5447,16.0706,4.26666,219.315,92.6378,154.09,174.315,142.128,7.06075,14.9242
2024-06-14,7.1024,8.51998,7.81683,9.53371,18.6917,3.68347,3.74325,2.99227,1.79969,6.09153,7.84882,4.7842,4.99686,3.59755,7.26559,15.894,8.56406,9.2342,3.09711,4.10297,6.12698,2.89886,7.03862,3.75898,1.91649,0.935464,3.63636,4.7131,3.68317,4.01163,1.89297,1.81556,3.86296,10.2984,15.9892,4.23167,221.261,93.979,155.458,175.617,139.176,7.17671,15.4474
2024-06-21,7.22381,8.63565,7.86473,9.80141,18.8577,3.76985,3.80389,3.06482,1.79322,6.25142,7.96989,4.91206,5.00447,3.61732,7.31262,15.8288,8.57564,9.20284,3.1043,4.09482,6.09848,2.91106,6.91112,3.71602,1.91809,0.935464,3.679,4.66879,3.67342,3.9663,1.89297,1.8332,3.8811,10.4175,16.1578,4.19895,225.312,95.127,158.304,178.024,136.438,7.22281,15.4793
2024-06-28,7.34265,8.78479,7.91331,9.87148,19.0032,3.81346,3.73584,3.04444,1.80129,6.1775,7.9596,4.97072,4.93739,3.55271,7.29323,15.944,8.67208,9.21579,3.083,3.99255,6.0513,2.87142,6.84432,3.65097,1.90672,0.936824,3.72028,4.62128,3.64659,3.92193,1.87943,1.85191,3.85179,10.4933,16.204,4.18628,221.222,92.7081,155.43,174.847,130.199,7.21896,15.4693
2024-07-05,7.35541,8.83787,7.95051,9.87876,19.0177,3.82983,3.70688,3.05928,1.81755,6.11439,8.00237,4.89502,4.97352,3.58986,7.2574,15.9516,8.6968,9.32634,3.07762,4.02211,6.00307,2.90717,6.86055,3.67426,1.90852,0.938857,3.74218,4.61371,3.68788,3.86334,1.85003,1.83235,3.85266,10.3878,16.0667,4.19812,224.437,93.5786,157.689,178.851,134.197,7.35718,16.0198
2024-07-12,7.55305,9.07065,8.13942,10.0438,19.5001,3.92193,3.76639,3.09643,1.8261,6.27057,8.13648,5.10492,5.11565,3.71208,7.50415,16.1924,8.72187,9.48844,3.10049,4.09514,6.0252,2.99553,7.10103,3.74073,1.93146,0.94285,3.74261,4.6897,3.78331,3.95939,1.86791,1.89178,3.94069,10.6798,16.5661,4.23598,229.621,95.6771,161.331,183.374,137.968,7.42815,15.9766
2024-07-19,7.4511,8.92362,7.88323,9.76169,18.9253,3.78831,3.63133,3.05049,1.81508,6.00195,8.00694,5.06816,4.93009,3.65681,7.3513,15.7097,8.48106,9.39986,3.0707,4.08941,5.92752,2.93124,7.10463,3.73881,1.96896,0.962315,3.74628,4.53911,3.88179,3.83576,1.78886,1.82363,3.94854,10.5522,16.6992,4.15359,222.547,91.1089,156.361,172.785,129.356,7.28224,15.3444
2024-07-26,7.57456,9.0202,8.03404,9.90921,19.1203,3.84809,3.70874,3.02916,1.81927,5.99563,8.04142,5.076,4.8668,3.69837,7.4449,15.8155,8.55854,9.20256,3.08602,4.13335,5.92791,2.96524,7.08524,3.79142,1.96129,0.956274,3.83566,4.57018,3.7133,3.75128,1.76354,1.84555,3.86564,10.4926,16.3223,4.1351,209.966,87.5269,147.521,162.482,126.2,7.22188,14.9482
2024-08-02,7.39757,8.80744,7.66522,9.38283,18.4043,3.64624,3.53653,2.95245,1.79237,5.54442,7.78292,4.92717,4.45445,3.48011,7.30224,15.0371,8.42021,8.86011,3.01818,4.03781,5.74589,2.8737,6.92823,3.65888,1.92264,0.952603,3.77657,4.51104,3.6757,3.54494,1.7478,1.79662,3.81408,10.1538,15.5923,4.00271,192.764,81.4099,135.435,147.923,116.323,7.06881,14.4891
2024-08-09,7.21067,8.67758,7.67052,9.33279,18.2184,3.70902,3.59887,2.97444,1.8822,5.71556,7.76176,5.19449,4.34036,3.42918,7.31453,15.0616,8.79061,9.36627,3.02245,3.92724,5.54624,2.82347,6.97562,3.57403,1.95433,0.968658,3.90791,4.54748,3.66083,3.68777,1.84776,1.88918,3.74156,10.1615,15.7115,4.05865,191.418,83.916,134.49,153.426,115.82,7.07,14.5427
2024-08-16,7.23085,8.73803,7.89387,9.62457,18.8819,3.80836,3.63738,2.97543,1.88508,5.75699,7.77045,5.41901,4.46484,3.53272,7.3697,15.396,8.94393,9.76955,3.08419,4.00392,5.68117,2.84722,7.11933,3.65586,1.95753,0.978818,3.9731,4.59969,3.69923,3.70256,1.89142,1.93169,3.8183,10.3994,16.0405,4.15708,212.387,90.3203,149.223,165.422,123.295,7.3528,15.3376
2024-08-23,7.24305,8.75276,7.97801,9.72715,19.2014,3.84895,3.69384,2.97675,1.88569,5.87116,7.78676,5.43057,4.49776,3.53669,7.41725,15.4813,8.94393,9.84466,3.14589,4.08636,5.75977,2.86927,7.29609,3.68509,1.96539,0.978818,4.01875,4.6438,3.77556,3.76678,1.9018,1.98803,3.93911,10.5791,16.5189,4.2219,219.658,91.9857,154.331,172.942,128.215,7.45654,15.4981
2024-08-30,7.31856,8.84401,8.15412,9.94187,19.1974,3.93391,3.74423,3.00613,1.89297,5.91934,7.91149,5.45234,4.58873,3.60096,7.59242,15.4383,8.94393,9.93995,3.2029,4.19205,5.86324,2.90827,7.28332,3.74355,1.96385,0.978818,4.02123,4.72998,3.85307,3.69059,1.89575,1.92644,3.87867,10.7785,16.8414,4.30067,209.252,89.6551,147.02,166.053,125.057,7.4771,15.3776
2024-09-06,7.1185,8.60226,8.04473,9.80851,18.2864,3.8697,3.65644,2.9531,1.89092,5.72459,7.72676,5.38405,4.4937,3.51195,7.41098,14.5276,8.76958,9.6594,3.16024,4.14173,5.78877,2.86405,7.16405,3.68339,1.96106,0.976625,3.93414,4.58138,3.69272,3.54035,1.83956,1.80192,3.7762,10.3699,16.2742,4.12719,184.181,80.6549,129.405,156.757,117.897,7.16776,14.4871
2024-09-13,7.24227,8.83724,8.30739,10.1437,18.8149,4.04459,3.71348,3.00344,1.88861,5.77968,7.89546,5.54262,4.48954,3.6058,7.73829,15.3432,9.13049,10.4685,3.22937,4.29235,5.93236,2.93108,7.36779,3.74428,1.98407,0.9768,4.00619,4.74222,3.78952,3.72646,1.95857,1.91035,3.91525,10.6069,16.9031,4.186,206.408,90.0635,145.022,168.265,126.7,7.45494,15.3476
2024-09-20,7.29686,8.90873,8.35376,10.169,18.8941,4.04031,3.74545,3.00494,1.89157,5.75786,7.94636,5.67405,4.50725,3.58774,7.7184,15.3432,9.13049,10.5762,3.29162,4.31558,6.01385,2.94763,7.45052,3.75398,1.9853,0.978422,4.03084,4.81698,3.84351,3.7439,1.95516,1.9153,3.91703,10.7969,17.5863,4.16429,220.88,95.941,155.19,182.676,135.64,7.56084,15.5768
2024-09-27,7.43653,9.07256,8.4672,10.2704,19.3137,4.07745,3.81109,3.01602,1.88825,5.83804,8.03598,5.7125,4.48512,3.5525,7.7631,15.348,9.13049,10.5599,3.33466,4.39445,6.16092,2.96756,7.56962,3.82809,1.99135,0.978733,4.06474,4.91054,3.88293,3.77912,1.95516,1.96589,3.94524,10.9197,17.9003,4.19981,231.009,98.7656,162.306,187.114,136.314,7.60368,15.7381
2024-10-04,7.37506,9.05334,8.37962,10.2057,19.5522,4.05178,3.8357,3.02859,1.89412,5.89394,7.99163,5.61343,4.51431,3.62857,7.8777,15.5143,9.10303,10.7996,3.42811,4.37632,6.02955,2.94915,7.71287,3.78963,1.99979,0.978733,4.08368,4.93615,3.852,3.84342,1.94803,1.97908,4.0033,10.8685,18.0043,4.19925,236.866,101.182,166.421,190.819,138.262,7.62377,15.7565
2024-10-11,7.31782,9.02599,8.4655,10.2889,19.7173,4.08712,3.8335,2.99647,1.87286,6.02891,8.19071,5.65626,4.4797,3.56353,7.95057,15.2576,9.1552,11.2435,3.35211,4.44167,6.16486,2.93899,7.81151,3.81366,1.99482,0.982024,4.14894,4.98693,3.82091,3.90621,1.95915,2.04185,4.10312,11.0848,18.4625,4.30637,248.271,105.99,174.435,197.318,142.257,7.71159,15.9518
2024-10-18,7.26793,9.02116,8.39424,10.1959,19.8397,4.01276,3.90611,3.05606,1.89198,6.116,8.51504,5.62697,4.44806,3.53955,7.92502,15.3427,9.10848,11.1378,3.39751,4.35805,6.36439,2.96219,8.08415,3.84239,1.97136,0.975793,4.06903,5.01019,3.82718,3.94325,1.9575,2.02018,4.12997,11.1457,18.657,4.37704,253.637,107.481,178.205,199.694,143.154,7.77825,15.9877
2024-10-25,7.19225,8.93386,8.11471,9.92295,19.2161,3.9118,3.8411,3.01754,1.89256,5.99436,8.35408,5.60202,4.36684,3.49846,7.71491,15.2864,9.10431,11.2976,3.33249,4.27618,6.25643,2.90357,7.81281,3.79061,1.96297,0.971991,4.04682,4.95961,3.73203,3.88122,1.95891,1.98818,4.1017,10.8785,18.1013,4.35843,255.43,107.078,179.464,202.073,145.485,7.7044,16.0152
2024-11-01,7.18707,8.80101,8.13652,9.85661,18.9912,3.87312,3.81648,3.02279,1.90766,5.90183,8.263,5.49566,4.35849,3.48388,7.6953,14.9172,9.08584,10.8679,3.35634,4.28968,6.24842,2.81628,7.71074,3.69175,1.92317,0.963012,4.01768,4.93033,3.73296,3.79848,1.93685,1.91992,3.80837,10.8221,18.1617,4.30381,254.135,104.293,178.555,202.931,145.123,7.59796,15.7601
2024-11-08,7.52929,9.21807,8.59284,10.5404,19.6361,4.11853,4.06418,3.21332,2.02517,6.10033,8.61627,5.8169,4.60863,3.68349,8.21148,15.6316,9.45845,12.7357,3.53288,4.6634,6.69286,2.92249,8.17524,3.92398,2.02696,1.00051,4.30226,5.36384,3.9139,3.99138,2.03418,1.96086,3.97128,11.5664,19.6794,4.48451,314.439,123.354,220.924,248.799,178.639,7.9592,16.6237
2024-11-15,7.27539,8.95072,8.41421,10.3855,18.8789,4.05228,3.88631,3.10607,1.99981,5.92696,8.29876,5.84682,4.45439,3.56499,8.20495,15.4114,9.51912,13.2619,3.5621,4.81176,6.70738,2.90586,7.99107,3.81817,2.08109,0.97023,4.34726,5.37156,3.84222,3.90535,2.02715,1.95429,3.92338,11.3041,20.9752,4.53642,318.502,122.717,223.779,250.527,182.986,7.79368,16.0556
2024-11-22,7.60611,9.26206,8.71663,10.7145,20.4586,4.18611,3.97914,3.22005,2.06419,6.11183,8.56876,5.98055,4.53111,3.65944,8.53441,16.3255,9.71826,13.4349,3.6806,5.14043,7.04152,2.97739,8.11416,3.96444,2.11764,0.971099,4.39012,5.47039,3.91529,4.23589,2.07323,2.16153,4.02487,11.6847,22.3465,4.63857,352.295,132.419,247.522,279.272,203.446,7.92354,16.3537
2024-11-29,7.62637,9.28674,8.86252,10.8914,20.8422,4.25117,4.00837,3.22876,2.06211,6.17433,8.66837,6.09687,4.58098,3.70485,8.60095,16.6234,9.82425,13.7927,3.7061,4.99559,7.08408,3.02117,8.19218,3.98039,2.1612,0.983688,4.49362,5.49885,3.99896,4.20303,2.07906,2.1572,4.06651,11.8131,23.0006,4.66336,346.059,131.618,243.14,273.59,200.372,8.01721,16.4814
2024-12-06,7.64915,9.32556,8.90016,10.9811,20.7977,4.28621,3.968,3.19701,2.06014,6.09386,8.69943,6.08741,4.5378,3.67449,8.51724,16.8038,9.83573,14.3383,3.82072,5.07083,7.31452,2.98603,8.32369,4.02092,2.20417,0.9956,4.62605,5.40488,3.96045,4.2569,2.07788,2.14891,3.99119,11.6835,22.6848,4.57486,362.414,134.747,254.631,289.015,210.703,8.0872,17.0227
2024-12-13,7.54614,9.08911,8.72599,10.6705,20.3216,4.16532,3.87877,3.12469,2.0228,5.99096,8.57728,5.9441,4.47217,3.6458,8.24559,16.7107,9.72277,14.1016,3.76386,5.06363,7.36648,2.947,8.17771,3.86513,2.16009,0.988715,4.5309,5.39169,3.91981,4.17284,2.05505,2.08892,3.92697,11.6103,22.6472,4.45396,346.777,128.285,243.645,283.434,200.181,8.0393,17.1536
2024-12-20,7.23695,8.85415,8.33493,10.3053,19.4734,4.00139,3.75341,3.02064,1.96209,5.79525,8.4194,5.84528,4.42406,3.58049,8.03068,16.5441,9.90743,14.3153,3.66902,4.95065,7.19554,2.84963,7.93667,3.74421,2.17542,0.986461,4.47663,5.16892,3.78892,4.07125,2.01596,1.98699,3.85073,11.2395,21.8955,4.35564,328.192,123.5,230.587,276.189,196.543,7.89201,16.7698
2024-12-27,7.25229,8.899,8.32117,10.3318,19.5693,3.99852,3.75704,3.02606,1.9529,5.78581,8.38761,5.81533,4.40736,3.60185,7.97564,16.5128,10.0556,14.1607,3.6519,4.92853,7.25199,2.87548,7.96615,3.72538,2.18847,0.986461,4.53246,5.24313,3.77764,4.12112,2.02536,2.00048,3.80909,11.2912,22.1716,4.35072,321.896,122.15,226.163,271.485,193.815,7.94354,16.9232
2025-01-03,7.15345,8.79396,8.22142,10.2283,19.2804,3.96284,3.72656,3.00657,1.95695,5.73447,8.29179,5.81405,4.40382,3.57011,8.05528,16.5917,10.1786,14.2752,3.63371,4.89301,7.18627,2.85855,7.86959,3.6539,2.20551,0.986461,4.6268,5.20021,3.8458,4.21757,2.03976,2.04948,3.80597,11.0757,22.0467,4.38268,333.723,126.278,234.473,272.717,200.057,7.90269,16.7943
2025-01-10,7.10141,8.77685,8.31955,10.5268,19.5064,4.0646,3.637,2.985,1.95625,5.66145,8.14145,5.82797,4.32867,3.55859,7.97586,16.7312,10.3036,13.2183,3.52841,4.72084,7.14241,2.86351,7.64335,3.61338,2.18476,0.986461,4.68377,5.08959,3.75144,4.16296,2.03819,2.03341,3.73426,10.9235,21.7416,4.33353,326.465,125.964,229.373,263.592,191.853,7.74969,16.4254
2025-01-17,7.31375,9.06343,8.55895,10.8916,20.0093,4.20719,3.77187,3.14615,1.98537,5.93704,8.5472,5.96425,4.46771,3.70636,8.24437,17.7082,10.6342,13.7902,3.66439,4.87328,7.63652,3.01005,8.03318,3.74924,2.35,1.00111,4.92883,5.12732,3.84064,4.36741,2.07756,2.11567,3.87209,11.5357,22.5914,4.53477,357.93,136.1,251.48,281.329,209.843,7.97785,16.8966
2025-01-24,7.34625,9.08387,8.59456,10.9252,20.4775,4.21332,3.73079,3.1474,1.97998,5.92427,8.74483,6.01228,4.62337,3.79606,8.31151,17.6687,10.6342,14.5504,3.78578,4.94775,7.92977,3.08051,8.12597,3.83561,2.41304,0.999728,4.9293,5.28647,3.94543,4.38781,2.08649,2.13782,3.96448,11.8628,22.8319,4.62441,370.33,141.276,260.193,293.502,215.939,8.11656,17.1521
2025-01-31,7.47082,9.22052,8.6804,11.0135,20.2525,4.23705,3.85729,3.17692,2.00507,6.12281,8.83338,6.34506,4.7456,3.87322,8.59621,18.4393,11.6909,14.5267,3.63227,4.89641,7.40872,2.86084,8.06164,3.74861,2.48708,1.01319,5.2368,5.06002,3.90905,4.64084,2.26016,2.151,3.9428,11.4275,22.9192,4.46708,354.147,132.826,248.823,284.356,210.83,8.03445,16.9144
2025-02-07,7.52454,9.33243,8.63199,11.0954,20.0145,4.23411,3.91102,3.23772,2.02244,6.07297,8.82618,6.7916,4.66044,3.81422,8.5899,18.3088,11.5247,16.8194,3.79885,4.93623,7.4565,2.89451,8.08429,3.77242,2.63613,1.06632,5.12092,5.05054,3.98489,4.46669,2.23493,2.07666,3.93423,11.1422,23.0106,4.46342,374.895,138.358,263.4,304.326,222.07,8.02043,16.9348
2025-02-14,7.41779,9.1618,8.40324,10.9192,19.4098,4.16351,3.9188,3.27654,2.02434,6.03699,8.94876,6.48647,4.64825,3.79855,8.4955,18.0846,11.5588,17.3795,3.82207,5.00764,7.70865,2.93114,8.28251,3.84229,2.65085,1.05516,5.0203,5.17441,4.04472,4.34417,2.19301,2.06406,4.07105,11.3152,22.8019,4.64444,404.014,142.689,283.859,318.468,235.717,8.13965,17.4281
2025-02-21,7.19004,8.94117,8.14769,10.7258,18.9146,4.09833,3.74384,3.19254,2.03363,5.65627,8.62877,6.3343,4.35304,3.53108,8.44221,16.5674,10.5994,15.7263,3.64073,4.68044,7.41466,2.88937,7.85032,3.73214,2.52488,1.0115,4.68658,5.06452,3.91802,4.06412,2.08468,1.9714,4.06963,11.2347,22.5937,4.5044,347.741,127.899,244.322,272.965,208.749,8.00935,17.0372
2025-02-28,7.10749,8.9513,8.18631,10.8709,19.1774,3.97688,3.67745,3.26032,2.00122,5.61782,8.57848,6.29447,4.3228,3.50354,8.37278,16.0439,10.563,14.2008,3.62165,4.55881,7.40748,2.88779,7.75173,3.68209,2.40652,0.959524,4.55567,4.8882,3.95477,3.92994,2.04114,1.94309,4.19305,11.126,22.6662,4.5758,323.698,120.967,227.429,252.774,193.002,7.93246,16.4572
2025-03-07,6.97821,8.80337,7.93266,10.6719,19.3157,3.80347,3.65362,3.24363,2.02782,5.53625,8.50267,5.97891,4.22652,3.39816,8.1905,15.5673,10.3575,13.9134,3.54593,4.42465,7.34371,2.87319,7.33289,3.52088,2.32056,0.942987,4.40364,4.85247,3.80985,3.68662,2.00069,1.90821,4.05012,11.1854,22.2706,4.40687,299.885,111.06,210.699,229.778,181.862,7.68868,15.9267
2025-03-14,6.65656,8.38058,7.6223,10.4058,19.0807,3.60505,3.64578,3.14753,2.03701,5.55448,8.31552,5.80021,4.09198,3.34419,8.01431,15.4501,10.1164,14.1173,3.39328,4.18818,7.1435,2.77907,7.11854,3.41947,2.33777,0.959891,4.32234,4.76516,3.80331,3.59253,2.00256,1.89677,3.99292,11.0779,22.009,4.19887,301.285,110.965,211.682,230.839,180.632,7.51366,15.5339
2025-03-21,6.64439,8.40025,7.67341,10.4812,19.4026,3.61235,3.64995,3.15014,2.03355,5.57424,8.36457,5.88867,4.11835,3.36263,8.08009,15.5741,10.2326,14.5211,3.41541,4.22686,7.11063,2.80945,7.14705,3.41886,2.33917,0.960347,4.37806,4.79405,3.8654,3.72392,2.03261,1.97275,4.00319,11.1935,22.0953,4.25685,310.782,114.014,218.355,238.298,186.915,7.55193,15.5721
2025-03-28,6.68251,8.45906,7.56946,10.3971,19.4478,3.56892,3.62315,3.17782,2.02895,5.54301,8.40054,6.00256,4.03446,3.30372,8.04115,15.3252,10.1394,14.0259,3.3451,4.20309,7.12433,2.85167,7.22425,3.43983,2.29757,0.961703,4.45248,4.75237,3.95278,3.6013,2.05658,1.96204,3.86138,11.0379,21.3773,4.26078,293.297,109.282,206.07,219.146,175.331,7.44052,15.2093
2025-04-04,6.3258,8.02889,7.16597,9.92244,18.0669,3.36833,3.38128,3.17931,1.98486,4.75161,7.59968,5.68763,3.85645,3.16365,7.59274,14.0532,9.77524,12.625,3.07488,3.83947,6.67631,2.66328,6.92503,3.23129,1.94855,0.910428,4.12347,4.54495,3.8012,3.24578,1.97453,1.80689,3.57024,10.1602,19.1691,3.97991,243.554,92.9687,203.837,216.816,175.183,6.76591,13.7086
2025-04-11,6.49397,8.28459,7.47803,10.3638,18.8076,3.36722,3.36408,3.25634,1.9979,4.73283,7.56524,5.93618,3.93731,3.26883,7.93683,15.5412,10.8729,13.9798,3.04608,3.83421,6.56156,2.63186,6.94371,3.22507,2.18579,0.975706,4.63788,4.67962,3.98802,3.57932,2.08244,1.95983,3.61931,10.5741,19.5551,3.99535,282.053,103.106,203.837,216.816,175.183,7.14968,14.7377
2025-04-18,6.50896,8.28459,7.47803,10.3638,18.8852,3.36122,3.37165,3.25634,1.9979,4.75311,7.61298,5.95841,3.89087,3.21324,7.93683,15.5603,10.8845,14.3366,2.9731,3.75133,6.42615,2.60528,7.05089,3.22903,2.20791,0.992571,4.74424,4.54727,4.02008,3.58759,2.0859,1.94294,3.63346,10.478,19.4976,4.04998,279.482,102.705,203.837,216.816,175.183,7.04885,14.4037
2025-04-25,6.57146,8.36415,7.61856,10.5586,19.1236,3.41177,3.45308,3.32114,1.99986,4.80559,7.73206,6.00896,4.01107,3.35587,7.98698,15.8228,10.9636,15.9119,2.96025,3.67403,6.39083,2.51247,7.04759,3.21836,2.2298,0.99,4.88824,4.56703,3.98886,3.73073,2.0859,2.07548,3.84048,10.876,20.5731,4.07788,317.587,112.594,203.837,216.816,175.183,7.3733,15.3267
2025-05-02,6.59917,8.39941,7.73902,10.7255,19.5933,3.46571,3.46604,3.34898,1.99986,4.94626,7.7237,6.06762,4.04206,3.41936,8.0518,15.9512,10.9636,16.9927,3.01121,3.733,6.52395,2.5575,7.11274,3.241,2.22548,0.987097,4.90848,4.68267,4.03378,3.84608,2.10127,2.18361,3.85678,11.2668,20.9755,4.12777,328.333,116.133,203.837,216.816,175.183,7.58915,15.8544
2025-05-09,6.60203,8.40305,7.72095,10.7005,19.5983,3.45762,3.50702,3.37934,1.99663,5.00203,7.78524,6.07242,4.00542,3.39523,8.0216,16.0982,11.0922,16.4516,3.00584,3.74577,6.51481,2.56189,7.11246,3.22997,2.25155,1.00072,4.87757,4.68532,4.05669,3.96602,2.11705,2.17407,3.87287,11.4126,20.6697,4.12735,336.518,118.146,203.837,216.816,175.183,7.55675,15.8265
2025-05-16,6.67763,8.49927,7.83423,10.843,19.593,3.48059,3.54733,3.4273,2.02747,4.98743,8.00053,6.17127,4.17751,3.50987,8.05205,16.7454,11.1437,17.5927,3.08482,3.75071,6.66943,2.55484,7.44928,3.37164,2.31546,1.0273,5.12005,5.04763,4.09452,4.16457,2.15213,2.31106,4.15238,12.2759,21.6948,4.23047,363.689,125.634,203.837,216.816,175.183,7.95659,16.9144
2025-05-23,6.65638,8.47223,7.63774,10.5729,18.9467,3.4097,3.50009,3.3941,2.02978,4.92755,7.99168,6.19375,4.05746,3.425,7.9872,16.6093,11.1437,17.0859,2.92366,3.65054,6.3466,2.50662,7.42256,3.37698,2.27712,1.0273,5.01995,4.91489,4.01109,4.10469,2.12243,2.26474,3.96068,11.8932,20.8132,4.14108,355.219,123.469,203.837,216.816,175.183,7.75452,16.5164
2025-05-30,6.8589,8.73521,7.88454,10.9131,19.1705,3.50497,3.58462,3.43915,2.03751,5.02182,8.17056,6.21174,4.08729,3.40044,8.29417,16.4741,11.0304,17.7975,2.93047,3.69975,6.38705,2.5224,7.61922,3.45944,2.3165,1.0273,5.11823,4.94127,4.05925,4.02114,2.11248,2.2652,4.04087,11.9939,20.8803,4.1986,365.945,126.025,203.837,216.816,175.183,7.89218,16.8365
2025-06-06,6.83435,8.70297,8.10908,11.2221,19.9387,3.60456,3.64978,3.4552,2.02945,5.26815,8.22028,6.23328,4.09841,3.47747,8.26377,16.743,11.0437,17.5597,2.94456,3.67188,6.4146,2.52922,7.69621,3.47902,2.33231,1.0286,5.17048,5.00888,4.0143,4.12432,2.12126,2.42272,4.12489,12.2813,20.9383,4.20149,380.087,129.322,211.851,221.741,183.265,8.02274,17.1871
2025-06-13,6.80988,8.71857,8.05236,11.1738,19.929,3.58906,3.56091,3.42015,2.03047,5.18958,8.17148,6.14339,4.06559,3.43625,8.29356,16.8052,11.0517,18.2042,2.87728,3.67724,6.31891,2.4696,7.70038,3.41219,2.34528,1.03195,5.15759,4.98078,3.93381,4.10533,2.10572,2.3836,4.1834,12.1253,20.7174,4.17424,371.04,127.215,206.808,221.331,181.102,7.99408,17.0911
2025-06-20,6.71737,8.65727,8.15067,11.3606,20.0991,3.64907,3.61656,3.44057,2.02902,5.30364,8.28687,6.18597,4.0881,3.43922,8.22839,16.8206,10.9595,18.1596,2.85848,3.69885,6.53501,2.4624,7.87822,3.43067,2.36303,1.03422,5.15586,5.016,3.90309,4.15916,2.10913,2.41007,4.14214,12.1363,20.9187,4.14932,378,128.855,210.688,224.701,183.792,7.98118,17.0869
2025-06-27,6.83765,8.86942,8.23093,11.6082,20.9314,3.72858,3.65325,3.48518,2.03477,5.36842,8.45159,6.44952,4.11828,3.45836,8.38166,17.3678,11.0512,17.829,2.88841,3.76924,6.77727,2.49086,8.00447,3.52275,2.39483,1.03944,5.32944,4.94514,3.9788,4.23895,2.14055,2.54015,4.36826,12.2543,21.5204,4.332,385.575,132.964,214.91,232.773,188.941,8.25824,17.7964
2025-07-04,6.86642,8.90668,8.40946,11.9106,21.5908,3.82572,3.70686,3.48958,2.04991,5.51371,8.64981,6.51752,4.18191,3.55231,8.57524,17.4313,11.0512,18.0168,2.90287,3.77856,6.76836,2.5563,8.41462,3.66573,2.4013,1.03944,5.32865,5.02773,4.08819,4.3214,2.13835,2.57547,4.47562,12.6402,21.7764,4.48502,401.068,136.279,223.546,238.227,196.582,8.39832,18.0604
2025-07-11,6.81266,8.84983,8.20288,11.6816,21.3657,3.75686,3.68103,3.46399,2.05484,5.4908,8.59283,6.37246,4.12989,3.50638,8.39873,17.1397,11.0512,18.45,2.89284,3.7571,6.75561,2.60077,8.33377,3.62375,2.40329,1.03944,5.28763,4.99962,4.01303,4.35023,2.13903,2.52093,4.48691,12.5865,21.6452,4.39883,406.891,135.839,226.791,236.204,199.291,8.37522,17.9948
2025-07-18,6.92641,9.00649,8.21622,11.7777,21.6043,3.78907,3.74958,3.46537,2.04244,5.46583,8.64715,6.39756,4.1258,3.49375,8.58231,17.3793,11.0641,19.3761,2.86682,3.78723,6.84327,2.56956,8.33326,3.74412,2.42926,1.04222,5.33419,4.96337,4.02106,4.47748,2.13249,2.55274,4.58199,12.5237,21.8034,4.43192,426.736,141.218,237.852,240.325,208.121,8.4284,18.224
2025-07-25,6.96606,9.03599,8.23557,11.7284,21.9113,3.79485,3.80611,3.51148,2.06289,5.74093,8.89282,6.32345,4.09784,3.427,8.53566,17.3486,11.0732,19.8199,2.91956,3.85255,6.90967,2.59946,8.36032,3.78331,2.4404,1.04062,5.34152,5.09527,4.08215,4.43337,2.12076,2.56217,4.68168,12.8155,21.81,4.48063,430.229,141.401,239.799,240.731,214.948,8.55626,18.3899
2025-08-01,6.78273,8.78553,7.87188,11.4497,21.2215,3.67784,3.84886,3.51535,2.04436,5.66395,8.70002,6.27225,4.07781,3.40178,8.61816,16.6187,10.9994,19.4126,2.8677,3.761,6.75926,2.47675,8.1708,3.66527,2.41872,1.04683,5.21112,4.9094,3.96218,4.2526,2.08208,2.40663,4.56118,12.8024,20.9965,4.37542,430.478,143.365,239.938,239.605,216.879,8.3497,17.9844
2025-08-08,6.59029,8.60856,7.60875,11.5393,21.3033,3.68364,3.96015,3.58183,2.06858,5.76904,8.77569,6.32931,4.12376,3.44791,8.39405,16.4921,10.9417,22.2383,2.93753,3.87698,6.84395,2.51564,8.06944,3.71697,2.44177,1.06163,5.24976,5.00963,4.10894,4.29534,2.06728,2.3917,4.6002,13.0792,21.1257,4.4039,467.789,150.834,260.734,243.885,216.232,8.55733,18.6556
2025-08-15,6.68268,8.73578,7.75178,11.7281,21.8033,3.77842,4.02577,3.57607,2.08043,5.90218,8.80507,6.53485,4.13695,3.48297,8.44713,16.7417,11.0961,21.486,2.90891,3.79974,6.7447,2.49728,8.07663,3.74467,2.45423,1.06789,5.3596,5.16279,4.14188,4.32766,2.10175,2.50789,4.58079,13.3975,21.2296,4.4456,457.431,147.15,254.961,239.934,223.268,8.6414,18.7461
2025-08-22,6.79835,8.88828,7.88228,11.9431,22.5248,3.84137,4.11067,3.57728,2.10764,6.06254,8.78357,6.46354,4.20207,3.54107,8.66032,16.9433,11.1535,20.0696,2.88634,3.79255,6.76685,2.51853,8.13108,3.75446,2.49474,1.06839,5.49622,5.21359,4.17965,4.40544,2.08894,2.56335,4.66381,13.7413,21.6057,4.47914,441.757,144.201,246.225,233.766,224.681,8.66652,18.5718
2025-08-29,6.73364,8.81585,7.76816,11.8194,22.2957,3.79967,4.072,3.58544,2.10739,6.08811,8.7533,6.48287,4.22227,3.56388,8.74701,16.9743,11.1331,19.8212,2.89129,3.83287,6.7954,2.49563,8.11056,3.81673,2.50094,1.0716,5.45784,5.22771,4.16609,4.41166,2.09362,2.54011,4.73066,13.5489,21.8589,4.49059,442.533,144.851,246.657,229.973,228.409,8.66302,18.5208
2025-09-05,6.674,8.78772,7.78868,11.8291,22.2852,3.82096,4.06074,3.55491,2.10866,6.10069,8.62189,6.45559,4.25117,3.56711,8.78279,17.2004,11.1362,19.5739,2.84147,3.8807,6.93485,2.48473,8.18104,3.84246,2.61974,1.08008,5.63164,5.30064,4.19615,4.4825,2.1023,2.56731,4.75468,13.8322,22.0154,4.48979,447.437,146.376,249.391,236.11,237.562,8.69244,18.7046
2025-09-12,6.82947,8.96316,7.90804,12.0093,22.6185,3.83794,4.03752,3.55963,2.09974,6.0702,8.73112,6.59055,4.39224,3.69177,8.94882,17.6197,11.1792,21.0993,2.88269,3.91893,6.99909,2.50141,8.20314,3.93876,2.7536,1.08204,5.67009,5.4636,4.16972,4.61709,2.09609,2.64876,4.75881,13.5359,21.5835,4.58415,486.501,156.273,271.164,256.886,254.529,8.82902,19.0488
2025-09-19,6.80645,8.91111,8.09118,12.1334,23.0491,3.89986,4.1273,3.55758,2.10699,6.10702,8.76782,6.53002,4.443,3.71475,8.91475,17.9977,11.0896,21.9647,2.95115,4.01539,7.28552,2.51072,8.41891,4.02748,2.77116,1.08199,5.72041,5.47864,4.21266,4.74988,2.10825,2.7354,4.69564,13.7805,21.3619,4.57972,526.276,164.741,293.333,276.216,269.494,8.93821,19.4608
2025-09-26,6.79521,8.86878,8.07934,12.1092,22.804,3.8835,4.04555,3.5778,2.10908,6.04944,8.85081,6.64323,4.42645,3.70567,8.91868,18.2432,11.2398,21.593,3.01037,4.02095,7.24756,2.49311,8.38246,3.93164,2.80842,1.09009,5.77817,5.55186,4.24089,4.77475,2.1139,2.69287,4.80471,13.8391,21.4386,4.50176,496.287,157.468,276.618,266.91,256.605,8.91289,19.3735
2025-10-03,6.85364,8.91125,7.94291,12.0774,22.8219,3.92437,4.06754,3.61012,2.13804,5.95277,8.92452,6.59991,4.50004,3.70165,8.97699,18.4407,11.3084,21.3339,3.14477,4.26646,7.29437,2.479,8.69647,3.93688,2.9835,1.12009,5.87711,5.75873,4.39034,4.82749,2.15363,2.76037,4.87665,14.1335,21.8918,4.51631,521.267,163.204,290.542,289.923,280.81,9.01241,19.6079
2025-10-10,6.65773,8.6367,7.60122,11.608,22.0155,3.78004,3.91035,3.49769,2.1023,5.68358,8.62572,6.51533,4.35229,3.58564,8.77085,17.815,11.1945,21.5688,3.05811,4.15964,7.12212,2.37989,8.40304,3.79066,2.9835,1.12009,5.87405,5.56173,4.23943,4.70202,2.14017,2.67405,4.63224,13.7586,20.6415,4.35871,490.726,155.686,273.519,270.105,261.826,8.79438,19.1632
2025-10-17,6.87671,9.05209,7.9388,12.1399,22.842,3.91845,3.9619,3.52301,2.12426,5.70453,8.79181,6.65766,4.41247,3.66524,9.08461,18.775,11.7421,21.9207,3.19292,4.31458,7.38796,2.37985,8.58466,3.7997,2.96801,1.11975,5.92689,5.61919,4.33335,4.71236,2.13178,2.68377,4.73339,13.9236,20.6966,4.40015,512.884,158.983,285.869,286.568,285.211,8.9475,19.6323
2025-10-24,7.21933,9.4903,8.10923,12.4598,23.52,4.04466,4.01773,3.61819,2.22892,5.91007,9.06918,6.81888,4.51076,3.73645,9.23968,19.4633,12.2257,22.5803,3.25568,4.37051,7.45259,2.32539,8.86213,3.78581,2.96975,1.12841,6.14304,5.67603,4.39782,4.92008,2.22732,2.81523,4.76731,14.0326,21.0267,4.50637,529.775,165.949,295.284,303.339,305.846,9.12069,20.0604
2025-10-31,7.07226,9.28062,7.95128,12.2781,22.9621,3.94734,3.89957,3.51999,2.22912,5.97694,9.2247,6.72005,4.52567,3.67061,9.1577,19.5356,12.337,23.862,3.19864,4.36171,7.32926,2.36143,8.83402,3.72711,2.92594,1.12554,6.18347,5.61275,4.21256,4.93865,2.25486,2.80898,4.73862,13.4815,21.4431,4.45122,550.092,167.528,306.608,325.332,330.802,9.18546,20.4495
2025-11-07,6.86363,9.14849,7.74235,12.1577,22.3007,3.83361,3.78853,3.51381,2.22961,6.06025,9.11075,6.80763,4.32011,3.41399,8.94471,18.582,12.1634,21.9925,3.22662,4.35543,7.31205,2.37254,8.79501,3.67724,2.89439,1.12877,6.01456,5.49958,4.21259,4.66469,2.19633,2.72298,4.68599,13.1583,21.3704,4.40437,548.689,165.52,305.826,337.914,344.133,9.03611,19.8211
2025-11-14,6.89152,9.15426,7.71119,12.1353,21.8076,3.86333,3.91258,3.57757,2.22354,5.91888,9.03586,6.8522,4.20467,3.34828,8.74247,18.7438,12.8333,21.5625,3.08394,4.293,7.05386,2.36785,8.67187,3.69363,2.77725,1.1319,6.11986,5.55259,4.18236,4.81692,2.23675,2.83052,4.561,13.1663,20.8593,4.23718,515.043,158.06,287.072,326.599,328.089,9.04904,19.7925
2025-11-21,6.79329,9.11427,7.50514,11.7888,21.4443,3.80461,3.95152,3.50586,2.18754,5.88161,8.87585,6.59259,4.09504,3.29047,8.53954,18.2615,12.7075,20.0212,3.09884,4.33655,6.73228,2.38891,8.5805,3.64274,2.6389,1.09289,5.88658,5.56681,4.15636,4.54737,2.20295,2.71522,4.51881,13.1906,20.1121,4.17799,487.033,151.149,271.46,293.636,301.19,8.87531,19.1817
2025-11-28,7.10358,9.35114,7.86727,12.1162,22.1042,3.93307,3.97277,3.52467,2.20253,5.95323,9.20215,7.01198,4.18984,3.33198,8.65562,19.0384,13.1778,21.4248,3.17907,4.43062,6.89841,2.4631,8.9659,3.74118,2.71283,1.10139,6.10708,5.81006,4.27552,4.74411,2.32186,2.79825,4.70574,13.6355,21.4022,4.29849,563.455,170.908,314.056,340.203,349.92,9.20338,20.1303
2025-12-05,6.93311,9.12658,7.64213,11.7695,21.6456,3.81644,3.9022,3.47445,2.18433,5.90889,9.11751,6.79755,4.10609,3.34141,8.39292,19.1352,13.3515,22.2032,3.15627,4.31128,6.84497,2.45616,8.97179,3.69914,2.74095,1.101,6.15271,5.67617,4.3334,4.82868,2.34515,2.87412,4.7475,13.4069,21.4015,4.29035,584.203,175.402,325.62,350.669,353.283,9.23435,20.3328
2025-12-12,6.97521,9.19932,7.69035,11.8654,21.5801,3.828,3.898,3.48467,2.19416,5.92351,9.18919,6.86697,4.12772,3.38558,8.5084,19.1124,13.3354,22.3147,3.24724,4.27789,6.75732,2.44814,9.01863,3.66716,2.75418,1.09575,6.14754,5.6603,4.19027,4.73725,2.32168,2.79026,4.82945,13.6246,21.2706,4.27773,590.683,176.353,329.232,357.429,347.155,9.18142,19.9472
2025-12-19,6.9326,9.19853,7.71234,11.9057,21.6771,3.84474,3.88207,3.43774,2.17581,6.01503,8.9802,6.83587,4.0455,3.34805,8.6354,19.0942,13.2732,23.1824,3.20064,4.24792,6.78954,2.43322,9.15925,3.70127,2.75189,1.09524,6.07592,5.57286,4.14679,4.78497,2.35012,2.7455,4.84692,13.4578,21.5083,4.19032,605.38,180.966,337.424,375.049,366.871,9.19275,20.0587
2025-12-26,7.01784,9.30483,7.83919,12.0642,22.0792,3.88095,3.91755,3.44061,2.18117,6.07233,9.00061,6.9061,4.01836,3.33365,8.75245,19.3526,13.4893,22.895,3.20693,4.26341,6.92187,2.44722,9.24724,3.75059,2.77064,1.09855,6.17459,5.59545,4.13915,4.83626,2.41676,2.75596,4.8827,13.6844,21.7844,4.25521,613.035,184.61,341.691,385.524,377.359,9.32404,20.3072
2026-01-02,6.97538,9.24058,7.80643,11.9843,22.0216,3.86225,3.88895,3.3965,2.15241,6.1982,8.89019,6.92252,3.95754,3.28869,8.6931,19.187,13.5153,21.2582,3.21209,4.19988,6.88123,2.43116,9.19351,3.72927,2.8545,1.09707,6.33583,5.58056,4.03793,4.80339,2.41676,2.73992,4.82596,13.6104,21.7068,4.21825,629.758,186.285,351.012,396.611,388.963,9.2276,19.9567
2026-01-09,7.20796,9.54375,7.87598,12.1419,22.7478,3.91496,3.94838,3.43782,2.19223,6.41032,9.03754,7.09768,4.03393,3.34189,8.96337,20.1756,13.9514,21.7913,3.44377,4.36226,7.13842,2.46551,9.32184,3.76385,2.91487,1.09305,6.3041,5.72491,4.15696,4.90835,2.4643,2.80847,4.96587,13.6757,21.9872,4.33878,667.531,196.14,372.065,433.947,412.078,9.37483,20.3971
2026-01-16,7.27391,9.56026,7.94506,12.1611,22.7943,3.9119,3.92123,3.42924,2.19488,6.43526,9.16186,6.96304,4.08375,3.39339,8.98416,19.909,13.9149,21.2981,3.55037,4.53696,7.59044,2.486,9.38278,3.82691,3.03709,1.09713,6.3481,5.85536,4.17404,4.8782,2.53229,2.79683,5.02068,13.7533,22.1701,4.35903,700.946,203.288,390.69,452.128,429.901,9.34227,20.2216
2026-01-23,7.23796,9.46156,7.83372,12.239,22.9155,3.92517,3.87798,3.4098,2.198,6.43173,9.15646,6.83998,4.04718,3.3713,8.97077,19.7743,14.0405,21.1162,3.67674,4.51716,7.74834,2.49785,9.32287,3.82314,2.98978,1.08115,6.33474,5.98195,4.15683,4.75018,2.50559,2.78444,4.92954,13.7799,22.3343,4.31122,720.711,204.064,401.707,473.768,454.356,9.30945,20.2691
2026-01-30,7.10507,9.20128,7.80096,12.1605,22.8235,3.99821,3.95988,3.46881,2.22521,6.58075,9.27146,6.7998,4.01816,3.3672,8.80457,19.2683,13.901,19.1173,3.74246,4.62587,8.11651,2.47319,9.3955,3.81035,2.98539,1.08624,6.47187,5.87826,4.09576,4.82435,2.49501,2.77478,4.80268,13.8006,22.2576,4.21297,743.097,204.841,414.184,496.969,482.146,9.34646,20.2415
2026-02-06,7.22627,9.34656,8.17982,12.1696,22.4495,4.10953,3.96161,3.45055,2.21818,6.59251,9.63038,6.92764,4.2509,3.51883,8.50677,19.436,14.0505,18.4754,3.99694,4.84352,8.52863,2.6604,9.65023,3.97423,3.04099,1.08757,6.7479,6.17151,4.11913,5.01733,2.51545,2.69579,4.74979,13.9635,23.6726,4.29381,773.856,209.449,431.328,527.164,496.416,9.32823,19.8437
2026-02-13,7.17665,9.22288,7.96413,11.7274,21.5859,3.95857,3.92555,3.48255,2.20187,6.56487,9.7308,6.69217,4.13957,3.4037,8.16953,19.7002,13.9165,18.264,4.1039,4.95606,8.77672,2.58924,9.53239,4.02669,3.12586,1.08839,6.95519,5.99599,4.08403,5.04944,2.63372,2.80444,4.7136,13.6874,23.7785,4.33176,793.192,213.305,442.106,536.581,510.659,9.20842,19.5921
2026-02-20,7.28018,9.36807,8.11717,11.9914,22.0832,4.0381,3.97094,3.51338,2.21815,6.8173,9.85902,6.87841,4.20157,3.4436,8.33057,19.9063,14.1073,18.698,4.36772,5.17858,9.04094,2.62531,9.71742,4.08642,3.24734,1.11566,7.03856,6.06225,4.13505,5.24052,2.73416,2.92212,4.66177,14.0097,23.5017,4.22566,827.221,221.379,461.073,561.455,533.228,9.31215,19.8164
2026-02-27,7.41402,9.44224,8.17645,12.1827,21.7766,4.1086,3.9964,3.63683,2.20451,6.78512,9.95139,6.87394,4.31239,3.50191,8.34925,20.2558,14.1768,18.5785,4.41176,5.20446,8.96607,2.64251,9.77765,4.12407,3.35776,1.12322,7.18259,6.05822,4.21989,5.27411,2.7368,2.93667,4.65918,14.0294,24.1588,4.19492,842.205,226.063,469.424,571.241,553.197,9.26569,19.7669
2026-03-06,7.05007,8.92787,7.67794,11.423,20.3893,3.84522,3.8422,3.49073,2.11412,6.45109,9.6182,6.69812,4.13229,3.32577,7.85903,19.2819,13.5482,18.7975,4.01509,4.6463,8.09445,2.52738,9.39825,3.8276,3.13623,1.05824,6.70074,5.86647,3.92911,4.97799,2.57338,2.78997,4.53717,13.5763,24.1869,3.93687,738.538,200.522,411.643,491.47,483.39,9.08186,19.5215
2026-03-13,6.9751,8.69322,7.42307,11.2538,19.97,3.77101,3.78506,3.43135,2.06289,6.31684,9.43594,6.39418,4.19462,3.49352,7.65621,19.4968,14.0711,18.8112,3.91159,4.57657,7.856,2.58592,9.50832,3.74234,3.03721,1.08506,6.69405,5.87021,3.85013,5.11357,2.75747,2.81549,4.4249,13.0022,23.6995,3.90575,814.306,212.887,453.874,547.939,526.499,8.94557,19.3252
2026-03-20,6.81985,8.62587,7.09696,10.6334,19.4832,3.56482,3.77863,3.44117,2.12054,6.2439,9.3129,6.34748,4.20785,3.46834,7.48808,19.7005,14.1242,18.5077,3.78477,4.42674,7.71526,2.58727,9.48289,3.70035,2.96903,1.05894,6.55671,5.61514,3.81687,5.29698,2.85673,2.79275,4.19635,12.4969,23.06,3.73966,842.515,218.536,469.597,579.564,546.909,8.78418,18.9457
2026-03-27,6.73482,8.47179,7.06965,10.4331,18.8733,3.53774,3.78738,3.45211,2.10754,6.31346,9.35683,6.45593,4.25141,3.55586,7.4558,19.1097,13.7864,18.6495,3.68358,4.34788,7.79384,2.6681,9.86399,3.74276,3.00356,1.05936,6.41447,5.70465,3.74676,5.06711,2.76903,2.69269,4.11302,12.3716,22.6938,3.89087,806.846,213.836,449.716,544.401,528.935,8.58806,18.3347
2026-04-03,6.86076,8.59981,7.15508,10.5548,19.2275,3.47275,3.86328,3.56611,2.13383,6.45345,9.51933,6.63084,4.40906,3.67892,7.60876,19.3239,14.1199,18.7892,3.76152,4.44601,7.9214,2.70546,9.79007,3.7179,3.00432,1.05884,6.41834,5.67539,3.73453,5.3169,2.96414,2.77069,4.20702,12.741,23.4345,3.92278,884.931,227.801,462.77,555.242,533.327,8.88251,19.0647
2026-04-10,6.7674,8.48074,7.01955,10.2349,18.5036,3.3639,3.90356,3.59237,2.13383,6.55159,9.79116,6.62338,4.56259,3.83076,7.56388,19.4452,14.202,18.7209,3.94359,4.50879,8.23245,2.83079,9.59912,3.67908,3.32948,1.21358,6.18657,5.74694,3.73234,5.24816,3.0756,2.71916,4.28661,12.9026,23.6456,4.06854,1010.91,258.016,462.77,555.242,533.327,9.20255,19.915
2026-04-17,6.65436,8.36858,6.86423,9.93607,19.0621,3.30941,3.93047,3.54793,2.12209,6.741,9.69292,6.62048,4.64264,3.89383,7.41487,19.4247,14.2336,18.8093,4.12163,4.64308,8.51917,2.90521,9.78332,3.79977,3.32168,1.20603,6.02751,5.90262,3.83701,5.27486,3.08044,2.95976,4.36108,13.3762,24.7978,4.11924,1092.56,270.945,462.77,555.242,533.327,9.61808,21.1463
2026-04-24,6.48327,8.07765,6.6326,9.64244,18.7114,3.1719,3.79554,3.4009,2.06605,6.63472,9.53455,6.67147,4.58778,3.85766,7.12513,19.8643,14.3627,19.0768,4.30745,4.94827,8.77762,3.04871,10.2631,4.18369,3.45381,1.24962,6.35133,5.81419,3.72946,5.28675,3.08901,2.96754,4.26395,13.2027,24.4403,4.04836,1134.75,283.399,462.77,555.242,533.327,9.66955,21.6361
2026-05-01,6.50795,8.10624,6.62259,9.65283,18.249,3.17052,3.69659,3.37096,2.07433,6.72999,9.46913,6.93088,4.73283,3.97104,7.139,19.9442,14.4315,19.0575,4.38147,5.12826,9.02232,3.06163,10.2895,4.2578,3.60451,1.27605,6.38367,5.68238,3.7297,5.48232,3.13609,2.96267,4.3144,13.0287,24.2521,4.08068,1260.77,291.192,483.603,578.795,541.951,9.76043,21.9708
2026-05-08,6.39225,7.96238,6.4994,9.38388,18.1182,3.09444,3.58175,3.33754,2.06466,6.73886,9.562,7.01139,4.81292,3.94648,7.05943,20.1481,14.6299,19.3706,4.6874,5.69393,9.54777,3.1974,10.4329,4.69178,3.90017,1.36321,6.56702,5.95429,3.81306,5.80513,3.23556,3.01052,4.30089,13.1877,24.3522,4.10069,1371.6,310.39,526.117,638.704,586.965,9.99027,23.1793
2026-05-15,6.34909,7.82968,6.41187,9.19392,17.5278,3.01283,3.5901,3.29311,2.04486,6.67672,9.92342,6.98255,4.70511,3.89295,6.90195,20.5818,14.8926,19.1951,4.76011,5.68241,9.24553,3.20791,10.2172,4.56139,4.02101,1.37391,6.48497,5.91363,3.84289,5.67675,3.23654,2.93076,4.20456,13.206,24.104,4.12864,1388.43,314.059,532.571,635.593,583.812,10.0113,23.1043
2026-05-22,6.60022,8.12596,6.60518,9.42931,18.3988,3.12634,3.67074,3.39495,2.10623,6.7771,10.1933,7.15195,4.78325,3.98144,7.1948,20.471,15.7968,19.9847,4.66775,5.50072,9.53446,3.16261,10.2585,4.60098,4.04877,1.37743,6.6829,6.00304,3.92224,6.02329,3.41699,3.04964,4.24073,13.5166,24.8613,4.11917,1414.01,314.032,542.385,650.661,630.3,10.0989,23.3849
2026-05-29,6.55124,8.05496,6.54395,9.36948,18.2864,3.09226,3.56225,3.39371,2.08384,6.76571,10.0843,7.05595,4.674,3.87663,7.14652,20.3801,15.8457,21.5431,4.55537,5.57843,10.0332,3.17821,10.0893,4.75071,4.20891,1.39284,6.77196,6.37705,3.98881,6.14493,3.42437,3.1721,4.28052,13.4607,26.205,4.06091,1500.49,322.438,575.556,688.584,675.402,10.2457,24.0618
2026-06-05,6.59586,8.17946,6.56124,9.46065,18.4549,3.09977,3.58617,3.54465,2.1517,6.7514,10.3502,7.1401,4.68435,3.83425,7.2586,20.7711,15.4081,22.0822,4.50371,5.30934,10.2544,3.06739,10.2783,4.65986,3.84526,1.3326,6.50328,5.96229,3.92137,5.86835,3.34761,3.05283,4.33497,13.4954,25.8586,4.06082,1409.11,312.548,540.505,651.449,654.837,9.98932,22.9782
2026-06-12,6.77553,8.3505,6.55107,9.49926,18.6921,3.18579,3.59772,3.51277,2.19475,6.81725,10.4353,7.35619,4.7707,3.88497,7.42249,20.4964,14.8993,22.002,4.52218,5.33838,11.1405,3.09347,10.5834,4.69976,3.87105,1.3662,6.59776,6.17015,4.02137,5.97501,3.36396,3.14898,4.39506,13.3156,25.9218,4.11948,1524.23,339.183,584.662,710.642,716.68,10.0462,23.5088
2026-06-19,6.68274,8.2658,6.32406,9.21367,17.7219,3.0985,3.47618,3.4642,2.18632,6.69375,10.3279,7.12786,4.6039,3.72353,7.25076,20.6515,15.1135,21.6393,4.54826,5.36137,11.5175,3.05314,10.7304,4.68025,3.75258,1.33408,6.44176,6.23196,3.93794,6.13323,3.48319,3.20385,4.33365,13.2578,25.1494,4.11448,1667.5,363.466,639.618,782.97,789.663,10.1398,24.1371
2026-06-26,6.54222,8.08275,6.30199,8.98707,17.4308,3.01828,3.34108,3.4321,2.17135,6.54177,10.1267,7.0405,4.66289,3.6869,7.11656,19.8178,14.6126,21.4965,4.54253,5.32667,11.0329,3.09695,10.347,4.63751,3.57813,1.29356,6.61408,6.03492,4.04207,6.05622,3.35419,3.00846,4.54674,13.5727,26.471,4.25503,1526.78,341.597,585.642,719.474,719.272,9.89882,23.0511
2026-07-03,6.59853,7.98735,6.21486,8.90834,17.2201,3.00728,3.38187,3.5059,2.21138,6.61407,10.3603,6.90823,4.67446,3.74118,7.02914,19.2417,14.2259,21.4844,4.50226,5.34315,10.3507,3.10517,10.3202,4.76657,3.66124,1.33718,6.01254,6.12913,4.15202,6.04861,3.05937,3.03805,4.51831,14.0258,27.1209,4.11776,1388.84,318.099,532.73,654.666,679.256,10.1132,23.2495
2026-07-10,6.7644,8.17263,6.36661,9.09863,17.6873,3.00854,3.39597,3.65379,2.24606,6.67006,10.6066,7.39777,4.64774,3.72214,7.16151,19.7421,13.9179,22.4478,4.39493,5.16539,10.5459,3.08634,10.0707,4.63804,3.87452,1.38414,5.86807,5.97132,4.0762,6.07214,3.00343,2.96724,4.43117,14.1645,27.442,4.14505,1417.79,322.647,543.835,672.749,698.017,10.2513,23.6707
2026-07-17,6.94618,8.48732,6.54985,9.2273,17.7799,3.02718,3.27179,3.6079,2.27088,6.38478,10.5711,7.24782,4.59136,3.69295,7.22303,18.5833,13.2211,21.8966,4.40671,5.19221,10.585,2.93942,9.59933,4.53319,3.59665,1.31504,5.29192,5.95339,4.05269,5.76082,2.93938,2.89713,4.28538,13.9039,27.1132,4.05186,1216.15,281.669,466.488,567.817,589.145,10.093,22.686
2026-07-24,7.13784,8.76246,6.73094,9.46192,18.3246,3.10814,3.26486,3.51334,2.28436,6.50937,10.4183,7.48238,4.55517,3.6171,7.50641,19.2054,13.6195,22.4051,4.36378,5.09436,10.6398,2.9493,9.6734,4.45969,3.56146,1.32725,5.55525,5.91174,4.08091,6.04164,3.13249,2.88417,4.2885,13.7285,26.7511,4.06083,1249.48,287.427,479.275,587.369,609.431,10.0338,22.3238
2026-07-31,7.56694,9.29705,6.86026,9.59945,18.5884,3.05079,3.27859,3.67114,2.44081,6.81003,10.0207,7.41853,4.54756,3.59427,7.51186,21.434,14.9156,22.0893,4.31954,5.06276,10.5826,2.92276,9.55743,4.41325,3.60386,1.3507,5.53228,5.85469,4.11696,5.76758,2.97818,3.05403,4.35322,13.7843,26.0979,3.93757,1221.15,276.038,468.409,562.98,584.125,10.1438,22.4465
2026-08-07,7.41464,9.1566,7.12885,9.78816,19.2512,3.13932,3.27234,3.729,2.4537,7.03554,10.6097,7.54457,4.64465,3.70501,7.54952,22.6307,15.2006,23.1341,4.31139,4.96012,10.4544,2.88967,9.7784,4.39565,3.55021,1.37055,5.59749,6.03672,4.25446,5.75887,2.97194,3.22626,4.34574,13.7087,26.5235,3.99105,1276.78,298.632,489.747,597.433,587.344,10.5,23.5897
2026-08-14,7.4532,9.20932,7.26237,9.86331,19.8601,3.21361,3.37323,3.7682,2.4539,7.21964,10.9045,7.70709,4.92343,3.89536,7.5954,24.0822,15.899,24.1308,4.44709,4.99638,10.7652,2.86961,9.8628,4.43939,3.58708,1.38062,5.68692,6.04281,4.30882,6.11606,3.10415,3.29105,4.36523,14.0749,26.8356,4.0106,1415.09,315.025,542.798,641.833,621.507,10.5418,23.8521
2026-08-21,7.47481,9.13425,7.16182,9.68361,19.5842,3.16741,3.37995,3.71777,2.42382,7.2888,10.8478,7.62704,4.9473,3.90207,7.4962,23.2541,15.7916,23.4618,4.52682,5.11515,10.663,2.86283,9.48044,4.44472,3.55928,1.3579,5.52483,6.09915,4.27268,5.78029,2.97045,3.29142,4.23868,14.4025,26.9587,3.99042,1304.65,291.754,500.436,610.302,591.654,10.3976,23.2769
2026-08-28,7.62832,9.23635,7.35219,9.83934,19.9353,3.22524,3.43242,3.80595,2.41569,7.31356,10.8027,7.60116,4.88794,3.89765,7.46489,23.3746,15.8743,23.3241,4.52732,5.13295,10.6841,2.80245,9.20003,4.34134,3.56896,1.35379,5.66785,6.02306,4.35683,5.64442,2.9076,3.29556,4.18259,14.3145,26.933,4.09623,1277.51,284.25,490.027,600.097,602.76,10.4469,23.3744
2026-09-04,7.68961,9.19402,7.41975,9.79506,19.9649,3.25625,3.43185,3.88266,2.46758,7.39359,10.6743,7.50588,4.90917,3.90694,7.31445,24.3956,16.2856,24.1254,4.56853,5.15079,10.7404,2.69733,9.27412,4.27624,3.57848,1.36838,5.80219,6.14876,4.37876,5.72159,2.9391,3.34024,4.19698,14.44,26.482,4.03819,1330.21,294.477,510.24,624.053,608.635,10.4583,23.457
2026-09-11,7.56122,9.00456,7.30778,9.49205,19.72,3.21681,3.42697,3.79183,2.44944,7.26418,10.4931,7.26461,4.85628,4.01628,7.06669,24.0172,16.4031,25.265,4.4893,5.153,10.7763,2.66703,9.40573,4.15913,3.6438,1.39684,5.82509,6.21932,4.20433,5.63536,2.91346,3.28618,4.14687,14.1923,25.6433,3.92734,1356.52,302.572,520.334,637.446,590.059,10.3782,23.3238
2026-09-18,7.41625,8.89499,7.21818,9.53041,19.4165,3.23856,3.3951,3.86982,2.48029,7.24329,10.5191,7.28147,4.79238,3.92103,7.15277,25.5169,17.0036,24.9034,4.55191,5.20513,10.9797,2.59742,9.56009,4.29747,3.67882,1.4567,5.98174,6.26988,4.14875,5.82933,3.09014,3.6,4.06207,13.9527,25.456,3.85989,1373.7,307.6,526.921,668.506,598.397,10.3685,23.5382
2026-09-25,7.32976,8.92757,6.92558,9.42052,18.8837,3.14547,3.32738,3.79781,2.40638,7.20387,10.518,7.04147,4.75397,3.87149,7.03321,25.286,16.7313,24.6875,4.61315,5.07982,11.2808,2.64155,9.66339,4.42167,3.7279,1.49623,5.94549,6.44816,4.16639,5.6341,3.15709,3.62507,4.06356,13.9171,25.376,3.83608,1455.63,323.414,558.348,712.151,618.68,10.5,24.3155
2026-10-02,7.25159,8.89316,6.88163,9.3188,18.2073,3.09546,3.2902,3.78209,2.38896,7.17413,10.4745,6.89445,4.72263,3.82714,7.11557,25.6415,16.8786,25.0313,4.69987,5.08341,11.1041,2.63894,9.76146,4.47211,3.75313,1.49482,6.06376,6.52072,4.16498,5.66266,3.20006,3.67885,3.9999,13.9094,25.3398,3.80098,1477.25,333.339,566.643,720.098,621.587,10.4767,24.4815
2026-10-09,7.22537,8.91696,6.96253,9.38678,18.4294,3.12523,3.37005,3.87998,2.42435,7.29129,10.5341,6.88823,4.80519,3.89694,7.32326,25.3709,16.9292,25.2898,4.67673,5.14036,11.2107,2.66637,9.92742,4.5444,3.73535,1.48808,6.00028,6.61315,4.08117,5.71574,3.16339,3.72849,3.99294,14.3373,25.4239,3.81907,1457.14,327.414,558.929,712.816,625.719,10.5799,24.7476
